
Processing get_luminosity_182630.C("fullgoodrunlist_v3.list",0,1)...
RN   Bit10Corr  Bit10UC   Bit18Corr  Bit18UC   Bit22Corr  Bit22UC (units pb^-1)UC   Bit30Corr  Bit30
47289 0.0000341 0.0000317 0.0142481 0.0132608 0.0142481 0.0132608 0.0142481 0.0132608
47291 0.0000232 0.0000217 0.0097163 0.0090581 0.0097163 0.0090581 0.0097163 0.0090581
47293 0.0000255 0.0000238 0.0106473 0.0099398 0.0106473 0.0099398 0.0106473 0.0099398
47306 0.0000308 0.0000289 0.0111843 0.0104868 0.0111843 0.0104868 0.0111843 0.0104868
47310 0.0000860 0.0000809 0.0301108 0.0283229 0.0301108 0.0283229 0.0301108 0.0283229
47313 0.0001613 0.0001525 0.0511169 0.0483507 0.0511169 0.0483507 0.0511169 0.0483507
47314 0.0001146 0.0001088 0.0339253 0.0321952 0.0339253 0.0321952 0.0339253 0.0321952
47315 0.0000410 0.0000389 0.0082374 0.0078287 0.0082374 0.0078287 0.0082374 0.0078287
47316 0.0000991 0.0000943 0.0149701 0.0142419 0.0149701 0.0142419 0.0149701 0.0142419
47333 0.0000303 0.0000286 0.0098959 0.0093535 0.0098959 0.0093535 0.0098959 0.0093535
47334 0.0000619 0.0000586 0.0202311 0.0191597 0.0202311 0.0191597 0.0202311 0.0191597
47352 0.0002613 0.0002488 0.0342250 0.0325954 0.0342250 0.0325954 0.0342250 0.0325954
47357 0.0000620 0.0000591 0.0081164 0.0077432 0.0081164 0.0077432 0.0081164 0.0077432
47360 0.0002561 0.0002447 0.0294495 0.0281448 0.0294495 0.0281448 0.0294495 0.0281448
47363 0.0003791 0.0003633 0.0394274 0.0377841 0.0394274 0.0377841 0.0394274 0.0377841
47376 0.0001626 0.0001533 0.0307285 0.0289801 0.0307285 0.0289801 0.0307285 0.0289801
47377 0.0000649 0.0000614 0.0106395 0.0100615 0.0106395 0.0100615 0.0106395 0.0100615
47378 0.0003211 0.0003048 0.0494442 0.0469374 0.0494442 0.0469374 0.0494442 0.0469374
47379 0.0000878 0.0000836 0.0115935 0.0110301 0.0115935 0.0110301 0.0115935 0.0110301
47380 0.0000340 0.0000324 0.0043542 0.0041455 0.0043542 0.0041455 0.0043542 0.0041455
47381 0.0001001 0.0000953 0.0126071 0.0120110 0.0126071 0.0120110 0.0126071 0.0120110
47382 0.0000625 0.0000597 0.0074402 0.0071019 0.0074402 0.0071019 0.0074402 0.0071019
47391 0.0001699 0.0001598 0.0265049 0.0249281 0.0265049 0.0249281 0.0265049 0.0249281
47393 0.0000376 0.0000355 0.0069200 0.0065276 0.0069200 0.0065276 0.0069200 0.0065276
47394 0.0000351 0.0000332 0.0064645 0.0061044 0.0064645 0.0061044 0.0064645 0.0061044
47395 0.0001341 0.0001268 0.0226605 0.0214376 0.0226605 0.0214376 0.0226605 0.0214376
47396 0.0001764 0.0001674 0.0298168 0.0282863 0.0298168 0.0282863 0.0298168 0.0282863
47440 0.0003636 0.0003422 0.0589039 0.0554297 0.0589039 0.0554297 0.0589039 0.0554297
47443 0.0001249 0.0001181 0.0202390 0.0191246 0.0202390 0.0191246 0.0202390 0.0191246
47454 0.0002054 0.0001937 0.0453878 0.0427983 0.0453878 0.0427983 0.0453878 0.0427983
47455 0.0000271 0.0000257 0.0042296 0.0040028 0.0042296 0.0040028 0.0042296 0.0040028
47457 0.0001566 0.0001485 0.0244245 0.0231666 0.0244245 0.0231666 0.0244245 0.0231666
47458 0.0003101 0.0002950 0.0483767 0.0460244 0.0483767 0.0460244 0.0483767 0.0460244
47459 0.0000292 0.0000278 0.0045521 0.0043394 0.0045521 0.0043394 0.0045521 0.0043394
47461 0.0003671 0.0003507 0.0422155 0.0403305 0.0422155 0.0403305 0.0422155 0.0403305
47462 0.0000706 0.0000675 0.0074806 0.0071578 0.0074806 0.0071578 0.0074806 0.0071578
47463 0.0003369 0.0003228 0.0347028 0.0332525 0.0347028 0.0332525 0.0347028 0.0332525
47464 0.0001391 0.0001335 0.0143244 0.0137463 0.0143244 0.0137463 0.0143244 0.0137463
47474 0.0001246 0.0001163 0.0247961 0.0231485 0.0247961 0.0231485 0.0247961 0.0231485
47478 0.0003124 0.0002958 0.0577952 0.0547240 0.0577952 0.0547240 0.0577952 0.0547240
47480 0.0001475 0.0001406 0.0191745 0.0182753 0.0191745 0.0182753 0.0191745 0.0182753
47481 0.0000397 0.0000379 0.0044448 0.0042462 0.0044448 0.0042462 0.0044448 0.0042462
47482 0.0000668 0.0000639 0.0072159 0.0069013 0.0072159 0.0069013 0.0072159 0.0069013
47484 0.0000617 0.0000591 0.0062981 0.0060327 0.0062981 0.0060327 0.0062981 0.0060327
47485 0.0000692 0.0000665 0.0062984 0.0060495 0.0062984 0.0060495 0.0062984 0.0060495
47489 0.0004294 0.0004138 0.0364949 0.0351738 0.0364949 0.0351738 0.0364949 0.0351738
47491 0.0004516 0.0004365 0.0329648 0.0318679 0.0329648 0.0318679 0.0329648 0.0318679
47492 0.0001314 0.0001272 0.0088025 0.0085207 0.0088025 0.0085207 0.0088025 0.0085207
47494 0.0000483 0.0000468 0.0031384 0.0030397 0.0031384 0.0030397 0.0031384 0.0030397
47495 0.0003319 0.0003218 0.0215758 0.0209186 0.0215758 0.0209186 0.0215758 0.0209186
47497 0.0000404 0.0000392 0.0026232 0.0025458 0.0026232 0.0025458 0.0026232 0.0025458
47501 0.0003313 0.0003085 0.0758692 0.0706430 0.0758692 0.0706430 0.0758692 0.0706430
47502 0.0002831 0.0002658 0.0648378 0.0608762 0.0648378 0.0608762 0.0648378 0.0608762
47503 0.0002350 0.0002217 0.0430052 0.0405655 0.0430052 0.0405655 0.0430052 0.0405655
47505 0.0000562 0.0000533 0.0086054 0.0081503 0.0086054 0.0081503 0.0086054 0.0081503
47506 0.0003196 0.0003034 0.0489019 0.0464170 0.0489019 0.0464170 0.0489019 0.0464170
47507 0.0001414 0.0001345 0.0216338 0.0205818 0.0216338 0.0205818 0.0216338 0.0205818
47509 0.0001994 0.0001900 0.0249211 0.0237516 0.0249211 0.0237516 0.0249211 0.0237516
47513 0.0000715 0.0000649 0.0273700 0.0248557 0.0273700 0.0248557 0.0273700 0.0248557
47514 0.0001088 0.0001009 0.0291486 0.0270368 0.0291486 0.0270368 0.0291486 0.0270368
47516 0.0002530 0.0002369 0.0678065 0.0634988 0.0678065 0.0634988 0.0678065 0.0634988
47517 0.0003010 0.0002838 0.0484620 0.0456985 0.0484620 0.0456985 0.0484620 0.0456985
47519 0.0001692 0.0001601 0.0228424 0.0216195 0.0228424 0.0216195 0.0228424 0.0216195
47521 0.0003994 0.0003799 0.0475329 0.0452101 0.0475329 0.0452101 0.0475329 0.0452101
47522 0.0001419 0.0001353 0.0150405 0.0143395 0.0150405 0.0143395 0.0150405 0.0143395
47524 0.0002955 0.0002822 0.0298427 0.0285007 0.0298427 0.0285007 0.0298427 0.0285007
47525 0.0000951 0.0000909 0.0090303 0.0086363 0.0090303 0.0086363 0.0090303 0.0086363
47540 0.0003100 0.0002910 0.0573498 0.0538298 0.0573498 0.0538298 0.0573498 0.0538298
47547 0.0000304 0.0000288 0.0043172 0.0040913 0.0043172 0.0040913 0.0043172 0.0040913
47548 0.0000529 0.0000502 0.0066706 0.0063251 0.0066706 0.0063251 0.0066706 0.0063251
47549 0.0002490 0.0002365 0.0313755 0.0297945 0.0313755 0.0297945 0.0313755 0.0297945
47552 0.0003857 0.0003673 0.0485958 0.0462741 0.0485958 0.0462741 0.0485958 0.0462741
47557 0.0001434 0.0001300 0.0536422 0.0486223 0.0536422 0.0486223 0.0536422 0.0486223
47568 0.0001444 0.0001344 0.0251210 0.0233793 0.0251210 0.0233793 0.0251210 0.0233793
47582 0.0000835 0.0000749 0.0514291 0.0461234 0.0514291 0.0461234 0.0514291 0.0461234
47588 0.0001524 0.0001386 0.0877611 0.0798174 0.0877611 0.0798174 0.0877611 0.0798174
47601 0.0000477 0.0000441 0.0110762 0.0102216 0.0110762 0.0102216 0.0110762 0.0102216
47619 0.0000314 0.0000293 0.0382368 0.0356133 0.0382368 0.0356133 0.0382368 0.0356133
47628 0.0000060 0.0000056 0.0073458 0.0068591 0.0073458 0.0068591 0.0073458 0.0068591
47634 0.0000279 0.0000262 0.0303275 0.0284221 0.0303275 0.0284221 0.0303275 0.0284221
47635 0.0000440 0.0000415 0.0450058 0.0423660 0.0450058 0.0423660 0.0450058 0.0423660
47636 0.0000137 0.0000129 0.0139709 0.0131786 0.0139709 0.0131786 0.0139709 0.0131786
47637 0.0000482 0.0000456 0.0493021 0.0465999 0.0493021 0.0465999 0.0493021 0.0465999
47638 0.0000130 0.0000123 0.0117847 0.0111599 0.0117847 0.0111599 0.0117847 0.0111599
47650 0.0000190 0.0000170 0.0339589 0.0304443 0.0339589 0.0304443 0.0339589 0.0304443
47657 0.0000186 0.0000168 0.0300678 0.0272941 0.0300678 0.0272941 0.0300678 0.0272941
47658 0.0000410 0.0000376 0.0594974 0.0546142 0.0594974 0.0546142 0.0594974 0.0546142
47659 0.0000096 0.0000089 0.0127067 0.0117198 0.0127067 0.0117198 0.0127067 0.0117198
47661 0.0000244 0.0000226 0.0316195 0.0292628 0.0316195 0.0292628 0.0316195 0.0292628
47662 0.0000158 0.0000147 0.0194881 0.0180846 0.0194881 0.0180846 0.0194881 0.0180846
47664 0.0000307 0.0000286 0.0365828 0.0340623 0.0365828 0.0340623 0.0365828 0.0340623
47666 0.0000169 0.0000158 0.0186393 0.0174410 0.0186393 0.0174410 0.0186393 0.0174410
47667 0.0000197 0.0000185 0.0212298 0.0199040 0.0212298 0.0199040 0.0212298 0.0199040
47714 0.0000271 0.0000243 0.0512228 0.0457839 0.0512228 0.0457839 0.0512228 0.0457839
47715 0.0000087 0.0000078 0.0145851 0.0131470 0.0145851 0.0131470 0.0145851 0.0131470
47716 0.0000100 0.0000091 0.0161017 0.0145894 0.0161017 0.0145894 0.0161017 0.0145894
47719 0.0000140 0.0000128 0.0202408 0.0185456 0.0202408 0.0185456 0.0202408 0.0185456
47720 0.0000392 0.0000362 0.0538948 0.0497074 0.0538948 0.0497074 0.0538948 0.0497074
47721 0.0000051 0.0000047 0.0064132 0.0059392 0.0064132 0.0059392 0.0064132 0.0059392
47722 0.0000312 0.0000289 0.0387105 0.0359476 0.0387105 0.0359476 0.0387105 0.0359476
47723 0.0000334 0.0000312 0.0391994 0.0365515 0.0391994 0.0365515 0.0391994 0.0365515
47724 0.0000379 0.0000354 0.0422563 0.0395428 0.0422563 0.0395428 0.0422563 0.0395428
47725 0.0000109 0.0000102 0.0115318 0.0108190 0.0115318 0.0108190 0.0115318 0.0108190
47726 0.0000519 0.0000488 0.0537203 0.0505392 0.0537203 0.0505392 0.0537203 0.0505392
47727 0.0000253 0.0000239 0.0248040 0.0233935 0.0248040 0.0233935 0.0124020 0.0116967
47729 0.0000063 0.0000059 0.0060103 0.0056762 0.0060103 0.0056762 0.0060103 0.0056762
47730 0.0000075 0.0000071 0.0070944 0.0067040 0.0070944 0.0067040 0.0070944 0.0067040
47732 0.0000506 0.0000479 0.0467601 0.0442755 0.0467601 0.0442755 0.0467601 0.0442755
47733 0.0000499 0.0000474 0.0440912 0.0418528 0.0440912 0.0418528 0.0440912 0.0418528
47783 0.0000057 0.0000053 0.0074701 0.0069195 0.0074701 0.0069195 0.0074701 0.0069195
47791 0.0000266 0.0000248 0.0347387 0.0323823 0.0347387 0.0323823 0.0347387 0.0323823
47810 0.0000441 0.0000410 0.0539381 0.0501749 0.0539381 0.0501749 0.0539381 0.0501749
47824 0.0000276 0.0000258 0.0314233 0.0293542 0.0314233 0.0293542 0.0314233 0.0293542
47831 0.0000075 0.0000070 0.0081758 0.0076521 0.0081758 0.0076521 0.0081758 0.0076521
47834 0.0000178 0.0000167 0.0192439 0.0180400 0.0192439 0.0180400 0.0192439 0.0180400
47836 0.0000117 0.0000110 0.0122578 0.0115087 0.0122578 0.0115087 0.0122578 0.0115087
47852 0.0000067 0.0000063 0.0068034 0.0064064 0.0068034 0.0064064 0.0068034 0.0064064
47856 0.0000086 0.0000081 0.0086736 0.0081732 0.0086736 0.0081732 0.0086736 0.0081732
47869 0.0000091 0.0000086 0.0088150 0.0083198 0.0088150 0.0083198 0.0088150 0.0083198
47873 0.0000262 0.0000248 0.0253477 0.0239500 0.0253477 0.0239500 0.0253477 0.0239500
47889 0.0000439 0.0000399 0.0685689 0.0623948 0.0685689 0.0623948 0.0685689 0.0623948
47890 0.0000145 0.0000133 0.0213250 0.0194864 0.0213250 0.0194864 0.0213250 0.0194864
47892 0.0000269 0.0000246 0.0384581 0.0352464 0.0384581 0.0352464 0.0384581 0.0352464
47893 0.0000134 0.0000123 0.0179074 0.0165062 0.0179074 0.0165062 0.0179074 0.0165062
47940 0.0000018 0.0000016 0.0033106 0.0029555 0.0033106 0.0029555 0.0033106 0.0029555
47944 0.0000017 0.0000015 0.0027939 0.0025384 0.0027939 0.0025384 0.0027939 0.0025384
47946 0.0000013 0.0000012 0.0018045 0.0016521 0.0018045 0.0016521 0.0018045 0.0016521
47966 0.0000077 0.0000072 0.0094930 0.0089212 0.0094930 0.0089212 0.0094930 0.0089212
47972 0.0000352 0.0000335 0.0312479 0.0296914 0.0312479 0.0296914 0.0312479 0.0296914
47973 0.0000084 0.0000080 0.0068068 0.0064871 0.0068068 0.0064871 0.0068068 0.0064871
47975 0.0000036 0.0000035 0.0028677 0.0027355 0.0028677 0.0027355 0.0028677 0.0027355
47976 0.0000187 0.0000179 0.0142361 0.0136106 0.0142361 0.0136106 0.0142361 0.0136106
47977 0.0000047 0.0000045 0.0033946 0.0032509 0.0033946 0.0032509 0.0033946 0.0032509
47978 0.0000250 0.0000240 0.0179050 0.0171643 0.0179050 0.0171643 0.0179050 0.0171643
47979 0.0000183 0.0000176 0.0128078 0.0122894 0.0128078 0.0122894 0.0128078 0.0122894
47982 0.0000153 0.0000147 0.0102827 0.0098814 0.0102827 0.0098814 0.0102827 0.0098814
47998 0.0000112 0.0000101 0.0197682 0.0177644 0.0197682 0.0177644 0.0197682 0.0177644
47999 0.0000157 0.0000143 0.0246567 0.0224386 0.0246567 0.0224386 0.0246567 0.0224386
48001 0.0000133 0.0000122 0.0192326 0.0176282 0.0192326 0.0176282 0.0192326 0.0176282
48002 0.0000335 0.0000308 0.0484094 0.0445965 0.0484094 0.0445965 0.0484094 0.0445965
48008 0.0000235 0.0000219 0.0286941 0.0267201 0.0286941 0.0267201 0.0286941 0.0267201
48011 0.0000251 0.0000235 0.0278330 0.0260475 0.0278330 0.0260475 0.0278330 0.0260475
48023 0.0000013 0.0000013 0.0014780 0.0013877 0.0014780 0.0013877 0.0014780 0.0013877
48073 0.0000046 0.0000042 0.0079808 0.0073838 0.0079808 0.0073838 0.0079808 0.0073838
48076 0.0000195 0.0000182 0.0339275 0.0316474 0.0339275 0.0316474 0.0339275 0.0316474
48079 0.0000075 0.0000071 0.0081198 0.0076150 0.0081198 0.0076150 0.0081198 0.0076150
48082 0.0000084 0.0000079 0.0087120 0.0081852 0.0087120 0.0081852 0.0087120 0.0081852
48084 0.0000313 0.0000295 0.0318115 0.0299463 0.0318115 0.0299463 0.0318115 0.0299463
48085 0.0000122 0.0000115 0.0115769 0.0109355 0.0115769 0.0109355 0.0115769 0.0109355
48086 0.0000212 0.0000201 0.0194914 0.0184537 0.0194914 0.0184537 0.0194914 0.0184537
48088 0.0000257 0.0000237 0.0377618 0.0348078 0.0377618 0.0348078 0.0377618 0.0348078
48089 0.0000213 0.0000198 0.0258207 0.0240361 0.0258207 0.0240361 0.0258207 0.0240361
48097 0.0000103 0.0000097 0.0106899 0.0101159 0.0106899 0.0101159 0.0106899 0.0101159
48099 0.0000189 0.0000179 0.0171288 0.0162286 0.0171288 0.0162286 0.0171288 0.0162286
48166 0.0000421 0.0000399 0 0 0 0 0 0
48172 0.0001298 0.0001194 0 0 0 0 0 0
48176 0.0000231 0.0000215 0.0291924 0.0271814 0.0291924 0.0271814 0.0291924 0.0271814
48177 0.0000239 0.0000224 0.0267996 0.0250858 0.0267996 0.0250858 0.0267996 0.0250858
48179 0.0000199 0.0000187 0.0209579 0.0196939 0.0209579 0.0196939 0.0209579 0.0196939
48181 0.0000189 0.0000179 0.0199879 0.0188753 0.0199879 0.0188753 0.0199879 0.0188753
48185 0.0000080 0.0000075 0.0083926 0.0079512 0.0083926 0.0079512 0.0083926 0.0079512
48230 0.0000203 0.0000186 0.0056507 0.0051880 0.0028400 0.0026075 0.0027962 0.0025673
48233 0.0000077 0.0000072 0.0182533 0.0170096 0.0182533 0.0170096 0.0182533 0.0170096
48236 0.0000105 0.0000099 0.0224799 0.0210929 0.0224799 0.0210929 0.0224799 0.0210929
48237 0.0000145 0.0000137 0.0295321 0.0278005 0.0295321 0.0278005 0.0295321 0.0278005
48238 0.0000116 0.0000110 0.0222705 0.0210378 0.0222705 0.0210378 0.0222705 0.0210378
48239 0.0000109 0.0000103 0.0207718 0.0196547 0.0207718 0.0196547 0.0207718 0.0196547
48240 0.0000110 0.0000104 0.0209914 0.0198948 0.0209914 0.0198948 0.0209914 0.0198948
48244 0.0000553 0.0000525 0 0 0 0 0 0
48245 0.0000047 0.0000045 0.0080821 0.0076787 0.0080821 0.0076787 0.0080821 0.0076787
48246 0.0000132 0.0000125 0.0225481 0.0214439 0.0225481 0.0214439 0.0225481 0.0214439
48253 0.0000053 0.0000049 0.0136270 0.0126274 0.0136270 0.0126274 0.0068135 0.0063136
48255 0.0000147 0.0000138 0.0352622 0.0329642 0.0352622 0.0329642 0.0176311 0.0164821
48256 0.0000135 0.0000127 0.0322463 0.0303338 0.0322463 0.0303338 0.0161232 0.0151669
48257 0.0000124 0.0000118 0.0297682 0.0281165 0.0297682 0.0281165 0.0148841 0.0140582
48258 0.0000117 0.0000111 0.0279657 0.0264943 0.0279657 0.0264943 0.0139829 0.0132471
48259 0.0000070 0.0000066 0.0167054 0.0158596 0.0167054 0.0158596 0.0083527 0.0079298
48260 0.0000105 0.0000100 0.0250410 0.0238416 0.0250410 0.0238416 0.0125205 0.0119208
48261 0.0000030 0.0000029 0.0072430 0.0069046 0.0072430 0.0069046 0.0036215 0.0034523
48262 0.0000096 0.0000092 0.0230440 0.0220140 0.0230440 0.0220140 0.0115221 0.0110070
48263 0.0000071 0.0000067 0.0168704 0.0161365 0.0168704 0.0161365 0.0084352 0.0080683
48265 0.0000090 0.0000086 0.0214884 0.0205869 0.0214884 0.0205869 0.0107442 0.0102935
48290 0.0000157 0.0000147 0.0352979 0.0330084 0.0352979 0.0330084 0.0352979 0.0330084
48291 0.0000138 0.0000130 0.0290563 0.0272869 0.0290563 0.0272869 0.0290563 0.0272869
48293 0.0000134 0.0000126 0.0271980 0.0256011 0.0271980 0.0256011 0.0271980 0.0256011
48294 0.0000136 0.0000128 0.0266030 0.0250895 0.0266030 0.0250895 0.0266030 0.0250895
48295 0.0000067 0.0000064 0.0128708 0.0121542 0.0128708 0.0121542 0.0128708 0.0121542
48307 0.0000022 0.0000021 0.0051862 0.0048337 0.0051862 0.0048337 0.0051862 0.0048337
48312 0.0000149 0.0000140 0.0315342 0.0296530 0.0315342 0.0296530 0.0315342 0.0296530
48313 0.0000073 0.0000069 0.0142386 0.0134327 0.0142386 0.0134327 0.0142386 0.0134327
48318 0.0000024 0.0000022 0.0042843 0.0040592 0.0042843 0.0040592 0.0042843 0.0040592
48320 0.0000068 0.0000064 0.0119858 0.0113680 0.0119858 0.0113680 0.0119858 0.0113680
48323 0.0000135 0.0000129 0.0226768 0.0215853 0.0226768 0.0215853 0.0226768 0.0215853
48324 0.0000119 0.0000113 0.0191480 0.0182623 0.0191480 0.0182623 0.0191480 0.0182623
48325 0.0000126 0.0000120 0.0202219 0.0193172 0.0202219 0.0193172 0.0202219 0.0193172
48326 0.0000068 0.0000065 0.0109554 0.0104775 0.0109554 0.0104775 0.0109554 0.0104775
48327 0.0000017 0.0000016 0.0026808 0.0025702 0.0026808 0.0025702 0.0026808 0.0025702
48336 0.0000064 0.0000060 0.0151442 0.0141026 0.0151442 0.0141026 0.0151442 0.0141026
48337 0.0000028 0.0000027 0.0067099 0.0062618 0.0067099 0.0062618 0.0067099 0.0062618
48341 0.0000023 0.0000022 0.0054361 0.0050872 0.0054361 0.0050872 0.0054361 0.0050872
48342 0.0000102 0.0000095 0.0216898 0.0203467 0.0216898 0.0203467 0.0216898 0.0203467
48343 0.0000039 0.0000036 0.0079268 0.0074517 0.0079268 0.0074517 0.0079268 0.0074517
48346 0.0000129 0.0000122 0.0254094 0.0239613 0.0254094 0.0239613 0.0254094 0.0239613
48347 0.0000024 0.0000023 0.0114849 0.0108453 0.0114849 0.0108453 0.0114849 0.0108453
48348 0.0000131 0.0000124 0.0243557 0.0230461 0.0243557 0.0230461 0.0243557 0.0230461
48349 0.0000033 0.0000031 0.0059720 0.0056566 0.0059720 0.0056566 0.0059720 0.0056566
48352 0.0000117 0.0000111 0.0204988 0.0194557 0.0204988 0.0194557 0.0204988 0.0194557
48356 0.0000151 0.0000140 0.0386450 0.0359011 0.0386450 0.0359011 0.0386450 0.0359011
48358 0.0000144 0.0000135 0.0305041 0.0286541 0.0305041 0.0286541 0.0305041 0.0286541
48359 0.0000142 0.0000134 0.0283971 0.0267621 0.0283971 0.0267621 0.0283971 0.0267621
48366 0.0000128 0.0000122 0.0220176 0.0209237 0.0220176 0.0209237 0.0220176 0.0209237
48367 0.0000135 0.0000128 0.0224432 0.0213634 0.0224432 0.0213634 0.0224432 0.0213634
48368 0.0000131 0.0000125 0.0217664 0.0207469 0.0217664 0.0207469 0.0217664 0.0207469
48369 0.0000107 0.0000102 0.0177308 0.0169194 0.0177308 0.0169194 0.0177308 0.0169194
48398 0.0000047 0.0000043 0.0115939 0.0107630 0.0115939 0.0107630 0.0115939 0.0107630
48409 0.0000135 0.0000126 0.0290160 0.0272236 0.0290160 0.0272236 0.0290160 0.0272236
48410 0.0000143 0.0000134 0.0307104 0.0289047 0.0307104 0.0289047 0.0307104 0.0289047
48412 0.0000116 0.0000110 0.0250514 0.0236752 0.0250514 0.0236752 0.0250514 0.0236752
48416 0.0000069 0.0000065 0.0148152 0.0140216 0.0148152 0.0140216 0.0148152 0.0140216
48417 0.0000105 0.0000100 0.0226659 0.0214952 0.0226659 0.0214952 0.0226659 0.0214952
48418 0.0000022 0.0000021 0.0047885 0.0045460 0.0047885 0.0045460 0.0047885 0.0045460
48421 0.0000093 0.0000089 0.0157932 0.0150176 0.0157932 0.0150176 0.0157932 0.0150176
48423 0.0000033 0.0000031 0.0055088 0.0052442 0.0055088 0.0052442 0.0055088 0.0052442
48455 0.0000075 0.0000069 0.0211738 0.0194827 0.0211738 0.0194827 0.0211738 0.0194827
48456 0.0000030 0.0000028 0.0079006 0.0072996 0.0079006 0.0072996 0.0079006 0.0072996
48461 0.0000117 0.0000109 0.0282634 0.0262997 0.0282634 0.0262997 0.0282634 0.0262997
48462 0.0000119 0.0000111 0.0288381 0.0269580 0.0288381 0.0269580 0.0288381 0.0269580
48463 0.0000126 0.0000119 0.0270408 0.0253750 0.0270408 0.0253750 0.0270408 0.0253750
48469 0.0000121 0.0000114 0.0235691 0.0222518 0.0235691 0.0222518 0.0235691 0.0222518
48471 0.0000021 0.0000020 0.0038689 0.0036581 0.0038689 0.0036581 0.0038689 0.0036581
48510 0.0000051 0.0000047 0.0159054 0.0144857 0.0159054 0.0144857 0.0159054 0.0144857
48511 0.0000052 0.0000048 0.0161676 0.0147549 0.0161676 0.0147549 0.0161676 0.0147549
48512 0.0000058 0.0000053 0.0179821 0.0164628 0.0179821 0.0164628 0.0179821 0.0164628
48513 0.0000131 0.0000121 0.0405646 0.0372877 0.0405646 0.0372877 0.0405646 0.0372877
48514 0.0000075 0.0000069 0.0231708 0.0213749 0.0231708 0.0213749 0.0231708 0.0213749
48516 0.0000070 0.0000065 0.0216313 0.0200172 0.0216313 0.0200172 0.0216313 0.0200172
48518 0.0000125 0.0000116 0.0307977 0.0285963 0.0307977 0.0285963 0.0307977 0.0285963
48519 0.0000078 0.0000073 0.0192314 0.0178919 0.0192314 0.0178919 0.0192314 0.0178919
48520 0.0000129 0.0000121 0.0318388 0.0297203 0.0318388 0.0297203 0.0318388 0.0297203
48521 0.0000128 0.0000120 0.0316250 0.0295723 0.0316250 0.0295723 0.0316250 0.0295723
48522 0.0000130 0.0000122 0.0320537 0.0300273 0.0320537 0.0300273 0.0320537 0.0300273
48527 0.0000015 0.0000014 0.0037603 0.0035301 0.0037603 0.0035301 0.0037603 0.0035301
48529 0.0000046 0.0000044 0.0114461 0.0107560 0.0114461 0.0107560 0.0114461 0.0107560
48530 0.0000108 0.0000102 0.0266077 0.0250488 0.0266077 0.0250488 0.0266077 0.0250488
48531 0.0000103 0.0000097 0.0253923 0.0239331 0.0253923 0.0239331 0.0253923 0.0239331
48532 0.0000097 0.0000092 0.0239334 0.0225830 0.0239334 0.0225830 0.0239334 0.0225830
48533 0.0000070 0.0000066 0.0173140 0.0163522 0.0173140 0.0163522 0.0173140 0.0163522
48536 0.0000032 0.0000031 0.0079738 0.0075405 0.0079738 0.0075405 0.0079738 0.0075405
48635 0.0000157 0.0000144 0.0419533 0.0387086 0.0419533 0.0387086 0.0419533 0.0387086
48636 0.0000142 0.0000132 0.0381279 0.0353242 0.0381279 0.0353242 0.0381279 0.0353242
48638 0.0000092 0.0000085 0.0245312 0.0227992 0.0245312 0.0227992 0.0245312 0.0227992
48639 0.0000097 0.0000091 0.0260994 0.0243159 0.0260994 0.0243159 0.0260994 0.0243159
48640 0.0000125 0.0000117 0.0335081 0.0313657 0.0335081 0.0313657 0.0335081 0.0313657
48645 0.0000113 0.0000106 0.0303523 0.0285272 0.0303523 0.0285272 0.0303523 0.0285272
48656 0.0000037 0.0000035 0.0099682 0.0094028 0.0099682 0.0094028 0.0099682 0.0094028
48657 0.0000105 0.0000099 0.0282255 0.0266545 0.0282255 0.0266545 0.0282255 0.0266545
48658 0.0000100 0.0000094 0.0267545 0.0253009 0.0267545 0.0253009 0.0267545 0.0253009
48660 0.0000069 0.0000065 0.0183937 0.0174205 0.0183937 0.0174205 0.0183937 0.0174205
48701 0.0000090 0.0000082 0.0302159 0.0273608 0.0302159 0.0273608 0.0302159 0.0273608
48706 0.0000022 0.0000019 0.0091415 0.0080140 0.0091415 0.0080140 0.0091415 0.0080140
48720 0.0000108 0.0000099 0.0301041 0.0277148 0.0301041 0.0277148 0.0301041 0.0277148
48721 0.0000068 0.0000064 0.0164995 0.0153426 0.0164995 0.0153426 0.0164995 0.0153426
48722 0.0000213 0.0000199 0.0513729 0.0480512 0.0513729 0.0480512 0.0513729 0.0480512
48725 0.0000147 0.0000139 0.0355422 0.0334446 0.0355422 0.0334446 0.0355422 0.0334446
48726 0.0000165 0.0000156 0.0399488 0.0377188 0.0399488 0.0377188 0.0399488 0.0377188
48727 0.0000210 0.0000199 0.0506308 0.0480171 0.0506308 0.0480171 0.0506308 0.0480171
48730 0.0000023 0.0000020 0.0092519 0.0081436 0.0092519 0.0081436 0.0092519 0.0081436
48731 0.0000147 0.0000131 0.0583050 0.0517806 0.0583050 0.0517806 0.0583050 0.0517806
48732 0.0000030 0.0000027 0.0103213 0.0093029 0.0103213 0.0093029 0.0103213 0.0093029
48734 0.0000208 0.0000189 0.0335689 0.0304740 0.0335689 0.0304740 0.0335689 0.0304740
48735 0.0000237 0.0000218 0.0342904 0.0314490 0.0342904 0.0314490 0.0342904 0.0314490
48736 0.0000086 0.0000080 0.0113020 0.0104406 0.0113020 0.0104406 0.0113020 0.0104406
48742 0.0000165 0.0000153 0.0203626 0.0189013 0.0203626 0.0189013 0.0203626 0.0189013
48743 0.0000127 0.0000119 0.0142462 0.0133212 0.0142462 0.0133212 0.0142462 0.0133212
48745 0.0000065 0.0000061 0.0069958 0.0065563 0.0069958 0.0065563 0.0069958 0.0065563
48746 0.0000048 0.0000045 0.0050324 0.0047342 0.0050324 0.0047342 0.0050324 0.0047342
48801 0.0000317 0.0000290 0.0511769 0.0468248 0.0511769 0.0468248 0.0511769 0.0468248
48803 0.0000161 0.0000149 0.0211643 0.0195862 0.0211643 0.0195862 0.0211643 0.0195862
48805 0.0000227 0.0000211 0.0297963 0.0277245 0.0297963 0.0277245 0.0297963 0.0277245
48806 0.0000051 0.0000047 0.0066604 0.0062198 0.0066604 0.0062198 0.0066604 0.0062198
48807 0.0000320 0.0000299 0.0419219 0.0392806 0.0419219 0.0392806 0.0419219 0.0392806
48810 0.0000073 0.0000069 0.0096053 0.0090745 0.0096053 0.0090745 0.0096053 0.0090745
48811 0.0000056 0.0000053 0.0072888 0.0068944 0.0072888 0.0068944 0.0072888 0.0068944
48812 0.0000129 0.0000122 0.0169599 0.0160696 0.0169599 0.0160696 0.0169599 0.0160696
48813 0.0000179 0.0000170 0.0234244 0.0222763 0.0234244 0.0222763 0.0234244 0.0222763
48814 0.0000341 0.0000326 0.0447901 0.0427150 0.0447901 0.0427150 0.0447901 0.0427150
48824 0.0000131 0.0000116 0.0248515 0.0221327 0.0248515 0.0221327 0.0248515 0.0221327
48826 0.0000230 0.0000219 0.0215065 0.0204149 0.0215065 0.0204149 0.0215065 0.0204149
48828 0.0000421 0.0000390 0.0553505 0.0513295 0.0553505 0.0513295 0.0553505 0.0513295
48829 0.0000105 0.0000098 0.0119969 0.0112028 0.0119969 0.0112028 0.0119969 0.0112028
48830 0.0000073 0.0000068 0.0080874 0.0075641 0.0080874 0.0075641 0.0080874 0.0075641
48832 0.0000302 0.0000283 0.0324578 0.0304798 0.0324578 0.0304798 0.0324578 0.0304798
48836 0.0000363 0.0000343 0.0338302 0.0320307 0.0338302 0.0320307 0.0338302 0.0320307
48838 0.0000252 0.0000239 0.0215168 0.0204598 0.0215168 0.0204598 0.0215168 0.0204598
48839 0.0000269 0.0000256 0.0229675 0.0218816 0.0229675 0.0218816 0.0229675 0.0218816
48863 0.0000091 0.0000083 0.0146180 0.0132793 0.0146180 0.0132793 0.0146180 0.0132793
48864 0.0000285 0.0000261 0.0456624 0.0417753 0.0456624 0.0417753 0.0456624 0.0417753
48865 0.0000186 0.0000171 0.0297595 0.0274572 0.0297595 0.0274572 0.0297595 0.0274572
48867 0.0000106 0.0000098 0.0134598 0.0124962 0.0134598 0.0124962 0.0134598 0.0124962
48883 0.0000083 0.0000073 0.0154364 0.0137278 0.0154364 0.0137278 0.0154364 0.0137278
48884 0.0000084 0.0000075 0.0157302 0.0140696 0.0157302 0.0140696 0.0157302 0.0140696
48885 0.0000053 0.0000048 0.0099929 0.0089755 0.0099929 0.0089755 0.0099929 0.0089755
48888 0.0000192 0.0000174 0.0322401 0.0293221 0.0322401 0.0293221 0.0322401 0.0293221
48891 0.0000355 0.0000328 0.0469553 0.0434313 0.0469553 0.0434313 0.0469553 0.0434313
48892 0.0000129 0.0000120 0.0157518 0.0146352 0.0157518 0.0146352 0.0157518 0.0146352
48893 0.0000106 0.0000099 0.0125454 0.0116779 0.0125454 0.0116779 0.0125454 0.0116779
48894 0.0000074 0.0000069 0.0085633 0.0079835 0.0085633 0.0079835 0.0085633 0.0079835
48895 0.0000238 0.0000222 0.0270541 0.0252748 0.0270541 0.0252748 0.0270541 0.0252748
48897 0.0000237 0.0000222 0.0253874 0.0238153 0.0253874 0.0238153 0.0253874 0.0238153
48899 0.0000302 0.0000284 0.0309536 0.0291494 0.0309536 0.0291494 0.0309536 0.0291494
48900 0.0000115 0.0000108 0.0110537 0.0104327 0.0110537 0.0104327 0.0110537 0.0104327
48901 0.0000092 0.0000087 0.0086984 0.0082180 0.0086984 0.0082180 0.0086984 0.0082180
48902 0.0000442 0.0000418 0.0411713 0.0389866 0.0411713 0.0389866 0.0411713 0.0389866
48903 0.0000305 0.0000289 0.0284499 0.0269307 0.0284499 0.0269307 0.0284499 0.0269307
48935 0.0000130 0.0000115 0.0257271 0.0228176 0.0257271 0.0228176 0.0257271 0.0228176
48938 0.0000136 0.0000124 0.0214417 0.0195051 0.0214417 0.0195051 0.0214417 0.0195051
48940 0.0000113 0.0000103 0.0163712 0.0150120 0.0163712 0.0150120 0.0163712 0.0150120
48943 0.0000523 0.0000485 0.0761243 0.0705691 0.0761243 0.0705691 0.0761243 0.0705691
48946 0.0000284 0.0000266 0.0413705 0.0386968 0.0413705 0.0386968 0.0413705 0.0386968
48947 0.0000218 0.0000204 0.0316503 0.0297262 0.0316503 0.0297262 0.0316503 0.0297262
48949 0.0000326 0.0000308 0.0474302 0.0447674 0.0474302 0.0447674 0.0474302 0.0447674
48951 0.0000123 0.0000116 0.0178951 0.0169499 0.0178951 0.0169499 0.0178951 0.0169499
48952 0.0000400 0.0000380 0.0582477 0.0553409 0.0582477 0.0553409 0.0582477 0.0553409
48971 0.0000153 0.0000136 0.0303333 0.0268905 0.0303333 0.0268905 0.0303333 0.0268905
48976 0.0000079 0.0000071 0.0143466 0.0128914 0.0143466 0.0128914 0.0143466 0.0128914
48982 0.0000140 0.0000128 0.0256337 0.0234273 0.0256337 0.0234273 0.0256337 0.0234273
48983 0.0000427 0.0000393 0.0779120 0.0718082 0.0779120 0.0718082 0.0779120 0.0718082
48984 0.0000162 0.0000150 0.0295389 0.0274144 0.0295389 0.0274144 0.0295389 0.0274144
48985 0.0000395 0.0000368 0.0720305 0.0672175 0.0720305 0.0672175 0.0720305 0.0672175
48986 0.0000211 0.0000198 0.0227854 0.0213629 0.0227854 0.0213629 0.0227854 0.0213629
48987 0.0000083 0.0000078 0.0089320 0.0084012 0.0089320 0.0084012 0.0089320 0.0084012
48988 0.0000445 0.0000419 0.0480932 0.0453404 0.0480932 0.0453404 0.0480932 0.0453404
48989 0.0000507 0.0000480 0.0548059 0.0518645 0.0548059 0.0518645 0.0548059 0.0518645
48990 0.0000162 0.0000153 0.0143006 0.0135666 0.0143006 0.0135666 0.0143006 0.0135666
48991 0.0000443 0.0000421 0.0383972 0.0364951 0.0383972 0.0364951 0.0383972 0.0364951
49019 0.0000312 0.0000278 0.0606270 0.0539855 0.0606270 0.0539855 0.0606270 0.0539855
49023 0.0000180 0.0000166 0.0349867 0.0321991 0.0349867 0.0321991 0.0349867 0.0321991
49026 0.0000094 0.0000085 0.0139435 0.0127409 0.0139435 0.0127409 0.0139435 0.0127409
49027 0.0000082 0.0000075 0.0116062 0.0106444 0.0116062 0.0106444 0.0116062 0.0106444
49029 0.0000087 0.0000080 0.0117542 0.0108302 0.0117542 0.0108302 0.0117542 0.0108302
49030 0.0000117 0.0000108 0.0150518 0.0139208 0.0150518 0.0139208 0.0150518 0.0139208
49031 0.0000112 0.0000104 0.0140730 0.0130476 0.0140730 0.0130476 0.0140730 0.0130476
49033 0.0000030 0.0000029 0.0035965 0.0035033 0.0035965 0.0035033 0.0035965 0.0035033
49034 0.0000177 0.0000174 0.0061934 0.0060693 0.0061934 0.0060693 0.0061934 0.0060693
49035 0.0000221 0.0000216 0.0073914 0.0072493 0.0073914 0.0072493 0.0073914 0.0072493
49038 0.0000309 0.0000303 0.0101217 0.0099326 0.0101217 0.0099326 0.0101217 0.0099326
49042 0.0000360 0.0000354 0.0114613 0.0112522 0.0114613 0.0112522 0.0114613 0.0112522
49043 0.0000222 0.0000218 0.0067825 0.0066639 0.0067825 0.0066639 0.0067825 0.0066639
49045 0.0000448 0.0000440 0.0129408 0.0127282 0.0129408 0.0127282 0.0129408 0.0127282
49048 0.0000090 0.0000089 0.0026039 0.0025624 0.0026039 0.0025624 0.0026039 0.0025624
49050 0.0000080 0.0000078 0.0022993 0.0022630 0.0022993 0.0022630 0.0022993 0.0022630
49053 0.0000480 0.0000473 0.0124450 0.0122606 0.0124450 0.0122606 0.0124450 0.0122606
49054 0.0000421 0.0000415 0.0109044 0.0107468 0.0109044 0.0107468 0.0109044 0.0107468
49057 0.0000398 0.0000359 0.0706041 0.0636609 0.0706041 0.0636609 0.0706041 0.0636609
49059 0.0000061 0.0000055 0.0107447 0.0098032 0.0107447 0.0098032 0.0107447 0.0098032
49060 0.0000092 0.0000085 0.0163938 0.0150148 0.0163938 0.0150148 0.0163938 0.0150148
49061 0.0000070 0.0000065 0.0096977 0.0089209 0.0096977 0.0089209 0.0096977 0.0089209
49062 0.0000254 0.0000237 0.0294553 0.0274949 0.0294553 0.0274949 0.0294553 0.0274949
49063 0.0000116 0.0000109 0.0134693 0.0126089 0.0134693 0.0126089 0.0134693 0.0126089
49064 0.0000275 0.0000259 0.0291426 0.0274014 0.0291426 0.0274014 0.0291426 0.0274014
49065 0.0000355 0.0000335 0.0376298 0.0354818 0.0376298 0.0354818 0.0376298 0.0354818
49066 0.0000184 0.0000174 0.0172645 0.0163269 0.0172645 0.0163269 0.0172645 0.0163269
49067 0.0000209 0.0000198 0.0196069 0.0185728 0.0196069 0.0185728 0.0196069 0.0185728
49068 0.0000156 0.0000148 0.0136533 0.0129572 0.0136533 0.0129572 0.0136533 0.0129572
49069 0.0000412 0.0000393 0.0362161 0.0344731 0.0362161 0.0344731 0.0362161 0.0344731
49070 0.0000206 0.0000196 0.0180840 0.0172402 0.0180840 0.0172402 0.0180840 0.0172402
49071 0.0000202 0.0000193 0.0159112 0.0151873 0.0159112 0.0151873 0.0159112 0.0151873
49072 0.0000175 0.0000168 0.0137962 0.0131832 0.0137962 0.0131832 0.0137962 0.0131832
49073 0.0000115 0.0000110 0.0085041 0.0081379 0.0085041 0.0081379 0.0085041 0.0081379
49098 0.0000055 0.0000049 0.0098334 0.0087814 0.0098334 0.0087814 0.0098334 0.0087814
49099 0.0000326 0.0000293 0.0573153 0.0516192 0.0573153 0.0516192 0.0573153 0.0516192
49100 0.0000164 0.0000149 0.0259631 0.0236040 0.0259631 0.0236040 0.0259631 0.0236040
49110 0.0000375 0.0000348 0.0524143 0.0485910 0.0524143 0.0485910 0.0524143 0.0485910
49111 0.0000254 0.0000238 0.0291763 0.0272430 0.0291763 0.0272430 0.0291763 0.0272430
49113 0.0000186 0.0000175 0.0196246 0.0184502 0.0196246 0.0184502 0.0196246 0.0184502
49114 0.0000231 0.0000218 0.0228670 0.0215546 0.0228670 0.0215546 0.0228670 0.0215546
49116 0.0000498 0.0000471 0.0477831 0.0451697 0.0477831 0.0451697 0.0477831 0.0451697
49117 0.0000269 0.0000255 0.0243885 0.0231107 0.0243885 0.0231107 0.0243885 0.0231107
49118 0.0000182 0.0000173 0.0155735 0.0148038 0.0155735 0.0148038 0.0155735 0.0148038
49121 0.0000291 0.0000258 0.0591877 0.0525678 0.0591877 0.0525678 0.0591877 0.0525678
49125 0.0000359 0.0000328 0.0591725 0.0539737 0.0591725 0.0539737 0.0591725 0.0539737
49126 0.0000194 0.0000179 0.0264697 0.0243960 0.0264697 0.0243960 0.0264697 0.0243960
49127 0.0000490 0.0000455 0.0667748 0.0620259 0.0667748 0.0620259 0.0667748 0.0620259
49128 0.0000072 0.0000067 0.0081930 0.0076499 0.0081930 0.0076499 0.0081930 0.0076499
49132 0.0000073 0.0000069 0.0077683 0.0073004 0.0077683 0.0073004 0.0077683 0.0073004
49133 0.0000153 0.0000145 0.0149183 0.0140769 0.0149183 0.0140769 0.0149183 0.0140769
49134 0.0000282 0.0000266 0.0273751 0.0258877 0.0273751 0.0258877 0.0273751 0.0258877
49135 0.0000170 0.0000162 0.0154303 0.0146220 0.0154303 0.0146220 0.0154303 0.0146220
49136 0.0000457 0.0000434 0.0413357 0.0392726 0.0413357 0.0392726 0.0413357 0.0392726
49137 0.0000244 0.0000232 0.0200827 0.0191304 0.0200827 0.0191304 0.0200827 0.0191304
49138 0.0000150 0.0000144 0.0116410 0.0111187 0.0116410 0.0111187 0.0116410 0.0111187
49139 0.0000131 0.0000125 0.0097328 0.0093127 0.0097328 0.0093127 0.0097328 0.0093127
49140 0.0000166 0.0000159 0.0118917 0.0113975 0.0118917 0.0113975 0.0118917 0.0113975
49141 0.0000358 0.0000343 0.0251778 0.0241641 0.0251778 0.0241641 0.0251778 0.0241641
49142 0.0000096 0.0000092 0.0064688 0.0062156 0.0064688 0.0062156 0.0064688 0.0062156
49143 0.0000083 0.0000080 0.0053864 0.0051830 0.0053864 0.0051830 0.0053864 0.0051830
49144 0.0000034 0.0000033 0.0022211 0.0021379 0.0022211 0.0021379 0.0022211 0.0021379
49148 0.0000107 0.0000103 0.0069468 0.0066898 0.0069468 0.0066898 0.0069468 0.0066898
49155 0.0000080 0.0000077 0.0051839 0.0049996 0.0051839 0.0049996 0.0051839 0.0049996
49157 0.0000122 0.0000117 0.0073166 0.0070618 0.0073166 0.0070618 0.0073166 0.0070618
49158 0.0000168 0.0000162 0.0096718 0.0093497 0.0096718 0.0093497 0.0096718 0.0093497
49159 0.0000275 0.0000266 0.0158496 0.0153379 0.0158496 0.0153379 0.0158496 0.0153379
49165 0.0000124 0.0000120 0.0067312 0.0065198 0.0067312 0.0065198 0.0067312 0.0065198
49168 0.0000124 0.0000120 0.0067344 0.0065259 0.0067344 0.0065259 0.0067344 0.0065259
49217 0.0000168 0.0000150 0.0322561 0.0287928 0.0322561 0.0287928 0.0322561 0.0287928
49218 0.0000094 0.0000085 0.0163604 0.0147208 0.0163604 0.0147208 0.0163604 0.0147208
49219 0.0000452 0.0000414 0.0710376 0.0649846 0.0710376 0.0649846 0.0710376 0.0649846
49224 0.0000104 0.0000097 0.0128471 0.0119206 0.0128471 0.0119206 0.0128471 0.0119206
49226 0.0000186 0.0000173 0.0229918 0.0213919 0.0229918 0.0213919 0.0229918 0.0213919
49227 0.0000275 0.0000256 0.0338552 0.0316011 0.0338552 0.0316011 0.0338552 0.0316011
49228 0.0000353 0.0000331 0.0389116 0.0364785 0.0389116 0.0364785 0.0389116 0.0364785
49229 0.0000136 0.0000128 0.0140768 0.0132293 0.0140768 0.0132293 0.0140768 0.0132293
49230 0.0000138 0.0000131 0.0133259 0.0125782 0.0133259 0.0125782 0.0133259 0.0125782
49232 0.0000442 0.0000418 0.0425925 0.0402896 0.0425925 0.0402896 0.0425925 0.0402896
49233 0.0000051 0.0000048 0.0045498 0.0043108 0.0045498 0.0043108 0.0045498 0.0043108
49240 0.0000210 0.0000187 0.0418163 0.0373146 0.0418163 0.0373146 0.0418163 0.0373146
49241 0.0000135 0.0000122 0.0269579 0.0243192 0.0269579 0.0243192 0.0269579 0.0243192
49244 0.0000280 0.0000255 0.0443777 0.0404338 0.0443777 0.0404338 0.0443777 0.0404338
49245 0.0000138 0.0000126 0.0194399 0.0178466 0.0194399 0.0178466 0.0194399 0.0178466
49246 0.0000127 0.0000117 0.0171303 0.0157880 0.0171303 0.0157880 0.0171303 0.0157880
49247 0.0000002 0.0000002 0.0002668 0.0002467 0.0002668 0.0002467 0.0002668 0.0002467
49248 0.0000444 0.0000414 0.0548033 0.0509882 0.0548033 0.0509882 0.0548033 0.0509882
49249 0.0000088 0.0000082 0.0097191 0.0090928 0.0097191 0.0090928 0.0097191 0.0090928
49250 0.0000079 0.0000075 0.0081169 0.0076316 0.0081169 0.0076316 0.0081169 0.0076316
49251 0.0000112 0.0000106 0.0110213 0.0103918 0.0110213 0.0103918 0.0110213 0.0103918
49253 0.0000272 0.0000257 0.0266220 0.0251512 0.0266220 0.0251512 0.0266220 0.0251512
49254 0.0000138 0.0000130 0.0134854 0.0127656 0.0134854 0.0127656 0.0134854 0.0127656
49262 0.0000187 0.0000173 0.0234466 0.0217912 0.0234466 0.0217912 0.0234466 0.0217912
49263 0.0000214 0.0000199 0.0249309 0.0232522 0.0249309 0.0232522 0.0249309 0.0232522
49264 0.0000361 0.0000338 0.0420748 0.0394049 0.0420748 0.0394049 0.0420748 0.0394049
49265 0.0000267 0.0000251 0.0278437 0.0261724 0.0278437 0.0261724 0.0278437 0.0261724
49266 0.0000203 0.0000192 0.0191694 0.0181245 0.0191694 0.0181245 0.0191694 0.0181245
49267 0.0000205 0.0000194 0.0194954 0.0184264 0.0194954 0.0184264 0.0194954 0.0184264
49268 0.0000187 0.0000177 0.0164704 0.0156288 0.0164704 0.0156288 0.0164704 0.0156288
49270 0.0000107 0.0000102 0.0091998 0.0087441 0.0091998 0.0087441 0.0091998 0.0087441
49307 0.0000363 0.0000336 0.0488491 0.0450951 0.0488491 0.0450951 0.0488491 0.0450951
49308 0.0000111 0.0000103 0.0149173 0.0138234 0.0149173 0.0138234 0.0149173 0.0138234
49309 0.0000172 0.0000160 0.0210629 0.0195607 0.0210629 0.0195607 0.0210629 0.0195607
49310 0.0000178 0.0000166 0.0217913 0.0202912 0.0217913 0.0202912 0.0217913 0.0202912
49311 0.0000063 0.0000059 0.0071250 0.0066501 0.0071250 0.0066501 0.0071250 0.0066501
49312 0.0000407 0.0000380 0.0456635 0.0427270 0.0456635 0.0427270 0.0456635 0.0427270
49313 0.0000080 0.0000075 0.0084963 0.0079695 0.0084963 0.0079695 0.0084963 0.0079695
49314 0.0000333 0.0000313 0.0352533 0.0331314 0.0352533 0.0331314 0.0352533 0.0331314
49316 0.0000136 0.0000128 0.0135403 0.0127594 0.0135403 0.0127594 0.0135403 0.0127594
49317 0.0000061 0.0000058 0.0057893 0.0054697 0.0057893 0.0054697 0.0057893 0.0054697
49324 0.0000253 0.0000228 0.0462930 0.0417935 0.0462930 0.0417935 0.0462930 0.0417935
49329 0.0000155 0.0000144 0.0183710 0.0171034 0.0183710 0.0171034 0.0183710 0.0171034
49330 0.0000129 0.0000121 0.0148567 0.0138620 0.0148567 0.0138620 0.0148567 0.0138620
49331 0.0000519 0.0000487 0.0563678 0.0529059 0.0563678 0.0529059 0.0563678 0.0529059
49332 0.0000056 0.0000053 0.0055024 0.0051881 0.0055024 0.0051881 0.0055024 0.0051881
49337 0.0000229 0.0000206 0.0445837 0.0401399 0.0445837 0.0401399 0.0445837 0.0401399
49339 0.0000063 0.0000057 0.0095634 0.0087533 0.0095634 0.0087533 0.0095634 0.0087533
49340 0.0000100 0.0000091 0.0151626 0.0139133 0.0151626 0.0139133 0.0151626 0.0139133
49341 0.0000104 0.0000096 0.0157956 0.0145480 0.0157956 0.0145480 0.0157956 0.0145480
49342 0.0000158 0.0000146 0.0240330 0.0222034 0.0240330 0.0222034 0.0240330 0.0222034
49345 0.0000288 0.0000269 0.0338572 0.0315657 0.0338572 0.0315657 0.0338572 0.0315657
49346 0.0000096 0.0000090 0.0112676 0.0105314 0.0112676 0.0105314 0.0112676 0.0105314
49347 0.0000086 0.0000080 0.0092216 0.0086434 0.0092216 0.0086434 0.0092216 0.0086434
49348 0.0000208 0.0000195 0.0223518 0.0209860 0.0223518 0.0209860 0.0223518 0.0209860
49349 0.0000164 0.0000154 0.0164636 0.0155018 0.0164636 0.0155018 0.0164636 0.0155018
49351 0.0000082 0.0000077 0.0081876 0.0077248 0.0081876 0.0077248 0.0081876 0.0077248
49352 0.0000392 0.0000370 0.0369743 0.0349700 0.0369743 0.0349700 0.0369743 0.0349700
49353 0.0000210 0.0000199 0.0188847 0.0179007 0.0188847 0.0179007 0.0188847 0.0179007
49356 0.0000352 0.0000313 0.0692338 0.0614955 0.0692338 0.0614955 0.0692338 0.0614955
49358 0.0000169 0.0000153 0.0281294 0.0254801 0.0281294 0.0254801 0.0281294 0.0254801
49359 0.0000349 0.0000321 0.0485716 0.0447466 0.0485716 0.0447466 0.0485716 0.0447466
49360 0.0000247 0.0000229 0.0312321 0.0289649 0.0312321 0.0289649 0.0312321 0.0289649
49361 0.0000082 0.0000076 0.0097524 0.0090726 0.0097524 0.0090726 0.0097524 0.0090726
49362 0.0000098 0.0000092 0.0107567 0.0100707 0.0107567 0.0100707 0.0107567 0.0100707
49365 0.0000349 0.0000328 0.0362786 0.0341366 0.0362786 0.0341366 0.0362786 0.0341366
49366 0.0000284 0.0000268 0.0271350 0.0256452 0.0271350 0.0256452 0.0271350 0.0256452
49367 0.0000422 0.0000400 0.0385395 0.0365418 0.0385395 0.0365418 0.0385395 0.0365418
49368 0.0000111 0.0000105 0.0094580 0.0089878 0.0094580 0.0089878 0.0094580 0.0089878
49369 0.0000114 0.0000109 0.0096003 0.0091328 0.0096003 0.0091328 0.0096003 0.0091328
49373 0.0000339 0.0000306 0.0611947 0.0552996 0.0611947 0.0552996 0.0611947 0.0552996
49374 0.0000027 0.0000024 0.0047862 0.0043635 0.0047862 0.0043635 0.0047862 0.0043635
49376 0.0000223 0.0000205 0.0304543 0.0279935 0.0304543 0.0279935 0.0304543 0.0279935
49377 0.0000003 0.0000002 0.0003413 0.0003148 0.0003413 0.0003148 0.0003413 0.0003148
49378 0.0000284 0.0000263 0.0387601 0.0358727 0.0387601 0.0358727 0.0387601 0.0358727
49379 0.0000135 0.0000125 0.0160813 0.0149589 0.0160813 0.0149589 0.0160813 0.0149589
49380 0.0000264 0.0000246 0.0314721 0.0293323 0.0314721 0.0293323 0.0314721 0.0293323
49381 0.0000190 0.0000178 0.0214219 0.0200137 0.0214219 0.0200137 0.0214219 0.0200137
49382 0.0000247 0.0000231 0.0271714 0.0254308 0.0271714 0.0254308 0.0271714 0.0254308
49383 0.0000086 0.0000081 0.0092215 0.0086440 0.0092215 0.0086440 0.0092215 0.0086440
49384 0.0000080 0.0000075 0.0082051 0.0077109 0.0082051 0.0077109 0.0082051 0.0077109
49385 0.0000191 0.0000181 0.0183914 0.0173628 0.0183914 0.0173628 0.0183914 0.0173628
49389 0.0000063 0.0000060 0.0058779 0.0055616 0.0058779 0.0055616 0.0058779 0.0055616
49390 0.0000183 0.0000174 0.0170108 0.0161475 0.0170108 0.0161475 0.0170108 0.0161475
49432 0.0000113 0.0000103 0.0185997 0.0168585 0.0185997 0.0168585 0.0185997 0.0168585
49433 0.0000460 0.0000422 0.0679553 0.0623464 0.0679553 0.0623464 0.0679553 0.0623464
49434 0.0000578 0.0000537 0.0739960 0.0686764 0.0739960 0.0686764 0.0739960 0.0686764
49435 0.0000111 0.0000103 0.0127903 0.0119272 0.0127903 0.0119272 0.0127903 0.0119272
49437 0.0000094 0.0000089 0.0099927 0.0093780 0.0099927 0.0093780 0.0099927 0.0093780
49438 0.0000427 0.0000402 0.0451892 0.0425104 0.0451892 0.0425104 0.0451892 0.0425104
49439 0.0000088 0.0000083 0.0084511 0.0079749 0.0084511 0.0079749 0.0084511 0.0079749
49440 0.0000092 0.0000087 0.0088598 0.0083729 0.0088598 0.0083729 0.0088598 0.0083729
49445 0.0000070 0.0000062 0.0135265 0.0120616 0.0135265 0.0120616 0.0135265 0.0120616
49446 0.0000139 0.0000125 0.0270333 0.0243059 0.0270333 0.0243059 0.0270333 0.0243059
49447 0.0000324 0.0000294 0.0526947 0.0478324 0.0526947 0.0478324 0.0526947 0.0478324
49448 0.0000220 0.0000202 0.0311006 0.0285468 0.0311006 0.0285468 0.0311006 0.0285468
49449 0.0000070 0.0000064 0.0092854 0.0085582 0.0092854 0.0085582 0.0092854 0.0085582
49451 0.0000321 0.0000297 0.0426507 0.0394444 0.0426507 0.0394444 0.0426507 0.0394444
49452 0.0000221 0.0000206 0.0263357 0.0245174 0.0263357 0.0245174 0.0263357 0.0245174
49453 0.0000244 0.0000228 0.0281083 0.0262292 0.0281083 0.0262292 0.0281083 0.0262292
49454 0.0000155 0.0000145 0.0177862 0.0166302 0.0177862 0.0166302 0.0177862 0.0166302
49455 0.0000057 0.0000053 0.0062190 0.0058209 0.0062190 0.0058209 0.0062190 0.0058209
49456 0.0000148 0.0000139 0.0161530 0.0151338 0.0161530 0.0151338 0.0161530 0.0151338
49457 0.0000222 0.0000208 0.0225542 0.0212219 0.0225542 0.0212219 0.0225542 0.0212219
49464 0.0000273 0.0000244 0.0516980 0.0460563 0.0516980 0.0460563 0.0516980 0.0460563
49466 0.0000175 0.0000158 0.0293291 0.0265232 0.0293291 0.0265232 0.0293291 0.0265232
49468 0.0000244 0.0000223 0.0357968 0.0327624 0.0357968 0.0327624 0.0357968 0.0327624
49652 0.0000089 0.0000079 0.0189327 0.0167170 0.0189327 0.0167170 0.0189327 0.0167170
49653 0.0000156 0.0000139 0.0298596 0.0265057 0.0298596 0.0265057 0.0298596 0.0265057
49655 0.0000519 0.0000469 0.0991378 0.0895751 0.0991378 0.0895751 0.0991378 0.0895751
49656 0.0000294 0.0000269 0.0442373 0.0404191 0.0442373 0.0404191 0.0442373 0.0404191
49657 0.0000047 0.0000043 0.0070424 0.0064625 0.0070424 0.0064625 0.0070424 0.0064625
49658 0.0000067 0.0000062 0.0101046 0.0092824 0.0101046 0.0092824 0.0101046 0.0092824
49659 0.0000263 0.0000242 0.0395540 0.0364303 0.0395540 0.0364303 0.0395540 0.0364303
49660 0.0000138 0.0000127 0.0206834 0.0191048 0.0206834 0.0191048 0.0206834 0.0191048
49661 0.0000196 0.0000182 0.0294305 0.0272845 0.0294305 0.0272845 0.0294305 0.0272845
49662 0.0000132 0.0000123 0.0160372 0.0148982 0.0160372 0.0148982 0.0160372 0.0148982
49664 0.0000129 0.0000120 0.0156653 0.0145797 0.0156653 0.0145797 0.0156653 0.0145797
49665 0.0000361 0.0000337 0.0419662 0.0391454 0.0419662 0.0391454 0.0419662 0.0391454
49666 0.0000225 0.0000210 0.0245665 0.0230053 0.0245665 0.0230053 0.0245665 0.0230053
49736 0.0000050 0.0000045 0.0081546 0.0073746 0.0081546 0.0073746 0.0081546 0.0073746
49737 0.0000098 0.0000089 0.0159452 0.0144804 0.0159452 0.0144804 0.0159452 0.0144804
49742 0.0000113 0.0000104 0.0159287 0.0146513 0.0159287 0.0146513 0.0159287 0.0146513
49743 0.0000136 0.0000126 0.0192039 0.0177068 0.0192039 0.0177068 0.0192039 0.0177068
49749 0.0000154 0.0000144 0.0184118 0.0171405 0.0184118 0.0171405 0.0184118 0.0171405
49751 0.0000395 0.0000370 0.0425425 0.0399284 0.0425425 0.0399284 0.0425425 0.0399284
49752 0.0000095 0.0000089 0.0095535 0.0089925 0.0095535 0.0089925 0.0095535 0.0089925
49756 0.0000098 0.0000086 0.0229938 0.0200889 0.0229938 0.0200889 0.0229938 0.0200889
49758 0.0000181 0.0000160 0.0354651 0.0313834 0.0354651 0.0313834 0.0354651 0.0313834
49760 0.0000205 0.0000185 0.0346511 0.0312537 0.0346511 0.0312537 0.0346511 0.0312537
49761 0.0000067 0.0000060 0.0112994 0.0102268 0.0112994 0.0102268 0.0112994 0.0102268
49762 0.0000052 0.0000047 0.0088323 0.0080089 0.0088323 0.0080089 0.0088323 0.0080089
49763 0.0000230 0.0000209 0.0389052 0.0353874 0.0389052 0.0353874 0.0389052 0.0353874
49910 0.0000227 0.0000196 0.0534704 0.0461048 0.0534704 0.0461048 0.0534704 0.0461048
49914 0.0000206 0.0000181 0.0484751 0.0427316 0.0484751 0.0427316 0.0484751 0.0427316
49919 0.0000158 0.0000143 0.0273475 0.0246662 0.0273475 0.0246662 0.0273475 0.0246662
49921 0.0000056 0.0000051 0.0088631 0.0080395 0.0088631 0.0080395 0.0088631 0.0080395
49922 0.0000374 0.0000341 0.0573085 0.0522707 0.0573085 0.0522707 0.0573085 0.0522707
49923 0.0000509 0.0000468 0.0719707 0.0661507 0.0719707 0.0661507 0.0719707 0.0661507
49925 0.0000113 0.0000105 0.0148962 0.0137458 0.0148962 0.0137458 0.0148962 0.0137458
49926 0.0000183 0.0000169 0.0240172 0.0222017 0.0240172 0.0222017 0.0240172 0.0222017
49928 0.0000041 0.0000038 0.0054407 0.0050389 0.0054407 0.0050389 0.0054407 0.0050389
49929 0.0000042 0.0000039 0.0054689 0.0050683 0.0054689 0.0050683 0.0054689 0.0050683
49930 0.0000042 0.0000039 0.0058491 0.0054259 0.0058491 0.0054259 0.0058491 0.0054259
49932 0.0000083 0.0000077 0.0100370 0.0093440 0.0100370 0.0093440 0.0100370 0.0093440
49934 0.0000259 0.0000242 0.0296213 0.0276555 0.0296213 0.0276555 0.0296213 0.0276555
49959 0.0000113 0.0000101 0.0196288 0.0176240 0.0196288 0.0176240 0.0196288 0.0176240
49960 0.0000121 0.0000109 0.0211101 0.0190269 0.0211101 0.0190269 0.0211101 0.0190269
49961 0.0000384 0.0000348 0.0667395 0.0605199 0.0667395 0.0605199 0.0667395 0.0605199
49962 0.0000150 0.0000137 0.0225505 0.0205577 0.0225505 0.0205577 0.0225505 0.0205577
49964 0.0000164 0.0000150 0.0247060 0.0225927 0.0247060 0.0225927 0.0247060 0.0225927
49965 0.0000192 0.0000176 0.0288435 0.0264468 0.0288435 0.0264468 0.0288435 0.0264468
49966 0.0000183 0.0000168 0.0251985 0.0231653 0.0251985 0.0231653 0.0251985 0.0231653
49967 0.0000136 0.0000126 0.0187745 0.0173012 0.0187745 0.0173012 0.0187745 0.0173012
49968 0.0000334 0.0000308 0.0459769 0.0424936 0.0459769 0.0424936 0.0459769 0.0424936
49969 0.0000543 0.0000505 0.0661413 0.0615189 0.0661413 0.0615189 0.0661413 0.0615189
49970 0.0000518 0.0000483 0.0594643 0.0555420 0.0594643 0.0555420 0.0594643 0.0555420
50033 0.0000047 0.0000041 0.0102250 0.0090517 0.0102250 0.0090517 0.0102250 0.0090517
50034 0.0000345 0.0000311 0.0600090 0.0541941 0.0600090 0.0541941 0.0600090 0.0541941
50036 0.0000151 0.0000138 0.0216479 0.0198294 0.0216479 0.0198294 0.0216479 0.0198294
50045 0.0000336 0.0000313 0.0404432 0.0376709 0.0404432 0.0376709 0.0404432 0.0376709
50046 0.0000163 0.0000152 0.0179739 0.0168145 0.0179739 0.0168145 0.0179739 0.0168145
50047 0.0000187 0.0000175 0.0206941 0.0193889 0.0206941 0.0193889 0.0206941 0.0193889
50048 0.0000498 0.0000468 0.0550463 0.0517076 0.0550463 0.0517076 0.0550463 0.0517076
50067 0.0000171 0.0000153 0.0314571 0.0281470 0.0314571 0.0281470 0.0314571 0.0281470
50068 0.0000185 0.0000167 0.0312927 0.0282319 0.0312927 0.0282319 0.0312927 0.0282319
50070 0.0000119 0.0000108 0.0190082 0.0172544 0.0190082 0.0172544 0.0190082 0.0172544
50073 0.0000104 0.0000095 0.0157840 0.0144507 0.0157840 0.0144507 0.0157840 0.0144507
50074 0.0000103 0.0000094 0.0144465 0.0132526 0.0144465 0.0132526 0.0144465 0.0132526
50075 0.0000181 0.0000167 0.0249909 0.0229818 0.0249909 0.0229818 0.0249909 0.0229818
50076 0.0000131 0.0000121 0.0169870 0.0156959 0.0169870 0.0156959 0.0169870 0.0156959
50077 0.0000045 0.0000042 0.0057335 0.0053093 0.0057335 0.0053093 0.0057335 0.0053093
50232 0.0000208 0.0000191 0.0300382 0.0275363 0.0300382 0.0275363 0.0300382 0.0275363
50253 0.0000089 0.0000082 0.0113389 0.0104883 0.0113389 0.0104883 0.0113389 0.0104883
50262 0.0000435 0.0000404 0.0555904 0.0516255 0.0555904 0.0516255 0.0555904 0.0516255
50283 0.0000568 0.0000532 0.0656364 0.0614418 0.0656364 0.0614418 0.0656364 0.0614418
50313 0.0000388 0.0000365 0.0407189 0.0382825 0.0407189 0.0382825 0.0407189 0.0382825
50330 0.0000268 0.0000252 0.0265997 0.0250624 0.0265997 0.0250624 0.0265997 0.0250624
50343 0.0000348 0.0000328 0.0337131 0.0318248 0.0337131 0.0318248 0.0337131 0.0318248
50356 0.0000163 0.0000154 0.0153098 0.0144719 0.0153098 0.0144719 0.0153098 0.0144719
50376 0.0000331 0.0000314 0.0303815 0.0287824 0.0303815 0.0287824 0.0303815 0.0287824
50377 0.0000177 0.0000168 0.0153809 0.0145986 0.0153809 0.0145986 0.0153809 0.0145986
50380 0.0000066 0.0000063 0.0055474 0.0052758 0.0055474 0.0052758 0.0055474 0.0052758
50417 0.0000111 0.0000107 0.0074586 0.0071748 0.0074586 0.0071748 0.0074586 0.0071748
50424 0.0000326 0.0000315 0.0219278 0.0211820 0.0219278 0.0211820 0.0219278 0.0211820
50463 0.0000250 0.0000229 0.0380183 0.0348168 0.0380183 0.0348168 0.0380183 0.0348168
50464 0.0000608 0.0000563 0.0814295 0.0754288 0.0814295 0.0754288 0.0814295 0.0754288
50465 0.0000178 0.0000166 0.0203996 0.0190368 0.0203996 0.0190368 0.0203996 0.0190368
50466 0.0000529 0.0000497 0.0554616 0.0521729 0.0554616 0.0521729 0.0554616 0.0521729
50467 0.0000119 0.0000112 0.0115435 0.0108906 0.0115435 0.0108906 0.0115435 0.0108906
50468 0.0000189 0.0000178 0.0182697 0.0172568 0.0182697 0.0172568 0.0182697 0.0172568
50470 0.0000112 0.0000106 0.0108879 0.0102972 0.0108879 0.0102972 0.0108879 0.0102972
50471 0.0000053 0.0000050 0.0051383 0.0048625 0.0051383 0.0048625 0.0051383 0.0048625
50483 0.0000088 0.0000083 0.0085034 0.0080714 0.0085034 0.0080714 0.0085034 0.0080714
50491 0.0000198 0.0000181 0.0295630 0.0270362 0.0295630 0.0270362 0.0295630 0.0270362
50492 0.0000387 0.0000356 0.0545085 0.0501293 0.0545085 0.0501293 0.0545085 0.0501293
50493 0.0000173 0.0000160 0.0226607 0.0209332 0.0226607 0.0209332 0.0226607 0.0209332
50496 0.0000570 0.0000530 0.0745781 0.0692790 0.0745781 0.0692790 0.0745781 0.0692790
50497 0.0000437 0.0000408 0.0499320 0.0466584 0.0499320 0.0466584 0.0499320 0.0466584
50500 0.0000514 0.0000483 0.0544912 0.0512184 0.0544912 0.0512184 0.0544912 0.0512184
50501 0.0000417 0.0000394 0.0411880 0.0388587 0.0411880 0.0388587 0.0411880 0.0388587
50517 0.0000039 0.0000036 0.0053413 0.0049093 0.0053413 0.0049093 0.0053413 0.0049093
50520 0.0000197 0.0000182 0.0270838 0.0249936 0.0270838 0.0249936 0.0270838 0.0249936
50522 0.0000097 0.0000090 0.0132961 0.0123227 0.0132961 0.0123227 0.0132961 0.0123227
50526 0.0000195 0.0000181 0.0239162 0.0222259 0.0239162 0.0222259 0.0239162 0.0222259
50527 0.0000098 0.0000092 0.0115617 0.0107655 0.0115617 0.0107655 0.0115617 0.0107655
50528 0.0000160 0.0000149 0.0187659 0.0175052 0.0187659 0.0175052 0.0187659 0.0175052
50529 0.0000329 0.0000308 0.0369675 0.0345642 0.0369675 0.0345642 0.0369675 0.0345642
50530 0.0000091 0.0000086 0.0099133 0.0092847 0.0099133 0.0092847 0.0099133 0.0092847
50531 0.0000051 0.0000048 0.0055416 0.0051937 0.0055416 0.0051937 0.0055416 0.0051937
50535 0.0000088 0.0000083 0.0093595 0.0087830 0.0093595 0.0087830 0.0093595 0.0087830
50536 0.0000351 0.0000330 0.0372353 0.0350109 0.0372353 0.0350109 0.0372353 0.0350109
50545 0.0000148 0.0000133 0.0279828 0.0250971 0.0279828 0.0250971 0.0279828 0.0250971
50546 0.0000129 0.0000117 0.0213501 0.0193001 0.0213501 0.0193001 0.0213501 0.0193001
50548 0.0000197 0.0000179 0.0309107 0.0281160 0.0309107 0.0281160 0.0309107 0.0281160
50549 0.0000204 0.0000188 0.0283845 0.0260996 0.0283845 0.0260996 0.0283845 0.0260996
50550 0.0000271 0.0000250 0.0376995 0.0347999 0.0376995 0.0347999 0.0376995 0.0347999
50551 0.0000168 0.0000156 0.0211863 0.0196249 0.0211863 0.0196249 0.0211863 0.0196249
50552 0.0000547 0.0000510 0.0690551 0.0643037 0.0690551 0.0643037 0.0690551 0.0643037
50553 0.0000135 0.0000126 0.0149225 0.0139585 0.0149225 0.0139585 0.0149225 0.0139585
50554 0.0000258 0.0000242 0.0285473 0.0267489 0.0285473 0.0267489 0.0285473 0.0267489
50558 0.0000305 0.0000270 0.0609227 0.0539230 0.0609227 0.0539230 0.0609227 0.0539230
50560 0.0000287 0.0000260 0.0502059 0.0454757 0.0502059 0.0454757 0.0502059 0.0454757
50561 0.0000155 0.0000142 0.0232798 0.0212490 0.0232798 0.0212490 0.0232798 0.0212490
50562 0.0000147 0.0000134 0.0220007 0.0201598 0.0220007 0.0201598 0.0220007 0.0201598
50563 0.0000082 0.0000075 0.0113735 0.0104479 0.0113735 0.0104479 0.0113735 0.0104479
50564 0.0000066 0.0000061 0.0091687 0.0084364 0.0091687 0.0084364 0.0091687 0.0084364
50565 0.0000222 0.0000204 0.0306895 0.0283156 0.0306895 0.0283156 0.0306895 0.0283156
50569 0.0000084 0.0000078 0.0107207 0.0099289 0.0107207 0.0099289 0.0107207 0.0099289
50570 0.0000124 0.0000115 0.0150909 0.0140124 0.0150909 0.0140124 0.0150909 0.0140124
50596 0.0000475 0.0000420 0.0981440 0.0867959 0.0981440 0.0867959 0.0981440 0.0867959
50597 0.0000094 0.0000085 0.0148457 0.0134442 0.0148457 0.0134442 0.0148457 0.0134442
50598 0.0000138 0.0000125 0.0216327 0.0196520 0.0216327 0.0196520 0.0216327 0.0196520
50599 0.0000351 0.0000320 0.0551090 0.0503638 0.0551090 0.0503638 0.0551090 0.0503638
50600 0.0000177 0.0000163 0.0247472 0.0227362 0.0247472 0.0227362 0.0247472 0.0227362
50601 0.0000117 0.0000108 0.0163861 0.0151016 0.0163861 0.0151016 0.0163861 0.0151016
50602 0.0000174 0.0000161 0.0242803 0.0224451 0.0242803 0.0224451 0.0242803 0.0224451
50603 0.0000475 0.0000442 0.0662068 0.0616273 0.0662068 0.0616273 0.0662068 0.0616273
50604 0.0000044 0.0000041 0.0049296 0.0046033 0.0049296 0.0046033 0.0049296 0.0046033
50605 0.0000168 0.0000157 0.0189140 0.0176833 0.0189140 0.0176833 0.0189140 0.0176833
50606 0.0000319 0.0000299 0.0359421 0.0336729 0.0359421 0.0336729 0.0359421 0.0336729
50607 0.0000086 0.0000081 0.0097347 0.0091429 0.0097347 0.0091429 0.0097347 0.0091429
50613 0.0000272 0.0000240 0.0552885 0.0488755 0.0552885 0.0488755 0.0552885 0.0488755
50614 0.0000139 0.0000125 0.0259277 0.0232767 0.0259277 0.0232767 0.0259277 0.0232767
50615 0.0000094 0.0000085 0.0176007 0.0159494 0.0176007 0.0159494 0.0176007 0.0159494
50616 0.0000133 0.0000121 0.0247673 0.0225818 0.0247673 0.0225818 0.0247673 0.0225818
50617 0.0000099 0.0000090 0.0184168 0.0168860 0.0184168 0.0168860 0.0184168 0.0168860
50650 0.0000044 0.0000040 0.0070413 0.0063935 0.0070413 0.0063935 0.0070413 0.0063935
50654 0.0000151 0.0000139 0.0217829 0.0200345 0.0217829 0.0200345 0.0217829 0.0200345
50655 0.0000092 0.0000086 0.0115157 0.0106764 0.0115157 0.0106764 0.0115157 0.0106764
50656 0.0000322 0.0000300 0.0401758 0.0373603 0.0401758 0.0373603 0.0401758 0.0373603
50658 0.0000394 0.0000368 0.0455038 0.0425076 0.0455038 0.0425076 0.0455038 0.0425076
50660 0.0000090 0.0000084 0.0094739 0.0088933 0.0094739 0.0088933 0.0094739 0.0088933
50661 0.0000046 0.0000043 0.0048746 0.0045792 0.0048746 0.0045792 0.0048746 0.0045792
50662 0.0000100 0.0000094 0.0105929 0.0099579 0.0105929 0.0099579 0.0105929 0.0099579
50663 0.0000199 0.0000187 0.0210445 0.0198129 0.0210445 0.0198129 0.0210445 0.0198129
50664 0.0000199 0.0000188 0.0210598 0.0198565 0.0210598 0.0198565 0.0210598 0.0198565
50665 0.0000064 0.0000060 0.0067178 0.0063401 0.0067178 0.0063401 0.0067178 0.0063401
50666 0.0000055 0.0000052 0.0057727 0.0054520 0.0057727 0.0054520 0.0057727 0.0054520
50667 0.0000324 0.0000306 0.0342594 0.0323965 0.0342594 0.0323965 0.0342594 0.0323965
50668 0.0000346 0.0000328 0.0366195 0.0347002 0.0366195 0.0347002 0.0366195 0.0347002
50669 0.0000236 0.0000224 0.0206875 0.0196360 0.0206875 0.0196360 0.0206875 0.0196360
50670 0.0000057 0.0000054 0.0050142 0.0047697 0.0050142 0.0047697 0.0050142 0.0047697
50671 0.0000165 0.0000157 0.0144515 0.0137559 0.0144515 0.0137559 0.0144515 0.0137559
50672 0.0000040 0.0000038 0.0031731 0.0030271 0.0031731 0.0030271 0.0031731 0.0030271
50673 0.0000123 0.0000117 0.0097001 0.0092574 0.0097001 0.0092574 0.0097001 0.0092574
50674 0.0000165 0.0000157 0.0124297 0.0118842 0.0124297 0.0118842 0.0124297 0.0118842
50675 0.0000229 0.0000219 0.0173161 0.0165681 0.0173161 0.0165681 0.0173161 0.0165681
50676 0.0000072 0.0000069 0.0054699 0.0052367 0.0054699 0.0052367 0.0054699 0.0052367
50677 0.0000085 0.0000081 0.0060782 0.0058243 0.0060782 0.0058243 0.0060782 0.0058243
50678 0.0000078 0.0000075 0.0055798 0.0053487 0.0055798 0.0053487 0.0055798 0.0053487
50679 0.0000179 0.0000171 0.0128025 0.0122785 0.0128025 0.0122785 0.0128025 0.0122785
50853 0.0000143 0.0000132 0.0187620 0.0173794 0.0187620 0.0173794 0.0187620 0.0173794
50854 0.0000051 0.0000047 0.0066910 0.0062209 0.0066910 0.0062209 0.0066910 0.0062209
50857 0.0000549 0.0000514 0.0625341 0.0585690 0.0625341 0.0585690 0.0625341 0.0585690
50862 0.0000245 0.0000232 0.0250366 0.0236596 0.0250366 0.0236596 0.0250366 0.0236596
50863 0.0000068 0.0000065 0.0069695 0.0065933 0.0069695 0.0065933 0.0069695 0.0065933
50874 0.0000254 0.0000232 0.0373265 0.0341528 0.0373265 0.0341528 0.0373265 0.0341528
50875 0.0000180 0.0000165 0.0264675 0.0243250 0.0264675 0.0243250 0.0264675 0.0243250
50876 0.0000197 0.0000182 0.0290345 0.0267711 0.0290345 0.0267711 0.0290345 0.0267711
50885 0.0000199 0.0000176 0.0402282 0.0355061 0.0402282 0.0355061 0.0402282 0.0355061
50886 0.0000139 0.0000124 0.0280534 0.0249648 0.0280534 0.0249648 0.0280534 0.0249648
50887 0.0000070 0.0000063 0.0140901 0.0127249 0.0140901 0.0127249 0.0140901 0.0127249
50889 0.0000041 0.0000037 0.0082186 0.0074548 0.0082186 0.0074548 0.0082186 0.0074548
50897 0.0000091 0.0000083 0.0127985 0.0117353 0.0127985 0.0117353 0.0127985 0.0117353
50962 0.0000137 0.0000126 0.0205987 0.0189283 0.0205987 0.0189283 0.0205987 0.0189283
50965 0.0000115 0.0000106 0.0173000 0.0159509 0.0173000 0.0159509 0.0173000 0.0159509
50969 0.0000193 0.0000179 0.0249444 0.0230779 0.0249444 0.0230779 0.0249444 0.0230779
50973 0.0000162 0.0000150 0.0208706 0.0193679 0.0208706 0.0193679 0.0208706 0.0193679
50981 0.0000319 0.0000298 0.0411789 0.0384523 0.0411789 0.0384523 0.0411789 0.0384523
50987 0.0000233 0.0000218 0.0253785 0.0238005 0.0253785 0.0238005 0.0253785 0.0238005
50992 0.0000191 0.0000180 0.0208925 0.0196378 0.0208925 0.0196378 0.0208925 0.0196378
50996 0.0000205 0.0000193 0.0223705 0.0210674 0.0223705 0.0210674 0.0223705 0.0210674
51002 0.0000069 0.0000065 0.0074951 0.0070698 0.0074951 0.0070698 0.0074951 0.0070698
51008 0.0000090 0.0000085 0.0086058 0.0081306 0.0086058 0.0081306 0.0086058 0.0081306
51012 0.0000202 0.0000191 0.0193612 0.0183168 0.0193612 0.0183168 0.0193612 0.0183168
51015 0.0000277 0.0000262 0.0265168 0.0251297 0.0265168 0.0251297 0.0265168 0.0251297
51093 0.0000057 0.0000051 0.0111111 0.0098459 0.0111111 0.0098459 0.0111111 0.0098459
51095 0.0000028 0.0000028 0.0055278 0.0053637 0.0055278 0.0053637 0.0055278 0.0053637
51107 0.0000098 0.0000096 0.0034151 0.0033475 0.0034151 0.0033475 0.0034151 0.0033475
51109 0.0000240 0.0000235 0.0083536 0.0081900 0.0083536 0.0081900 0.0083536 0.0081900
51152 0.0000107 0.0000098 0.0148530 0.0136446 0.0148530 0.0136446 0.0148530 0.0136446
51154 0.0000057 0.0000052 0.0078728 0.0072661 0.0078728 0.0072661 0.0078728 0.0072661
51159 0.0000511 0.0000476 0.0711898 0.0662662 0.0711898 0.0662662 0.0711898 0.0662662
51160 0.0000252 0.0000236 0.0273261 0.0256453 0.0273261 0.0256453 0.0273261 0.0256453
51161 0.0000468 0.0000443 0.0507717 0.0480379 0.0507717 0.0480379 0.0507717 0.0480379
51162 0.0000189 0.0000180 0.0156854 0.0149444 0.0156854 0.0149444 0.0156854 0.0149444
51163 0.0000051 0.0000048 0.0041973 0.0040068 0.0041973 0.0040068 0.0041973 0.0040068
51165 0.0000069 0.0000066 0.0057213 0.0054697 0.0057213 0.0054697 0.0057213 0.0054697
51166 0.0000054 0.0000052 0.0044642 0.0042720 0.0044642 0.0042720 0.0044642 0.0042720
51167 0.0000177 0.0000170 0.0146726 0.0140624 0.0146726 0.0140624 0.0146726 0.0140624
51171 0.0000186 0.0000166 0.0346652 0.0308949 0.0346652 0.0308949 0.0346652 0.0308949
51172 0.0000053 0.0000048 0.0099084 0.0089124 0.0099084 0.0089124 0.0099084 0.0089124
51175 0.0000167 0.0000152 0.0259012 0.0236262 0.0259012 0.0236262 0.0259012 0.0236262
51176 0.0000147 0.0000136 0.0201801 0.0185786 0.0201801 0.0185786 0.0201801 0.0185786
51177 0.0000050 0.0000046 0.0067790 0.0062650 0.0067790 0.0062650 0.0067790 0.0062650
51178 0.0000273 0.0000253 0.0342299 0.0317694 0.0342299 0.0317694 0.0342299 0.0317694
51179 0.0000137 0.0000129 0.0149600 0.0140112 0.0149600 0.0140112 0.0149600 0.0140112
51180 0.0000051 0.0000047 0.0053681 0.0050349 0.0053681 0.0050349 0.0053681 0.0050349
51181 0.0000207 0.0000195 0.0216746 0.0203726 0.0216746 0.0203726 0.0216746 0.0203726
51182 0.0000064 0.0000060 0.0063397 0.0059717 0.0063397 0.0059717 0.0063397 0.0059717
51183 0.0000064 0.0000060 0.0062556 0.0058974 0.0062556 0.0058974 0.0062556 0.0058974
51187 0.0000053 0.0000050 0.0051620 0.0048743 0.0051620 0.0048743 0.0051620 0.0048743
51188 0.0000114 0.0000108 0.0110646 0.0104580 0.0110646 0.0104580 0.0110646 0.0104580
51200 0.0000162 0.0000148 0.0266791 0.0243068 0.0266791 0.0243068 0.0266791 0.0243068
51201 0.0000210 0.0000194 0.0278243 0.0257400 0.0278243 0.0257400 0.0278243 0.0257400
51202 0.0000170 0.0000158 0.0225380 0.0209718 0.0225380 0.0209718 0.0225380 0.0209718
51206 0.0000310 0.0000290 0.0351860 0.0329337 0.0351860 0.0329337 0.0351860 0.0329337
51208 0.0000211 0.0000199 0.0240115 0.0225640 0.0240115 0.0225640 0.0240115 0.0225640
51209 0.0000278 0.0000262 0.0277826 0.0261875 0.0277826 0.0261875 0.0277826 0.0261875
51210 0.0000257 0.0000243 0.0245218 0.0231792 0.0245218 0.0231792 0.0245218 0.0231792
51211 0.0000290 0.0000274 0.0276214 0.0261867 0.0276214 0.0261867 0.0276214 0.0261867
51212 0.0000512 0.0000487 0.0444044 0.0422139 0.0444044 0.0422139 0.0444044 0.0422139
51213 0.0000069 0.0000066 0.0056038 0.0053374 0.0056038 0.0053374 0.0056038 0.0053374
51214 0.0000108 0.0000103 0.0087570 0.0083457 0.0087570 0.0083457 0.0087570 0.0083457
51215 0.0000408 0.0000389 0.0331871 0.0316761 0.0331871 0.0316761 0.0331871 0.0316761
51217 0.0000061 0.0000059 0.0046540 0.0044479 0.0046540 0.0044479 0.0046540 0.0044479
51220 0.0000182 0.0000161 0.0359349 0.0318371 0.0359349 0.0318371 0.0359349 0.0318371
51222 0.0000254 0.0000233 0.0393774 0.0361350 0.0393774 0.0361350 0.0393774 0.0361350
51225 0.0000116 0.0000108 0.0138337 0.0129143 0.0138337 0.0129143 0.0138337 0.0129143
51226 0.0000052 0.0000049 0.0057016 0.0053405 0.0057016 0.0053405 0.0057016 0.0053405
51228 0.0000443 0.0000418 0.0469705 0.0443286 0.0469705 0.0443286 0.0469705 0.0443286
51229 0.0000210 0.0000199 0.0185282 0.0175990 0.0185282 0.0175990 0.0185282 0.0175990
51230 0.0000152 0.0000145 0.0123478 0.0117724 0.0123478 0.0117724 0.0123478 0.0117724
51234 0.0000590 0.0000527 0.1187859 0.1060529 0.1187859 0.1060529 0.1187859 0.1060529
51236 0.0000181 0.0000167 0.0247185 0.0228203 0.0247185 0.0228203 0.0247185 0.0228203
51237 0.0000150 0.0000140 0.0184759 0.0171821 0.0184759 0.0171821 0.0184759 0.0171821
51274 0.0000311 0.0000302 0.0182203 0.0176456 0.0182203 0.0176456 0.0182203 0.0176456
51277 0.0000067 0.0000066 0.0394136 0.0383553 0 0 0.0197068 0.0191776
51279 0.0000055 0.0000053 0.0319164 0.0311436 0.0319164 0.0311436 0.0319164 0.0311436
51281 0.0000049 0.0000048 0.0284740 0.0278258 0.0284740 0.0278258 0.0284740 0.0278258
51282 0.0000120 0.0000117 0.0479393 0.0469267 0.0479393 0.0469267 0.0479393 0.0469267
51283 0.0000077 0.0000076 0.0308584 0.0302475 0.0308584 0.0302475 0.0308584 0.0302475
51284 0.0000106 0.0000104 0.0424309 0.0416369 0.0424309 0.0416369 0.0424309 0.0416369
51285 0.0000042 0.0000042 0.0084796 0.0083265 0.0084796 0.0083265 0.0084796 0.0083265
51286 0.0000039 0.0000038 0.0077046 0.0075674 0.0077046 0.0075674 0.0077046 0.0075674
51297 0.0000081 0.0000079 0.0472143 0.0459652 0.0472143 0.0459652 0.0236071 0.0229826
51298 0.0000092 0.0000090 0.0538578 0.0525743 0.0538578 0.0525743 0.0269288 0.0262871
51300 0.0000068 0.0000066 0.0395770 0.0387173 0.0395770 0.0387173 0.0395770 0.0387173
51301 0.0000082 0.0000081 0.0480237 0.0470464 0.0480237 0.0470464 0.0480237 0.0470464
51334 0.0000035 0.0000033 0.0172885 0.0166946 0.0172885 0.0166946 0.0172885 0.0166946
51335 0.0000081 0.0000079 0.0405909 0.0393227 0.0405909 0.0393227 0.0405909 0.0393227
51336 0.0000017 0.0000016 0.0082737 0.0080367 0.0082737 0.0080367 0.0082737 0.0080367
51337 0.0000121 0.0000118 0.0604901 0.0588822 0.0604901 0.0588822 0.0604901 0.0588822
51338 0.0000108 0.0000106 0.0542425 0.0529394 0.0542425 0.0529394 0.0542425 0.0529394
51339 0.0000100 0.0000097 0.0497758 0.0486767 0.0497758 0.0486767 0.0497758 0.0486767
51370 0.0000072 0.0000072 0.0011565 0.0011533 0.0011565 0.0011533 0.0011565 0.0011533
51374 0.0000082 0.0000082 0.0013174 0.0013129 0.0013174 0.0013129 0.0013174 0.0013129
51395 0.0000164 0.0000161 0.0061169 0.0060026 0.0061169 0.0060026 0.0061169 0.0060026
51396 0.0001006 0.0000987 0.0219263 0.0215262 0.0219263 0.0215262 0.0219263 0.0215262
51487 0.0000338 0.0000329 0.0197281 0.0191952 0 0 0 0
51490 0.0000055 0.0000053 0.0272455 0.0266087 0.0272455 0.0266087 0.0272455 0.0266087
51491 0.0000146 0.0000143 0.0448424 0.0438759 0.0448424 0.0438759 0.0448424 0.0438759
51492 0.0000032 0.0000031 0.0056257 0.0055111 0.0056257 0.0055111 0.0056257 0.0055111
51493 0.0000345 0.0000338 0.0317992 0.0311747 0.0317992 0.0311747 0.0317992 0.0311747
51494 0.0000464 0.0000455 0.0369480 0.0362679 0.0369480 0.0362679 0.0369480 0.0362679
51495 0.0000251 0.0000246 0.0181129 0.0177952 0.0181129 0.0177952 0.0181129 0.0177952
51502 0.0000045 0.0000044 0.0059000 0.0057317 0 0 0 0
51504 0.0000081 0.0000078 0.0183273 0.0178546 0 0 0 0
51505 0.0000208 0.0000203 0.0364576 0.0356151 0 0 0 0
51506 0.0000057 0.0000055 0.0079641 0.0077929 0 0 0 0
51508 0.0000247 0.0000242 0.0339864 0.0333012 0 0 0 0
51509 0.0000181 0.0000178 0.0211234 0.0207227 0 0 0 0
51510 0.0000243 0.0000239 0.0267570 0.0262728 0 0 0 0
51511 0.0000276 0.0000271 0.0280464 0.0275631 0 0 0 0
51512 0.0000170 0.0000167 0.0161971 0.0159277 0 0 0 0
51517 0.0000045 0.0000043 0.0190191 0.0184223 0 0 0 0
51518 0.0000138 0.0000134 0.0587233 0.0570908 0 0 0 0
51520 0.0000076 0.0000074 0.0454578 0.0443966 0 0 0 0
51562 0.0000044 0.0000043 0.0316385 0.0308872 0 0 0 0
51563 0.0000030 0.0000029 0.0148504 0.0145159 0 0 0 0
51564 0.0000100 0.0000098 0.0478677 0.0468620 0 0 0 0
51565 0.0000054 0.0000053 0.0239890 0.0235150 0 0 0 0
51570 0.0000074 0.0000072 0.0140294 0.0135919 0 0 0 0
51572 0.0000019 0.0000019 0.0168713 0.0163991 0 0 0 0
51573 0.0000089 0.0000087 0.0569240 0.0554495 0 0 0 0
51574 0.0000091 0.0000089 0.0523232 0.0510929 0 0 0 0
51575 0.0000039 0.0000038 0.0173079 0.0169227 0 0 0 0
51576 0.0000024 0.0000024 0.0102773 0.0100590 0 0 0 0
51605 0.0000011 0.0000010 0.0104994 0.0101679 0 0 0 0
51607 0.0000013 0.0000013 0 0 0.0258474 0.0251371 0 0
51615 0.0000016 0.0000016 0 0 0.0318642 0.0311061 0 0
51616 0.0000022 0.0000021 0 0 0.0429703 0.0420263 0 0
51618 0.0000022 0.0000021 0 0 0.0426242 0.0418186 0 0
51619 0.0000011 0.0000011 0 0 0.0213522 0.0209674 0 0
51709 0.0000064 0.0000062 0 0 0.0487535 0.0477124 0.0487535 0.0477124
51710 0.0000034 0.0000033 0 0 0.0239943 0.0235103 0.0239943 0.0235103
51711 0.0000033 0.0000033 0 0 0.0228036 0.0223594 0.0228036 0.0223594
51713 0.0000006 0.0000006 0 0 0.0037839 0.0037153 0.0037839 0.0037153
51714 0.0000015 0.0000014 0 0 0.0090858 0.0089231 0.0090858 0.0089231
51715 0.0000011 0.0000011 0 0 0.0066978 0.0065796 0.0066978 0.0065796
51716 0.0000009 0.0000009 0 0 0.0053841 0.0052900 0.0053841 0.0052900
51718 0.0000007 0.0000007 0 0 0.0043718 0.0042964 0.0043718 0.0042964
51719 0.0000006 0.0000006 0 0 0.0033918 0.0033342 0.0033918 0.0033342
51735 0.0000011 0.0000011 0 0 0 0 0 0
51736 0.0000027 0.0000026 0 0 0 0 0 0
51740 0.0000014 0.0000013 0 0 0 0 0 0
51741 0.0000052 0.0000051 0 0 0 0 0 0
51742 0.0000020 0.0000019 0 0 0.0124576 0.0122343 0.0124576 0.0122343
51753 0.0000029 0.0000028 0 0 0.0167171 0.0164385 0.0167171 0.0164385
51754 0.0000032 0.0000032 0 0 0.0182012 0.0179083 0.0182012 0.0179083
51777 0.0000021 0.0000021 0 0 0.0206983 0.0201346 0 0
51778 0.0000005 0.0000005 0 0 0.0047572 0.0046338 0 0
51824 0.0000013 0.0000013 0 0 0.0137074 0.0133188 0 0
51825 0.0000061 0.0000059 0 0 0.0564600 0.0550371 0 0
51826 0.0000032 0.0000031 0 0 0.0256611 0.0250717 0.0256611 0.0250717
51827 0.0000062 0.0000061 0 0 0.0455522 0.0446209 0.0455522 0.0446209
51830 0.0000057 0.0000056 0 0 0.0338071 0.0332374 0.0338071 0.0332374
51837 0.0000056 0.0000055 0 0 0.0571383 0.0556261 0 0
51838 0.0000007 0.0000007 0 0 0.0057503 0.0056129 0.0057503 0.0056129
51839 0.0000041 0.0000040 0 0 0.0333987 0.0326491 0.0333987 0.0326491
51841 0.0000004 0.0000004 0 0 0.0032175 0.0031501 0.0032175 0.0031501
51842 0.0000010 0.0000010 0 0 0.0074245 0.0072717 0.0074245 0.0072717
51843 0.0000009 0.0000009 0 0 0.0063276 0.0061999 0.0063276 0.0061999
51854 0.0000014 0.0000014 0 0 0.0084369 0.0082943 0.0084369 0.0082943
51858 0.0000006 0.0000006 0 0 0.0033340 0.0032800 0.0033340 0.0032800
51860 0.0000013 0.0000013 0 0 0.0068456 0.0067412 0.0068456 0.0067412
51865 0.0000006 0.0000005 0 0 0.0061464 0.0059570 0.0061464 0.0059570
51874 0.0000036 0.0000035 0 0 0.0332158 0.0323840 0.0332158 0.0323840
51878 0.0000011 0.0000011 0 0 0.0088378 0.0086384 0.0088378 0.0086384
51881 0.0000062 0.0000060 0 0 0.0471946 0.0462061 0.0471946 0.0462061
51886 0.0000012 0.0000012 0 0 0.0080912 0.0079335 0.0080912 0.0079335
51900 0.0000047 0.0000046 0 0 0.0245467 0.0241856 0.0245467 0.0241856
51901 0.0000006 0.0000006 0 0 0.0028012 0.0027613 0.0028012 0.0027613
51902 0.0000023 0.0000023 0 0 0.0111762 0.0110191 0.0111762 0.0110191
51905 0.0000039 0.0000038 0 0 0.0507033 0.0490207 0 0
51906 0.0000030 0.0000029 0 0 0.0314411 0.0305319 0.0314411 0.0305319
51907 0.0000030 0.0000029 0 0 0.0270647 0.0263778 0.0270647 0.0263778
51908 0.0000013 0.0000013 0 0 0.0111907 0.0109174 0.0111907 0.0109174
51909 0.0000032 0.0000031 0 0 0.0251211 0.0245618 0.0251211 0.0245618
51914 0.0000016 0.0000016 0 0 0.0195649 0.0189098 0 0
51915 0.0000058 0.0000057 0 0 0.0613623 0.0597028 0 0
51921 0.0000038 0.0000037 0 0 0.0324076 0.0316372 0.0324076 0.0316372
51922 0.0000026 0.0000025 0 0 0.0192032 0.0187966 0.0192032 0.0187966
51924 0.0000033 0.0000032 0 0 0.0227840 0.0223375 0.0227840 0.0223375
51925 0.0000026 0.0000025 0 0 0.0168264 0.0165112 0.0168264 0.0165112
51927 0.0000012 0.0000012 0 0 0.0073617 0.0072294 0.0073617 0.0072294
51928 0.0000063 0.0000062 0 0 0.0352271 0.0346630 0.0352271 0.0346630
51929 0.0000024 0.0000024 0 0 0.0130746 0.0128714 0.0130746 0.0128714
51933 0.0000009 0.0000008 0 0 0.0104034 0.0100546 0 0
51934 0.0000006 0.0000005 0 0 0.0065697 0.0063615 0 0
51940 0.0000010 0.0000009 0 0 0.0095487 0.0093053 0.0095487 0.0093053
51941 0.0000019 0.0000019 0 0 0.0166445 0.0162324 0.0166445 0.0162324
51942 0.0000055 0.0000054 0 0 0.0462944 0.0452192 0.0462944 0.0452192
51943 0.0000013 0.0000013 0 0 0.0102068 0.0099835 0.0102068 0.0099835
51944 0.0000005 0.0000005 0 0 0.0036801 0.0036005 0.0036801 0.0036005
51945 0.0000027 0.0000026 0 0 0.0199463 0.0195237 0.0199463 0.0195237
51946 0.0000030 0.0000030 0 0 0.0216234 0.0211788 0.0216234 0.0211788
51949 0.0000018 0.0000018 0 0 0.0115578 0.0113472 0.0115578 0.0113472
51950 0.0000008 0.0000008 0 0 0.0047733 0.0046875 0.0047733 0.0046875
51952 0.0000008 0.0000008 0 0 0.0048901 0.0048034 0.0048901 0.0048034
51953 0.0000007 0.0000007 0 0 0.0043497 0.0042734 0.0043497 0.0042734
51954 0.0000050 0.0000049 0 0 0.0302867 0.0297679 0.0302867 0.0297679
51955 0.0000014 0.0000013 0 0 0.0078593 0.0077280 0.0078593 0.0077280
51958 0.0000005 0.0000005 0 0 0.0029853 0.0029360 0.0029853 0.0029360
51960 0.0000027 0.0000027 0 0 0.0154785 0.0152267 0.0154785 0.0152267
51977 0.0000009 0.0000009 0 0 0.0066820 0.0065435 0.0066820 0.0065435
51978 0.0000009 0.0000009 0 0 0.0061758 0.0060515 0.0061758 0.0060515
51982 0.0000007 0.0000007 0 0 0.0048838 0.0047991 0.0048838 0.0047991
51983 0.0000007 0.0000007 0 0 0.0043081 0.0042355 0.0043081 0.0042355
51985 0.0000036 0.0000036 0 0 0.0208100 0.0204712 0.0208100 0.0204712
51986 0.0000015 0.0000015 0 0 0.0080939 0.0079685 0.0080939 0.0079685
51987 0.0000021 0.0000021 0 0 0.0109425 0.0107794 0.0109425 0.0107794
51988 0.0000044 0.0000043 0 0 0.0221997 0.0218805 0.0221997 0.0218805
51990 0.0000018 0.0000017 0 0 0.0087246 0.0086019 0.0087246 0.0086019
51997 0.0000011 0.0000011 0 0 0.0130495 0.0126338 0 0
51998 0.0000028 0.0000027 0 0 0.0271988 0.0264625 0 0
51999 0.0000012 0.0000012 0 0 0.0104671 0.0102047 0.0104671 0.0102047
52005 0.0000024 0.0000023 0 0 0.0192803 0.0188357 0.0192803 0.0188357
52015 0.0000045 0.0000044 0 0 0.0343239 0.0335861 0.0343239 0.0335861
52018 0.0000053 0.0000052 0 0 0.0373368 0.0365892 0.0373368 0.0365892
52019 0.0000018 0.0000018 0 0 0.0122913 0.0120555 0.0122913 0.0120555
52022 0.0000042 0.0000041 0 0 0.0254317 0.0249929 0.0254317 0.0249929
52025 0.0000011 0.0000010 0 0 0.0131448 0.0126916 0 0
52026 0.0000037 0.0000036 0 0 0.0417060 0.0404234 0 0
52027 0.0000062 0.0000060 0 0 0.0609100 0.0592651 0.0609100 0.0592651
52030 0.0000035 0.0000034 0 0 0.0277772 0.0271471 0.0277772 0.0271471
52032 0.0000013 0.0000012 0 0 0.0088136 0.0086341 0.0088136 0.0086341
52034 0.0000005 0.0000005 0 0 0.0036723 0.0036008 0.0036723 0.0036008
52035 0.0000015 0.0000014 0 0 0.0098443 0.0096549 0.0098443 0.0096549
52036 0.0000008 0.0000007 0 0 0.0050796 0.0049832 0.0050796 0.0049832
52037 0.0000026 0.0000026 0 0 0.0169694 0.0166524 0.0169694 0.0166524
52038 0.0000008 0.0000008 0 0 0.0050536 0.0049631 0.0050536 0.0049631
52043 0.0000030 0.0000029 0 0 0.0284093 0.0276803 0 0
52044 0.0000006 0.0000006 0 0 0.0054364 0.0053050 0.0054364 0.0053050
52045 0.0000061 0.0000059 0 0 0.0495179 0.0484165 0.0495179 0.0484165
52046 0.0000224 0.0000219 0 0 0.0321223 0.0314781 0.0321223 0.0314781
52047 0.0000236 0.0000232 0 0 0.0308043 0.0302369 0.0308043 0.0302369
52048 0.0000309 0.0000304 0 0 0.0374745 0.0368367 0.0374745 0.0368367
52049 0.0000309 0.0000304 0 0 0.0350670 0.0345092 0.0350670 0.0345092
52050 0.0000116 0.0000114 0 0 0.0122977 0.0121103 0.0122977 0.0121103
52052 0.0000085 0.0000084 0 0 0.0086500 0.0085243 0.0086500 0.0085243
52060 0.0000156 0.0000151 0 0 0.0354705 0.0343595 0 0
52062 0.0000089 0.0000086 0 0 0.0171586 0.0166909 0.0171586 0.0166909
52065 0.0000058 0.0000056 0 0 0.0162112 0.0155849 0 0
52067 0.0000306 0.0000296 0 0 0.0730313 0.0707082 0 0
52068 0.0000078 0.0000075 0 0 0.0154757 0.0150334 0.0154757 0.0150334
52069 0.0000201 0.0000195 0 0 0.0387804 0.0377272 0.0387804 0.0377272
52097 0.0000637 0.0000616 0 0 0 0 0 0
52099 0.0000067 0.0000065 0 0 0.0141327 0.0137191 0 0
52101 0.0000049 0.0000048 0 0 0.0094687 0.0092095 0 0
52102 0.0000159 0.0000155 0 0 0.0305723 0.0297850 0 0
52103 0.0000049 0.0000048 0 0 0.0084326 0.0082258 0.0084326 0.0082258
52104 0.0000044 0.0000043 0 0 0.0072098 0.0070393 0.0072098 0.0070393
52107 0.0000313 0.0000307 0 0 0.0433842 0.0425412 0.0433842 0.0425412
52108 0.0000145 0.0000142 0 0 0.0188227 0.0184730 0.0188227 0.0184730
52110 0.0000032 0.0000031 0 0 0.0038851 0.0038164 0.0038851 0.0038164
52111 0.0000148 0.0000146 0 0 0.0179977 0.0176847 0.0179977 0.0176847
52112 0.0000028 0.0000027 0 0 0.0032329 0.0031790 0.0032329 0.0031790
52144 0.0000027 0.0000027 0 0 0.0043017 0.0042089 0.0043017 0.0042089
52145 0.0000070 0.0000069 0 0 0.0103430 0.0101261 0.0103430 0.0101261
52146 0.0000086 0.0000084 0 0 0.0125984 0.0123439 0.0125984 0.0123439
52265 0.0000088 0.0000085 0 0 0.0207674 0.0200791 0 0
52266 0.0000104 0.0000101 0 0 0.0229500 0.0222371 0.0229500 0.0222371
52268 0.0000189 0.0000183 0 0 0.0387367 0.0376331 0.0387367 0.0376331
52269 0.0000314 0.0000306 0 0 0.0576536 0.0561878 0.0288267 0.0280939
52270 0.0000339 0.0000331 0 0 0.0567135 0.0554058 0.0567135 0.0554058
52271 0.0000313 0.0000306 0 0 0.0475161 0.0465007 0.0475161 0.0465007
52276 0.0000186 0.0000182 0 0 0.0252130 0.0247268 0.0252130 0.0247268
52278 0.0000079 0.0000078 0 0 0.0101476 0.0099605 0.0101476 0.0099605
52286 0.0000289 0.0000281 0 0 0.0638906 0.0620969 0 0
52287 0.0000309 0.0000302 0 0 0.0544420 0.0531374 0.0544420 0.0531374
52288 0.0000266 0.0000260 0 0 0.0411930 0.0403111 0.0411930 0.0403111
52289 0.0000081 0.0000079 0 0 0.0113146 0.0110868 0.0113146 0.0110868
52290 0.0000032 0.0000031 0 0 0.0043756 0.0042890 0.0043756 0.0042890
52291 0.0000080 0.0000078 0 0 0.0108401 0.0106295 0.0108401 0.0106295
52292 0.0000129 0.0000127 0 0 0.0171551 0.0168298 0.0171551 0.0168298
52294 0.0000032 0.0000032 0 0 0.0041203 0.0040444 0.0041203 0.0040444
52295 0.0000045 0.0000044 0 0 0.0057421 0.0056374 0.0057421 0.0056374
52296 0.0000027 0.0000027 0 0 0.0033982 0.0033372 0.0033982 0.0033372
52302 0.0000081 0.0000078 0 0 0.0199210 0.0192515 0 0
52303 0.0000027 0.0000026 0 0 0.0059267 0.0057425 0.0059267 0.0057425
52304 0.0000046 0.0000045 0 0 0.0097185 0.0094262 0.0097185 0.0094262
52308 0.0000028 0.0000027 0 0 0.0052543 0.0051106 0.0052543 0.0051106
52309 0.0000050 0.0000049 0 0 0.0093479 0.0090983 0.0093479 0.0090983
52314 0.0000114 0.0000111 0 0 0.0200450 0.0195432 0.0200450 0.0195432
52317 0.0000030 0.0000029 0 0 0.0050292 0.0049179 0.0050292 0.0049179
52318 0.0000089 0.0000088 0 0 0.0135610 0.0132660 0.0135610 0.0132660
52319 0.0000061 0.0000060 0 0 0.0090413 0.0088489 0.0090413 0.0088489
52323 0.0000274 0.0000269 0 0 0.0378104 0.0370832 0.0378104 0.0370832
52324 0.0000066 0.0000065 0 0 0.0085768 0.0084172 0.0085768 0.0084172
52325 0.0000202 0.0000199 0 0 0.0254533 0.0249967 0.0254533 0.0249967
52326 0.0000100 0.0000098 0 0 0.0120901 0.0118785 0.0120901 0.0118785
52327 0.0000037 0.0000037 0 0 0.0043763 0.0043020 0.0043763 0.0043020
52343 0.0000042 0.0000040 0 0 0.0099002 0.0095801 0.0049501 0.0047901
52344 0.0000079 0.0000076 0 0 0.0186128 0.0180537 0.0093064 0.0090268
52345 0.0000255 0.0000248 0 0 0.0603924 0.0587947 0.0301962 0.0293973
52346 0.0000262 0.0000255 0 0 0.0439973 0.0429713 0.0439973 0.0429713
52347 0.0000043 0.0000042 0 0 0.0066648 0.0065168 0.0066648 0.0065168
52348 0.0000188 0.0000184 0 0 0.0279815 0.0273932 0.0279815 0.0273932
52349 0.0000274 0.0000269 0 0 0.0386140 0.0378495 0.0386140 0.0378495
52357 0.0000033 0.0000033 0 0 0.0042239 0.0041464 0.0042239 0.0041464
52359 0.0000101 0.0000100 0 0 0.0126741 0.0124462 0.0126741 0.0124462
52360 0.0000234 0.0000230 0 0 0.0283221 0.0278340 0.0283221 0.0278340
52361 0.0000310 0.0000305 0 0 0.0361666 0.0355688 0.0361666 0.0355688
52365 0.0000291 0.0000282 0 0 0.0687850 0.0667021 0.0687850 0.0667021
52366 0.0000309 0.0000301 0 0 0.0580042 0.0565252 0.0580042 0.0565252
52367 0.0000045 0.0000044 0 0 0.0075026 0.0073238 0.0075026 0.0073238
52368 0.0000069 0.0000068 0 0 0.0114771 0.0112098 0.0114771 0.0112098
52369 0.0000067 0.0000066 0 0 0.0106605 0.0104183 0.0106605 0.0104183
52370 0.0000321 0.0000314 0 0 0.0485518 0.0475244 0.0485518 0.0475244
52371 0.0000313 0.0000307 0 0 0.0440404 0.0431696 0.0440404 0.0431696
52372 0.0000087 0.0000085 0 0 0.0115200 0.0113015 0.0115200 0.0113015
52378 0.0000037 0.0000036 0 0 0.0046195 0.0045375 0.0046195 0.0045375
52380 0.0000181 0.0000177 0 0 0.0219026 0.0215232 0.0219026 0.0215232
52381 0.0000038 0.0000038 0 0 0.0046353 0.0045565 0.0046353 0.0045565
52382 0.0000128 0.0000126 0 0 0.0149751 0.0147239 0.0149751 0.0147239
52391 0.0000248 0.0000241 0 0 0.0535046 0.0519675 0.0535046 0.0519675
52392 0.0000090 0.0000088 0 0 0.0161405 0.0157277 0.0161405 0.0157277
52393 0.0000074 0.0000073 0 0 0.0126267 0.0123201 0.0126267 0.0123201
52394 0.0000058 0.0000056 0 0 0.0094098 0.0091892 0.0094098 0.0091892
52395 0.0000038 0.0000037 0 0 0.0056715 0.0055486 0.0056715 0.0055486
52396 0.0000039 0.0000039 0 0 0.0059402 0.0058135 0.0059402 0.0058135
52401 0.0000282 0.0000276 0 0 0.0379488 0.0372340 0.0379488 0.0372340
52402 0.0000058 0.0000057 0 0 0.0072234 0.0070943 0.0072234 0.0070943
52403 0.0000140 0.0000137 0 0 0.0173404 0.0170369 0.0173404 0.0170369
52405 0.0000088 0.0000086 0 0 0.0104773 0.0102980 0.0104773 0.0102980
52406 0.0000099 0.0000097 0 0 0.0117900 0.0115914 0.0117900 0.0115914
52410 0.0000079 0.0000077 0 0 0.0181569 0.0175834 0.0181569 0.0175834
52411 0.0000056 0.0000054 0 0 0.0114166 0.0110860 0.0114166 0.0110860
52412 0.0000287 0.0000280 0 0 0.0590143 0.0575017 0.0590143 0.0575017
52413 0.0000315 0.0000308 0 0 0.0515035 0.0503448 0.0515035 0.0503448
52414 0.0000027 0.0000027 0 0 0.0040136 0.0039279 0.0040136 0.0039279
52415 0.0000112 0.0000110 0 0 0.0160221 0.0156959 0.0160221 0.0156959
52417 0.0000062 0.0000061 0 0 0.0086071 0.0084370 0.0086071 0.0084370
52418 0.0000072 0.0000071 0 0 0.0100242 0.0098325 0.0100242 0.0098325
52419 0.0000140 0.0000138 0 0 0.0194235 0.0190623 0.0194235 0.0190623
52420 0.0000244 0.0000240 0 0 0.0337863 0.0331928 0.0337863 0.0331928
52421 0.0000113 0.0000111 0 0 0.0155762 0.0153142 0.0155762 0.0153142
52422 0.0000126 0.0000124 0 0 0.0174002 0.0171137 0.0174002 0.0171137
52423 0.0000076 0.0000075 0 0 0.0105676 0.0103985 0.0105676 0.0103985
52424 0.0000031 0.0000030 0 0 0.0042739 0.0042062 0.0042739 0.0042062
52431 0.0000105 0.0000102 0 0 0.0259193 0.0250699 0.0129596 0.0125349
52432 0.0000027 0.0000026 0 0 0.0066863 0.0064866 0.0033432 0.0032433
52433 0.0000245 0.0000239 0 0 0.0605506 0.0589313 0.0302753 0.0294657
52434 0.0000176 0.0000172 0 0 0.0434345 0.0424062 0.0217173 0.0212032
52436 0.0000052 0.0000051 0 0 0.0128485 0.0125615 0.0064243 0.0062808
52437 0.0000187 0.0000183 0 0 0.0281494 0.0275513 0.0281494 0.0275513
52438 0.0000298 0.0000292 0 0 0.0447715 0.0438703 0.0447715 0.0438703
52440 0.0000042 0.0000041 0 0 0.0056094 0.0055008 0.0056094 0.0055008
52441 0.0000073 0.0000072 0 0 0.0098174 0.0096297 0.0098174 0.0096297
52442 0.0000031 0.0000030 0 0 0.0041132 0.0040356 0.0041132 0.0040356
52443 0.0000073 0.0000071 0 0 0.0094133 0.0092375 0.0094133 0.0092375
52444 0.0000062 0.0000038 0 0 0.0078340 0.0047773 0.0078340 0.0047773
52446 0.0000073 0.0000072 0 0 0.0092729 0.0091081 0.0092729 0.0091081
52447 0.0000026 0.0000025 0 0 0.0032734 0.0032158 0.0032734 0.0032158
52449 0.0000045 0.0000044 0 0 0.0056412 0.0055462 0.0056412 0.0055462
52452 0.0000296 0.0000287 0 0 0.0697977 0.0676729 0 0
52453 0.0000080 0.0000078 0 0 0.0150442 0.0146409 0.0150442 0.0146409
52454 0.0000138 0.0000134 0 0 0.0247576 0.0241278 0.0123788 0.0120640
52455 0.0000054 0.0000053 0 0 0.0097124 0.0094749 0.0048562 0.0047375
52456 0.0000056 0.0000054 0 0 0.0090014 0.0087926 0.0090014 0.0087926
52458 0.0000317 0.0000310 0 0 0.0484582 0.0474195 0.0484582 0.0474195
52459 0.0000255 0.0000249 0 0 0.0362169 0.0354907 0.0362169 0.0354907
52460 0.0000189 0.0000185 0 0 0.0254816 0.0249916 0.0254816 0.0249916
52461 0.0000068 0.0000067 0 0 0.0088983 0.0087314 0.0088983 0.0087314
52462 0.0000117 0.0000115 0 0 0.0148469 0.0145779 0.0148469 0.0145779
52463 0.0000328 0.0000322 0 0 0.0414564 0.0407382 0.0414564 0.0407382
52466 0.0000272 0.0000264 0 0 0.0712095 0.0689476 0 0
52467 0.0000221 0.0000215 0 0 0.0577034 0.0562381 0 0
52468 0.0000147 0.0000144 0 0 0.0384707 0.0375956 0 0
52469 0.0000317 0.0000311 0 0 0.0457517 0.0448294 0.0457517 0.0448294
52470 0.0000176 0.0000173 0 0 0.0254021 0.0249180 0.0254021 0.0249180
52471 0.0000225 0.0000221 0 0 0.0324197 0.0318273 0.0324197 0.0318273
52472 0.0000029 0.0000028 0 0 0.0041859 0.0041125 0.0041859 0.0041125
52474 0.0000316 0.0000310 0 0 0.0374957 0.0368653 0.0374957 0.0368653
52475 0.0000109 0.0000108 0 0 0.0129963 0.0127847 0.0129963 0.0127847
52481 0.0000213 0.0000208 0 0 0.0338214 0.0331290 0 0
52482 0.0000161 0.0000159 0 0 0.0206885 0.0203240 0.0206885 0.0203240
52484 0.0000226 0.0000222 0 0 0.0258705 0.0254619 0.0258705 0.0254619
52485 0.0000123 0.0000121 0 0 0.0128438 0.0126535 0.0128438 0.0126535
52486 0.0000213 0.0000211 0 0 0.0207693 0.0204851 0.0207693 0.0204851
52491 0.0000215 0.0000212 0 0 0.0188324 0.0186014 0.0188324 0.0186014
52492 0.0000077 0.0000076 0 0 0.0063593 0.0062836 0.0063593 0.0062836
52493 0.0000110 0.0000109 0 0 0.0089611 0.0088566 0.0089611 0.0088566
52494 0.0000315 0.0000312 0 0 0.0244747 0.0242075 0.0244747 0.0242075
52495 0.0000191 0.0000189 0 0 0.0141300 0.0139805 0.0141300 0.0139805
52508 0.0000032 0.0000031 0 0 0.0068232 0.0066208 0 0
52518 0.0000303 0.0000295 0 0 0.0622514 0.0605480 0 0
52519 0.0000313 0.0000306 0 0 0.0547254 0.0534103 0 0
52520 0.0000060 0.0000058 0 0 0.0093763 0.0091641 0.0093763 0.0091641
52521 0.0000203 0.0000199 0 0 0.0308745 0.0302106 0.0308745 0.0302106
52522 0.0000259 0.0000253 0 0 0.0374146 0.0366508 0.0374146 0.0366508
52538 0.0000027 0.0000026 0 0 0.0034698 0.0034053 0.0034698 0.0034053
52539 0.0000317 0.0000311 0 0 0.0400155 0.0392999 0.0400155 0.0392999
52540 0.0000252 0.0000248 0 0 0.0302186 0.0297039 0.0302186 0.0297039
52558 0.0000102 0.0000099 0 0 0.0216418 0.0210066 0 0
52575 0.0000247 0.0000242 0 0 0.0447412 0.0438073 0.0447412 0.0438073
52576 0.0000100 0.0000098 0 0 0.0180258 0.0176829 0.0180258 0.0176829
52579 0.0000224 0.0000220 0 0 0.0267837 0.0263468 0.0267837 0.0263468
52580 0.0000129 0.0000127 0 0 0.0154875 0.0152424 0.0154875 0.0152424
52581 0.0000308 0.0000303 0 0 0.0331382 0.0326286 0.0331382 0.0326286
52584 0.0000037 0.0000035 0 0 0.0086535 0.0083686 0 0
52585 0.0000038 0.0000037 0 0 0.0080611 0.0078171 0 0
52586 0.0000308 0.0000300 0 0 0.0578969 0.0564381 0 0
52592 0.0000122 0.0000119 0 0 0.0186137 0.0182089 0 0
52593 0.0000234 0.0000230 0 0 0.0339943 0.0333000 0.0339943 0.0333000
52594 0.0000321 0.0000315 0 0 0.0425710 0.0417719 0.0212854 0.0208858
52595 0.0000065 0.0000064 0 0 0.0081488 0.0080010 0.0081488 0.0080010
52596 0.0000113 0.0000111 0 0 0.0142560 0.0140004 0.0142560 0.0140004
52610 0.0000286 0.0000278 0 0 0.0584186 0.0568388 0 0
52611 0.0000114 0.0000111 0 0 0.0201279 0.0196198 0.0201279 0.0196198
52613 0.0000318 0.0000310 0 0 0.0519431 0.0507533 0 0
52614 0.0000128 0.0000125 0 0 0.0194766 0.0190529 0.0194766 0.0190529
52615 0.0000056 0.0000055 0 0 0.0082919 0.0081156 0.0082919 0.0081156
52616 0.0000156 0.0000153 0 0 0.0223574 0.0218996 0.0223574 0.0218996
52617 0.0000316 0.0000310 0 0 0.0434179 0.0425733 0.0434179 0.0425733
52618 0.0000041 0.0000040 0 0 0.0053645 0.0052632 0.0026822 0.0026316
52619 0.0000120 0.0000118 0 0 0.0154039 0.0151205 0.0154039 0.0151205
52623 0.0000293 0.0000284 0 0 0.0362280 0.0350884 0 0
52624 0.0000246 0.0000240 0 0 0.0304277 0.0296234 0 0
52625 0.0000194 0.0000189 0 0 0.0239351 0.0233696 0 0
52626 0.0000196 0.0000192 0 0 0.0242931 0.0237702 0 0
52627 0.0000182 0.0000178 0 0 0.0224537 0.0220047 0 0
52628 0.0000146 0.0000144 0 0 0.0181020 0.0177625 0 0
52629 0.0000091 0.0000089 0 0 0.0112604 0.0110596 0 0
52637 0.0000302 0.0000293 0 0 0.0617381 0.0600764 0.0617381 0.0600764
52638 0.0000157 0.0000154 0 0 0.0267360 0.0260983 0.0267360 0.0260983
52639 0.0000202 0.0000198 0 0 0.0316585 0.0309597 0.0316585 0.0309597
52640 0.0000315 0.0000308 0 0 0.0456630 0.0447389 0.0228315 0.0223694
52641 0.0000313 0.0000307 0 0 0.0419299 0.0411400 0.0419299 0.0411400
52642 0.0000309 0.0000304 0 0 0.0388087 0.0381237 0.0388087 0.0381237
52643 0.0000270 0.0000266 0 0 0.0306052 0.0301127 0.0306052 0.0301127
52649 0.0000295 0.0000287 0 0 0.0634698 0.0616917 0 0
52650 0.0000310 0.0000302 0 0 0.0544043 0.0530935 0.0544043 0.0530935
52651 0.0000131 0.0000128 0 0 0.0205124 0.0200556 0 0
52652 0.0000312 0.0000305 0 0 0.0458384 0.0448949 0.0458384 0.0448949
52656 0.0000062 0.0000061 0 0 0.0081687 0.0080151 0.0081687 0.0080151
52658 0.0000109 0.0000107 0 0 0.0139297 0.0136742 0.0139297 0.0136742
52659 0.0000314 0.0000309 0 0 0.0385386 0.0378707 0.0385386 0.0378707
52660 0.0000113 0.0000111 0 0 0.0131997 0.0129785 0.0131997 0.0129785
52661 0.0000314 0.0000309 0 0 0.0359634 0.0353797 0.0359634 0.0353797
52662 0.0000109 0.0000108 0 0 0.0119665 0.0117784 0.0119665 0.0117784
52664 0.0000098 0.0000097 0 0 0.0099564 0.0098118 0.0099564 0.0098118
52665 0.0000047 0.0000046 0 0 0.0046518 0.0045849 0.0046518 0.0045849
52677 0.0000142 0.0000139 0 0 0.0267326 0.0260726 0 0
52678 0.0000072 0.0000070 0 0 0.0113049 0.0110526 0 0
52679 0.0000305 0.0000299 0 0 0.0457247 0.0448002 0.0457247 0.0448002
52680 0.0000281 0.0000276 0 0 0.0366115 0.0359496 0.0366115 0.0359496
52682 0.0000031 0.0000031 0 0 0.0034833 0.0034274 0.0034833 0.0034274
52684 0.0000313 0.0000308 0 0 0.0338763 0.0333608 0.0338763 0.0333608
52685 0.0000049 0.0000048 0 0 0.0050000 0.0049266 0.0050000 0.0049266
52690 0.0000157 0.0000154 0 0 0.0150054 0.0148000 0.0150054 0.0148000
52691 0.0000120 0.0000118 0 0 0.0111087 0.0109610 0.0111087 0.0109610
52692 0.0000155 0.0000153 0 0 0.0140494 0.0138665 0.0140494 0.0138665
52702 0.0000275 0.0000267 0 0 0.0623176 0.0605416 0 0
52703 0.0000309 0.0000302 0 0 0.0541283 0.0528371 0.0541283 0.0528371
52704 0.0000036 0.0000035 0 0 0.0055607 0.0054366 0.0055607 0.0054366
52705 0.0000041 0.0000040 0 0 0.0059837 0.0058565 0.0059837 0.0058565
52706 0.0000312 0.0000305 0 0 0.0445355 0.0436432 0.0445355 0.0436432
52707 0.0000069 0.0000068 0 0 0.0092483 0.0090736 0.0092483 0.0090736
52717 0.0000272 0.0000264 0 0 0.0655139 0.0636106 0 0
52718 0.0000037 0.0000036 0 0 0.0068671 0.0066857 0 0
52719 0.0000261 0.0000255 0 0 0.0465440 0.0454000 0.0465440 0.0454000
52721 0.0000318 0.0000311 0 0 0.0487067 0.0476495 0.0487067 0.0476495
52724 0.0000266 0.0000261 0 0 0.0359994 0.0353169 0.0359994 0.0353169
52725 0.0000109 0.0000107 0 0 0.0138361 0.0135836 0.0138361 0.0135836
52726 0.0000068 0.0000067 0 0 0.0084745 0.0083227 0.0084745 0.0083227
52728 0.0000064 0.0000063 0 0 0.0078492 0.0077116 0.0078492 0.0077116
52747 0.0000148 0.0000144 0 0 0.0278720 0.0271422 0.0278720 0.0271422
52749 0.0000310 0.0000303 0 0 0.0520869 0.0508930 0.0520869 0.0508930
52751 0.0000316 0.0000309 0 0 0.0455809 0.0446618 0.0455809 0.0446618
52752 0.0000172 0.0000169 0 0 0.0231145 0.0226733 0.0231145 0.0226733
52753 0.0000052 0.0000051 0 0 0.0067528 0.0066270 0.0067528 0.0066270
52754 0.0000299 0.0000293 0 0 0.0380960 0.0374104 0.0380960 0.0374104
52755 0.0000316 0.0000310 0 0 0.0375088 0.0368780 0.0375088 0.0368780
52756 0.0000229 0.0000226 0 0 0.0259956 0.0255756 0.0259956 0.0255756
52760 0.0000292 0.0000284 0 0 0.0626950 0.0609409 0 0
52761 0.0000161 0.0000157 0 0 0.0275054 0.0268472 0 0
52777 0.0000091 0.0000088 0 0 0.0075866 0.0073335 0 0
52778 0.0000305 0.0000297 0 0 0.0654145 0.0635424 0.0654145 0.0635424
52779 0.0000268 0.0000262 0 0 0.0487599 0.0475418 0.0487599 0.0475418
52780 0.0000102 0.0000099 0 0 0.0164151 0.0160327 0.0164151 0.0160327
52781 0.0000318 0.0000311 0 0 0.0481087 0.0470855 0.0240544 0.0235427
52782 0.0000318 0.0000311 0 0 0.0451469 0.0442390 0.0451469 0.0442390
52783 0.0000050 0.0000049 0 0 0.0067147 0.0065839 0.0067147 0.0065839
52784 0.0000130 0.0000128 0 0 0.0172516 0.0169238 0.0172516 0.0169238
52785 0.0000315 0.0000309 0 0 0.0407848 0.0400364 0.0407848 0.0400364
52786 0.0000102 0.0000100 0 0 0.0125884 0.0123647 0.0125884 0.0123647
52805 0.0000128 0.0000125 0 0 0 0 0 0
52811 0.0000013 0.0000012 0 0 0.0011807 0.0011557 0.0047230 0.0046228
52813 0.0000063 0.0000062 0 0 0 0 0.0126749 0.0124152
52814 0.0000196 0.0000192 0 0 0.0270611 0.0265332 0.0270611 0.0265332
52815 0.0000311 0.0000306 0 0 0.0407545 0.0400102 0.0407545 0.0400102
52816 0.0000147 0.0000145 0 0 0.0178332 0.0175247 0.0178332 0.0175247
52819 0.0000313 0.0000308 0 0 0.0351629 0.0346037 0.0351629 0.0346037
52844 0.0000298 0.0000289 0 0 0.0650851 0.0631500 0 0
52845 0.0000306 0.0000297 0 0 0.0588126 0.0572252 0.0588126 0.0572252
52846 0.0000030 0.0000029 0 0 0.0054043 0.0052642 0.0054043 0.0052642
52847 0.0000306 0.0000299 0 0 0.0536087 0.0522853 0.0536087 0.0522853
52848 0.0000303 0.0000296 0 0 0.0498080 0.0486546 0.0498080 0.0486546
52849 0.0000159 0.0000155 0 0 0.0244958 0.0239543 0.0244958 0.0239543
52850 0.0000305 0.0000299 0 0 0.0455477 0.0445771 0.0455477 0.0445771
52851 0.0000219 0.0000214 0 0 0.0315464 0.0308945 0.0315464 0.0308945
52857 0.0000277 0.0000269 0 0 0.0633725 0.0616077 0 0
52858 0.0000304 0.0000296 0 0 0.0521257 0.0509077 0.0521257 0.0509077
52859 0.0000104 0.0000102 0 0 0.0158265 0.0154877 0.0158265 0.0154877
52873 0.0000291 0.0000284 0 0 0.0565388 0.0551354 0 0
52874 0.0000223 0.0000218 0 0 0.0357163 0.0349210 0.0357163 0.0349210
52875 0.0000125 0.0000123 0 0 0.0183995 0.0180145 0.0091997 0.0090072
52876 0.0000315 0.0000309 0 0 0.0435884 0.0427500 0.0435884 0.0427500
52877 0.0000325 0.0000319 0 0 0.0411618 0.0404300 0.0411618 0.0404300
52878 0.0000195 0.0000191 0 0 0.0232028 0.0228099 0.0232028 0.0228099
52879 0.0000037 0.0000036 0 0 0.0042217 0.0041524 0.0042217 0.0041524
52880 0.0000320 0.0000315 0 0 0.0360290 0.0354547 0.0360290 0.0354547
52881 0.0000153 0.0000151 0 0 0.0165654 0.0163074 0.0165654 0.0163074
52887 0.0000243 0.0000236 0 0 0.0511587 0.0497508 0 0
52888 0.0000297 0.0000290 0 0 0.0518242 0.0505869 0 0
52889 0.0000218 0.0000213 0 0 0.0338905 0.0331447 0.0338905 0.0331447
52890 0.0000231 0.0000227 0 0 0.0335724 0.0328995 0.0335724 0.0328995
52895 0.0000119 0.0000116 0 0 0.0261507 0.0254255 0 0
52896 0.0000107 0.0000105 0 0 0.0234884 0.0229078 0 0
52897 0.0000147 0.0000144 0 0 0.0322150 0.0314825 0 0
52898 0.0000065 0.0000064 0 0 0.0142049 0.0139008 0 0
52900 0.0000060 0.0000059 0 0 0.0086391 0.0084608 0.0086391 0.0084608
52901 0.0000042 0.0000041 0 0 0.0059886 0.0058674 0.0059886 0.0058674
52902 0.0000097 0.0000095 0 0 0.0132310 0.0129718 0.0132310 0.0129718
52905 0.0000033 0.0000031 0 0 0.0080053 0.0077272 0 0
52910 0.0000180 0.0000175 0 0 0.0441333 0.0429253 0 0
52911 0.0000312 0.0000304 0 0 0.0564732 0.0550463 0.0564732 0.0550463
52912 0.0000313 0.0000306 0 0 0.0514240 0.0502334 0.0514240 0.0502334
52917 0.0000126 0.0000123 0 0 0.0206646 0.0202119 0.0206646 0.0202119
53046 0.0000087 0.0000084 0 0 0.0198944 0.0192634 0 0
53047 0.0000306 0.0000297 0 0 0.0636086 0.0618306 0.0636086 0.0618306
53048 0.0000241 0.0000235 0 0 0.0430277 0.0419544 0.0430277 0.0419544
53049 0.0000055 0.0000054 0 0 0.0089729 0.0087622 0.0089729 0.0087622
53050 0.0000322 0.0000315 0 0 0.0506668 0.0495554 0.0506668 0.0495554
53052 0.0000030 0.0000030 0 0 0.0043592 0.0042684 0.0043592 0.0042684
53053 0.0000104 0.0000102 0 0 0.0148316 0.0145284 0.0148316 0.0145284
53054 0.0000259 0.0000254 0 0 0.0359873 0.0352775 0.0359873 0.0352775
53055 0.0000167 0.0000163 0 0 0.0218171 0.0214089 0.0218171 0.0214089
53056 0.0000040 0.0000039 0 0 0.0051834 0.0050882 0.0051834 0.0050882
53057 0.0000056 0.0000055 0 0 0.0073499 0.0072162 0.0073499 0.0072162
53058 0.0000126 0.0000124 0 0 0.0165510 0.0162550 0.0165510 0.0162550
53059 0.0000065 0.0000064 0 0 0.0085456 0.0083966 0.0085456 0.0083966
53062 0.0000052 0.0000051 0 0 0.0111385 0.0107921 0 0
53064 0.0000037 0.0000036 0 0 0.0079423 0.0077270 0 0
53065 0.0000258 0.0000252 0 0 0.0548903 0.0535591 0 0
53066 0.0000222 0.0000217 0 0 0.0472756 0.0462710 0 0
53067 0.0000019 0.0000019 0 0 0.0041255 0.0040455 0 0
53068 0.0000165 0.0000162 0 0 0.0351782 0.0345281 0 0
53069 0.0000092 0.0000090 0 0 0.0112889 0.0110895 0.0112889 0.0110895
53070 0.0000228 0.0000224 0 0 0.0274653 0.0269965 0.0274653 0.0269965
53071 0.0000083 0.0000082 0 0 0.0095533 0.0093956 0.0095533 0.0093956
53073 0.0000051 0.0000050 0 0 0.0055578 0.0054700 0.0055578 0.0054700
53074 0.0000055 0.0000054 0 0 0.0060277 0.0059352 0.0060277 0.0059352
53076 0.0000286 0.0000281 0 0 0.0298071 0.0293658 0.0298071 0.0293658
53079 0.0000271 0.0000264 0 0 0.0599004 0.0583092 0 0
53081 0.0000303 0.0000297 0 0 0.0488278 0.0477806 0.0488278 0.0477806
53082 0.0000080 0.0000078 0 0 0.0109103 0.0106950 0.0109103 0.0106950
53165 0.0000285 0.0000277 0 0 0.0646444 0.0627891 0 0
53166 0.0000181 0.0000176 0 0 0.0324865 0.0316698 0.0324865 0.0316698
53167 0.0000218 0.0000213 0 0 0.0365521 0.0356878 0.0365521 0.0356878
53168 0.0000104 0.0000102 0 0 0.0164222 0.0160524 0.0164222 0.0160524
53169 0.0000303 0.0000297 0 0 0.0478393 0.0468225 0.0478393 0.0468225
53170 0.0000180 0.0000177 0 0 0.0255488 0.0250326 0.0255488 0.0250326
53171 0.0000284 0.0000279 0 0 0.0379271 0.0372074 0.0379271 0.0372074
53172 0.0000201 0.0000197 0 0 0.0255435 0.0250796 0.0255435 0.0250796
53173 0.0000027 0.0000027 0 0 0.0033624 0.0033023 0.0033624 0.0033023
53174 0.0000270 0.0000265 0 0 0.0331032 0.0325247 0.0331032 0.0325247
53194 0.0000289 0.0000283 0 0 0.0464062 0.0453849 0.0464062 0.0453849
53195 0.0000107 0.0000105 0 0 0.0171665 0.0168115 0.0171665 0.0168115
53197 0.0000085 0.0000083 0 0 0.0136394 0.0133792 0.0136394 0.0133792
53198 0.0000032 0.0000032 0 0 0.0051879 0.0050908 0.0051879 0.0050908
53199 0.0000214 0.0000210 0 0 0.0343419 0.0337205 0.0343419 0.0337205
53200 0.0000241 0.0000237 0 0 0.0291548 0.0286617 0.0291548 0.0286617
53201 0.0000030 0.0000030 0 0 0.0033812 0.0033264 0.0033812 0.0033264
53202 0.0000251 0.0000247 0 0 0.0282248 0.0277751 0.0282248 0.0277751
53203 0.0000048 0.0000048 0 0 0.0054386 0.0053538 0.0054386 0.0053538
53204 0.0000079 0.0000078 0 0 0.0085111 0.0083797 0.0085111 0.0083797
53205 0.0000056 0.0000055 0 0 0.0059679 0.0058763 0.0059679 0.0058763
53210 0.0000216 0.0000210 0 0 0.0487539 0.0473341 0 0
53211 0.0000309 0.0000301 0 0 0.0562831 0.0548829 0.0562831 0.0548829
53212 0.0000128 0.0000125 0 0 0.0206223 0.0201502 0.0206223 0.0201502
53213 0.0000202 0.0000197 0 0 0.0308387 0.0301700 0.0308387 0.0301700
53216 0.0000109 0.0000107 0 0 0.0158258 0.0154975 0.0158258 0.0154975
53217 0.0000107 0.0000105 0 0 0.0151234 0.0148172 0.0151234 0.0148172
53218 0.0000125 0.0000122 0 0 0.0176098 0.0172622 0.0176098 0.0172622
53219 0.0000317 0.0000311 0 0 0.0425335 0.0417239 0.0425335 0.0417239
53220 0.0000313 0.0000307 0 0 0.0395164 0.0388099 0.0395164 0.0388099
53221 0.0000058 0.0000057 0 0 0.0069838 0.0068620 0.0069838 0.0068620
53223 0.0000165 0.0000163 0 0 0.0196988 0.0193614 0.0196988 0.0193614
53224 0.0000212 0.0000208 0 0 0.0252235 0.0248027 0.0252235 0.0248027
53225 0.0000069 0.0000068 0 0 0.0077851 0.0076573 0.0077851 0.0076573
53226 0.0000257 0.0000253 0 0 0.0287005 0.0282418 0.0287005 0.0282418
53227 0.0000269 0.0000265 0 0 0.0291494 0.0286987 0.0291494 0.0286987
53236 0.0000051 0.0000049 0 0 0.0112649 0.0109198 0 0
53237 0.0000086 0.0000083 0 0 0.0155623 0.0151666 0.0155623 0.0151666
53239 0.0000120 0.0000117 0 0 0.0218082 0.0212937 0.0218082 0.0212937
53240 0.0000270 0.0000264 0 0 0.0490423 0.0479718 0.0490423 0.0479718
53241 0.0000085 0.0000084 0 0 0.0122363 0.0119856 0.0122363 0.0119856
53242 0.0000308 0.0000303 0 0 0.0421880 0.0413887 0.0421880 0.0413887
53243 0.0000038 0.0000037 0 0 0.0047022 0.0046178 0.0047022 0.0046178
53244 0.0000223 0.0000219 0 0 0.0278906 0.0273987 0.0278906 0.0273987
53246 0.0000167 0.0000164 0 0 0.0199326 0.0195922 0.0199326 0.0195922
53247 0.0000251 0.0000246 0 0 0.0287915 0.0283205 0.0287915 0.0283205
53248 0.0000038 0.0000037 0 0 0.0041593 0.0040932 0.0041593 0.0040932
53249 0.0000099 0.0000098 0 0 0.0109498 0.0107770 0.0109498 0.0107770
53282 0.0000043 0.0000042 0 0 0.0087729 0.0085255 0.0029243 0.0028418
53287 0.0000031 0.0000030 0 0 0.0053368 0.0052050 0.0053368 0.0052050
53289 0.0000141 0.0000137 0 0 0.0241771 0.0236251 0.0241771 0.0236251
53290 0.0000263 0.0000257 0 0 0.0397854 0.0389579 0.0397854 0.0389579
53291 0.0000120 0.0000118 0 0 0.0160864 0.0157792 0.0160864 0.0157792
53292 0.0000025 0.0000025 0 0 0.0033641 0.0033011 0.0033641 0.0033011
53293 0.0000313 0.0000307 0 0 0.0400726 0.0393556 0.0400726 0.0393556
53296 0.0000030 0.0000030 0 0 0.0035777 0.0035169 0.0035777 0.0035169
53297 0.0000261 0.0000257 0 0 0.0308115 0.0303030 0.0308115 0.0303030
53299 0.0000313 0.0000309 0 0 0.0341023 0.0335783 0.0341023 0.0335783
53300 0.0000158 0.0000156 0 0 0.0162989 0.0160584 0.0162989 0.0160584
53301 0.0000069 0.0000068 0 0 0.0069778 0.0068768 0.0069778 0.0068768
53304 0.0000261 0.0000254 0 0 0.0599272 0.0583081 0 0
53305 0.0000298 0.0000292 0 0 0.0471244 0.0461402 0.0471244 0.0461402
53306 0.0000210 0.0000207 0 0 0.0278847 0.0273712 0.0278847 0.0273712
53307 0.0000312 0.0000307 0 0 0.0371994 0.0365836 0.0371994 0.0365836
53308 0.0000142 0.0000140 0 0 0.0155610 0.0153186 0.0155610 0.0153186
53309 0.0000121 0.0000120 0 0 0.0128569 0.0126624 0.0128569 0.0126624
53310 0.0000140 0.0000138 0 0 0.0138845 0.0136866 0.0138845 0.0136866
53311 0.0000055 0.0000054 0 0 0.0052307 0.0051585 0.0052307 0.0051585
53312 0.0000219 0.0000216 0 0 0.0207109 0.0204314 0.0207109 0.0204314
53313 0.0000256 0.0000253 0 0 0.0234416 0.0231353 0.0234416 0.0231353
53314 0.0000294 0.0000290 0 0 0.0261201 0.0257885 0.0261201 0.0257885
53315 0.0000066 0.0000065 0 0 0.0057090 0.0056379 0.0057090 0.0056379
53329 0.0000029 0.0000028 0 0 0.0033393 0.0032342 0 0
53330 0.0000026 0.0000026 0 0 0.0030901 0.0030003 0 0
53331 0.0000050 0.0000049 0 0 0.0058738 0.0057119 0 0
53332 0.0000233 0.0000227 0 0 0.0271629 0.0265153 0 0
53333 0.0000298 0.0000292 0 0 0.0446596 0.0437372 0.0446596 0.0437372
53334 0.0000031 0.0000031 0 0 0.0042294 0.0041465 0.0042294 0.0041465
53335 0.0000040 0.0000039 0 0 0.0054121 0.0053073 0.0054121 0.0053073
53336 0.0000318 0.0000312 0 0 0.0414445 0.0406846 0.0414445 0.0406846
53337 0.0000133 0.0000131 0 0 0.0163175 0.0160313 0.0163175 0.0160313
53338 0.0000059 0.0000058 0 0 0.0072051 0.0070810 0.0072051 0.0070810
53339 0.0000289 0.0000285 0 0 0.0354040 0.0348135 0.0354040 0.0348135
53340 0.0000055 0.0000054 0 0 0.0061387 0.0060393 0.0061387 0.0060393
53341 0.0000317 0.0000312 0 0 0.0347804 0.0342408 0.0347804 0.0342408
53342 0.0000112 0.0000111 0 0 0.0117712 0.0115943 0.0117712 0.0115943
53343 0.0000105 0.0000103 0 0 0.0107625 0.0106039 0.0107625 0.0106039
53346 0.0000257 0.0000250 0 0 0.0294761 0.0286927 0 0
53347 0.0000305 0.0000299 0 0 0.0489800 0.0479127 0.0489800 0.0479127
53348 0.0000092 0.0000090 0 0 0.0130471 0.0127830 0.0130471 0.0127830
53349 0.0000091 0.0000089 0 0 0.0123368 0.0120976 0.0123368 0.0120976
53350 0.0000190 0.0000186 0 0 0.0238088 0.0233832 0.0238088 0.0233832
53364 0.0000059 0.0000058 0 0 0.0128966 0.0125118 0 0
53365 0.0000296 0.0000288 0 0 0.0568764 0.0554579 0.0568764 0.0554579
53366 0.0000186 0.0000182 0 0 0.0290777 0.0284426 0.0290777 0.0284426
53367 0.0000251 0.0000246 0 0 0.0364368 0.0357000 0.0364368 0.0357000
53368 0.0000315 0.0000309 0 0 0.0415197 0.0407551 0.0415197 0.0407551
53369 0.0000038 0.0000037 0 0 0.0046107 0.0045294 0.0046107 0.0045294
53370 0.0000234 0.0000230 0 0 0.0282999 0.0278154 0.0282999 0.0278154
53373 0.0000038 0.0000037 0 0 0.0042179 0.0041499 0.0042179 0.0041499
53374 0.0000026 0.0000025 0 0 0.0028009 0.0027568 0.0028009 0.0027568
53375 0.0000062 0.0000061 0 0 0.0066614 0.0065574 0.0066614 0.0065574
53376 0.0000181 0.0000178 0 0 0.0193076 0.0190130 0.0193076 0.0190130
53377 0.0000022 0.0000022 0 0 0.0023041 0.0022696 0.0023041 0.0022696
53378 0.0000066 0.0000065 0 0 0.0067953 0.0066943 0.0067953 0.0066943
53379 0.0000108 0.0000106 0 0 0.0109921 0.0108312 0.0109921 0.0108312
53383 0.0000222 0.0000216 0 0 0.0485280 0.0471741 0 0
53385 0.0000303 0.0000296 0 0 0.0517663 0.0505720 0.0517663 0.0505720
53386 0.0000234 0.0000229 0 0 0.0347976 0.0340753 0.0347976 0.0340753
53387 0.0000310 0.0000304 0 0 0.0418913 0.0410998 0.0418913 0.0410998
53388 0.0000305 0.0000300 0 0 0.0382955 0.0376201 0.0382955 0.0376201
53389 0.0000155 0.0000153 0 0 0.0182696 0.0179624 0.0182696 0.0179624
53390 0.0000055 0.0000054 0 0 0.0062792 0.0061758 0.0062792 0.0061758
53391 0.0000278 0.0000274 0 0 0.0311628 0.0306683 0.0311628 0.0306683
53392 0.0000121 0.0000119 0 0 0.0129296 0.0127321 0.0129296 0.0127321
53393 0.0000295 0.0000291 0 0 0.0308457 0.0303886 0.0308457 0.0303886
53394 0.0000074 0.0000073 0 0 0.0074689 0.0073612 0.0074689 0.0073612
53397 0.0000306 0.0000302 0 0 0.0299181 0.0295048 0.0299181 0.0295048
53398 0.0000161 0.0000159 0 0 0.0150610 0.0148593 0.0150610 0.0148593
53403 0.0000282 0.0000275 0 0 0.0577556 0.0562561 0.0577556 0.0562561
53404 0.0000306 0.0000299 0 0 0.0494788 0.0483848 0.0494788 0.0483848
53405 0.0000327 0.0000321 0 0 0.0471193 0.0461783 0.0471193 0.0461783
53406 0.0000043 0.0000042 0 0 0.0055660 0.0054622 0.0055660 0.0054622
53407 0.0000310 0.0000305 0 0 0.0396373 0.0389261 0.0396373 0.0389261
53408 0.0000267 0.0000263 0 0 0.0320812 0.0315364 0.0320812 0.0315364
53409 0.0000075 0.0000074 0 0 0.0085914 0.0084500 0.0085914 0.0084500
53410 0.0000274 0.0000270 0 0 0.0305393 0.0300567 0.0305393 0.0300567
53411 0.0000102 0.0000100 0 0 0.0108417 0.0106758 0.0108417 0.0106758
53423 0.0000275 0.0000268 0 0 0.0560418 0.0546378 0.0280209 0.0273189
53424 0.0000052 0.0000051 0 0 0.0080452 0.0078650 0.0080452 0.0078650
53425 0.0000027 0.0000027 0 0 0.0041366 0.0040460 0.0041366 0.0040460
53426 0.0000309 0.0000303 0 0 0.0459483 0.0450091 0.0459483 0.0450091
53427 0.0000035 0.0000034 0 0 0.0046312 0.0045430 0.0046312 0.0045430
53428 0.0000306 0.0000301 0 0 0.0394467 0.0387355 0.0394467 0.0387355
53429 0.0000151 0.0000149 0 0 0.0180158 0.0177090 0.0180158 0.0177090
53435 0.0000185 0.0000182 0 0 0.0207416 0.0204096 0.0207416 0.0204096
53436 0.0000036 0.0000035 0 0 0.0038664 0.0038064 0.0038664 0.0038064
53450 0.0000383 0.0000375 0 0 0.0602630 0.0589608 0.0602630 0.0589608
53451 0.0000116 0.0000114 0 0 0.0160720 0.0157545 0.0160720 0.0157545
53452 0.0000264 0.0000259 0 0 0.0354114 0.0347427 0.0354114 0.0347427
53453 0.0000210 0.0000206 0 0 0.0268224 0.0263355 0.0268224 0.0263355
53454 0.0000091 0.0000089 0 0 0.0110603 0.0108659 0.0110603 0.0108659
53455 0.0000098 0.0000096 0 0 0.0117716 0.0115682 0.0117716 0.0115682
53456 0.0000309 0.0000304 0 0 0.0361784 0.0355801 0.0361784 0.0355801
53457 0.0000259 0.0000255 0 0 0.0289550 0.0284947 0.0289550 0.0284947
53464 0.0000296 0.0000288 0 0 0.0564249 0.0550143 0.0564249 0.0550143
53465 0.0000110 0.0000108 0 0 0.0173480 0.0169613 0.0173480 0.0169613
53466 0.0000295 0.0000289 0 0 0.0441974 0.0432802 0.0441974 0.0432802
53467 0.0000027 0.0000027 0 0 0.0037351 0.0036615 0.0037351 0.0036615
53468 0.0000308 0.0000302 0 0 0.0415775 0.0408054 0.0415775 0.0408054
53469 0.0000073 0.0000071 0 0 0.0089723 0.0088128 0.0089723 0.0088128
53470 0.0000267 0.0000263 0 0 0.0316803 0.0311493 0.0316803 0.0311493
53471 0.0000054 0.0000053 0 0 0.0060700 0.0059711 0.0060700 0.0059711
53472 0.0000312 0.0000307 0 0 0.0344292 0.0338916 0.0344292 0.0338916
53473 0.0000123 0.0000121 0 0 0.0128791 0.0126854 0.0128791 0.0126854
53474 0.0000062 0.0000061 0 0 0.0063886 0.0062939 0.0063886 0.0062939
53475 0.0000030 0.0000029 0 0 0.0030642 0.0030191 0.0030642 0.0030191
53482 0.0000213 0.0000208 0 0 0.0392650 0.0382969 0.0392650 0.0382969
53483 0.0000197 0.0000193 0 0 0.0309244 0.0302497 0.0309244 0.0302497
53488 0.0000062 0.0000061 0 0 0.0085779 0.0084081 0.0085779 0.0084081
53489 0.0000069 0.0000067 0 0 0.0095350 0.0093500 0.0095350 0.0093500
53490 0.0000309 0.0000304 0 0 0.0402686 0.0395358 0.0402686 0.0395358
53491 0.0000274 0.0000270 0 0 0.0332565 0.0326877 0.0332565 0.0326877
53492 0.0000097 0.0000096 0 0 0.0111871 0.0110027 0.0111871 0.0110027
53493 0.0000215 0.0000212 0 0 0.0233232 0.0229633 0.0233232 0.0229633
53494 0.0000077 0.0000076 0 0 0.0080515 0.0079301 0.0080515 0.0079301
53505 0.0000081 0.0000079 0 0 0.0172563 0.0167555 0.0172563 0.0167555
53510 0.0000304 0.0000297 0 0 0.0536857 0.0524279 0.0536857 0.0524279
53511 0.0000155 0.0000152 0 0 0.0228653 0.0223911 0.0228653 0.0223911
53512 0.0000204 0.0000200 0 0 0.0284355 0.0278797 0.0284355 0.0278797
53513 0.0000115 0.0000113 0 0 0.0150423 0.0147673 0.0150423 0.0147673
53514 0.0000151 0.0000148 0 0 0.0186749 0.0183457 0.0186749 0.0183457
53515 0.0000313 0.0000307 0 0 0.0371965 0.0365752 0.0371965 0.0365752
53516 0.0000143 0.0000141 0 0 0.0160364 0.0157804 0.0160364 0.0157804
53517 0.0000042 0.0000041 0 0 0.0044628 0.0043938 0.0044628 0.0043938
53518 0.0000098 0.0000097 0 0 0.0104194 0.0102606 0.0104194 0.0102606
53519 0.0000150 0.0000148 0 0 0.0151980 0.0149779 0.0151980 0.0149779
53520 0.0000026 0.0000026 0 0 0.0025952 0.0025582 0.0025952 0.0025582
53530 0.0000272 0.0000266 0 0 0.0480761 0.0470408 0.0480761 0.0470408
53531 0.0000191 0.0000188 0 0 0.0250459 0.0245920 0.0250459 0.0245920
53532 0.0000109 0.0000107 0 0 0.0130659 0.0128438 0.0130659 0.0128438
53533 0.0000106 0.0000104 0 0 0.0121636 0.0119645 0.0121636 0.0119645
53534 0.0000066 0.0000065 0 0 0.0070906 0.0069823 0.0070906 0.0069823
53536 0.0000313 0.0000308 0 0 0.0301769 0.0297695 0.0301769 0.0297695
53537 0.0000162 0.0000160 0 0 0.0145559 0.0143696 0.0145559 0.0143696
53538 0.0000136 0.0000134 0 0 0.0123527 0.0121905 0.0123527 0.0121905
53539 0.0000165 0.0000163 0 0 0.0147689 0.0145793 0.0147689 0.0145793
53540 0.0000240 0.0000237 0 0 0.0210563 0.0207938 0.0210563 0.0207938
53547 0.0000054 0.0000053 0 0 0.0096568 0.0094159 0.0096568 0.0094159
53550 0.0000306 0.0000300 0 0 0.0451988 0.0442826 0.0451988 0.0442826
53551 0.0000187 0.0000183 0 0 0.0248291 0.0243605 0.0248291 0.0243605
53552 0.0000105 0.0000103 0 0 0.0140681 0.0137974 0.0140681 0.0137974
53553 0.0000106 0.0000104 0 0 0.0139115 0.0136482 0.0139115 0.0136482
53554 0.0000177 0.0000174 0 0 0.0228804 0.0224588 0.0228804 0.0224588
53555 0.0000057 0.0000056 0 0 0.0070607 0.0069335 0.0070607 0.0069335
53556 0.0000273 0.0000269 0 0 0.0337389 0.0331485 0.0337389 0.0331485
53557 0.0000061 0.0000060 0 0 0.0071891 0.0070670 0.0071891 0.0070670
53558 0.0000307 0.0000302 0 0 0.0353585 0.0347811 0.0353585 0.0347811
53559 0.0000089 0.0000087 0 0 0.0102360 0.0100733 0.0102360 0.0100733
53571 0.0000198 0.0000193 0 0 0.0390920 0.0380886 0.0130307 0.0126962
53578 0.0000270 0.0000263 0 0 0.0582389 0.0566933 0 0
53579 0.0000301 0.0000294 0 0 0.0485376 0.0474757 0.0485376 0.0474757
53580 0.0000208 0.0000204 0 0 0.0293134 0.0287362 0.0293134 0.0287362
53581 0.0000291 0.0000285 0 0 0.0375956 0.0369171 0.0375956 0.0369171
53582 0.0000309 0.0000304 0 0 0.0372567 0.0366269 0.0372567 0.0366269
53583 0.0000046 0.0000045 0 0 0.0052036 0.0051190 0.0052036 0.0051190
53585 0.0000034 0.0000034 0 0 0.0036028 0.0035481 0.0036028 0.0035481
53586 0.0000309 0.0000304 0 0 0.0323633 0.0318834 0.0323633 0.0318834
53587 0.0000061 0.0000060 0 0 0.0061285 0.0060398 0.0061285 0.0060398
53590 0.0000039 0.0000038 0 0 0.0077745 0.0075632 0.0038873 0.0037816
53592 0.0000206 0.0000202 0 0 0.0407580 0.0398719 0.0203790 0.0199360
53593 0.0000095 0.0000093 0 0 0.0133277 0.0130629 0.0133277 0.0130629
53594 0.0000118 0.0000115 0 0 0.0164275 0.0161281 0.0164275 0.0161281
53595 0.0000311 0.0000305 0 0 0.0377881 0.0371442 0.0377881 0.0371442
53596 0.0000306 0.0000301 0 0 0.0348336 0.0342759 0.0348336 0.0342759
53600 0.0000124 0.0000122 0 0 0.0132987 0.0130973 0.0132987 0.0130973
53601 0.0000305 0.0000300 0 0 0.0311580 0.0307058 0.0311580 0.0307058
53603 0.0000174 0.0000171 0 0 0.0169707 0.0167334 0.0169707 0.0167334
53616 0.0000033 0.0000032 0 0 0.0049181 0.0048259 0.0049181 0.0048259
53617 0.0000039 0.0000038 0 0 0.0048884 0.0047992 0.0048884 0.0047992
53618 0.0000093 0.0000091 0 0 0.0116900 0.0114818 0.0116900 0.0114818
53619 0.0000174 0.0000171 0 0 0.0208109 0.0204563 0.0208109 0.0204563
53620 0.0000300 0.0000295 0 0 0.0358865 0.0353081 0.0358865 0.0353081
53622 0.0000038 0.0000038 0 0 0.0041349 0.0040707 0.0041349 0.0040707
53623 0.0000121 0.0000119 0 0 0.0131041 0.0129040 0.0131041 0.0129040
53624 0.0000263 0.0000259 0 0 0.0270887 0.0266925 0.0270887 0.0266925
53625 0.0000095 0.0000094 0 0 0.0093473 0.0092155 0.0093473 0.0092155
53630 0.0000167 0.0000162 0 0 0.0371628 0.0360557 0 0
53631 0.0000109 0.0000106 0 0 0.0201405 0.0196128 0.0201405 0.0196128
53632 0.0000130 0.0000127 0 0 0.0224271 0.0218775 0.0224271 0.0218775
53634 0.0000067 0.0000065 0 0 0.0110374 0.0107774 0.0110374 0.0107774
53636 0.0000073 0.0000071 0 0 0.0115605 0.0112976 0.0115605 0.0112976
53637 0.0000102 0.0000099 0 0 0.0155409 0.0152006 0.0155409 0.0152006
53638 0.0000109 0.0000106 0 0 0.0161482 0.0158034 0.0161482 0.0158034
53639 0.0000197 0.0000193 0 0 0.0276591 0.0271029 0.0276591 0.0271029
53640 0.0000215 0.0000211 0 0 0.0291645 0.0286000 0.0291645 0.0286000
53646 0.0000075 0.0000073 0 0 0.0166937 0.0161787 0 0
53647 0.0000113 0.0000110 0 0 0.0230126 0.0223582 0.0076708 0.0074527
53648 0.0000304 0.0000296 0 0 0.0569889 0.0555283 0.0569889 0.0555283
53649 0.0000087 0.0000085 0 0 0.0145671 0.0142165 0.0145671 0.0142165
53650 0.0000095 0.0000092 0 0 0.0154349 0.0150723 0.0154349 0.0150723
53651 0.0000039 0.0000038 0 0 0.0063416 0.0061952 0.0063416 0.0061952
53652 0.0000285 0.0000279 0 0 0.0445219 0.0435388 0.0445219 0.0435388
53667 0.0000120 0.0000118 0 0 0.0170669 0.0167204 0.0170669 0.0167204
53668 0.0000268 0.0000263 0 0 0.0380892 0.0373441 0.0380892 0.0373441
53669 0.0000070 0.0000068 0 0 0.0091625 0.0089891 0.0091625 0.0089891
53670 0.0000036 0.0000036 0 0 0.0046077 0.0045233 0.0046077 0.0045233
53671 0.0000121 0.0000119 0 0 0.0147190 0.0144615 0.0147190 0.0144615
53672 0.0000099 0.0000098 0 0 0.0118338 0.0116309 0.0118338 0.0116309
53673 0.0000027 0.0000027 0 0 0.0031812 0.0031277 0.0031812 0.0031277
53680 0.0000284 0.0000276 0 0 0.0619852 0.0602613 0 0
53681 0.0000307 0.0000299 0 0 0.0531269 0.0518661 0.0531269 0.0518661
53685 0.0000083 0.0000082 0 0 0.0124470 0.0121808 0.0124470 0.0121808
53686 0.0000212 0.0000208 0 0 0.0304766 0.0298568 0.0304766 0.0298568
53705 0.0000252 0.0000245 0 0 0.0633306 0.0614801 0 0
53706 0.0000023 0.0000022 0 0 0.0056831 0.0055401 0 0
53707 0.0000298 0.0000291 0 0 0.0509734 0.0498042 0.0509734 0.0498042
53708 0.0000046 0.0000045 0 0 0.0067580 0.0066156 0.0067580 0.0066156
53709 0.0000118 0.0000116 0 0 0.0173145 0.0169615 0.0173145 0.0169615
53710 0.0000309 0.0000303 0 0 0.0415283 0.0407517 0.0415283 0.0407517
53711 0.0000035 0.0000034 0 0 0.0043000 0.0042236 0.0043000 0.0042236
53712 0.0000305 0.0000300 0 0 0.0376427 0.0369991 0.0376427 0.0369991
53713 0.0000127 0.0000125 0 0 0.0145290 0.0142905 0.0145290 0.0142905
53714 0.0000130 0.0000128 0 0 0.0143704 0.0141410 0.0143704 0.0141410
53716 0.0000057 0.0000056 0 0 0.0061954 0.0060987 0.0061954 0.0060987
53717 0.0000263 0.0000259 0 0 0.0285597 0.0281246 0.0285597 0.0281246
53719 0.0000112 0.0000111 0 0 0.0122196 0.0120390 0.0122196 0.0120390
53720 0.0000033 0.0000032 0 0 0.0032949 0.0032468 0.0032949 0.0032468
53722 0.0000165 0.0000162 0 0 0.0164583 0.0162225 0.0164583 0.0162225
53723 0.0000060 0.0000059 0 0 0.0058648 0.0057821 0.0058648 0.0057821
53724 0.0000232 0.0000228 0 0 0.0226703 0.0223590 0.0226703 0.0223590
53735 0.0000277 0.0000270 0 0 0.0618470 0.0601010 0 0
53736 0.0000307 0.0000299 0 0 0.0547935 0.0534418 0.0547935 0.0534418
53737 0.0000109 0.0000107 0 0 0.0177162 0.0173055 0.0177162 0.0173055
53738 0.0000309 0.0000302 0 0 0.0475310 0.0465064 0.0475310 0.0465064
53739 0.0000309 0.0000303 0 0 0.0443221 0.0434255 0.0443221 0.0434255
53740 0.0000167 0.0000164 0 0 0.0226869 0.0222468 0.0226869 0.0222468
53741 0.0000029 0.0000028 0 0 0.0037386 0.0036682 0.0037386 0.0036682
53742 0.0000029 0.0000028 0 0 0.0037614 0.0036909 0.0037614 0.0036909
53743 0.0000220 0.0000216 0 0 0.0282748 0.0277553 0.0282748 0.0277553
53744 0.0000271 0.0000266 0 0 0.0338042 0.0332035 0.0338042 0.0332035
53752 0.0000270 0.0000262 0 0 0.0649447 0.0630284 0 0
53753 0.0000142 0.0000138 0 0 0.0261011 0.0254230 0.0261011 0.0254230
53754 0.0000201 0.0000196 0 0 0.0370408 0.0361368 0.0370408 0.0361368
53755 0.0000182 0.0000177 0 0 0.0294670 0.0287882 0.0294670 0.0287882
53756 0.0000153 0.0000150 0 0 0.0234566 0.0229443 0.0234566 0.0229443
53757 0.0000093 0.0000091 0 0 0.0136943 0.0134036 0.0136943 0.0134036
53758 0.0000305 0.0000299 0 0 0.0449807 0.0440621 0.0449807 0.0440621
53759 0.0000279 0.0000274 0 0 0.0382794 0.0375349 0.0382794 0.0375349
53761 0.0000230 0.0000226 0 0 0.0287380 0.0282247 0.0287380 0.0282247
53768 0.0000107 0.0000104 0 0 0.0245075 0.0237442 0 0
53769 0.0000287 0.0000279 0 0 0.0587037 0.0570788 0.0587037 0.0570788
53770 0.0000168 0.0000164 0 0 0.0301110 0.0293486 0.0301110 0.0293486
53771 0.0000309 0.0000301 0 0 0.0523169 0.0510793 0.0523169 0.0510793
53772 0.0000310 0.0000303 0 0 0.0479134 0.0468704 0.0479134 0.0468704
53773 0.0000178 0.0000174 0 0 0.0258241 0.0252881 0.0258241 0.0252881
53774 0.0000308 0.0000302 0 0 0.0430705 0.0422186 0.0430705 0.0422186
53775 0.0000130 0.0000127 0 0 0.0171002 0.0167767 0.0171002 0.0167767
53776 0.0000050 0.0000049 0 0 0.0063805 0.0062624 0.0063805 0.0062624
53780 0.0000233 0.0000225 0 0 0.0575258 0.0556882 0 0
53781 0.0000304 0.0000296 0 0 0.0610778 0.0594020 0.0305388 0.0297009
53782 0.0000261 0.0000255 0 0 0.0464456 0.0452885 0.0464456 0.0452885
53783 0.0000134 0.0000130 0 0 0.0218186 0.0213087 0.0218186 0.0213087
53784 0.0000300 0.0000293 0 0 0.0490420 0.0479480 0.0490420 0.0479480
53785 0.0000024 0.0000024 0 0 0.0036438 0.0035652 0.0036438 0.0035652
53786 0.0000307 0.0000301 0 0 0.0458304 0.0448686 0.0458304 0.0448686
53787 0.0000054 0.0000053 0 0 0.0076838 0.0075269 0.0076838 0.0075269
53788 0.0000096 0.0000094 0 0 0.0135498 0.0132808 0.0135498 0.0132808
53789 0.0000033 0.0000032 0 0 0.0046693 0.0045776 0.0046693 0.0045776
53790 0.0000048 0.0000047 0 0 0.0067282 0.0065969 0.0067282 0.0065969
53791 0.0000332 0.0000326 0 0 0.0444347 0.0435902 0.0444347 0.0435902
53793 0.0000069 0.0000068 0 0 0.0092553 0.0090843 0.0092553 0.0090843
53794 0.0000240 0.0000235 0 0 0.0320791 0.0314981 0.0320791 0.0314981
53795 0.0000133 0.0000130 0 0 0.0163082 0.0160199 0.0163082 0.0160199
53827 0.0000286 0.0000276 0 0 0.0721452 0.0697928 0 0
53828 0.0000305 0.0000296 0 0 0.0626354 0.0608645 0.0626354 0.0608645
53829 0.0000308 0.0000300 0 0 0.0569737 0.0555033 0.0569737 0.0555033
53830 0.0000271 0.0000265 0 0 0.0457389 0.0446477 0.0457389 0.0446477
53831 0.0000122 0.0000120 0 0 0.0195802 0.0191298 0.0195802 0.0191298
53832 0.0000303 0.0000296 0 0 0.0484561 0.0473799 0.0484561 0.0473799
53833 0.0000033 0.0000032 0 0 0.0049401 0.0048333 0.0049401 0.0048333
53834 0.0000301 0.0000295 0 0 0.0450044 0.0440682 0.0450044 0.0440682
53835 0.0000037 0.0000036 0 0 0.0055365 0.0054241 0.0055365 0.0054241
53836 0.0000138 0.0000135 0 0 0.0206324 0.0202190 0.0206324 0.0202190
53852 0.0000140 0.0000136 0 0 0.0331982 0.0321708 0 0
53853 0.0000085 0.0000083 0 0 0.0172574 0.0167661 0.0172574 0.0167661
53854 0.0000301 0.0000293 0 0 0.0576588 0.0561316 0.0576588 0.0561316
53855 0.0000217 0.0000211 0 0 0.0376086 0.0366850 0.0376086 0.0366850
53856 0.0000084 0.0000082 0 0 0.0136099 0.0132917 0.0136099 0.0132917
53857 0.0000068 0.0000067 0 0 0.0111098 0.0108558 0.0111098 0.0108558
53860 0.0000298 0.0000292 0 0 0.0459558 0.0449723 0.0459558 0.0449723
53861 0.0000178 0.0000175 0 0 0.0256125 0.0250853 0.0256125 0.0250853
53862 0.0000303 0.0000297 0 0 0.0419734 0.0411461 0.0419734 0.0411461
53864 0.0000179 0.0000176 0 0 0.0238981 0.0234430 0.0238981 0.0234430
RN   Bit10Corr  Bit10UC   Bit18Corr  Bit18UC   Bit22Corr  Bit22UC (units pb^-1)UC   Bit30Corr  Bit30UC (units pb^-1)

Totals: 0.03698 0.03524 19.71795 18.40112 37.51749 35.81179 33.42746 31.83624 pb^-1
(int) 0

Processing get_luminosity_182630.C("fullgoodrunlist_v3.list",1,1)...
RN   Bit10Corr  Bit10UC   Bit18Corr  Bit18UC   Bit22Corr  Bit22UC (units pb^-1)UC   Bit30Corr  Bit30
47289 0.0000583 0.0000542 0.0243514 0.0226641 0.0243514 0.0226641 0.0243514 0.0226641
47291 0.0000398 0.0000371 0.0166518 0.0155239 0.0166518 0.0155239 0.0166518 0.0155239
47293 0.0000436 0.0000407 0.0182448 0.0170324 0.0182448 0.0170324 0.0182448 0.0170324
47306 0.0000531 0.0000498 0.0192921 0.0180889 0.0192921 0.0180889 0.0192921 0.0180889
47310 0.0001494 0.0001405 0.0522902 0.0491854 0.0522902 0.0491854 0.0522902 0.0491854
47313 0.0002818 0.0002666 0.0893339 0.0844996 0.0893339 0.0844996 0.0893339 0.0844996
47314 0.0002012 0.0001909 0.0595451 0.0565085 0.0595451 0.0565085 0.0595451 0.0565085
47315 0.0000721 0.0000685 0.0144921 0.0137731 0.0144921 0.0137731 0.0144921 0.0137731
47316 0.0001744 0.0001659 0.0263371 0.0250560 0.0263371 0.0250560 0.0263371 0.0250560
47333 0.0000526 0.0000497 0.0171895 0.0162475 0.0171895 0.0162475 0.0171895 0.0162475
47334 0.0001077 0.0001020 0.0352122 0.0333475 0.0352122 0.0333475 0.0352122 0.0333475
47352 0.0004543 0.0004327 0.0595119 0.0566784 0.0595119 0.0566784 0.0595119 0.0566784
47357 0.0001079 0.0001030 0.0141409 0.0134907 0.0141409 0.0134907 0.0141409 0.0134907
47360 0.0004473 0.0004275 0.0514430 0.0491640 0.0514430 0.0491640 0.0514430 0.0491640
47363 0.0006646 0.0006369 0.0691196 0.0662386 0.0691196 0.0662386 0.0691196 0.0662386
47376 0.0002806 0.0002646 0.0530320 0.0500148 0.0530320 0.0500148 0.0530320 0.0500148
47377 0.0001125 0.0001064 0.0184499 0.0174476 0.0184499 0.0174476 0.0184499 0.0174476
47378 0.0005595 0.0005312 0.0861665 0.0817980 0.0861665 0.0817980 0.0861665 0.0817980
47379 0.0001536 0.0001462 0.0202817 0.0192960 0.0202817 0.0192960 0.0202817 0.0192960
47380 0.0000596 0.0000567 0.0076239 0.0072585 0.0076239 0.0072585 0.0076239 0.0072585
47381 0.0001753 0.0001670 0.0220848 0.0210406 0.0220848 0.0210406 0.0220848 0.0210406
47382 0.0001098 0.0001048 0.0130635 0.0124695 0.0130635 0.0124695 0.0130635 0.0124695
47391 0.0002905 0.0002732 0.0453184 0.0426223 0.0453184 0.0426223 0.0453184 0.0426223
47393 0.0000646 0.0000609 0.0118799 0.0112062 0.0118799 0.0112062 0.0118799 0.0112062
47394 0.0000604 0.0000570 0.0111134 0.0104943 0.0111134 0.0104943 0.0111134 0.0104943
47395 0.0002313 0.0002188 0.0390943 0.0369844 0.0390943 0.0369844 0.0390943 0.0369844
47396 0.0003056 0.0002899 0.0516417 0.0489910 0.0516417 0.0489910 0.0516417 0.0489910
47440 0.0006302 0.0005930 0.1020863 0.0960651 0.1020863 0.0960651 0.1020863 0.0960651
47443 0.0002178 0.0002058 0.0352851 0.0333422 0.0352851 0.0333422 0.0352851 0.0333422
47454 0.0003526 0.0003325 0.0779185 0.0734730 0.0779185 0.0734730 0.0779185 0.0734730
47455 0.0000469 0.0000444 0.0073135 0.0069213 0.0073135 0.0069213 0.0073135 0.0069213
47457 0.0002713 0.0002573 0.0423195 0.0401400 0.0423195 0.0401400 0.0423195 0.0401400
47458 0.0005401 0.0005138 0.0842487 0.0801522 0.0842487 0.0801522 0.0842487 0.0801522
47459 0.0000510 0.0000486 0.0079560 0.0075842 0.0079560 0.0075842 0.0079560 0.0075842
47461 0.0006437 0.0006150 0.0740272 0.0707218 0.0740272 0.0707218 0.0740272 0.0707218
47462 0.0001240 0.0001186 0.0131432 0.0125761 0.0131432 0.0125761 0.0131432 0.0125761
47463 0.0005935 0.0005687 0.0611356 0.0585808 0.0611356 0.0585808 0.0611356 0.0585808
47464 0.0002456 0.0002356 0.0252921 0.0242713 0.0252921 0.0242713 0.0252921 0.0242713
47474 0.0002081 0.0001943 0.0414139 0.0386620 0.0414139 0.0386620 0.0414139 0.0386620
47478 0.0005297 0.0005015 0.0979939 0.0927865 0.0979939 0.0927865 0.0979939 0.0927865
47480 0.0002516 0.0002398 0.0327017 0.0311682 0.0327017 0.0311682 0.0327017 0.0311682
47481 0.0000679 0.0000649 0.0076039 0.0072641 0.0076039 0.0072641 0.0076039 0.0072641
47482 0.0001144 0.0001094 0.0123586 0.0118197 0.0123586 0.0118197 0.0123586 0.0118197
47484 0.0001059 0.0001015 0.0108063 0.0103511 0.0108063 0.0103511 0.0108063 0.0103511
47485 0.0001190 0.0001143 0.0108319 0.0104039 0.0108319 0.0104039 0.0108319 0.0104039
47489 0.0007413 0.0007144 0.0630072 0.0607264 0.0630072 0.0607264 0.0630072 0.0607264
47491 0.0007836 0.0007575 0.0572039 0.0553004 0.0572039 0.0553004 0.0572039 0.0553004
47492 0.0002286 0.0002213 0.0153159 0.0148257 0.0153159 0.0148257 0.0153159 0.0148257
47494 0.0000841 0.0000814 0.0054654 0.0052935 0.0054654 0.0052935 0.0054654 0.0052935
47495 0.0005792 0.0005616 0.0376479 0.0365012 0.0376479 0.0365012 0.0376479 0.0365012
47497 0.0000705 0.0000684 0.0045819 0.0044466 0.0045819 0.0044466 0.0045819 0.0044466
47501 0.0005606 0.0005220 0.1283863 0.1195425 0.1283863 0.1195425 0.1283863 0.1195425
47502 0.0004861 0.0004564 0.1113215 0.1045197 0.1113215 0.1045197 0.1113215 0.1045197
47503 0.0004069 0.0003838 0.0744571 0.0702331 0.0744571 0.0702331 0.0744571 0.0702331
47505 0.0000979 0.0000927 0.0149777 0.0141857 0.0149777 0.0141857 0.0149777 0.0141857
47506 0.0005583 0.0005299 0.0854208 0.0810803 0.0854208 0.0810803 0.0854208 0.0810803
47507 0.0002478 0.0002357 0.0379120 0.0360685 0.0379120 0.0360685 0.0379120 0.0360685
47509 0.0003503 0.0003339 0.0437921 0.0417370 0.0437921 0.0417370 0.0437921 0.0417370
47513 0.0001207 0.0001096 0.0462154 0.0419699 0.0462154 0.0419699 0.0462154 0.0419699
47514 0.0001841 0.0001707 0.0493321 0.0457580 0.0493321 0.0457580 0.0493321 0.0457580
47516 0.0004329 0.0004054 0.1160137 0.1086435 0.1160137 0.1086435 0.1160137 0.1086435
47517 0.0005195 0.0004899 0.0836442 0.0788744 0.0836442 0.0788744 0.0836442 0.0788744
47519 0.0002935 0.0002777 0.0396166 0.0374957 0.0396166 0.0374957 0.0396166 0.0374957
47521 0.0006968 0.0006627 0.0829172 0.0788653 0.0829172 0.0788653 0.0829172 0.0788653
47522 0.0002484 0.0002369 0.0263352 0.0251076 0.0263352 0.0251076 0.0263352 0.0251076
47524 0.0005184 0.0004951 0.0523610 0.0500063 0.0523610 0.0500063 0.0523610 0.0500063
47525 0.0001670 0.0001597 0.0158629 0.0151708 0.0158629 0.0151708 0.0158629 0.0151708
47540 0.0005352 0.0005024 0.0990143 0.0929371 0.0990143 0.0929371 0.0990143 0.0929371
47547 0.0000532 0.0000504 0.0075499 0.0071549 0.0075499 0.0071549 0.0075499 0.0071549
47548 0.0000926 0.0000878 0.0116725 0.0110679 0.0116725 0.0110679 0.0116725 0.0110679
47549 0.0004372 0.0004152 0.0550848 0.0523092 0.0550848 0.0523092 0.0550848 0.0523092
47552 0.0006797 0.0006472 0.0856419 0.0815502 0.0856419 0.0815502 0.0856419 0.0815502
47557 0.0002443 0.0002214 0.0913594 0.0828098 0.0913594 0.0828098 0.0913594 0.0828098
47568 0.0002506 0.0002333 0.0436093 0.0405859 0.0436093 0.0405859 0.0436093 0.0405859
47582 0.0001421 0.0001274 0.0875256 0.0784960 0.0875256 0.0784960 0.0875256 0.0784960
47588 0.0002622 0.0002385 0.1510549 0.1373821 0.1510549 0.1373821 0.1510549 0.1373821
47601 0.0000830 0.0000766 0.0192575 0.0177717 0.0192575 0.0177717 0.0192575 0.0177717
47619 0.0000549 0.0000512 0.0668428 0.0622565 0.0668428 0.0622565 0.0668428 0.0622565
47628 0.0000106 0.0000099 0.0128530 0.0120013 0.0128530 0.0120013 0.0128530 0.0120013
47634 0.0000492 0.0000461 0.0534333 0.0500764 0.0534333 0.0500764 0.0534333 0.0500764
47635 0.0000778 0.0000732 0.0794981 0.0748352 0.0794981 0.0748352 0.0794981 0.0748352
47636 0.0000242 0.0000228 0.0246987 0.0232980 0.0246987 0.0232980 0.0246987 0.0232980
47637 0.0000856 0.0000809 0.0874391 0.0826467 0.0874391 0.0826467 0.0874391 0.0826467
47638 0.0000230 0.0000218 0.0209137 0.0198049 0.0209137 0.0198049 0.0209137 0.0198049
47650 0.0000326 0.0000293 0.0582927 0.0522597 0.0582927 0.0522597 0.0582927 0.0522597
47657 0.0000321 0.0000292 0.0520649 0.0472620 0.0520649 0.0472620 0.0520649 0.0472620
47658 0.0000716 0.0000657 0.1038733 0.0953480 0.1038733 0.0953480 0.1038733 0.0953480
47659 0.0000168 0.0000155 0.0222172 0.0204916 0.0222172 0.0204916 0.0222172 0.0204916
47661 0.0000429 0.0000397 0.0555287 0.0513899 0.0555287 0.0513899 0.0555287 0.0513899
47662 0.0000278 0.0000258 0.0342545 0.0317876 0.0342545 0.0317876 0.0342545 0.0317876
47664 0.0000542 0.0000505 0.0645262 0.0600803 0.0645262 0.0600803 0.0645262 0.0600803
47666 0.0000300 0.0000280 0.0329858 0.0308651 0.0329858 0.0308651 0.0329858 0.0308651
47667 0.0000349 0.0000327 0.0375755 0.0352289 0.0375755 0.0352289 0.0375755 0.0352289
47714 0.0000464 0.0000414 0.0874976 0.0782069 0.0874976 0.0782069 0.0874976 0.0782069
47715 0.0000149 0.0000134 0.0250306 0.0225626 0.0250306 0.0225626 0.0250306 0.0225626
47716 0.0000173 0.0000157 0.0277602 0.0251529 0.0277602 0.0251529 0.0277602 0.0251529
47719 0.0000242 0.0000222 0.0351599 0.0322152 0.0351599 0.0322152 0.0351599 0.0322152
47720 0.0000683 0.0000630 0.0939320 0.0866339 0.0939320 0.0866339 0.0939320 0.0866339
47721 0.0000089 0.0000082 0.0111890 0.0103622 0.0111890 0.0103622 0.0111890 0.0103622
47722 0.0000546 0.0000507 0.0677914 0.0629531 0.0677914 0.0629531 0.0677914 0.0629531
47723 0.0000587 0.0000547 0.0688533 0.0642022 0.0688533 0.0642022 0.0688533 0.0642022
47724 0.0000666 0.0000624 0.0743659 0.0695905 0.0743659 0.0695905 0.0743659 0.0695905
47725 0.0000191 0.0000180 0.0203281 0.0190716 0.0203281 0.0190716 0.0203281 0.0190716
47726 0.0000918 0.0000864 0.0950116 0.0893855 0.0950116 0.0893855 0.0950116 0.0893855
47727 0.0000450 0.0000424 0.0440117 0.0415090 0.0440117 0.0415090 0.0220058 0.0207545
47729 0.0000112 0.0000106 0.0107052 0.0101100 0.0107052 0.0101100 0.0107052 0.0101100
47730 0.0000134 0.0000127 0.0126239 0.0119292 0.0126239 0.0119292 0.0126239 0.0119292
47732 0.0000900 0.0000852 0.0832686 0.0788442 0.0832686 0.0788442 0.0832686 0.0788442
47733 0.0000890 0.0000845 0.0785743 0.0745853 0.0785743 0.0745853 0.0785743 0.0745853
47783 0.0000095 0.0000088 0.0124903 0.0115696 0.0124903 0.0115696 0.0124903 0.0115696
47791 0.0000445 0.0000415 0.0581900 0.0542428 0.0581900 0.0542428 0.0581900 0.0542428
47810 0.0000771 0.0000718 0.0944259 0.0878379 0.0944259 0.0878379 0.0944259 0.0878379
47824 0.0000486 0.0000454 0.0553044 0.0516627 0.0553044 0.0516627 0.0553044 0.0516627
47831 0.0000132 0.0000123 0.0143934 0.0134714 0.0143934 0.0134714 0.0143934 0.0134714
47834 0.0000315 0.0000295 0.0339700 0.0318448 0.0339700 0.0318448 0.0339700 0.0318448
47836 0.0000207 0.0000194 0.0216242 0.0203027 0.0216242 0.0203027 0.0216242 0.0203027
47852 0.0000119 0.0000112 0.0120269 0.0113249 0.0120269 0.0113249 0.0120269 0.0113249
47856 0.0000152 0.0000143 0.0153599 0.0144737 0.0153599 0.0144737 0.0153599 0.0144737
47869 0.0000162 0.0000153 0.0156742 0.0147937 0.0156742 0.0147937 0.0156742 0.0147937
47873 0.0000466 0.0000440 0.0450468 0.0425629 0.0450468 0.0425629 0.0450468 0.0425629
47889 0.0000756 0.0000688 0.1181325 0.1074955 0.1181325 0.1074955 0.1181325 0.1074955
47890 0.0000252 0.0000230 0.0369739 0.0337861 0.0369739 0.0337861 0.0369739 0.0337861
47892 0.0000467 0.0000428 0.0668023 0.0612236 0.0668023 0.0612236 0.0668023 0.0612236
47893 0.0000234 0.0000216 0.0313240 0.0288730 0.0313240 0.0288730 0.0313240 0.0288730
47940 0.0000031 0.0000027 0.0056543 0.0050477 0.0056543 0.0050477 0.0056543 0.0050477
47944 0.0000030 0.0000027 0.0048604 0.0044158 0.0048604 0.0044158 0.0048604 0.0044158
47946 0.0000022 0.0000020 0.0031394 0.0028742 0.0031394 0.0028742 0.0031394 0.0028742
47966 0.0000134 0.0000126 0.0166150 0.0156142 0.0166150 0.0156142 0.0166150 0.0156142
47972 0.0000623 0.0000592 0.0552691 0.0525159 0.0552691 0.0525159 0.0552691 0.0525159
47973 0.0000150 0.0000143 0.0121108 0.0115420 0.0121108 0.0115420 0.0121108 0.0115420
47975 0.0000064 0.0000061 0.0050849 0.0048505 0.0050849 0.0048505 0.0050849 0.0048505
47976 0.0000333 0.0000318 0.0253694 0.0242547 0.0253694 0.0242547 0.0253694 0.0242547
47977 0.0000083 0.0000080 0.0060509 0.0057948 0.0060509 0.0057948 0.0060509 0.0057948
47978 0.0000446 0.0000427 0.0319235 0.0306029 0.0319235 0.0306029 0.0319235 0.0306029
47979 0.0000327 0.0000314 0.0228625 0.0219370 0.0228625 0.0219370 0.0228625 0.0219370
47982 0.0000273 0.0000263 0.0183906 0.0176729 0.0183906 0.0176729 0.0183906 0.0176729
47998 0.0000193 0.0000174 0.0340690 0.0306156 0.0340690 0.0306156 0.0340690 0.0306156
47999 0.0000271 0.0000247 0.0426409 0.0388049 0.0426409 0.0388049 0.0426409 0.0388049
48001 0.0000231 0.0000212 0.0333898 0.0306044 0.0333898 0.0306044 0.0333898 0.0306044
48002 0.0000583 0.0000537 0.0843530 0.0777089 0.0843530 0.0777089 0.0843530 0.0777089
48008 0.0000413 0.0000384 0.0503722 0.0469068 0.0503722 0.0469068 0.0503722 0.0469068
48011 0.0000442 0.0000414 0.0490087 0.0458647 0.0490087 0.0458647 0.0490087 0.0458647
48023 0.0000023 0.0000022 0.0026000 0.0024411 0.0026000 0.0024411 0.0026000 0.0024411
48073 0.0000079 0.0000073 0.0136560 0.0126344 0.0136560 0.0126344 0.0136560 0.0126344
48076 0.0000335 0.0000313 0.0583076 0.0543891 0.0583076 0.0543891 0.0583076 0.0543891
48079 0.0000130 0.0000122 0.0140226 0.0131509 0.0140226 0.0131509 0.0140226 0.0131509
48082 0.0000146 0.0000137 0.0150820 0.0141701 0.0150820 0.0141701 0.0150820 0.0141701
48084 0.0000542 0.0000510 0.0550212 0.0517951 0.0550212 0.0517951 0.0550212 0.0517951
48085 0.0000211 0.0000199 0.0200295 0.0189199 0.0200295 0.0189199 0.0200295 0.0189199
48086 0.0000368 0.0000349 0.0338048 0.0320051 0.0338048 0.0320051 0.0338048 0.0320051
48088 0.0000429 0.0000396 0.0629872 0.0580599 0.0629872 0.0580599 0.0629872 0.0580599
48089 0.0000359 0.0000334 0.0434887 0.0404831 0.0434887 0.0404831 0.0434887 0.0404831
48097 0.0000180 0.0000170 0.0187114 0.0177067 0.0187114 0.0177067 0.0187114 0.0177067
48099 0.0000331 0.0000314 0.0300750 0.0284943 0.0300750 0.0284943 0.0300750 0.0284943
48166 0.0000629 0.0000596 0 0 0 0 0 0
48172 0.0002187 0.0002011 0 0 0 0 0 0
48176 0.0000393 0.0000366 0.0497293 0.0463035 0.0497293 0.0463035 0.0497293 0.0463035
48177 0.0000408 0.0000382 0.0457868 0.0428588 0.0457868 0.0428588 0.0457868 0.0428588
48179 0.0000342 0.0000321 0.0360521 0.0338777 0.0360521 0.0338777 0.0360521 0.0338777
48181 0.0000327 0.0000308 0.0344502 0.0325326 0.0344502 0.0325326 0.0344502 0.0325326
48185 0.0000137 0.0000130 0.0144937 0.0137314 0.0144937 0.0137314 0.0144937 0.0137314
48230 0.0000346 0.0000318 0.0096354 0.0088465 0.0048428 0.0044462 0.0047680 0.0043776
48233 0.0000133 0.0000124 0.0313229 0.0291887 0.0313229 0.0291887 0.0313229 0.0291887
48236 0.0000182 0.0000170 0.0387482 0.0363574 0.0387482 0.0363574 0.0387482 0.0363574
48237 0.0000251 0.0000237 0.0511318 0.0481338 0.0511318 0.0481338 0.0511318 0.0481338
48238 0.0000202 0.0000190 0.0385799 0.0364445 0.0385799 0.0364445 0.0385799 0.0364445
48239 0.0000188 0.0000178 0.0359998 0.0340637 0.0359998 0.0340637 0.0359998 0.0340637
48240 0.0000190 0.0000180 0.0364385 0.0345348 0.0364385 0.0345348 0.0364385 0.0345348
48244 0.0000961 0.0000912 0 0 0 0 0 0
48245 0.0000082 0.0000078 0.0140850 0.0133821 0.0140850 0.0133821 0.0140850 0.0133821
48246 0.0000229 0.0000218 0.0391972 0.0372777 0.0391972 0.0372777 0.0391972 0.0372777
48253 0.0000089 0.0000082 0.0229050 0.0212247 0.0229050 0.0212247 0.0114524 0.0106123
48255 0.0000249 0.0000232 0.0594675 0.0555922 0.0594675 0.0555922 0.0297337 0.0277961
48256 0.0000229 0.0000215 0.0547428 0.0514961 0.0547428 0.0514961 0.0273714 0.0257481
48257 0.0000212 0.0000200 0.0507651 0.0479484 0.0507651 0.0479484 0.0253825 0.0239742
48258 0.0000200 0.0000190 0.0478463 0.0453288 0.0478463 0.0453288 0.0239231 0.0226644
48259 0.0000120 0.0000114 0.0286427 0.0271927 0.0286427 0.0271927 0.0143213 0.0135963
48260 0.0000180 0.0000172 0.0431150 0.0410500 0.0431150 0.0410500 0.0215575 0.0205250
48261 0.0000052 0.0000050 0.0124513 0.0118696 0.0124513 0.0118696 0.0062256 0.0059348
48262 0.0000166 0.0000159 0.0397409 0.0379646 0.0397409 0.0379646 0.0198705 0.0189823
48263 0.0000122 0.0000116 0.0290838 0.0278185 0.0290838 0.0278185 0.0145419 0.0139093
48265 0.0000155 0.0000149 0.0371068 0.0355500 0.0371068 0.0355500 0.0185535 0.0177750
48290 0.0000274 0.0000256 0.0616773 0.0576768 0.0616773 0.0576768 0.0616773 0.0576768
48291 0.0000243 0.0000228 0.0509508 0.0478480 0.0509508 0.0478480 0.0509508 0.0478480
48293 0.0000236 0.0000222 0.0479579 0.0451422 0.0479579 0.0451422 0.0479579 0.0451422
48294 0.0000239 0.0000226 0.0469334 0.0442634 0.0469334 0.0442634 0.0469334 0.0442634
48295 0.0000119 0.0000113 0.0227217 0.0214566 0.0227217 0.0214566 0.0227217 0.0214566
48307 0.0000038 0.0000036 0.0089959 0.0083845 0.0089959 0.0083845 0.0089959 0.0083845
48312 0.0000261 0.0000246 0.0551395 0.0518501 0.0551395 0.0518501 0.0551395 0.0518501
48313 0.0000128 0.0000120 0.0249845 0.0235703 0.0249845 0.0235703 0.0249845 0.0235703
48318 0.0000042 0.0000040 0.0075650 0.0071676 0.0075650 0.0071676 0.0075650 0.0071676
48320 0.0000119 0.0000113 0.0210457 0.0199609 0.0210457 0.0199609 0.0210457 0.0199609
48323 0.0000238 0.0000227 0.0399460 0.0380234 0.0399460 0.0380234 0.0399460 0.0380234
48324 0.0000210 0.0000200 0.0338392 0.0322738 0.0338392 0.0322738 0.0338392 0.0322738
48325 0.0000223 0.0000213 0.0358483 0.0342445 0.0358483 0.0342445 0.0358483 0.0342445
48326 0.0000121 0.0000115 0.0194449 0.0185966 0.0194449 0.0185966 0.0194449 0.0185966
48327 0.0000029 0.0000028 0.0047481 0.0045521 0.0047481 0.0045521 0.0047481 0.0045521
48336 0.0000110 0.0000103 0.0260415 0.0242504 0.0260415 0.0242504 0.0260415 0.0242504
48337 0.0000049 0.0000045 0.0115067 0.0107383 0.0115067 0.0107383 0.0115067 0.0107383
48341 0.0000040 0.0000037 0.0093628 0.0087618 0.0093628 0.0087618 0.0093628 0.0087618
48342 0.0000176 0.0000166 0.0376282 0.0352982 0.0376282 0.0352982 0.0376282 0.0352982
48343 0.0000067 0.0000063 0.0137597 0.0129349 0.0137597 0.0129349 0.0137597 0.0129349
48346 0.0000225 0.0000212 0.0443306 0.0418043 0.0443306 0.0418043 0.0443306 0.0418043
48347 0.0000043 0.0000040 0.0201019 0.0189825 0.0201019 0.0189825 0.0201019 0.0189825
48348 0.0000230 0.0000217 0.0426319 0.0403397 0.0426319 0.0403397 0.0426319 0.0403397
48349 0.0000058 0.0000055 0.0104935 0.0099393 0.0104935 0.0099393 0.0104935 0.0099393
48352 0.0000206 0.0000196 0.0360852 0.0342489 0.0360852 0.0342489 0.0360852 0.0342489
48356 0.0000256 0.0000238 0.0654969 0.0608464 0.0654969 0.0608464 0.0654969 0.0608464
48358 0.0000248 0.0000233 0.0525271 0.0493416 0.0525271 0.0493416 0.0525271 0.0493416
48359 0.0000245 0.0000231 0.0490579 0.0462332 0.0490579 0.0462332 0.0490579 0.0462332
48366 0.0000224 0.0000213 0.0385152 0.0366017 0.0385152 0.0366017 0.0385152 0.0366017
48367 0.0000236 0.0000225 0.0393431 0.0374501 0.0393431 0.0374501 0.0393431 0.0374501
48368 0.0000230 0.0000219 0.0383083 0.0365142 0.0383083 0.0365142 0.0383083 0.0365142
48369 0.0000188 0.0000179 0.0312221 0.0297933 0.0312221 0.0297933 0.0312221 0.0297933
48398 0.0000080 0.0000074 0.0198867 0.0184614 0.0198867 0.0184614 0.0198867 0.0184614
48409 0.0000235 0.0000220 0.0505628 0.0474394 0.0505628 0.0474394 0.0505628 0.0474394
48410 0.0000249 0.0000235 0.0536806 0.0505242 0.0536806 0.0505242 0.0536806 0.0505242
48412 0.0000204 0.0000193 0.0439314 0.0415181 0.0439314 0.0415181 0.0439314 0.0415181
48416 0.0000121 0.0000115 0.0260666 0.0246704 0.0260666 0.0246704 0.0260666 0.0246704
48417 0.0000186 0.0000176 0.0399661 0.0379018 0.0399661 0.0379018 0.0399661 0.0379018
48418 0.0000039 0.0000037 0.0084473 0.0080195 0.0084473 0.0080195 0.0084473 0.0080195
48421 0.0000165 0.0000157 0.0279896 0.0266149 0.0279896 0.0266149 0.0279896 0.0266149
48423 0.0000058 0.0000055 0.0097553 0.0092867 0.0097553 0.0092867 0.0097553 0.0092867
48455 0.0000129 0.0000118 0.0361809 0.0332911 0.0361809 0.0332911 0.0361809 0.0332911
48456 0.0000052 0.0000048 0.0135888 0.0125551 0.0135888 0.0125551 0.0135888 0.0125551
48461 0.0000202 0.0000188 0.0488206 0.0454286 0.0488206 0.0454286 0.0488206 0.0454286
48462 0.0000206 0.0000193 0.0499907 0.0467315 0.0499907 0.0467315 0.0499907 0.0467315
48463 0.0000221 0.0000207 0.0471539 0.0442490 0.0471539 0.0442490 0.0471539 0.0442490
48469 0.0000212 0.0000200 0.0413921 0.0390787 0.0413921 0.0390787 0.0413921 0.0390787
48471 0.0000036 0.0000034 0.0067713 0.0064023 0.0067713 0.0064023 0.0067713 0.0064023
48510 0.0000089 0.0000081 0.0275295 0.0250722 0.0275295 0.0250722 0.0275295 0.0250722
48511 0.0000090 0.0000082 0.0277633 0.0253372 0.0277633 0.0253372 0.0277633 0.0253372
48512 0.0000100 0.0000092 0.0309282 0.0283151 0.0309282 0.0283151 0.0309282 0.0283151
48513 0.0000226 0.0000208 0.0699074 0.0642601 0.0699074 0.0642601 0.0699074 0.0642601
48514 0.0000130 0.0000120 0.0400721 0.0369663 0.0400721 0.0369663 0.0400721 0.0369663
48516 0.0000122 0.0000113 0.0376233 0.0348160 0.0376233 0.0348160 0.0376233 0.0348160
48518 0.0000218 0.0000202 0.0536689 0.0498326 0.0536689 0.0498326 0.0536689 0.0498326
48519 0.0000136 0.0000127 0.0334886 0.0311560 0.0334886 0.0311560 0.0334886 0.0311560
48520 0.0000226 0.0000211 0.0556726 0.0519683 0.0556726 0.0519683 0.0556726 0.0519683
48521 0.0000225 0.0000211 0.0554799 0.0518789 0.0554799 0.0518789 0.0554799 0.0518789
48522 0.0000229 0.0000215 0.0564194 0.0528527 0.0564194 0.0528527 0.0564194 0.0528527
48527 0.0000027 0.0000025 0.0066478 0.0062408 0.0066478 0.0062408 0.0066478 0.0062408
48529 0.0000082 0.0000077 0.0201814 0.0189648 0.0201814 0.0189648 0.0201814 0.0189648
48530 0.0000190 0.0000179 0.0468288 0.0440852 0.0468288 0.0440852 0.0468288 0.0440852
48531 0.0000182 0.0000172 0.0448492 0.0422720 0.0448492 0.0422720 0.0448492 0.0422720
48532 0.0000172 0.0000162 0.0423697 0.0399791 0.0423697 0.0399791 0.0423697 0.0399791
48533 0.0000125 0.0000118 0.0306650 0.0289615 0.0306650 0.0289615 0.0306650 0.0289615
48536 0.0000057 0.0000054 0.0141046 0.0133381 0.0141046 0.0133381 0.0141046 0.0133381
48635 0.0000265 0.0000245 0.0710860 0.0655882 0.0710860 0.0655882 0.0710860 0.0655882
48636 0.0000242 0.0000224 0.0648622 0.0600926 0.0648622 0.0600926 0.0648622 0.0600926
48638 0.0000157 0.0000145 0.0419368 0.0389759 0.0419368 0.0389759 0.0419368 0.0389759
48639 0.0000167 0.0000156 0.0447403 0.0416829 0.0447403 0.0416829 0.0447403 0.0416829
48640 0.0000214 0.0000201 0.0574556 0.0537821 0.0574556 0.0537821 0.0574556 0.0537821
48645 0.0000195 0.0000184 0.0523317 0.0491849 0.0523317 0.0491849 0.0523317 0.0491849
48656 0.0000064 0.0000060 0.0171587 0.0161854 0.0171587 0.0161854 0.0171587 0.0161854
48657 0.0000183 0.0000172 0.0488932 0.0461720 0.0488932 0.0461720 0.0488932 0.0461720
48658 0.0000173 0.0000163 0.0462220 0.0437108 0.0462220 0.0437108 0.0462220 0.0437108
48660 0.0000119 0.0000113 0.0318448 0.0301599 0.0318448 0.0301599 0.0318448 0.0301599
48701 0.0000152 0.0000138 0.0509043 0.0460943 0.0509043 0.0460943 0.0509043 0.0460943
48706 0.0000036 0.0000031 0.0149941 0.0131448 0.0149941 0.0131448 0.0149941 0.0131448
48720 0.0000182 0.0000168 0.0509048 0.0468646 0.0509048 0.0468646 0.0509048 0.0468646
48721 0.0000116 0.0000108 0.0280885 0.0261192 0.0280885 0.0261192 0.0280885 0.0261192
48722 0.0000364 0.0000341 0.0879060 0.0822220 0.0879060 0.0822220 0.0879060 0.0822220
48725 0.0000252 0.0000238 0.0609533 0.0573559 0.0609533 0.0573559 0.0609533 0.0573559
48726 0.0000284 0.0000269 0.0686749 0.0648414 0.0686749 0.0648414 0.0686749 0.0648414
48727 0.0000362 0.0000344 0.0874428 0.0829288 0.0874428 0.0829288 0.0874428 0.0829288
48730 0.0000038 0.0000033 0.0155072 0.0136497 0.0155072 0.0136497 0.0155072 0.0136497
48731 0.0000246 0.0000219 0.0976494 0.0867223 0.0976494 0.0867223 0.0976494 0.0867223
48732 0.0000051 0.0000046 0.0174848 0.0157596 0.0174848 0.0157596 0.0174848 0.0157596
48734 0.0000351 0.0000319 0.0566974 0.0514702 0.0566974 0.0514702 0.0566974 0.0514702
48735 0.0000403 0.0000369 0.0581966 0.0533742 0.0581966 0.0533742 0.0581966 0.0533742
48736 0.0000147 0.0000136 0.0192461 0.0177792 0.0192461 0.0177792 0.0192461 0.0177792
48742 0.0000281 0.0000261 0.0347806 0.0322846 0.0347806 0.0322846 0.0347806 0.0322846
48743 0.0000217 0.0000203 0.0244342 0.0228476 0.0244342 0.0228476 0.0244342 0.0228476
48745 0.0000112 0.0000105 0.0120268 0.0112712 0.0120268 0.0112712 0.0120268 0.0112712
48746 0.0000082 0.0000077 0.0086811 0.0081666 0.0086811 0.0081666 0.0086811 0.0081666
48801 0.0000524 0.0000479 0.0846048 0.0774099 0.0846048 0.0774099 0.0846048 0.0774099
48803 0.0000269 0.0000249 0.0353386 0.0327036 0.0353386 0.0327036 0.0353386 0.0327036
48805 0.0000382 0.0000355 0.0500947 0.0466114 0.0500947 0.0466114 0.0500947 0.0466114
48806 0.0000085 0.0000080 0.0112012 0.0104603 0.0112012 0.0104603 0.0112012 0.0104603
48807 0.0000540 0.0000506 0.0709034 0.0664361 0.0709034 0.0664361 0.0709034 0.0664361
48810 0.0000125 0.0000118 0.0163593 0.0154553 0.0163593 0.0154553 0.0163593 0.0154553
48811 0.0000095 0.0000089 0.0124031 0.0117321 0.0124031 0.0117321 0.0124031 0.0117321
48812 0.0000221 0.0000210 0.0290442 0.0275196 0.0290442 0.0275196 0.0290442 0.0275196
48813 0.0000306 0.0000291 0.0401588 0.0381904 0.0401588 0.0381904 0.0401588 0.0381904
48814 0.0000587 0.0000560 0.0770194 0.0734510 0.0770194 0.0734510 0.0770194 0.0734510
48824 0.0000220 0.0000196 0.0418283 0.0372522 0.0418283 0.0372522 0.0418283 0.0372522
48826 0.0000390 0.0000370 0.0364540 0.0346037 0.0364540 0.0346037 0.0364540 0.0346037
48828 0.0000719 0.0000667 0.0945998 0.0877275 0.0945998 0.0877275 0.0945998 0.0877275
48829 0.0000181 0.0000169 0.0206105 0.0192462 0.0206105 0.0192462 0.0206105 0.0192462
48830 0.0000126 0.0000118 0.0139181 0.0130175 0.0139181 0.0130175 0.0139181 0.0130175
48832 0.0000520 0.0000488 0.0559653 0.0525547 0.0559653 0.0525547 0.0559653 0.0525547
48836 0.0000629 0.0000595 0.0586689 0.0555482 0.0586689 0.0555482 0.0586689 0.0555482
48838 0.0000438 0.0000416 0.0374419 0.0356027 0.0374419 0.0356027 0.0374419 0.0356027
48839 0.0000467 0.0000445 0.0399666 0.0380771 0.0399666 0.0380771 0.0399666 0.0380771
48863 0.0000154 0.0000140 0.0246677 0.0224087 0.0246677 0.0224087 0.0246677 0.0224087
48864 0.0000479 0.0000438 0.0767021 0.0701727 0.0767021 0.0701727 0.0767021 0.0701727
48865 0.0000314 0.0000289 0.0502549 0.0463670 0.0502549 0.0463670 0.0502549 0.0463670
48867 0.0000180 0.0000167 0.0228384 0.0212035 0.0228384 0.0212035 0.0228384 0.0212035
48883 0.0000136 0.0000121 0.0254504 0.0226333 0.0254504 0.0226333 0.0254504 0.0226333
48884 0.0000140 0.0000125 0.0261030 0.0233472 0.0261030 0.0233472 0.0261030 0.0233472
48885 0.0000089 0.0000080 0.0165755 0.0148879 0.0165755 0.0148879 0.0165755 0.0148879
48888 0.0000321 0.0000292 0.0539829 0.0490969 0.0539829 0.0490969 0.0539829 0.0490969
48891 0.0000600 0.0000555 0.0793934 0.0734349 0.0793934 0.0734349 0.0793934 0.0734349
48892 0.0000220 0.0000204 0.0267519 0.0248556 0.0267519 0.0248556 0.0267519 0.0248556
48893 0.0000180 0.0000168 0.0213373 0.0198619 0.0213373 0.0198619 0.0213373 0.0198619
48894 0.0000126 0.0000118 0.0146054 0.0136165 0.0146054 0.0136165 0.0146054 0.0136165
48895 0.0000405 0.0000379 0.0461592 0.0431235 0.0461592 0.0431235 0.0461592 0.0431235
48897 0.0000405 0.0000380 0.0434076 0.0407195 0.0434076 0.0407195 0.0434076 0.0407195
48899 0.0000517 0.0000487 0.0530862 0.0499919 0.0530862 0.0499919 0.0530862 0.0499919
48900 0.0000197 0.0000186 0.0189841 0.0179177 0.0189841 0.0179177 0.0189841 0.0179177
48901 0.0000158 0.0000149 0.0149284 0.0141039 0.0149284 0.0141039 0.0149284 0.0141039
48902 0.0000761 0.0000720 0.0709047 0.0671424 0.0709047 0.0671424 0.0709047 0.0671424
48903 0.0000527 0.0000498 0.0491271 0.0465039 0.0491271 0.0465039 0.0491271 0.0465039
48935 0.0000217 0.0000192 0.0429032 0.0380512 0.0429032 0.0380512 0.0429032 0.0380512
48938 0.0000228 0.0000207 0.0358189 0.0325839 0.0358189 0.0325839 0.0358189 0.0325839
48940 0.0000188 0.0000173 0.0273971 0.0251224 0.0273971 0.0251224 0.0273971 0.0251224
48943 0.0000884 0.0000820 0.1286433 0.1192557 0.1286433 0.1192557 0.1286433 0.1192557
48946 0.0000484 0.0000452 0.0703700 0.0658221 0.0703700 0.0658221 0.0703700 0.0658221
48947 0.0000372 0.0000349 0.0540768 0.0507892 0.0540768 0.0507892 0.0540768 0.0507892
48949 0.0000560 0.0000528 0.0814277 0.0768562 0.0814277 0.0768562 0.0814277 0.0768562
48951 0.0000212 0.0000200 0.0307770 0.0291514 0.0307770 0.0291514 0.0307770 0.0291514
48952 0.0000690 0.0000656 0.1003992 0.0953889 0.1003992 0.0953889 0.1003992 0.0953889
48971 0.0000255 0.0000226 0.0503943 0.0446746 0.0503943 0.0446746 0.0503943 0.0446746
48976 0.0000131 0.0000118 0.0239826 0.0215500 0.0239826 0.0215500 0.0239826 0.0215500
48982 0.0000236 0.0000216 0.0431531 0.0394386 0.0431531 0.0394386 0.0431531 0.0394386
48983 0.0000722 0.0000665 0.1317604 0.1214379 0.1317604 0.1214379 0.1317604 0.1214379
48984 0.0000275 0.0000255 0.0501366 0.0465306 0.0501366 0.0465306 0.0501366 0.0465306
48985 0.0000673 0.0000628 0.1228836 0.1146726 0.1228836 0.1146726 0.1228836 0.1146726
48986 0.0000361 0.0000339 0.0390345 0.0365976 0.0390345 0.0365976 0.0390345 0.0365976
48987 0.0000142 0.0000133 0.0153176 0.0144073 0.0153176 0.0144073 0.0153176 0.0144073
48988 0.0000765 0.0000721 0.0827074 0.0779733 0.0827074 0.0779733 0.0827074 0.0779733
48989 0.0000874 0.0000827 0.0945187 0.0894460 0.0945187 0.0894460 0.0945187 0.0894460
48990 0.0000279 0.0000265 0.0247076 0.0234394 0.0247076 0.0234394 0.0247076 0.0234394
48991 0.0000766 0.0000728 0.0663457 0.0630590 0.0663457 0.0630590 0.0663457 0.0630590
49019 0.0000520 0.0000463 0.1011823 0.0900980 0.1011823 0.0900980 0.1011823 0.0900980
49023 0.0000262 0.0000241 0.0509331 0.0468750 0.0509331 0.0468750 0.0509331 0.0468750
49026 0.0000158 0.0000144 0.0235301 0.0215006 0.0235301 0.0215006 0.0235301 0.0215006
49027 0.0000138 0.0000127 0.0196266 0.0180002 0.0196266 0.0180002 0.0196266 0.0180002
49029 0.0000148 0.0000136 0.0199366 0.0183694 0.0199366 0.0183694 0.0199366 0.0183694
49030 0.0000199 0.0000184 0.0256589 0.0237308 0.0256589 0.0237308 0.0256589 0.0237308
49031 0.0000191 0.0000177 0.0239257 0.0221824 0.0239257 0.0221824 0.0239257 0.0221824
49033 0.0000033 0.0000032 0.0040333 0.0039288 0.0040333 0.0039288 0.0040333 0.0039288
49034 0.0000187 0.0000184 0.0065367 0.0064056 0.0065367 0.0064056 0.0065367 0.0064056
49035 0.0000233 0.0000229 0.0078073 0.0076572 0.0078073 0.0076572 0.0078073 0.0076572
49038 0.0000326 0.0000320 0.0107068 0.0105068 0.0107068 0.0105068 0.0107068 0.0105068
49042 0.0000382 0.0000375 0.0121368 0.0119154 0.0121368 0.0119154 0.0121368 0.0119154
49043 0.0000235 0.0000231 0.0071964 0.0070705 0.0071964 0.0070705 0.0071964 0.0070705
49045 0.0000476 0.0000469 0.0137661 0.0135400 0.0137661 0.0135400 0.0137661 0.0135400
49048 0.0000096 0.0000094 0.0027718 0.0027276 0.0027718 0.0027276 0.0027718 0.0027276
49050 0.0000085 0.0000083 0.0024475 0.0024089 0.0024475 0.0024089 0.0024475 0.0024089
49053 0.0000513 0.0000506 0.0132900 0.0130931 0.0132900 0.0130931 0.0132900 0.0130931
49054 0.0000450 0.0000444 0.0116599 0.0114915 0.0116599 0.0114915 0.0116599 0.0114915
49057 0.0000661 0.0000596 0.1174144 0.1058678 0.1174144 0.1058678 0.1174144 0.1058678
49059 0.0000102 0.0000093 0.0180219 0.0164428 0.0180219 0.0164428 0.0180219 0.0164428
49060 0.0000155 0.0000142 0.0275421 0.0252253 0.0275421 0.0252253 0.0275421 0.0252253
49061 0.0000118 0.0000108 0.0162685 0.0149654 0.0162685 0.0149654 0.0162685 0.0149654
49062 0.0000432 0.0000403 0.0500231 0.0466939 0.0500231 0.0466939 0.0500231 0.0466939
49063 0.0000198 0.0000185 0.0229388 0.0214736 0.0229388 0.0214736 0.0229388 0.0214736
49064 0.0000470 0.0000442 0.0498110 0.0468349 0.0498110 0.0468349 0.0498110 0.0468349
49065 0.0000608 0.0000574 0.0644247 0.0607471 0.0644247 0.0607471 0.0644247 0.0607471
49066 0.0000316 0.0000299 0.0296273 0.0280183 0.0296273 0.0280183 0.0296273 0.0280183
49067 0.0000359 0.0000340 0.0336489 0.0318742 0.0336489 0.0318742 0.0336489 0.0318742
49068 0.0000268 0.0000254 0.0235017 0.0223035 0.0235017 0.0223035 0.0235017 0.0223035
49069 0.0000711 0.0000677 0.0624062 0.0594027 0.0624062 0.0594027 0.0624062 0.0594027
49070 0.0000355 0.0000338 0.0311523 0.0296987 0.0311523 0.0296987 0.0311523 0.0296987
49071 0.0000349 0.0000333 0.0274514 0.0262026 0.0274514 0.0262026 0.0274514 0.0262026
49072 0.0000303 0.0000289 0.0238195 0.0227611 0.0238195 0.0227611 0.0238195 0.0227611
49073 0.0000198 0.0000190 0.0147099 0.0140765 0.0147099 0.0140765 0.0147099 0.0140765
49098 0.0000092 0.0000082 0.0163403 0.0145922 0.0163403 0.0145922 0.0163403 0.0145922
49099 0.0000543 0.0000489 0.0956121 0.0861099 0.0956121 0.0861099 0.0956121 0.0861099
49100 0.0000275 0.0000250 0.0435443 0.0395877 0.0435443 0.0395877 0.0435443 0.0395877
49110 0.0000636 0.0000590 0.0889346 0.0824474 0.0889346 0.0824474 0.0889346 0.0824474
49111 0.0000434 0.0000405 0.0497484 0.0464520 0.0497484 0.0464520 0.0497484 0.0464520
49113 0.0000320 0.0000301 0.0336620 0.0316475 0.0336620 0.0316475 0.0336620 0.0316475
49114 0.0000396 0.0000374 0.0392912 0.0370362 0.0392912 0.0370362 0.0392912 0.0370362
49116 0.0000858 0.0000811 0.0822674 0.0777678 0.0822674 0.0777678 0.0822674 0.0777678
49117 0.0000463 0.0000439 0.0420851 0.0398800 0.0420851 0.0398800 0.0420851 0.0398800
49118 0.0000315 0.0000300 0.0269189 0.0255885 0.0269189 0.0255885 0.0269189 0.0255885
49121 0.0000489 0.0000434 0.0994646 0.0883399 0.0994646 0.0883399 0.0994646 0.0883399
49125 0.0000610 0.0000557 0.1005358 0.0917030 0.1005358 0.0917030 0.1005358 0.0917030
49126 0.0000332 0.0000306 0.0452799 0.0417327 0.0452799 0.0417327 0.0452799 0.0417327
49127 0.0000841 0.0000782 0.1146063 0.1064557 0.1146063 0.1064557 0.1146063 0.1064557
49128 0.0000124 0.0000116 0.0141153 0.0131796 0.0141153 0.0131796 0.0141153 0.0131796
49132 0.0000126 0.0000119 0.0134295 0.0126205 0.0134295 0.0126205 0.0134295 0.0126205
49133 0.0000266 0.0000251 0.0258414 0.0243839 0.0258414 0.0243839 0.0258414 0.0243839
49134 0.0000489 0.0000462 0.0474967 0.0449161 0.0474967 0.0449161 0.0474967 0.0449161
49135 0.0000297 0.0000281 0.0268802 0.0254722 0.0268802 0.0254722 0.0268802 0.0254722
49136 0.0000795 0.0000755 0.0719556 0.0683643 0.0719556 0.0683643 0.0719556 0.0683643
49137 0.0000426 0.0000405 0.0350336 0.0333724 0.0350336 0.0333724 0.0350336 0.0333724
49138 0.0000262 0.0000250 0.0202712 0.0193616 0.0202712 0.0193616 0.0202712 0.0193616
49139 0.0000229 0.0000219 0.0170321 0.0162970 0.0170321 0.0162970 0.0170321 0.0162970
49140 0.0000290 0.0000278 0.0207792 0.0199158 0.0207792 0.0199158 0.0207792 0.0199158
49141 0.0000626 0.0000601 0.0440883 0.0423133 0.0440883 0.0423133 0.0440883 0.0423133
49142 0.0000167 0.0000161 0.0113058 0.0108633 0.0113058 0.0108633 0.0113058 0.0108633
49143 0.0000145 0.0000140 0.0094352 0.0090788 0.0094352 0.0090788 0.0094352 0.0090788
49144 0.0000060 0.0000058 0.0039003 0.0037542 0.0039003 0.0037542 0.0039003 0.0037542
49148 0.0000187 0.0000180 0.0121508 0.0117013 0.0121508 0.0117013 0.0121508 0.0117013
49155 0.0000140 0.0000135 0.0090923 0.0087689 0.0090923 0.0087689 0.0090923 0.0087689
49157 0.0000213 0.0000206 0.0128201 0.0123735 0.0128201 0.0123735 0.0128201 0.0123735
49158 0.0000294 0.0000284 0.0169752 0.0164099 0.0169752 0.0164099 0.0169752 0.0164099
49159 0.0000482 0.0000466 0.0277840 0.0268870 0.0277840 0.0268870 0.0277840 0.0268870
49165 0.0000217 0.0000210 0.0118190 0.0114479 0.0118190 0.0114479 0.0118190 0.0114479
49168 0.0000217 0.0000210 0.0118068 0.0114412 0.0118068 0.0114412 0.0118068 0.0114412
49217 0.0000279 0.0000249 0.0535675 0.0478161 0.0535675 0.0478161 0.0535675 0.0478161
49218 0.0000157 0.0000141 0.0272184 0.0244907 0.0272184 0.0244907 0.0272184 0.0244907
49219 0.0000759 0.0000695 0.1193173 0.1091504 0.1193173 0.1091504 0.1193173 0.1091504
49224 0.0000177 0.0000164 0.0218411 0.0202660 0.0218411 0.0202660 0.0218411 0.0202660
49226 0.0000317 0.0000295 0.0391376 0.0364142 0.0391376 0.0364142 0.0391376 0.0364142
49227 0.0000469 0.0000438 0.0578546 0.0540027 0.0578546 0.0540027 0.0578546 0.0540027
49228 0.0000605 0.0000567 0.0667194 0.0625477 0.0667194 0.0625477 0.0667194 0.0625477
49229 0.0000234 0.0000219 0.0241258 0.0226734 0.0241258 0.0226734 0.0241258 0.0226734
49230 0.0000238 0.0000225 0.0229495 0.0216619 0.0229495 0.0216619 0.0229495 0.0216619
49232 0.0000762 0.0000721 0.0733799 0.0694126 0.0733799 0.0694126 0.0733799 0.0694126
49233 0.0000087 0.0000083 0.0078615 0.0074485 0.0078615 0.0074485 0.0078615 0.0074485
49240 0.0000350 0.0000313 0.0697782 0.0622664 0.0697782 0.0622664 0.0697782 0.0622664
49241 0.0000227 0.0000205 0.0452184 0.0407923 0.0452184 0.0407923 0.0452184 0.0407923
49244 0.0000471 0.0000429 0.0747212 0.0680806 0.0747212 0.0680806 0.0747212 0.0680806
49245 0.0000233 0.0000214 0.0328565 0.0301636 0.0328565 0.0301636 0.0328565 0.0301636
49246 0.0000215 0.0000198 0.0289715 0.0267013 0.0289715 0.0267013 0.0289715 0.0267013
49247 0.0000002 0.0000002 0.0003076 0.0002844 0.0003076 0.0002844 0.0003076 0.0002844
49248 0.0000758 0.0000706 0.0935173 0.0870073 0.0935173 0.0870073 0.0935173 0.0870073
49249 0.0000151 0.0000141 0.0166367 0.0155646 0.0166367 0.0155646 0.0166367 0.0155646
49250 0.0000136 0.0000128 0.0139550 0.0131206 0.0139550 0.0131206 0.0139550 0.0131206
49251 0.0000194 0.0000182 0.0189670 0.0178836 0.0189670 0.0178836 0.0189670 0.0178836
49253 0.0000467 0.0000441 0.0457850 0.0432555 0.0457850 0.0432555 0.0457850 0.0432555
49254 0.0000237 0.0000224 0.0232302 0.0219903 0.0232302 0.0219903 0.0232302 0.0219903
49262 0.0000316 0.0000293 0.0396866 0.0368845 0.0396866 0.0368845 0.0396866 0.0368845
49263 0.0000363 0.0000339 0.0423620 0.0395095 0.0423620 0.0395095 0.0423620 0.0395095
49264 0.0000615 0.0000576 0.0716614 0.0671141 0.0716614 0.0671141 0.0716614 0.0671141
49265 0.0000457 0.0000429 0.0475922 0.0447355 0.0475922 0.0447355 0.0475922 0.0447355
49266 0.0000349 0.0000330 0.0329176 0.0311232 0.0329176 0.0311232 0.0329176 0.0311232
49267 0.0000354 0.0000334 0.0335750 0.0317341 0.0335750 0.0317341 0.0335750 0.0317341
49268 0.0000322 0.0000306 0.0283876 0.0269371 0.0283876 0.0269371 0.0283876 0.0269371
49270 0.0000185 0.0000176 0.0158777 0.0150911 0.0158777 0.0150911 0.0158777 0.0150911
49307 0.0000620 0.0000572 0.0833008 0.0768993 0.0833008 0.0768993 0.0833008 0.0768993
49308 0.0000190 0.0000176 0.0254916 0.0236223 0.0254916 0.0236223 0.0254916 0.0236223
49309 0.0000294 0.0000273 0.0360222 0.0334532 0.0360222 0.0334532 0.0360222 0.0334532
49310 0.0000306 0.0000285 0.0374156 0.0348400 0.0374156 0.0348400 0.0374156 0.0348400
49311 0.0000108 0.0000100 0.0122276 0.0114125 0.0122276 0.0114125 0.0122276 0.0114125
49312 0.0000699 0.0000654 0.0785053 0.0734568 0.0785053 0.0734568 0.0785053 0.0734568
49313 0.0000138 0.0000129 0.0146146 0.0137085 0.0146146 0.0137085 0.0146146 0.0137085
49314 0.0000573 0.0000539 0.0607103 0.0570562 0.0607103 0.0570562 0.0607103 0.0570562
49316 0.0000235 0.0000221 0.0234056 0.0220556 0.0234056 0.0220556 0.0234056 0.0220556
49317 0.0000106 0.0000100 0.0100158 0.0094628 0.0100158 0.0094628 0.0100158 0.0094628
49324 0.0000422 0.0000381 0.0772609 0.0697515 0.0772609 0.0697515 0.0772609 0.0697515
49329 0.0000264 0.0000245 0.0313005 0.0291408 0.0313005 0.0291408 0.0313005 0.0291408
49330 0.0000221 0.0000206 0.0253877 0.0236879 0.0253877 0.0236879 0.0253877 0.0236879
49331 0.0000889 0.0000834 0.0965157 0.0905881 0.0965157 0.0905881 0.0965157 0.0905881
49332 0.0000096 0.0000090 0.0094427 0.0089034 0.0094427 0.0089034 0.0094427 0.0089034
49337 0.0000378 0.0000340 0.0735815 0.0662474 0.0735815 0.0662474 0.0735815 0.0662474
49339 0.0000105 0.0000096 0.0159625 0.0146104 0.0159625 0.0146104 0.0159625 0.0146104
49340 0.0000167 0.0000153 0.0254064 0.0233131 0.0254064 0.0233131 0.0254064 0.0233131
49341 0.0000174 0.0000160 0.0265141 0.0244200 0.0265141 0.0244200 0.0265141 0.0244200
49342 0.0000266 0.0000246 0.0404898 0.0374075 0.0404898 0.0374075 0.0404898 0.0374075
49345 0.0000488 0.0000455 0.0572474 0.0533727 0.0572474 0.0533727 0.0572474 0.0533727
49346 0.0000163 0.0000152 0.0190915 0.0178442 0.0190915 0.0178442 0.0190915 0.0178442
49347 0.0000145 0.0000136 0.0156416 0.0146609 0.0156416 0.0146609 0.0156416 0.0146609
49348 0.0000353 0.0000331 0.0379861 0.0356650 0.0379861 0.0356650 0.0379861 0.0356650
49349 0.0000280 0.0000263 0.0280767 0.0264363 0.0280767 0.0264363 0.0280767 0.0264363
49351 0.0000139 0.0000132 0.0140021 0.0132107 0.0140021 0.0132107 0.0140021 0.0132107
49352 0.0000671 0.0000635 0.0633551 0.0599207 0.0633551 0.0599207 0.0633551 0.0599207
49353 0.0000360 0.0000341 0.0323486 0.0306630 0.0323486 0.0306630 0.0323486 0.0306630
49356 0.0000585 0.0000520 0.1150049 0.1021508 0.1150049 0.1021508 0.1150049 0.1021508
49358 0.0000283 0.0000256 0.0470239 0.0425950 0.0470239 0.0425950 0.0470239 0.0425950
49359 0.0000588 0.0000541 0.0818144 0.0753717 0.0818144 0.0753717 0.0818144 0.0753717
49360 0.0000419 0.0000389 0.0529350 0.0490924 0.0529350 0.0490924 0.0529350 0.0490924
49361 0.0000139 0.0000129 0.0165153 0.0153641 0.0165153 0.0153641 0.0165153 0.0153641
49362 0.0000167 0.0000157 0.0183059 0.0171385 0.0183059 0.0171385 0.0183059 0.0171385
49365 0.0000596 0.0000561 0.0619680 0.0583093 0.0619680 0.0583093 0.0619680 0.0583093
49366 0.0000485 0.0000459 0.0464587 0.0439079 0.0464587 0.0439079 0.0464587 0.0439079
49367 0.0000725 0.0000687 0.0661760 0.0627457 0.0661760 0.0627457 0.0661760 0.0627457
49368 0.0000190 0.0000181 0.0162247 0.0154180 0.0162247 0.0154180 0.0162247 0.0154180
49369 0.0000197 0.0000187 0.0164922 0.0156890 0.0164922 0.0156890 0.0164922 0.0156890
49373 0.0000564 0.0000510 0.1017711 0.0919671 0.1017711 0.0919671 0.1017711 0.0919671
49374 0.0000044 0.0000041 0.0080281 0.0073191 0.0080281 0.0073191 0.0080281 0.0073191
49376 0.0000384 0.0000353 0.0523213 0.0480936 0.0523213 0.0480936 0.0523213 0.0480936
49377 0.0000003 0.0000003 0.0003717 0.0003429 0.0003717 0.0003429 0.0003717 0.0003429
49378 0.0000492 0.0000455 0.0670562 0.0620609 0.0670562 0.0620609 0.0670562 0.0620609
49379 0.0000234 0.0000218 0.0279446 0.0259942 0.0279446 0.0259942 0.0279446 0.0259942
49380 0.0000459 0.0000428 0.0547104 0.0509907 0.0547104 0.0509907 0.0547104 0.0509907
49381 0.0000332 0.0000310 0.0373677 0.0349113 0.0373677 0.0349113 0.0373677 0.0349113
49382 0.0000430 0.0000403 0.0474216 0.0443838 0.0474216 0.0443838 0.0474216 0.0443838
49383 0.0000151 0.0000141 0.0161057 0.0150970 0.0161057 0.0150970 0.0161057 0.0150970
49384 0.0000140 0.0000131 0.0143547 0.0134901 0.0143547 0.0134901 0.0143547 0.0134901
49385 0.0000336 0.0000317 0.0322778 0.0304725 0.0322778 0.0304725 0.0322778 0.0304725
49389 0.0000111 0.0000105 0.0103389 0.0097825 0.0103389 0.0097825 0.0103389 0.0097825
49390 0.0000324 0.0000307 0.0300746 0.0285483 0.0300746 0.0285483 0.0300746 0.0285483
49432 0.0000191 0.0000173 0.0312915 0.0283622 0.0312915 0.0283622 0.0312915 0.0283622
49433 0.0000783 0.0000718 0.1155294 0.1059937 0.1155294 0.1059937 0.1155294 0.1059937
49434 0.0000992 0.0000921 0.1269931 0.1178636 0.1269931 0.1178636 0.1269931 0.1178636
49435 0.0000191 0.0000178 0.0220711 0.0205816 0.0220711 0.0205816 0.0220711 0.0205816
49437 0.0000164 0.0000154 0.0173302 0.0162643 0.0173302 0.0162643 0.0173302 0.0162643
49438 0.0000742 0.0000698 0.0784556 0.0738048 0.0784556 0.0738048 0.0784556 0.0738048
49439 0.0000153 0.0000144 0.0147147 0.0138856 0.0147147 0.0138856 0.0147147 0.0138856
49440 0.0000160 0.0000151 0.0154403 0.0145918 0.0154403 0.0145918 0.0154403 0.0145918
49445 0.0000118 0.0000105 0.0228658 0.0203896 0.0228658 0.0203896 0.0228658 0.0203896
49446 0.0000236 0.0000212 0.0457329 0.0411189 0.0457329 0.0411189 0.0457329 0.0411189
49447 0.0000551 0.0000500 0.0896425 0.0813709 0.0896425 0.0813709 0.0896425 0.0813709
49448 0.0000378 0.0000347 0.0533678 0.0489856 0.0533678 0.0489856 0.0533678 0.0489856
49449 0.0000120 0.0000111 0.0159762 0.0147250 0.0159762 0.0147250 0.0159762 0.0147250
49451 0.0000554 0.0000512 0.0736047 0.0680714 0.0736047 0.0680714 0.0736047 0.0680714
49452 0.0000383 0.0000357 0.0456356 0.0424849 0.0456356 0.0424849 0.0456356 0.0424849
49453 0.0000425 0.0000397 0.0488644 0.0455977 0.0488644 0.0455977 0.0488644 0.0455977
49454 0.0000269 0.0000252 0.0309715 0.0289585 0.0309715 0.0289585 0.0309715 0.0289585
49455 0.0000099 0.0000093 0.0108264 0.0101333 0.0108264 0.0101333 0.0108264 0.0101333
49456 0.0000258 0.0000242 0.0281668 0.0263895 0.0281668 0.0263895 0.0281668 0.0263895
49457 0.0000388 0.0000365 0.0394758 0.0371438 0.0394758 0.0371438 0.0394758 0.0371438
49464 0.0000463 0.0000412 0.0875421 0.0779888 0.0875421 0.0779888 0.0875421 0.0779888
49466 0.0000298 0.0000269 0.0499135 0.0451382 0.0499135 0.0451382 0.0499135 0.0451382
49468 0.0000419 0.0000383 0.0615031 0.0562896 0.0615031 0.0562896 0.0615031 0.0562896
49652 0.0000151 0.0000134 0.0321573 0.0283940 0.0321573 0.0283940 0.0321573 0.0283940
49653 0.0000267 0.0000237 0.0510528 0.0453185 0.0510528 0.0453185 0.0510528 0.0453185
49655 0.0000893 0.0000807 0.1707360 0.1542671 0.1707360 0.1542671 0.1707360 0.1542671
49656 0.0000511 0.0000467 0.0767644 0.0701387 0.0767644 0.0701387 0.0767644 0.0701387
49657 0.0000082 0.0000075 0.0122534 0.0112444 0.0122534 0.0112444 0.0122534 0.0112444
49658 0.0000117 0.0000107 0.0175856 0.0161547 0.0175856 0.0161547 0.0175856 0.0161547
49659 0.0000459 0.0000422 0.0689230 0.0634800 0.0689230 0.0634800 0.0689230 0.0634800
49660 0.0000241 0.0000222 0.0361877 0.0334259 0.0361877 0.0334259 0.0361877 0.0334259
49661 0.0000343 0.0000318 0.0515636 0.0478037 0.0515636 0.0478037 0.0515636 0.0478037
49662 0.0000232 0.0000216 0.0281314 0.0261335 0.0281314 0.0261335 0.0281314 0.0261335
49664 0.0000227 0.0000211 0.0274933 0.0255881 0.0274933 0.0255881 0.0274933 0.0255881
49665 0.0000633 0.0000591 0.0736557 0.0687049 0.0736557 0.0687049 0.0736557 0.0687049
49666 0.0000396 0.0000371 0.0432950 0.0405436 0.0432950 0.0405436 0.0432950 0.0405436
49736 0.0000086 0.0000078 0.0139647 0.0126290 0.0139647 0.0126290 0.0139647 0.0126290
49737 0.0000168 0.0000152 0.0272584 0.0247543 0.0272584 0.0247543 0.0272584 0.0247543
49742 0.0000194 0.0000179 0.0273928 0.0251962 0.0273928 0.0251962 0.0273928 0.0251962
49743 0.0000235 0.0000217 0.0331354 0.0305523 0.0331354 0.0305523 0.0331354 0.0305523
49749 0.0000268 0.0000250 0.0320066 0.0297966 0.0320066 0.0297966 0.0320066 0.0297966
49751 0.0000691 0.0000648 0.0744363 0.0698625 0.0744363 0.0698625 0.0744363 0.0698625
49752 0.0000167 0.0000157 0.0167397 0.0157566 0.0167397 0.0157566 0.0167397 0.0157566
49756 0.0000166 0.0000145 0.0390227 0.0340928 0.0390227 0.0340928 0.0390227 0.0340928
49758 0.0000309 0.0000273 0.0605809 0.0536085 0.0605809 0.0536085 0.0605809 0.0536085
49760 0.0000354 0.0000319 0.0599230 0.0540479 0.0599230 0.0540479 0.0599230 0.0540479
49761 0.0000115 0.0000105 0.0195367 0.0176822 0.0195367 0.0176822 0.0195367 0.0176822
49762 0.0000091 0.0000082 0.0153327 0.0139033 0.0153327 0.0139033 0.0153327 0.0139033
49763 0.0000399 0.0000363 0.0674498 0.0613510 0.0674498 0.0613510 0.0674498 0.0613510
49910 0.0000385 0.0000332 0.0907355 0.0782366 0.0907355 0.0782366 0.0907355 0.0782366
49914 0.0000355 0.0000313 0.0835878 0.0736839 0.0835878 0.0736839 0.0835878 0.0736839
49919 0.0000274 0.0000247 0.0474085 0.0427603 0.0474085 0.0427603 0.0474085 0.0427603
49921 0.0000098 0.0000088 0.0154307 0.0139968 0.0154307 0.0139968 0.0154307 0.0139968
49922 0.0000652 0.0000595 0.0998714 0.0910921 0.0998714 0.0910921 0.0998714 0.0910921
49923 0.0000893 0.0000820 0.1261234 0.1159242 0.1261234 0.1159242 0.1261234 0.1159242
49925 0.0000199 0.0000184 0.0261803 0.0241585 0.0261803 0.0241585 0.0261803 0.0241585
49926 0.0000321 0.0000297 0.0421911 0.0390018 0.0421911 0.0390018 0.0421911 0.0390018
49928 0.0000073 0.0000067 0.0095600 0.0088541 0.0095600 0.0088541 0.0095600 0.0088541
49929 0.0000073 0.0000068 0.0096217 0.0089168 0.0096217 0.0089168 0.0096217 0.0089168
49930 0.0000074 0.0000068 0.0103109 0.0095648 0.0103109 0.0095648 0.0103109 0.0095648
49932 0.0000146 0.0000136 0.0177431 0.0165181 0.0177431 0.0165181 0.0177431 0.0165181
49934 0.0000458 0.0000428 0.0523830 0.0489067 0.0523830 0.0489067 0.0523830 0.0489067
49959 0.0000194 0.0000174 0.0338143 0.0303607 0.0338143 0.0303607 0.0338143 0.0303607
49960 0.0000209 0.0000189 0.0364162 0.0328226 0.0364162 0.0328226 0.0364162 0.0328226
49961 0.0000664 0.0000602 0.1155782 0.1048072 0.1155782 0.1048072 0.1155782 0.1048072
49962 0.0000261 0.0000238 0.0392483 0.0357799 0.0392483 0.0357799 0.0392483 0.0357799
49964 0.0000286 0.0000261 0.0430080 0.0393291 0.0430080 0.0393291 0.0430080 0.0393291
49965 0.0000334 0.0000307 0.0503419 0.0461588 0.0503419 0.0461588 0.0503419 0.0461588
49966 0.0000320 0.0000294 0.0440451 0.0404913 0.0440451 0.0404913 0.0440451 0.0404913
49967 0.0000239 0.0000220 0.0328921 0.0303109 0.0328921 0.0303109 0.0328921 0.0303109
49968 0.0000585 0.0000541 0.0805962 0.0744900 0.0805962 0.0744900 0.0805962 0.0744900
49969 0.0000956 0.0000890 0.1164931 0.1083517 0.1164931 0.1083517 0.1164931 0.1083517
49970 0.0000914 0.0000853 0.1049679 0.0980442 0.1049679 0.0980442 0.1049679 0.0980442
50033 0.0000080 0.0000071 0.0175417 0.0155288 0.0175417 0.0155288 0.0175417 0.0155288
50034 0.0000593 0.0000535 0.1031618 0.0931653 0.1031618 0.0931653 0.1031618 0.0931653
50036 0.0000261 0.0000240 0.0375487 0.0343946 0.0375487 0.0343946 0.0375487 0.0343946
50045 0.0000588 0.0000548 0.0707162 0.0658689 0.0707162 0.0658689 0.0707162 0.0658689
50046 0.0000286 0.0000267 0.0316105 0.0295715 0.0316105 0.0295715 0.0316105 0.0295715
50047 0.0000329 0.0000308 0.0363589 0.0340657 0.0363589 0.0340657 0.0363589 0.0340657
50048 0.0000876 0.0000823 0.0969302 0.0910511 0.0969302 0.0910511 0.0969302 0.0910511
50067 0.0000291 0.0000261 0.0535982 0.0479583 0.0535982 0.0479583 0.0535982 0.0479583
50068 0.0000317 0.0000286 0.0535213 0.0482863 0.0535213 0.0482863 0.0535213 0.0482863
50070 0.0000204 0.0000186 0.0326043 0.0295961 0.0326043 0.0295961 0.0326043 0.0295961
50073 0.0000179 0.0000164 0.0273408 0.0250314 0.0273408 0.0250314 0.0273408 0.0250314
50074 0.0000178 0.0000163 0.0249812 0.0229167 0.0249812 0.0229167 0.0249812 0.0229167
50075 0.0000315 0.0000289 0.0433483 0.0398633 0.0433483 0.0398633 0.0433483 0.0398633
50076 0.0000228 0.0000211 0.0295681 0.0273208 0.0295681 0.0273208 0.0295681 0.0273208
50077 0.0000079 0.0000073 0.0100123 0.0092716 0.0100123 0.0092716 0.0100123 0.0092716
50232 0.0000354 0.0000325 0.0510946 0.0468390 0.0510946 0.0468390 0.0510946 0.0468390
50253 0.0000152 0.0000141 0.0194450 0.0179863 0.0194450 0.0179863 0.0194450 0.0179863
50262 0.0000748 0.0000695 0.0955753 0.0887585 0.0955753 0.0887585 0.0955753 0.0887585
50283 0.0000983 0.0000920 0.1135169 0.1062624 0.1135169 0.1062624 0.1135169 0.1062624
50313 0.0000674 0.0000634 0.0707160 0.0664847 0.0707160 0.0664847 0.0707160 0.0664847
50330 0.0000466 0.0000439 0.0463341 0.0436564 0.0463341 0.0436564 0.0463341 0.0436564
50343 0.0000606 0.0000572 0.0587681 0.0554764 0.0587681 0.0554764 0.0587681 0.0554764
50356 0.0000285 0.0000269 0.0267153 0.0252533 0.0267153 0.0252533 0.0267153 0.0252533
50376 0.0000580 0.0000549 0.0531566 0.0503587 0.0531566 0.0503587 0.0531566 0.0503587
50377 0.0000309 0.0000293 0.0269215 0.0255521 0.0269215 0.0255521 0.0269215 0.0255521
50380 0.0000116 0.0000110 0.0097211 0.0092451 0.0097211 0.0092451 0.0097211 0.0092451
50417 0.0000183 0.0000176 0.0123245 0.0118556 0.0123245 0.0118556 0.0123245 0.0118556
50424 0.0000547 0.0000529 0.0368227 0.0355703 0.0368227 0.0355703 0.0368227 0.0355703
50463 0.0000420 0.0000385 0.0638691 0.0584908 0.0638691 0.0584908 0.0638691 0.0584908
50464 0.0001030 0.0000954 0.1380600 0.1278860 0.1380600 0.1278860 0.1380600 0.1278860
50465 0.0000303 0.0000283 0.0348341 0.0325069 0.0348341 0.0325069 0.0348341 0.0325069
50466 0.0000914 0.0000860 0.0958599 0.0901757 0.0958599 0.0901757 0.0958599 0.0901757
50467 0.0000206 0.0000195 0.0199978 0.0188668 0.0199978 0.0188668 0.0199978 0.0188668
50468 0.0000327 0.0000309 0.0316869 0.0299302 0.0316869 0.0299302 0.0316869 0.0299302
50470 0.0000195 0.0000185 0.0189329 0.0179056 0.0189329 0.0179056 0.0189329 0.0179056
50471 0.0000092 0.0000087 0.0089537 0.0084731 0.0089537 0.0084731 0.0089537 0.0084731
50483 0.0000153 0.0000145 0.0147951 0.0140433 0.0147951 0.0140433 0.0147951 0.0140433
50491 0.0000336 0.0000307 0.0501868 0.0458972 0.0501868 0.0458972 0.0501868 0.0458972
50492 0.0000660 0.0000607 0.0929137 0.0854491 0.0929137 0.0854491 0.0929137 0.0854491
50493 0.0000297 0.0000274 0.0388515 0.0358898 0.0388515 0.0358898 0.0388515 0.0358898
50496 0.0000983 0.0000913 0.1285143 0.1193828 0.1285143 0.1193828 0.1285143 0.1193828
50497 0.0000756 0.0000706 0.0864178 0.0807523 0.0864178 0.0807523 0.0864178 0.0807523
50500 0.0000895 0.0000841 0.0948294 0.0891339 0.0948294 0.0891339 0.0948294 0.0891339
50501 0.0000728 0.0000686 0.0718144 0.0677531 0.0718144 0.0677531 0.0718144 0.0677531
50517 0.0000067 0.0000061 0.0091308 0.0083923 0.0091308 0.0083923 0.0091308 0.0083923
50520 0.0000339 0.0000313 0.0465151 0.0429253 0.0465151 0.0429253 0.0465151 0.0429253
50522 0.0000168 0.0000155 0.0229832 0.0213005 0.0229832 0.0213005 0.0229832 0.0213005
50526 0.0000338 0.0000314 0.0414218 0.0384943 0.0414218 0.0384943 0.0414218 0.0384943
50527 0.0000171 0.0000159 0.0200772 0.0186945 0.0200772 0.0186945 0.0200772 0.0186945
50528 0.0000279 0.0000260 0.0327443 0.0305446 0.0327443 0.0305446 0.0327443 0.0305446
50529 0.0000574 0.0000537 0.0644424 0.0602530 0.0644424 0.0602530 0.0644424 0.0602530
50530 0.0000159 0.0000149 0.0172826 0.0161868 0.0172826 0.0161868 0.0172826 0.0161868
50531 0.0000089 0.0000083 0.0096537 0.0090477 0.0096537 0.0090477 0.0096537 0.0090477
50535 0.0000154 0.0000145 0.0163756 0.0153670 0.0163756 0.0153670 0.0163756 0.0153670
50536 0.0000615 0.0000579 0.0652384 0.0613412 0.0652384 0.0613412 0.0652384 0.0613412
50545 0.0000254 0.0000228 0.0478777 0.0429403 0.0478777 0.0429403 0.0478777 0.0429403
50546 0.0000222 0.0000200 0.0367272 0.0332006 0.0367272 0.0332006 0.0367272 0.0332006
50548 0.0000338 0.0000307 0.0530894 0.0482894 0.0530894 0.0482894 0.0530894 0.0482894
50549 0.0000351 0.0000323 0.0487750 0.0448488 0.0487750 0.0448488 0.0487750 0.0448488
50550 0.0000469 0.0000433 0.0651439 0.0601333 0.0651439 0.0601333 0.0651439 0.0601333
50551 0.0000291 0.0000269 0.0366742 0.0339713 0.0366742 0.0339713 0.0366742 0.0339713
50552 0.0000951 0.0000886 0.1200725 0.1118108 0.1200725 0.1118108 0.1200725 0.1118108
50553 0.0000236 0.0000220 0.0260493 0.0243664 0.0260493 0.0243664 0.0260493 0.0243664
50554 0.0000451 0.0000423 0.0499191 0.0467743 0.0499191 0.0467743 0.0499191 0.0467743
50558 0.0000516 0.0000457 0.1032882 0.0914209 0.1032882 0.0914209 0.1032882 0.0914209
50560 0.0000491 0.0000444 0.0858053 0.0777211 0.0858053 0.0777211 0.0858053 0.0777211
50561 0.0000266 0.0000243 0.0399406 0.0364564 0.0399406 0.0364564 0.0399406 0.0364564
50562 0.0000253 0.0000232 0.0379373 0.0347629 0.0379373 0.0347629 0.0379373 0.0347629
50563 0.0000141 0.0000130 0.0195861 0.0179922 0.0195861 0.0179922 0.0195861 0.0179922
50564 0.0000114 0.0000105 0.0158176 0.0145542 0.0158176 0.0145542 0.0158176 0.0145542
50565 0.0000383 0.0000353 0.0529788 0.0488808 0.0529788 0.0488808 0.0529788 0.0488808
50569 0.0000145 0.0000135 0.0185703 0.0171989 0.0185703 0.0171989 0.0185703 0.0171989
50570 0.0000215 0.0000200 0.0262386 0.0243634 0.0262386 0.0243634 0.0262386 0.0243634
50596 0.0000809 0.0000715 0.1669579 0.1476530 0.1669579 0.1476530 0.1669579 0.1476530
50597 0.0000160 0.0000145 0.0254510 0.0230483 0.0254510 0.0230483 0.0254510 0.0230483
50598 0.0000236 0.0000214 0.0370907 0.0336947 0.0370907 0.0336947 0.0370907 0.0336947
50599 0.0000604 0.0000552 0.0950107 0.0868298 0.0950107 0.0868298 0.0950107 0.0868298
50600 0.0000307 0.0000282 0.0428668 0.0393834 0.0428668 0.0393834 0.0428668 0.0393834
50601 0.0000204 0.0000188 0.0284165 0.0261890 0.0284165 0.0261890 0.0284165 0.0261890
50602 0.0000302 0.0000279 0.0421551 0.0389689 0.0421551 0.0389689 0.0421551 0.0389689
50603 0.0000828 0.0000771 0.1155579 0.1075649 0.1155579 0.1075649 0.1155579 0.1075649
50604 0.0000077 0.0000071 0.0086263 0.0080553 0.0086263 0.0080553 0.0086263 0.0080553
50605 0.0000294 0.0000275 0.0331428 0.0309862 0.0331428 0.0309862 0.0331428 0.0309862
50606 0.0000559 0.0000524 0.0630514 0.0590707 0.0630514 0.0590707 0.0630514 0.0590707
50607 0.0000151 0.0000142 0.0170638 0.0160265 0.0170638 0.0160265 0.0170638 0.0160265
50613 0.0000461 0.0000407 0.0937572 0.0828822 0.0937572 0.0828822 0.0937572 0.0828822
50614 0.0000237 0.0000213 0.0442602 0.0397346 0.0442602 0.0397346 0.0442602 0.0397346
50615 0.0000161 0.0000145 0.0299718 0.0271598 0.0299718 0.0271598 0.0299718 0.0271598
50616 0.0000226 0.0000206 0.0422159 0.0384908 0.0422159 0.0384908 0.0422159 0.0384908
50617 0.0000169 0.0000155 0.0315384 0.0289169 0.0315384 0.0289169 0.0315384 0.0289169
50650 0.0000075 0.0000068 0.0119369 0.0108388 0.0119369 0.0108388 0.0119369 0.0108388
50654 0.0000256 0.0000236 0.0370030 0.0340330 0.0370030 0.0340330 0.0370030 0.0340330
50655 0.0000158 0.0000146 0.0196540 0.0182215 0.0196540 0.0182215 0.0196540 0.0182215
50656 0.0000552 0.0000514 0.0688297 0.0640062 0.0688297 0.0640062 0.0688297 0.0640062
50658 0.0000679 0.0000634 0.0783784 0.0732176 0.0783784 0.0732176 0.0783784 0.0732176
50660 0.0000155 0.0000145 0.0163594 0.0153570 0.0163594 0.0153570 0.0163594 0.0153570
50661 0.0000079 0.0000075 0.0083985 0.0078895 0.0083985 0.0078895 0.0083985 0.0078895
50662 0.0000174 0.0000163 0.0183774 0.0172758 0.0183774 0.0172758 0.0183774 0.0172758
50663 0.0000346 0.0000325 0.0365229 0.0343855 0.0365229 0.0343855 0.0365229 0.0343855
50664 0.0000347 0.0000327 0.0366256 0.0345330 0.0366256 0.0345330 0.0366256 0.0345330
50665 0.0000111 0.0000105 0.0117178 0.0110591 0.0117178 0.0110591 0.0117178 0.0110591
50666 0.0000095 0.0000090 0.0100828 0.0095226 0.0100828 0.0095226 0.0100828 0.0095226
50667 0.0000567 0.0000536 0.0599079 0.0566502 0.0599079 0.0566502 0.0599079 0.0566502
50668 0.0000606 0.0000574 0.0640139 0.0606588 0.0640139 0.0606588 0.0640139 0.0606588
50669 0.0000414 0.0000393 0.0362360 0.0343942 0.0362360 0.0343942 0.0362360 0.0343942
50670 0.0000100 0.0000095 0.0087887 0.0083602 0.0087887 0.0083602 0.0087887 0.0083602
50671 0.0000291 0.0000277 0.0254753 0.0242491 0.0254753 0.0242491 0.0254753 0.0242491
50672 0.0000071 0.0000068 0.0056014 0.0053437 0.0056014 0.0053437 0.0056014 0.0053437
50673 0.0000217 0.0000207 0.0170907 0.0163108 0.0170907 0.0163108 0.0170907 0.0163108
50674 0.0000291 0.0000278 0.0219726 0.0210081 0.0219726 0.0210081 0.0219726 0.0210081
50675 0.0000406 0.0000388 0.0306374 0.0293140 0.0306374 0.0293140 0.0306374 0.0293140
50676 0.0000128 0.0000123 0.0096671 0.0092549 0.0096671 0.0092549 0.0096671 0.0092549
50677 0.0000150 0.0000143 0.0107355 0.0102871 0.0107355 0.0102871 0.0107355 0.0102871
50678 0.0000138 0.0000132 0.0098773 0.0094682 0.0098773 0.0094682 0.0098773 0.0094682
50679 0.0000316 0.0000303 0.0226672 0.0217395 0.0226672 0.0217395 0.0226672 0.0217395
50853 0.0000239 0.0000222 0.0314261 0.0291103 0.0314261 0.0291103 0.0314261 0.0291103
50854 0.0000086 0.0000080 0.0112421 0.0104523 0.0112421 0.0104523 0.0112421 0.0104523
50857 0.0000928 0.0000869 0.1056717 0.0989714 0.1056717 0.0989714 0.1056717 0.0989714
50862 0.0000420 0.0000397 0.0428958 0.0405366 0.0428958 0.0405366 0.0428958 0.0405366
50863 0.0000117 0.0000111 0.0119593 0.0113138 0.0119593 0.0113138 0.0119593 0.0113138
50874 0.0000436 0.0000399 0.0642056 0.0587465 0.0642056 0.0587465 0.0642056 0.0587465
50875 0.0000310 0.0000285 0.0456362 0.0419421 0.0456362 0.0419421 0.0456362 0.0419421
50876 0.0000341 0.0000314 0.0501943 0.0462813 0.0501943 0.0462813 0.0501943 0.0462813
50885 0.0000339 0.0000299 0.0683853 0.0603579 0.0683853 0.0603579 0.0683853 0.0603579
50886 0.0000238 0.0000212 0.0480168 0.0427302 0.0480168 0.0427302 0.0480168 0.0427302
50887 0.0000119 0.0000108 0.0240733 0.0217407 0.0240733 0.0217407 0.0240733 0.0217407
50889 0.0000070 0.0000063 0.0140828 0.0127740 0.0140828 0.0127740 0.0140828 0.0127740
50897 0.0000156 0.0000143 0.0220109 0.0201824 0.0220109 0.0201824 0.0220109 0.0201824
50962 0.0000235 0.0000216 0.0353500 0.0324834 0.0353500 0.0324834 0.0353500 0.0324834
50965 0.0000198 0.0000182 0.0297060 0.0273895 0.0297060 0.0273895 0.0297060 0.0273895
50969 0.0000332 0.0000307 0.0428393 0.0396338 0.0428393 0.0396338 0.0428393 0.0396338
50973 0.0000279 0.0000259 0.0360463 0.0334510 0.0360463 0.0334510 0.0360463 0.0334510
50981 0.0000554 0.0000517 0.0714318 0.0667022 0.0714318 0.0667022 0.0714318 0.0667022
50987 0.0000404 0.0000379 0.0440325 0.0412947 0.0440325 0.0412947 0.0440325 0.0412947
50992 0.0000333 0.0000313 0.0363493 0.0341663 0.0363493 0.0341663 0.0363493 0.0341663
50996 0.0000358 0.0000337 0.0390107 0.0367382 0.0390107 0.0367382 0.0390107 0.0367382
51002 0.0000120 0.0000113 0.0130652 0.0123237 0.0130652 0.0123237 0.0130652 0.0123237
51008 0.0000157 0.0000148 0.0150474 0.0142165 0.0150474 0.0142165 0.0150474 0.0142165
51012 0.0000354 0.0000334 0.0339042 0.0320755 0.0339042 0.0320755 0.0339042 0.0320755
51015 0.0000484 0.0000459 0.0464317 0.0440030 0.0464317 0.0440030 0.0464317 0.0440030
51093 0.0000096 0.0000085 0.0188003 0.0166594 0.0188003 0.0166594 0.0188003 0.0166594
51095 0.0000031 0.0000030 0.0060567 0.0058768 0.0060567 0.0058768 0.0060567 0.0058768
51107 0.0000107 0.0000105 0.0037303 0.0036564 0.0037303 0.0036564 0.0037303 0.0036564
51109 0.0000262 0.0000257 0.0091254 0.0089467 0.0091254 0.0089467 0.0091254 0.0089467
51152 0.0000182 0.0000167 0.0253718 0.0233077 0.0253718 0.0233077 0.0253718 0.0233077
51154 0.0000097 0.0000090 0.0134991 0.0124589 0.0134991 0.0124589 0.0134991 0.0124589
51159 0.0000881 0.0000820 0.1225775 0.1140998 0.1225775 0.1140998 0.1225775 0.1140998
51160 0.0000436 0.0000409 0.0473360 0.0444244 0.0473360 0.0444244 0.0473360 0.0444244
51161 0.0000811 0.0000767 0.0879598 0.0832236 0.0879598 0.0832236 0.0879598 0.0832236
51162 0.0000329 0.0000314 0.0272569 0.0259692 0.0272569 0.0259692 0.0272569 0.0259692
51163 0.0000088 0.0000084 0.0072914 0.0069605 0.0072914 0.0069605 0.0072914 0.0069605
51165 0.0000120 0.0000115 0.0099519 0.0095143 0.0099519 0.0095143 0.0099519 0.0095143
51166 0.0000094 0.0000090 0.0077627 0.0074286 0.0077627 0.0074286 0.0077627 0.0074286
51167 0.0000309 0.0000296 0.0255826 0.0245187 0.0255826 0.0245187 0.0255826 0.0245187
51171 0.0000315 0.0000281 0.0587541 0.0523639 0.0587541 0.0523639 0.0587541 0.0523639
51172 0.0000091 0.0000081 0.0168812 0.0151842 0.0168812 0.0151842 0.0168812 0.0151842
51175 0.0000284 0.0000259 0.0439989 0.0401343 0.0439989 0.0401343 0.0439989 0.0401343
51176 0.0000251 0.0000231 0.0343991 0.0316691 0.0343991 0.0316691 0.0343991 0.0316691
51177 0.0000084 0.0000078 0.0115541 0.0106780 0.0115541 0.0106780 0.0115541 0.0106780
51178 0.0000467 0.0000434 0.0586410 0.0544258 0.0586410 0.0544258 0.0586410 0.0544258
51179 0.0000237 0.0000222 0.0258680 0.0242274 0.0258680 0.0242274 0.0258680 0.0242274
51180 0.0000088 0.0000082 0.0092876 0.0087111 0.0092876 0.0087111 0.0092876 0.0087111
51181 0.0000359 0.0000337 0.0375208 0.0352669 0.0375208 0.0352669 0.0375208 0.0352669
51182 0.0000111 0.0000104 0.0109833 0.0103457 0.0109833 0.0103457 0.0109833 0.0103457
51183 0.0000111 0.0000105 0.0108744 0.0102517 0.0108744 0.0102517 0.0108744 0.0102517
51187 0.0000093 0.0000088 0.0089609 0.0084613 0.0089609 0.0084613 0.0089609 0.0084613
51188 0.0000199 0.0000188 0.0192035 0.0181507 0.0192035 0.0181507 0.0192035 0.0181507
51200 0.0000270 0.0000246 0.0444697 0.0405155 0.0444697 0.0405155 0.0444697 0.0405155
51201 0.0000352 0.0000325 0.0465975 0.0431069 0.0465975 0.0431069 0.0465975 0.0431069
51202 0.0000286 0.0000266 0.0378834 0.0352508 0.0378834 0.0352508 0.0378834 0.0352508
51206 0.0000524 0.0000491 0.0595343 0.0557234 0.0595343 0.0557234 0.0595343 0.0557234
51208 0.0000359 0.0000338 0.0408117 0.0383514 0.0408117 0.0383514 0.0408117 0.0383514
51209 0.0000474 0.0000447 0.0474102 0.0446882 0.0474102 0.0446882 0.0474102 0.0446882
51210 0.0000441 0.0000417 0.0420533 0.0397508 0.0420533 0.0397508 0.0420533 0.0397508
51211 0.0000497 0.0000472 0.0474544 0.0449896 0.0474544 0.0449896 0.0474544 0.0449896
51212 0.0000884 0.0000840 0.0766105 0.0728313 0.0766105 0.0728313 0.0766105 0.0728313
51213 0.0000119 0.0000113 0.0096832 0.0092229 0.0096832 0.0092229 0.0096832 0.0092229
51214 0.0000186 0.0000178 0.0151636 0.0144514 0.0151636 0.0144514 0.0151636 0.0144514
51215 0.0000707 0.0000675 0.0575504 0.0549302 0.0575504 0.0549302 0.0575504 0.0549302
51217 0.0000106 0.0000102 0.0080820 0.0077241 0.0080820 0.0077241 0.0080820 0.0077241
51220 0.0000308 0.0000272 0.0607048 0.0537823 0.0607048 0.0537823 0.0607048 0.0537823
51222 0.0000432 0.0000397 0.0670253 0.0615063 0.0670253 0.0615063 0.0670253 0.0615063
51225 0.0000197 0.0000184 0.0235801 0.0220130 0.0235801 0.0220130 0.0235801 0.0220130
51226 0.0000089 0.0000083 0.0097235 0.0091077 0.0097235 0.0091077 0.0097235 0.0091077
51228 0.0000757 0.0000714 0.0802011 0.0756901 0.0802011 0.0756901 0.0802011 0.0756901
51229 0.0000359 0.0000341 0.0317593 0.0301665 0.0317593 0.0301665 0.0317593 0.0301665
51230 0.0000261 0.0000249 0.0212155 0.0202269 0.0212155 0.0202269 0.0212155 0.0202269
51234 0.0001002 0.0000895 0.2017330 0.1801087 0.2017330 0.1801087 0.2017330 0.1801087
51236 0.0000308 0.0000284 0.0420767 0.0388454 0.0420767 0.0388454 0.0420767 0.0388454
51237 0.0000257 0.0000239 0.0315132 0.0293065 0.0315132 0.0293065 0.0315132 0.0293065
51274 0.0000338 0.0000327 0.0197613 0.0191380 0.0197613 0.0191380 0.0197613 0.0191380
51277 0.0000073 0.0000071 0.0424754 0.0413348 0 0 0.0212377 0.0206674
51279 0.0000059 0.0000057 0.0343887 0.0335560 0.0343887 0.0335560 0.0343887 0.0335560
51281 0.0000053 0.0000051 0.0307119 0.0300127 0.0307119 0.0300127 0.0307119 0.0300127
51282 0.0000130 0.0000127 0.0519383 0.0508412 0.0519383 0.0508412 0.0519383 0.0508412
51283 0.0000084 0.0000082 0.0335391 0.0328752 0.0335391 0.0328752 0.0335391 0.0328752
51284 0.0000116 0.0000114 0.0462898 0.0454236 0.0462898 0.0454236 0.0462898 0.0454236
51285 0.0000046 0.0000045 0.0092545 0.0090874 0.0092545 0.0090874 0.0092545 0.0090874
51286 0.0000042 0.0000041 0.0084225 0.0082725 0.0084225 0.0082725 0.0084225 0.0082725
51297 0.0000087 0.0000085 0.0509832 0.0496343 0.0509832 0.0496343 0.0254915 0.0248171
51298 0.0000100 0.0000097 0.0581716 0.0567853 0.0581716 0.0567853 0.0290858 0.0283926
51300 0.0000074 0.0000072 0.0429641 0.0420309 0.0429641 0.0420309 0.0429641 0.0420309
51301 0.0000090 0.0000088 0.0522974 0.0512331 0.0522974 0.0512331 0.0522974 0.0512331
51334 0.0000038 0.0000037 0.0189459 0.0182951 0.0189459 0.0182951 0.0189459 0.0182951
51335 0.0000088 0.0000086 0.0442071 0.0428260 0.0442071 0.0428260 0.0442071 0.0428260
51336 0.0000018 0.0000017 0.0089896 0.0087321 0.0089896 0.0087321 0.0089896 0.0087321
51337 0.0000131 0.0000128 0.0657456 0.0639981 0.0657456 0.0639981 0.0657456 0.0639981
51338 0.0000118 0.0000115 0.0591090 0.0576889 0.0591090 0.0576889 0.0591090 0.0576889
51339 0.0000109 0.0000106 0.0544041 0.0532029 0.0544041 0.0532029 0.0544041 0.0532029
51370 0.0000079 0.0000079 0.0012712 0.0012676 0.0012712 0.0012676 0.0012712 0.0012676
51374 0.0000090 0.0000090 0.0014444 0.0014395 0.0014444 0.0014395 0.0014444 0.0014395
51395 0.0000179 0.0000176 0.0066834 0.0065585 0.0066834 0.0065585 0.0066834 0.0065585
51396 0.0001100 0.0001080 0.0239798 0.0235422 0.0239798 0.0235422 0.0239798 0.0235422
51487 0.0000367 0.0000357 0.0213905 0.0208127 0 0 0 0
51490 0.0000059 0.0000058 0.0294753 0.0287864 0.0294753 0.0287864 0.0294753 0.0287864
51491 0.0000158 0.0000154 0.0485904 0.0475431 0.0485904 0.0475431 0.0485904 0.0475431
51492 0.0000034 0.0000034 0.0061130 0.0059885 0.0061130 0.0059885 0.0061130 0.0059885
51493 0.0000375 0.0000368 0.0345863 0.0339070 0.0345863 0.0339070 0.0345863 0.0339070
51494 0.0000505 0.0000496 0.0402377 0.0394971 0.0402377 0.0394971 0.0402377 0.0394971
51495 0.0000274 0.0000269 0.0197645 0.0194178 0.0197645 0.0194178 0.0197645 0.0194178
51502 0.0000050 0.0000048 0.0064572 0.0062730 0 0 0 0
51504 0.0000088 0.0000085 0.0199374 0.0194232 0 0 0 0
51505 0.0000225 0.0000220 0.0395419 0.0386281 0 0 0 0
51506 0.0000061 0.0000060 0.0086212 0.0084360 0 0 0 0
51508 0.0000268 0.0000263 0.0368692 0.0361259 0 0 0 0
51509 0.0000197 0.0000193 0.0229587 0.0225233 0 0 0 0
51510 0.0000265 0.0000260 0.0291104 0.0285836 0 0 0 0
51511 0.0000301 0.0000296 0.0305868 0.0300596 0 0 0 0
51512 0.0000185 0.0000182 0.0176973 0.0174030 0 0 0 0
51517 0.0000049 0.0000047 0.0207096 0.0200597 0 0 0 0
51518 0.0000149 0.0000145 0.0635740 0.0618066 0 0 0 0
51520 0.0000082 0.0000080 0.0493008 0.0481499 0 0 0 0
51562 0.0000047 0.0000046 0.0340552 0.0332465 0 0 0 0
51563 0.0000032 0.0000031 0.0160219 0.0156611 0 0 0 0
51564 0.0000109 0.0000106 0.0517836 0.0506956 0 0 0 0
51565 0.0000059 0.0000057 0.0260614 0.0255464 0 0 0 0
51570 0.0000083 0.0000080 0.0156957 0.0152062 0 0 0 0
51572 0.0000021 0.0000021 0.0188324 0.0183053 0 0 0 0
51573 0.0000099 0.0000096 0.0629509 0.0613204 0 0 0 0
51574 0.0000100 0.0000098 0.0575282 0.0561756 0 0 0 0
51575 0.0000043 0.0000042 0.0190866 0.0186618 0 0 0 0
51576 0.0000027 0.0000026 0.0113643 0.0111229 0 0 0 0
51605 0.0000012 0.0000011 0.0114067 0.0110465 0 0 0 0
51607 0.0000014 0.0000014 0 0 0.0277540 0.0269914 0 0
51615 0.0000017 0.0000017 0 0 0.0342040 0.0333902 0 0
51616 0.0000024 0.0000023 0 0 0.0462139 0.0451987 0 0
51618 0.0000024 0.0000023 0 0 0.0462061 0.0453329 0 0
51619 0.0000012 0.0000012 0 0 0.0232231 0.0228046 0 0
51709 0.0000069 0.0000067 0 0 0.0525533 0.0514310 0.0525533 0.0514310
51710 0.0000037 0.0000036 0 0 0.0258684 0.0253466 0.0258684 0.0253466
51711 0.0000036 0.0000035 0 0 0.0246796 0.0241989 0.0246796 0.0241989
51713 0.0000007 0.0000006 0 0 0.0041112 0.0040368 0.0041112 0.0040368
51714 0.0000016 0.0000016 0 0 0.0098659 0.0096893 0.0098659 0.0096893
51715 0.0000012 0.0000012 0 0 0.0073136 0.0071845 0.0073136 0.0071845
51716 0.0000010 0.0000010 0 0 0.0058678 0.0057653 0.0058678 0.0057653
51718 0.0000008 0.0000008 0 0 0.0047577 0.0046757 0.0047577 0.0046757
51719 0.0000006 0.0000006 0 0 0.0037054 0.0036425 0.0037054 0.0036425
51735 0.0000012 0.0000012 0 0 0 0 0 0
51736 0.0000030 0.0000029 0 0 0 0 0 0
51740 0.0000015 0.0000015 0 0 0 0 0 0
51741 0.0000057 0.0000056 0 0 0 0 0 0
51742 0.0000022 0.0000021 0 0 0.0136806 0.0134354 0.0136806 0.0134354
51753 0.0000031 0.0000031 0 0 0.0183413 0.0180355 0.0183413 0.0180355
51754 0.0000036 0.0000035 0 0 0.0200617 0.0197389 0.0200617 0.0197389
51777 0.0000024 0.0000023 0 0 0.0233986 0.0227613 0 0
51778 0.0000006 0.0000006 0 0 0.0053672 0.0052280 0 0
51824 0.0000014 0.0000014 0 0 0.0148396 0.0144189 0 0
51825 0.0000065 0.0000063 0 0 0.0605332 0.0590076 0 0
51826 0.0000034 0.0000033 0 0 0.0275544 0.0269215 0.0275544 0.0269215
51827 0.0000067 0.0000066 0 0 0.0491426 0.0481380 0.0491426 0.0481380
51830 0.0000062 0.0000061 0 0 0.0368276 0.0362071 0.0368276 0.0362071
51837 0.0000061 0.0000060 0 0 0.0623008 0.0606519 0 0
51838 0.0000008 0.0000007 0 0 0.0062464 0.0060972 0.0062464 0.0060972
51839 0.0000046 0.0000045 0 0 0.0370740 0.0362420 0.0370740 0.0362420
51841 0.0000005 0.0000005 0 0 0.0036205 0.0035447 0.0036205 0.0035447
51842 0.0000012 0.0000011 0 0 0.0083531 0.0081812 0.0083531 0.0081812
51843 0.0000010 0.0000010 0 0 0.0069323 0.0067924 0.0069323 0.0067924
51854 0.0000016 0.0000015 0 0 0.0092476 0.0090913 0.0092476 0.0090913
51858 0.0000007 0.0000006 0 0 0.0036868 0.0036270 0.0036868 0.0036270
51860 0.0000014 0.0000014 0 0 0.0075699 0.0074545 0.0075699 0.0074545
51865 0.0000006 0.0000006 0 0 0.0067072 0.0065004 0.0067072 0.0065004
51874 0.0000039 0.0000038 0 0 0.0358531 0.0349553 0.0358531 0.0349553
51878 0.0000012 0.0000012 0 0 0.0095089 0.0092943 0.0095089 0.0092943
51881 0.0000066 0.0000065 0 0 0.0508765 0.0498109 0.0508765 0.0498109
51886 0.0000013 0.0000013 0 0 0.0087270 0.0085569 0.0087270 0.0085569
51900 0.0000051 0.0000051 0 0 0.0268406 0.0264457 0.0268406 0.0264457
51901 0.0000006 0.0000006 0 0 0.0030800 0.0030362 0.0030800 0.0030362
51902 0.0000025 0.0000025 0 0 0.0122335 0.0120615 0.0122335 0.0120615
51905 0.0000043 0.0000041 0 0 0.0548135 0.0529945 0 0
51906 0.0000033 0.0000032 0 0 0.0337928 0.0328156 0.0337928 0.0328156
51907 0.0000032 0.0000032 0 0 0.0291282 0.0283889 0.0291282 0.0283889
51908 0.0000014 0.0000014 0 0 0.0120818 0.0117867 0.0120818 0.0117867
51909 0.0000035 0.0000034 0 0 0.0271721 0.0265671 0.0271721 0.0265671
51914 0.0000018 0.0000017 0 0 0.0213623 0.0206470 0 0
51915 0.0000063 0.0000061 0 0 0.0660017 0.0642166 0 0
51921 0.0000041 0.0000040 0 0 0.0347926 0.0339655 0.0347926 0.0339655
51922 0.0000028 0.0000027 0 0 0.0206806 0.0202427 0.0206806 0.0202427
51924 0.0000036 0.0000035 0 0 0.0247549 0.0242698 0.0247549 0.0242698
51925 0.0000028 0.0000028 0 0 0.0182969 0.0179542 0.0182969 0.0179542
51927 0.0000013 0.0000013 0 0 0.0080407 0.0078963 0.0080407 0.0078963
51928 0.0000069 0.0000068 0 0 0.0386919 0.0380723 0.0386919 0.0380723
51929 0.0000027 0.0000026 0 0 0.0144138 0.0141898 0.0144138 0.0141898
51933 0.0000010 0.0000009 0 0 0.0114031 0.0110208 0 0
51934 0.0000006 0.0000006 0 0 0.0071410 0.0069147 0 0
51940 0.0000011 0.0000010 0 0 0.0103821 0.0101174 0.0103821 0.0101174
51941 0.0000021 0.0000020 0 0 0.0181288 0.0176799 0.0181288 0.0176799
51942 0.0000060 0.0000059 0 0 0.0504831 0.0493106 0.0504831 0.0493106
51943 0.0000015 0.0000014 0 0 0.0111425 0.0108988 0.0111425 0.0108988
51944 0.0000005 0.0000005 0 0 0.0040347 0.0039475 0.0040347 0.0039475
51945 0.0000030 0.0000029 0 0 0.0218365 0.0213739 0.0218365 0.0213739
51946 0.0000033 0.0000032 0 0 0.0236896 0.0232025 0.0236896 0.0232025
51949 0.0000020 0.0000020 0 0 0.0127657 0.0125331 0.0127657 0.0125331
51950 0.0000008 0.0000008 0 0 0.0052718 0.0051771 0.0052718 0.0051771
51952 0.0000009 0.0000009 0 0 0.0054214 0.0053253 0.0054214 0.0053253
51953 0.0000008 0.0000008 0 0 0.0048303 0.0047456 0.0048303 0.0047456
51954 0.0000056 0.0000055 0 0 0.0335911 0.0330157 0.0335911 0.0330157
51955 0.0000015 0.0000015 0 0 0.0087293 0.0085835 0.0087293 0.0085835
51958 0.0000006 0.0000006 0 0 0.0033157 0.0032610 0.0033157 0.0032610
51960 0.0000030 0.0000030 0 0 0.0172528 0.0169721 0.0172528 0.0169721
51977 0.0000010 0.0000009 0 0 0.0071820 0.0070332 0.0071820 0.0070332
51978 0.0000010 0.0000009 0 0 0.0066651 0.0065309 0.0066651 0.0065309
51982 0.0000008 0.0000008 0 0 0.0053349 0.0052424 0.0053349 0.0052424
51983 0.0000008 0.0000008 0 0 0.0047034 0.0046242 0.0047034 0.0046242
51985 0.0000040 0.0000039 0 0 0.0228303 0.0224585 0.0228303 0.0224585
51986 0.0000017 0.0000016 0 0 0.0089136 0.0087754 0.0089136 0.0087754
51987 0.0000023 0.0000023 0 0 0.0120901 0.0119099 0.0120901 0.0119099
51988 0.0000049 0.0000048 0 0 0.0246212 0.0242672 0.0246212 0.0242672
51990 0.0000020 0.0000019 0 0 0.0097114 0.0095748 0.0097114 0.0095748
51997 0.0000013 0.0000012 0 0 0.0142513 0.0137974 0 0
51998 0.0000030 0.0000030 0 0 0.0295058 0.0287070 0 0
51999 0.0000013 0.0000013 0 0 0.0113494 0.0110649 0.0113494 0.0110649
52005 0.0000026 0.0000025 0 0 0.0209021 0.0204201 0.0209021 0.0204201
52015 0.0000049 0.0000048 0 0 0.0373772 0.0365737 0.0373772 0.0365737
52018 0.0000058 0.0000056 0 0 0.0407975 0.0399806 0.0407975 0.0399806
52019 0.0000020 0.0000020 0 0 0.0134757 0.0132171 0.0134757 0.0132171
52022 0.0000046 0.0000045 0 0 0.0280404 0.0275566 0.0280404 0.0275566
52025 0.0000011 0.0000011 0 0 0.0143042 0.0138111 0 0
52026 0.0000040 0.0000039 0 0 0.0451954 0.0438055 0 0
52027 0.0000067 0.0000065 0 0 0.0658060 0.0640290 0.0658060 0.0640290
52030 0.0000038 0.0000037 0 0 0.0302251 0.0295395 0.0302251 0.0295395
52032 0.0000014 0.0000013 0 0 0.0096587 0.0094620 0.0096587 0.0094620
52034 0.0000006 0.0000006 0 0 0.0040393 0.0039608 0.0040393 0.0039608
52035 0.0000016 0.0000016 0 0 0.0108493 0.0106406 0.0108493 0.0106406
52036 0.0000008 0.0000008 0 0 0.0055972 0.0054910 0.0055972 0.0054910
52037 0.0000029 0.0000028 0 0 0.0187145 0.0183649 0.0187145 0.0183649
52038 0.0000009 0.0000009 0 0 0.0055966 0.0054964 0.0055966 0.0054964
52043 0.0000032 0.0000031 0 0 0.0310652 0.0302680 0 0
52044 0.0000007 0.0000007 0 0 0.0059507 0.0058068 0.0059507 0.0058068
52045 0.0000066 0.0000065 0 0 0.0540343 0.0528325 0.0540343 0.0528325
52046 0.0000244 0.0000239 0 0 0.0350849 0.0343814 0.0350849 0.0343814
52047 0.0000258 0.0000253 0 0 0.0337258 0.0331047 0.0337258 0.0331047
52048 0.0000340 0.0000334 0 0 0.0412012 0.0405000 0.0412012 0.0405000
52049 0.0000341 0.0000335 0 0 0.0386946 0.0380791 0.0386946 0.0380791
52050 0.0000128 0.0000126 0 0 0.0136285 0.0134209 0.0136285 0.0134209
52052 0.0000095 0.0000093 0 0 0.0096147 0.0094750 0.0096147 0.0094750
52060 0.0000168 0.0000162 0 0 0.0382298 0.0370325 0 0
52062 0.0000095 0.0000093 0 0 0.0184513 0.0179485 0.0184513 0.0179485
52065 0.0000063 0.0000061 0 0 0.0176090 0.0169287 0 0
52067 0.0000329 0.0000318 0 0 0.0785015 0.0760043 0 0
52068 0.0000083 0.0000081 0 0 0.0166346 0.0161591 0.0166346 0.0161591
52069 0.0000216 0.0000210 0 0 0.0417288 0.0405955 0.0417288 0.0405955
52097 0.0000692 0.0000669 0 0 0 0 0 0
52099 0.0000072 0.0000070 0 0 0.0152658 0.0148191 0 0
52101 0.0000053 0.0000052 0 0 0.0102136 0.0099341 0 0
52102 0.0000171 0.0000167 0 0 0.0329414 0.0320932 0 0
52103 0.0000053 0.0000052 0 0 0.0090661 0.0088438 0.0090661 0.0088438
52104 0.0000047 0.0000046 0 0 0.0077570 0.0075735 0.0077570 0.0075735
52107 0.0000340 0.0000333 0 0 0.0470657 0.0461512 0.0470657 0.0461512
52108 0.0000158 0.0000155 0 0 0.0204714 0.0200911 0.0204714 0.0200911
52110 0.0000035 0.0000034 0 0 0.0042326 0.0041578 0.0042326 0.0041578
52111 0.0000162 0.0000159 0 0 0.0196634 0.0193214 0.0196634 0.0193214
52112 0.0000031 0.0000030 0 0 0.0035423 0.0034833 0.0035423 0.0034833
52144 0.0000030 0.0000029 0 0 0.0047155 0.0046138 0.0047155 0.0046138
52145 0.0000077 0.0000075 0 0 0.0113294 0.0110919 0.0113294 0.0110919
52146 0.0000094 0.0000092 0 0 0.0137695 0.0134914 0.0137695 0.0134914
52265 0.0000096 0.0000092 0 0 0.0225220 0.0217755 0 0
52266 0.0000113 0.0000109 0 0 0.0248027 0.0240323 0.0248027 0.0240323
52268 0.0000204 0.0000198 0 0 0.0417727 0.0405826 0.0417727 0.0405826
52269 0.0000339 0.0000330 0 0 0.0622231 0.0606412 0.0311115 0.0303205
52270 0.0000368 0.0000360 0 0 0.0615541 0.0601348 0.0615541 0.0601348
52271 0.0000340 0.0000333 0 0 0.0516887 0.0505841 0.0516887 0.0505841
52276 0.0000204 0.0000200 0 0 0.0276187 0.0270862 0.0276187 0.0270862
52278 0.0000087 0.0000085 0 0 0.0111361 0.0109308 0.0111361 0.0109308
52286 0.0000310 0.0000301 0 0 0.0684142 0.0664935 0 0
52287 0.0000331 0.0000323 0 0 0.0582649 0.0568687 0.0582649 0.0568687
52288 0.0000285 0.0000279 0 0 0.0441781 0.0432323 0.0441781 0.0432323
52289 0.0000087 0.0000085 0 0 0.0121680 0.0119230 0.0121680 0.0119230
52290 0.0000034 0.0000034 0 0 0.0047004 0.0046074 0.0047004 0.0046074
52291 0.0000086 0.0000084 0 0 0.0116704 0.0114436 0.0116704 0.0114436
52292 0.0000140 0.0000137 0 0 0.0184977 0.0181471 0.0184977 0.0181471
52294 0.0000035 0.0000034 0 0 0.0044461 0.0043643 0.0044461 0.0043643
52295 0.0000049 0.0000048 0 0 0.0062021 0.0060890 0.0062021 0.0060890
52296 0.0000030 0.0000029 0 0 0.0036736 0.0036076 0.0036736 0.0036076
52302 0.0000087 0.0000084 0 0 0.0213400 0.0206228 0 0
52303 0.0000029 0.0000028 0 0 0.0063134 0.0061171 0.0063134 0.0061171
52304 0.0000049 0.0000048 0 0 0.0103645 0.0100527 0.0103645 0.0100527
52308 0.0000030 0.0000029 0 0 0.0056018 0.0054487 0.0056018 0.0054487
52309 0.0000053 0.0000052 0 0 0.0099466 0.0096810 0.0099466 0.0096810
52314 0.0000121 0.0000118 0 0 0.0213665 0.0208316 0.0213665 0.0208316
52317 0.0000032 0.0000031 0 0 0.0053762 0.0052572 0.0053762 0.0052572
52318 0.0000096 0.0000094 0 0 0.0145171 0.0142012 0.0145171 0.0142012
52319 0.0000066 0.0000064 0 0 0.0096981 0.0094916 0.0096981 0.0094916
52323 0.0000296 0.0000290 0 0 0.0407501 0.0399664 0.0407501 0.0399664
52324 0.0000072 0.0000070 0 0 0.0092542 0.0090819 0.0092542 0.0090819
52325 0.0000219 0.0000216 0 0 0.0275860 0.0270912 0.0275860 0.0270912
52326 0.0000108 0.0000106 0 0 0.0131390 0.0129091 0.0131390 0.0129091
52327 0.0000041 0.0000040 0 0 0.0047591 0.0046783 0.0047591 0.0046783
52343 0.0000045 0.0000044 0 0 0.0106777 0.0103324 0.0053389 0.0051663
52344 0.0000084 0.0000082 0 0 0.0199828 0.0193826 0.0099914 0.0096913
52345 0.0000273 0.0000266 0 0 0.0646089 0.0628996 0.0323044 0.0314498
52346 0.0000280 0.0000273 0 0 0.0470986 0.0460003 0.0470986 0.0460003
52347 0.0000046 0.0000045 0 0 0.0071451 0.0069864 0.0071451 0.0069864
52348 0.0000202 0.0000198 0 0 0.0301048 0.0294719 0.0301048 0.0294719
52349 0.0000296 0.0000290 0 0 0.0416208 0.0407968 0.0416208 0.0407968
52357 0.0000036 0.0000035 0 0 0.0045767 0.0044928 0.0045767 0.0044928
52359 0.0000110 0.0000108 0 0 0.0137328 0.0134859 0.0137328 0.0134859
52360 0.0000254 0.0000250 0 0 0.0307898 0.0302592 0.0307898 0.0302592
52361 0.0000338 0.0000332 0 0 0.0394464 0.0387944 0.0394464 0.0387944
52365 0.0000313 0.0000303 0 0 0.0739400 0.0717009 0.0739400 0.0717009
52366 0.0000331 0.0000322 0 0 0.0621682 0.0605830 0.0621682 0.0605830
52367 0.0000049 0.0000048 0 0 0.0080551 0.0078631 0.0080551 0.0078631
52368 0.0000075 0.0000073 0 0 0.0123276 0.0120404 0.0123276 0.0120404
52369 0.0000072 0.0000071 0 0 0.0114440 0.0111839 0.0114440 0.0111839
52370 0.0000346 0.0000338 0 0 0.0523157 0.0512086 0.0523157 0.0512086
52371 0.0000339 0.0000332 0 0 0.0476296 0.0466878 0.0476296 0.0466878
52372 0.0000094 0.0000093 0 0 0.0124940 0.0122570 0.0124940 0.0122570
52378 0.0000040 0.0000040 0 0 0.0050315 0.0049421 0.0050315 0.0049421
52380 0.0000197 0.0000193 0 0 0.0238722 0.0234587 0.0238722 0.0234587
52381 0.0000042 0.0000041 0 0 0.0050485 0.0049627 0.0050485 0.0049627
52382 0.0000140 0.0000138 0 0 0.0163471 0.0160729 0.0163471 0.0160729
52391 0.0000268 0.0000260 0 0 0.0577329 0.0560743 0.0577329 0.0560743
52392 0.0000097 0.0000094 0 0 0.0173928 0.0169480 0.0173928 0.0169480
52393 0.0000080 0.0000078 0 0 0.0135857 0.0132558 0.0135857 0.0132558
52394 0.0000062 0.0000061 0 0 0.0101568 0.0099187 0.0101568 0.0099187
52395 0.0000041 0.0000040 0 0 0.0061396 0.0060064 0.0061396 0.0060064
52396 0.0000043 0.0000042 0 0 0.0064361 0.0062989 0.0064361 0.0062989
52401 0.0000306 0.0000301 0 0 0.0412998 0.0405219 0.0412998 0.0405219
52402 0.0000063 0.0000062 0 0 0.0078824 0.0077415 0.0078824 0.0077415
52403 0.0000153 0.0000150 0 0 0.0189800 0.0186478 0.0189800 0.0186478
52405 0.0000096 0.0000094 0 0 0.0114733 0.0112770 0.0114733 0.0112770
52406 0.0000108 0.0000106 0 0 0.0129236 0.0127059 0.0129236 0.0127059
52410 0.0000085 0.0000083 0 0 0.0194693 0.0188543 0.0194693 0.0188543
52411 0.0000059 0.0000058 0 0 0.0121858 0.0118329 0.0121858 0.0118329
52412 0.0000305 0.0000297 0 0 0.0627548 0.0611464 0.0627548 0.0611464
52413 0.0000335 0.0000328 0 0 0.0547989 0.0535661 0.0547989 0.0535661
52414 0.0000029 0.0000028 0 0 0.0042760 0.0041846 0.0042760 0.0041846
52415 0.0000120 0.0000118 0 0 0.0171236 0.0167750 0.0171236 0.0167750
52417 0.0000067 0.0000065 0 0 0.0092055 0.0090235 0.0092055 0.0090235
52418 0.0000078 0.0000076 0 0 0.0107391 0.0105337 0.0107391 0.0105337
52419 0.0000150 0.0000148 0 0 0.0208249 0.0204375 0.0208249 0.0204375
52420 0.0000263 0.0000258 0 0 0.0363447 0.0357063 0.0363447 0.0357063
52421 0.0000122 0.0000119 0 0 0.0168157 0.0165329 0.0168157 0.0165329
52422 0.0000136 0.0000134 0 0 0.0188253 0.0185153 0.0188253 0.0185153
52423 0.0000083 0.0000081 0 0 0.0114428 0.0112596 0.0114428 0.0112596
52424 0.0000034 0.0000033 0 0 0.0046392 0.0045657 0.0046392 0.0045657
52431 0.0000114 0.0000110 0 0 0.0280943 0.0271736 0.0140471 0.0135868
52432 0.0000029 0.0000028 0 0 0.0072088 0.0069935 0.0036044 0.0034968
52433 0.0000264 0.0000257 0 0 0.0651881 0.0634448 0.0325940 0.0317224
52434 0.0000189 0.0000185 0 0 0.0467542 0.0456473 0.0233772 0.0228238
52436 0.0000056 0.0000055 0 0 0.0138343 0.0135252 0.0069171 0.0067626
52437 0.0000202 0.0000198 0 0 0.0304114 0.0297652 0.0304114 0.0297652
52438 0.0000323 0.0000316 0 0 0.0485015 0.0475252 0.0485015 0.0475252
52440 0.0000045 0.0000044 0 0 0.0060838 0.0059660 0.0060838 0.0059660
52441 0.0000079 0.0000078 0 0 0.0106761 0.0104719 0.0106761 0.0104719
52442 0.0000033 0.0000033 0 0 0.0044717 0.0043873 0.0044717 0.0043873
52443 0.0000079 0.0000078 0 0 0.0102449 0.0100537 0.0102449 0.0100537
52444 0.0000068 0.0000041 0 0 0.0085495 0.0052136 0.0085495 0.0052136
52446 0.0000080 0.0000079 0 0 0.0101341 0.0099540 0.0101341 0.0099540
52447 0.0000028 0.0000028 0 0 0.0035801 0.0035171 0.0035801 0.0035171
52449 0.0000049 0.0000048 0 0 0.0061891 0.0060849 0.0061891 0.0060849
52452 0.0000319 0.0000309 0 0 0.0750821 0.0727964 0 0
52453 0.0000086 0.0000083 0 0 0.0161273 0.0156950 0.0161273 0.0156950
52454 0.0000148 0.0000144 0 0 0.0265581 0.0258826 0.0132791 0.0129414
52455 0.0000058 0.0000056 0 0 0.0104251 0.0101701 0.0052126 0.0050851
52456 0.0000060 0.0000058 0 0 0.0096625 0.0094384 0.0096625 0.0094384
52458 0.0000341 0.0000334 0 0 0.0522560 0.0511359 0.0522560 0.0511359
52459 0.0000275 0.0000269 0 0 0.0391317 0.0383470 0.0391317 0.0383470
52460 0.0000205 0.0000201 0 0 0.0276378 0.0271063 0.0276378 0.0271063
52461 0.0000074 0.0000073 0 0 0.0096629 0.0094817 0.0096629 0.0094817
52462 0.0000128 0.0000126 0 0 0.0161627 0.0158698 0.0161627 0.0158698
52463 0.0000358 0.0000352 0 0 0.0452680 0.0444838 0.0452680 0.0444838
52466 0.0000296 0.0000286 0 0 0.0773100 0.0748543 0 0
52467 0.0000238 0.0000232 0 0 0.0621567 0.0605783 0 0
52468 0.0000159 0.0000155 0 0 0.0414494 0.0405066 0 0
52469 0.0000343 0.0000336 0 0 0.0495139 0.0485157 0.0495139 0.0485157
52470 0.0000191 0.0000187 0 0 0.0275488 0.0270238 0.0275488 0.0270238
52471 0.0000244 0.0000239 0 0 0.0352007 0.0345574 0.0352007 0.0345574
52472 0.0000032 0.0000031 0 0 0.0045671 0.0044870 0.0045671 0.0044870
52474 0.0000345 0.0000339 0 0 0.0409716 0.0402829 0.0409716 0.0402829
52475 0.0000120 0.0000118 0 0 0.0142240 0.0139924 0.0142240 0.0139924
52481 0.0000229 0.0000224 0 0 0.0363263 0.0355826 0 0
52482 0.0000173 0.0000170 0 0 0.0221357 0.0217457 0.0221357 0.0217457
52484 0.0000242 0.0000238 0 0 0.0276813 0.0272440 0.0276813 0.0272440
52485 0.0000132 0.0000130 0 0 0.0137558 0.0135520 0.0137558 0.0135520
52486 0.0000229 0.0000226 0 0 0.0223063 0.0220010 0.0223063 0.0220010
52491 0.0000232 0.0000229 0 0 0.0203098 0.0200606 0.0203098 0.0200606
52492 0.0000083 0.0000082 0 0 0.0068653 0.0067836 0.0068653 0.0067836
52493 0.0000119 0.0000117 0 0 0.0096807 0.0095678 0.0096807 0.0095678
52494 0.0000342 0.0000339 0 0 0.0265944 0.0263041 0.0265944 0.0263041
52495 0.0000209 0.0000207 0 0 0.0154149 0.0152519 0.0154149 0.0152519
52508 0.0000035 0.0000034 0 0 0.0074272 0.0072069 0 0
52518 0.0000328 0.0000319 0 0 0.0672325 0.0653927 0 0
52519 0.0000338 0.0000330 0 0 0.0591004 0.0576802 0 0
52520 0.0000064 0.0000063 0 0 0.0101370 0.0099076 0.0101370 0.0099076
52521 0.0000220 0.0000216 0 0 0.0334654 0.0327459 0.0334654 0.0327459
52522 0.0000281 0.0000275 0 0 0.0406226 0.0397933 0.0406226 0.0397933
52538 0.0000029 0.0000029 0 0 0.0037852 0.0037149 0.0037852 0.0037149
52539 0.0000347 0.0000341 0 0 0.0437931 0.0430100 0.0437931 0.0430100
52540 0.0000276 0.0000272 0 0 0.0331744 0.0326092 0.0331744 0.0326092
52558 0.0000114 0.0000110 0 0 0.0240626 0.0233563 0 0
52575 0.0000264 0.0000259 0 0 0.0477983 0.0468006 0.0477983 0.0468006
52576 0.0000107 0.0000105 0 0 0.0193460 0.0189779 0.0193460 0.0189779
52579 0.0000241 0.0000238 0 0 0.0289311 0.0284592 0.0289311 0.0284592
52580 0.0000140 0.0000138 0 0 0.0168036 0.0165376 0.0168036 0.0165376
52581 0.0000334 0.0000329 0 0 0.0360130 0.0354592 0.0360130 0.0354592
52584 0.0000040 0.0000038 0 0 0.0093963 0.0090870 0 0
52585 0.0000041 0.0000039 0 0 0.0087038 0.0084403 0 0
52586 0.0000330 0.0000321 0 0 0.0620068 0.0604444 0 0
52592 0.0000131 0.0000128 0 0 0.0199543 0.0195204 0 0
52593 0.0000252 0.0000247 0 0 0.0365534 0.0358068 0.0365534 0.0358068
52594 0.0000346 0.0000340 0 0 0.0459612 0.0450984 0.0229805 0.0225491
52595 0.0000070 0.0000069 0 0 0.0088183 0.0086583 0.0088183 0.0086583
52596 0.0000123 0.0000120 0 0 0.0154426 0.0151657 0.0154426 0.0151657
52610 0.0000307 0.0000299 0 0 0.0628282 0.0611291 0 0
52611 0.0000123 0.0000120 0 0 0.0216852 0.0211378 0.0216852 0.0211378
52613 0.0000344 0.0000336 0 0 0.0561726 0.0548859 0 0
52614 0.0000139 0.0000136 0 0 0.0211161 0.0206568 0.0211161 0.0206568
52615 0.0000061 0.0000060 0 0 0.0089976 0.0088064 0.0089976 0.0088064
52616 0.0000170 0.0000167 0 0 0.0243245 0.0238263 0.0243245 0.0238263
52617 0.0000345 0.0000338 0 0 0.0474183 0.0464959 0.0474183 0.0464959
52618 0.0000045 0.0000044 0 0 0.0058709 0.0057600 0.0029355 0.0028800
52619 0.0000132 0.0000129 0 0 0.0168642 0.0165539 0.0168642 0.0165539
52623 0.0000313 0.0000304 0 0 0.0387494 0.0375305 0 0
52624 0.0000263 0.0000256 0 0 0.0324624 0.0316043 0 0
52625 0.0000207 0.0000202 0 0 0.0256125 0.0250074 0 0
52626 0.0000211 0.0000207 0 0 0.0261027 0.0255408 0 0
52627 0.0000196 0.0000192 0 0 0.0241966 0.0237127 0 0
52628 0.0000158 0.0000155 0 0 0.0195641 0.0191972 0 0
52629 0.0000099 0.0000097 0 0 0.0122095 0.0119918 0 0
52637 0.0000321 0.0000312 0 0 0.0656288 0.0638623 0.0656288 0.0638623
52638 0.0000167 0.0000163 0 0 0.0284032 0.0277258 0.0284032 0.0277258
52639 0.0000215 0.0000210 0 0 0.0336829 0.0329394 0.0336829 0.0329394
52640 0.0000336 0.0000329 0 0 0.0487947 0.0478072 0.0243973 0.0239036
52641 0.0000335 0.0000329 0 0 0.0449329 0.0440864 0.0449329 0.0440864
52642 0.0000333 0.0000327 0 0 0.0417223 0.0409858 0.0417223 0.0409858
52643 0.0000292 0.0000288 0 0 0.0331180 0.0325849 0.0331180 0.0325849
52649 0.0000319 0.0000310 0 0 0.0685431 0.0666229 0 0
52650 0.0000334 0.0000326 0 0 0.0586392 0.0572265 0.0586392 0.0572265
52651 0.0000141 0.0000138 0 0 0.0221117 0.0216193 0 0
52652 0.0000338 0.0000331 0 0 0.0496427 0.0486208 0.0496427 0.0486208
52656 0.0000068 0.0000067 0 0 0.0088913 0.0087242 0.0088913 0.0087242
52658 0.0000119 0.0000117 0 0 0.0151895 0.0149108 0.0151895 0.0149108
52659 0.0000345 0.0000339 0 0 0.0422521 0.0415199 0.0422521 0.0415199
52660 0.0000124 0.0000122 0 0 0.0144963 0.0142533 0.0144963 0.0142533
52661 0.0000346 0.0000340 0 0 0.0395917 0.0389491 0.0395917 0.0389491
52662 0.0000121 0.0000119 0 0 0.0132167 0.0130089 0.0132167 0.0130089
52664 0.0000110 0.0000108 0 0 0.0110756 0.0109148 0.0110756 0.0109148
52665 0.0000052 0.0000051 0 0 0.0051770 0.0051025 0.0051770 0.0051025
52677 0.0000153 0.0000149 0 0 0.0288065 0.0280953 0 0
52678 0.0000077 0.0000075 0 0 0.0121124 0.0118422 0 0
52679 0.0000327 0.0000320 0 0 0.0489625 0.0479725 0.0489625 0.0479725
52680 0.0000301 0.0000295 0 0 0.0392406 0.0385311 0.0392406 0.0385311
52682 0.0000034 0.0000033 0 0 0.0037488 0.0036886 0.0037488 0.0036886
52684 0.0000337 0.0000332 0 0 0.0365351 0.0359792 0.0365351 0.0359792
52685 0.0000053 0.0000052 0 0 0.0054081 0.0053286 0.0054081 0.0053286
52690 0.0000170 0.0000168 0 0 0.0162933 0.0160702 0.0162933 0.0160702
52691 0.0000130 0.0000129 0 0 0.0120781 0.0119175 0.0120781 0.0119175
52692 0.0000168 0.0000166 0 0 0.0152928 0.0150937 0.0152928 0.0150937
52702 0.0000299 0.0000291 0 0 0.0677683 0.0658370 0 0
52703 0.0000334 0.0000326 0 0 0.0585646 0.0571676 0.0585646 0.0571676
52704 0.0000039 0.0000038 0 0 0.0060264 0.0058920 0.0060264 0.0058920
52705 0.0000044 0.0000043 0 0 0.0064661 0.0063286 0.0064661 0.0063286
52706 0.0000339 0.0000332 0 0 0.0484008 0.0474310 0.0484008 0.0474310
52707 0.0000075 0.0000074 0 0 0.0100666 0.0098765 0.0100666 0.0098765
52717 0.0000294 0.0000286 0 0 0.0708392 0.0687812 0 0
52718 0.0000040 0.0000039 0 0 0.0074106 0.0072149 0 0
52719 0.0000282 0.0000276 0 0 0.0502830 0.0490471 0.0502830 0.0490471
52721 0.0000345 0.0000337 0 0 0.0528357 0.0516889 0.0528357 0.0516889
52724 0.0000292 0.0000286 0 0 0.0393893 0.0386425 0.0393893 0.0386425
52725 0.0000120 0.0000117 0 0 0.0151745 0.0148975 0.0151745 0.0148975
52726 0.0000075 0.0000073 0 0 0.0093043 0.0091376 0.0093043 0.0091376
52728 0.0000071 0.0000069 0 0 0.0086147 0.0084637 0.0086147 0.0084637
52747 0.0000159 0.0000155 0 0 0.0300289 0.0292425 0.0300289 0.0292425
52749 0.0000334 0.0000326 0 0 0.0560546 0.0547698 0.0560546 0.0547698
52751 0.0000341 0.0000334 0 0 0.0492105 0.0482182 0.0492105 0.0482182
52752 0.0000186 0.0000183 0 0 0.0250176 0.0245400 0.0250176 0.0245400
52753 0.0000057 0.0000056 0 0 0.0073202 0.0071839 0.0073202 0.0071839
52754 0.0000324 0.0000318 0 0 0.0413274 0.0405837 0.0413274 0.0405837
52755 0.0000344 0.0000338 0 0 0.0408333 0.0401466 0.0408333 0.0401466
52756 0.0000251 0.0000247 0 0 0.0283958 0.0279370 0.0283958 0.0279370
52760 0.0000319 0.0000310 0 0 0.0685147 0.0665977 0 0
52761 0.0000175 0.0000171 0 0 0.0299603 0.0292433 0 0
52777 0.0000098 0.0000095 0 0 0.0082016 0.0079280 0 0
52778 0.0000328 0.0000319 0 0 0.0703849 0.0683706 0.0703849 0.0683706
52779 0.0000289 0.0000282 0 0 0.0524923 0.0511809 0.0524923 0.0511809
52780 0.0000110 0.0000107 0 0 0.0177228 0.0173100 0.0177228 0.0173100
52781 0.0000345 0.0000338 0 0 0.0522208 0.0511101 0.0261104 0.0255551
52782 0.0000346 0.0000339 0 0 0.0492195 0.0482297 0.0492195 0.0482297
52783 0.0000054 0.0000053 0 0 0.0073322 0.0071895 0.0073322 0.0071895
52784 0.0000143 0.0000140 0 0 0.0188903 0.0185314 0.0188903 0.0185314
52785 0.0000346 0.0000340 0 0 0.0448075 0.0439853 0.0448075 0.0439853
52786 0.0000112 0.0000110 0 0 0.0138577 0.0136115 0.0138577 0.0136115
52805 0.0000138 0.0000135 0 0 0 0 0 0
52811 0.0000014 0.0000013 0 0 0.0012663 0.0012395 0.0050652 0.0049578
52813 0.0000068 0.0000067 0 0 0 0 0.0136773 0.0133970
52814 0.0000212 0.0000208 0 0 0.0291932 0.0286237 0.0291932 0.0286237
52815 0.0000337 0.0000331 0 0 0.0440731 0.0432681 0.0440731 0.0432681
52816 0.0000160 0.0000157 0 0 0.0193308 0.0189963 0.0193308 0.0189963
52819 0.0000342 0.0000336 0 0 0.0384127 0.0378018 0.0384127 0.0378018
52844 0.0000335 0.0000325 0 0 0.0730728 0.0709002 0 0
52845 0.0000344 0.0000334 0 0 0.0661405 0.0643553 0.0661405 0.0643553
52846 0.0000034 0.0000033 0 0 0.0060936 0.0059356 0.0060936 0.0059356
52847 0.0000346 0.0000338 0 0 0.0606298 0.0591331 0.0606298 0.0591331
52848 0.0000344 0.0000336 0 0 0.0564803 0.0551724 0.0564803 0.0551724
52849 0.0000180 0.0000176 0 0 0.0278325 0.0272172 0.0278325 0.0272172
52850 0.0000349 0.0000341 0 0 0.0519818 0.0508741 0.0519818 0.0508741
52851 0.0000250 0.0000245 0 0 0.0360773 0.0353318 0.0360773 0.0353318
52857 0.0000299 0.0000291 0 0 0.0683631 0.0664594 0 0
52858 0.0000326 0.0000319 0 0 0.0560232 0.0547141 0.0560232 0.0547141
52859 0.0000112 0.0000110 0 0 0.0170087 0.0166445 0.0170087 0.0166445
52873 0.0000314 0.0000306 0 0 0.0610048 0.0594905 0 0
52874 0.0000241 0.0000236 0 0 0.0385710 0.0377122 0.0385710 0.0377122
52875 0.0000136 0.0000133 0 0 0.0199144 0.0194977 0.0099572 0.0097488
52876 0.0000342 0.0000336 0 0 0.0473465 0.0464358 0.0473465 0.0464358
52877 0.0000354 0.0000348 0 0 0.0448392 0.0440421 0.0448392 0.0440421
52878 0.0000213 0.0000209 0 0 0.0253583 0.0249289 0.0253583 0.0249289
52879 0.0000041 0.0000040 0 0 0.0046275 0.0045515 0.0046275 0.0045515
52880 0.0000352 0.0000346 0 0 0.0395864 0.0389553 0.0395864 0.0389553
52881 0.0000169 0.0000166 0 0 0.0182831 0.0179983 0.0182831 0.0179983
52887 0.0000266 0.0000259 0 0 0.0560642 0.0545212 0 0
52888 0.0000324 0.0000316 0 0 0.0565118 0.0551626 0 0
52889 0.0000238 0.0000233 0 0 0.0369906 0.0361766 0.0369906 0.0361766
52890 0.0000253 0.0000248 0 0 0.0367729 0.0360359 0.0367729 0.0360359
52895 0.0000131 0.0000127 0 0 0.0286117 0.0278183 0 0
52896 0.0000117 0.0000114 0 0 0.0255801 0.0249477 0 0
52897 0.0000160 0.0000156 0 0 0.0350507 0.0342537 0 0
52898 0.0000070 0.0000069 0 0 0.0154236 0.0150934 0 0
52900 0.0000065 0.0000064 0 0 0.0093852 0.0091915 0.0093852 0.0091915
52901 0.0000045 0.0000044 0 0 0.0065130 0.0063812 0.0065130 0.0063812
52902 0.0000106 0.0000104 0 0 0.0144053 0.0141231 0.0144053 0.0141231
52905 0.0000036 0.0000034 0 0 0.0087854 0.0084802 0 0
52910 0.0000196 0.0000190 0 0 0.0480781 0.0467621 0 0
52911 0.0000341 0.0000332 0 0 0.0616743 0.0601160 0.0616743 0.0601160
52912 0.0000344 0.0000336 0 0 0.0564635 0.0551562 0.0564635 0.0551562
52917 0.0000139 0.0000136 0 0 0.0227838 0.0222845 0.0227838 0.0222845
53046 0.0000094 0.0000091 0 0 0.0215969 0.0209118 0 0
53047 0.0000330 0.0000321 0 0 0.0687744 0.0668521 0.0687744 0.0668521
53048 0.0000260 0.0000254 0 0 0.0465456 0.0453845 0.0465456 0.0453845
53049 0.0000060 0.0000058 0 0 0.0097128 0.0094847 0.0097128 0.0094847
53050 0.0000350 0.0000343 0 0 0.0550660 0.0538581 0.0550660 0.0538581
53052 0.0000033 0.0000032 0 0 0.0047463 0.0046474 0.0047463 0.0046474
53053 0.0000114 0.0000111 0 0 0.0161816 0.0158508 0.0161816 0.0158508
53054 0.0000283 0.0000277 0 0 0.0393275 0.0385518 0.0393275 0.0385518
53055 0.0000183 0.0000179 0 0 0.0239301 0.0234823 0.0239301 0.0234823
53056 0.0000043 0.0000043 0 0 0.0056899 0.0055854 0.0056899 0.0055854
53057 0.0000062 0.0000060 0 0 0.0080658 0.0079191 0.0080658 0.0079191
53058 0.0000139 0.0000136 0 0 0.0182027 0.0178771 0.0182027 0.0178771
53059 0.0000072 0.0000071 0 0 0.0094174 0.0092532 0.0094174 0.0092532
53062 0.0000057 0.0000055 0 0 0.0121501 0.0117722 0 0
53064 0.0000040 0.0000039 0 0 0.0085582 0.0083262 0 0
53065 0.0000277 0.0000270 0 0 0.0589718 0.0575416 0 0
53066 0.0000238 0.0000233 0 0 0.0507590 0.0496805 0 0
53067 0.0000021 0.0000020 0 0 0.0044369 0.0043509 0 0
53068 0.0000178 0.0000175 0 0 0.0379302 0.0372292 0 0
53069 0.0000099 0.0000097 0 0 0.0121848 0.0119696 0.0121848 0.0119696
53070 0.0000246 0.0000242 0 0 0.0296941 0.0291872 0.0296941 0.0291872
53071 0.0000090 0.0000089 0 0 0.0103326 0.0101621 0.0103326 0.0101621
53073 0.0000055 0.0000054 0 0 0.0060304 0.0059351 0.0060304 0.0059351
53074 0.0000060 0.0000059 0 0 0.0065544 0.0064538 0.0065544 0.0064538
53076 0.0000311 0.0000307 0 0 0.0324899 0.0320089 0.0324899 0.0320089
53079 0.0000293 0.0000285 0 0 0.0646513 0.0629339 0 0
53081 0.0000325 0.0000318 0 0 0.0523406 0.0512181 0.0523406 0.0512181
53082 0.0000085 0.0000084 0 0 0.0116854 0.0114549 0.0116854 0.0114549
53165 0.0000309 0.0000300 0 0 0.0700622 0.0680514 0 0
53166 0.0000195 0.0000190 0 0 0.0350857 0.0342037 0.0350857 0.0342037
53167 0.0000235 0.0000230 0 0 0.0394919 0.0385580 0.0394919 0.0385580
53168 0.0000113 0.0000110 0 0 0.0177751 0.0173748 0.0177751 0.0173748
53169 0.0000330 0.0000323 0 0 0.0519741 0.0508695 0.0519741 0.0508695
53170 0.0000196 0.0000192 0 0 0.0278001 0.0272384 0.0278001 0.0272384
53171 0.0000310 0.0000304 0 0 0.0413744 0.0405892 0.0413744 0.0405892
53172 0.0000220 0.0000216 0 0 0.0279533 0.0274456 0.0279533 0.0274456
53173 0.0000030 0.0000029 0 0 0.0036884 0.0036225 0.0036884 0.0036225
53174 0.0000296 0.0000291 0 0 0.0363176 0.0356829 0.0363176 0.0356829
53194 0.0000310 0.0000304 0 0 0.0498409 0.0487441 0.0498409 0.0487441
53195 0.0000115 0.0000112 0 0 0.0184461 0.0180647 0.0184461 0.0180647
53197 0.0000092 0.0000090 0 0 0.0147166 0.0144358 0.0147166 0.0144358
53198 0.0000035 0.0000034 0 0 0.0056007 0.0054958 0.0056007 0.0054958
53199 0.0000231 0.0000227 0 0 0.0370823 0.0364113 0.0370823 0.0364113
53200 0.0000261 0.0000256 0 0 0.0315565 0.0310228 0.0315565 0.0310228
53201 0.0000033 0.0000032 0 0 0.0036746 0.0036151 0.0036746 0.0036151
53202 0.0000273 0.0000269 0 0 0.0306701 0.0301815 0.0306701 0.0301815
53203 0.0000053 0.0000052 0 0 0.0059206 0.0058283 0.0059206 0.0058283
53204 0.0000087 0.0000085 0 0 0.0092781 0.0091349 0.0092781 0.0091349
53205 0.0000061 0.0000061 0 0 0.0065079 0.0064081 0.0065079 0.0064081
53210 0.0000234 0.0000228 0 0 0.0529652 0.0514227 0 0
53211 0.0000334 0.0000326 0 0 0.0609514 0.0594351 0.0609514 0.0594351
53212 0.0000139 0.0000136 0 0 0.0223801 0.0218677 0.0223801 0.0218677
53213 0.0000219 0.0000214 0 0 0.0335054 0.0327790 0.0335054 0.0327790
53216 0.0000119 0.0000117 0 0 0.0172203 0.0168630 0.0172203 0.0168630
53217 0.0000117 0.0000114 0 0 0.0164816 0.0161479 0.0164816 0.0161479
53218 0.0000136 0.0000133 0 0 0.0192128 0.0188336 0.0192128 0.0188336
53219 0.0000346 0.0000340 0 0 0.0464961 0.0456110 0.0464961 0.0456110
53220 0.0000344 0.0000337 0 0 0.0433954 0.0426196 0.0433954 0.0426196
53221 0.0000064 0.0000063 0 0 0.0076860 0.0075520 0.0076860 0.0075520
53223 0.0000182 0.0000179 0 0 0.0217138 0.0213418 0.0217138 0.0213418
53224 0.0000234 0.0000230 0 0 0.0278381 0.0273736 0.0278381 0.0273736
53225 0.0000076 0.0000075 0 0 0.0086040 0.0084629 0.0086040 0.0084629
53226 0.0000285 0.0000281 0 0 0.0318638 0.0313545 0.0318638 0.0313545
53227 0.0000299 0.0000294 0 0 0.0324202 0.0319190 0.0324202 0.0319190
53236 0.0000056 0.0000054 0 0 0.0124114 0.0120311 0 0
53237 0.0000093 0.0000091 0 0 0.0169488 0.0165179 0.0169488 0.0165179
53239 0.0000130 0.0000127 0 0 0.0236977 0.0231385 0.0236977 0.0231385
53240 0.0000293 0.0000286 0 0 0.0532731 0.0521104 0.0532731 0.0521104
53241 0.0000093 0.0000091 0 0 0.0132916 0.0130193 0.0132916 0.0130193
53242 0.0000336 0.0000330 0 0 0.0459984 0.0451269 0.0459984 0.0451269
53243 0.0000041 0.0000040 0 0 0.0051327 0.0050405 0.0051327 0.0050405
53244 0.0000244 0.0000240 0 0 0.0304923 0.0299545 0.0304923 0.0299545
53246 0.0000183 0.0000180 0 0 0.0218410 0.0214680 0.0218410 0.0214680
53247 0.0000275 0.0000271 0 0 0.0316477 0.0311300 0.0316477 0.0311300
53248 0.0000041 0.0000041 0 0 0.0045756 0.0045028 0.0045756 0.0045028
53249 0.0000109 0.0000108 0 0 0.0120774 0.0118868 0.0120774 0.0118868
53282 0.0000047 0.0000046 0 0 0.0095687 0.0092988 0.0031895 0.0030996
53287 0.0000033 0.0000033 0 0 0.0057499 0.0056079 0.0057499 0.0056079
53289 0.0000151 0.0000148 0 0 0.0260467 0.0254521 0.0260467 0.0254521
53290 0.0000283 0.0000277 0 0 0.0428479 0.0419567 0.0428479 0.0419567
53291 0.0000129 0.0000127 0 0 0.0173637 0.0170320 0.0173637 0.0170320
53292 0.0000027 0.0000027 0 0 0.0036305 0.0035626 0.0036305 0.0035626
53293 0.0000338 0.0000332 0 0 0.0433424 0.0425669 0.0433424 0.0425669
53296 0.0000033 0.0000032 0 0 0.0038808 0.0038148 0.0038808 0.0038148
53297 0.0000283 0.0000279 0 0 0.0334191 0.0328675 0.0334191 0.0328675
53299 0.0000342 0.0000336 0 0 0.0371635 0.0365925 0.0371635 0.0365925
53300 0.0000172 0.0000170 0 0 0.0177943 0.0175317 0.0177943 0.0175317
53301 0.0000076 0.0000075 0 0 0.0076388 0.0075282 0.0076388 0.0075282
53304 0.0000284 0.0000276 0 0 0.0651729 0.0634121 0 0
53305 0.0000321 0.0000315 0 0 0.0507574 0.0496974 0.0507574 0.0496974
53306 0.0000227 0.0000222 0 0 0.0300302 0.0294771 0.0300302 0.0294771
53307 0.0000337 0.0000331 0 0 0.0401462 0.0394817 0.0401462 0.0394817
53308 0.0000153 0.0000151 0 0 0.0168097 0.0165479 0.0168097 0.0165479
53309 0.0000131 0.0000129 0 0 0.0139100 0.0136997 0.0139100 0.0136997
53310 0.0000152 0.0000149 0 0 0.0150482 0.0148338 0.0150482 0.0148338
53311 0.0000059 0.0000059 0 0 0.0056858 0.0056073 0.0056858 0.0056073
53312 0.0000238 0.0000235 0 0 0.0225462 0.0222419 0.0225462 0.0222419
53313 0.0000279 0.0000275 0 0 0.0255653 0.0252313 0.0255653 0.0252313
53314 0.0000321 0.0000317 0 0 0.0285402 0.0281779 0.0285402 0.0281779
53315 0.0000072 0.0000071 0 0 0.0062547 0.0061767 0.0062547 0.0061767
53329 0.0000031 0.0000030 0 0 0.0036337 0.0035193 0 0
53330 0.0000029 0.0000028 0 0 0.0033314 0.0032346 0 0
53331 0.0000054 0.0000053 0 0 0.0063077 0.0061338 0 0
53332 0.0000249 0.0000243 0 0 0.0290463 0.0283539 0 0
53333 0.0000318 0.0000312 0 0 0.0476823 0.0466974 0.0476823 0.0466974
53334 0.0000033 0.0000033 0 0 0.0045158 0.0044272 0.0045158 0.0044272
53335 0.0000043 0.0000042 0 0 0.0057874 0.0056752 0.0057874 0.0056752
53336 0.0000340 0.0000334 0 0 0.0444351 0.0436204 0.0444351 0.0436204
53337 0.0000143 0.0000141 0 0 0.0175306 0.0172232 0.0175306 0.0172232
53338 0.0000063 0.0000062 0 0 0.0077426 0.0076092 0.0077426 0.0076092
53339 0.0000312 0.0000306 0 0 0.0380983 0.0374628 0.0380983 0.0374628
53340 0.0000059 0.0000058 0 0 0.0066265 0.0065192 0.0066265 0.0065192
53341 0.0000343 0.0000338 0 0 0.0376095 0.0370260 0.0376095 0.0370260
53342 0.0000122 0.0000120 0 0 0.0127599 0.0125681 0.0127599 0.0125681
53343 0.0000114 0.0000112 0 0 0.0116849 0.0115126 0.0116849 0.0115126
53346 0.0000282 0.0000274 0 0 0.0323030 0.0314445 0 0
53347 0.0000332 0.0000324 0 0 0.0531851 0.0520262 0.0531851 0.0520262
53348 0.0000100 0.0000098 0 0 0.0141733 0.0138864 0.0141733 0.0138864
53349 0.0000099 0.0000097 0 0 0.0134189 0.0131587 0.0134189 0.0131587
53350 0.0000207 0.0000203 0 0 0.0259844 0.0255200 0.0259844 0.0255200
53364 0.0000064 0.0000062 0 0 0.0139817 0.0135645 0 0
53365 0.0000317 0.0000309 0 0 0.0610577 0.0595350 0.0610577 0.0595350
53366 0.0000199 0.0000195 0 0 0.0311366 0.0304565 0.0311366 0.0304565
53367 0.0000269 0.0000264 0 0 0.0390614 0.0382715 0.0390614 0.0382715
53368 0.0000339 0.0000333 0 0 0.0446866 0.0438638 0.0446866 0.0438638
53369 0.0000041 0.0000040 0 0 0.0049650 0.0048775 0.0049650 0.0048775
53370 0.0000252 0.0000248 0 0 0.0304961 0.0299740 0.0304961 0.0299740
53373 0.0000041 0.0000040 0 0 0.0045656 0.0044920 0.0045656 0.0044920
53374 0.0000028 0.0000027 0 0 0.0030391 0.0029913 0.0030391 0.0029913
53375 0.0000067 0.0000066 0 0 0.0072259 0.0071132 0.0072259 0.0071132
53376 0.0000196 0.0000193 0 0 0.0209851 0.0206649 0.0209851 0.0206649
53377 0.0000024 0.0000024 0 0 0.0025035 0.0024660 0.0025035 0.0024660
53378 0.0000072 0.0000071 0 0 0.0073907 0.0072808 0.0073907 0.0072808
53379 0.0000118 0.0000116 0 0 0.0119779 0.0118026 0.0119779 0.0118026
53383 0.0000244 0.0000237 0 0 0.0531604 0.0516772 0 0
53385 0.0000330 0.0000322 0 0 0.0563803 0.0550796 0.0563803 0.0550796
53386 0.0000255 0.0000250 0 0 0.0378999 0.0371132 0.0378999 0.0371132
53387 0.0000338 0.0000332 0 0 0.0457665 0.0449017 0.0457665 0.0449017
53388 0.0000334 0.0000328 0 0 0.0419244 0.0411850 0.0419244 0.0411850
53389 0.0000170 0.0000167 0 0 0.0200493 0.0197122 0.0200493 0.0197122
53390 0.0000060 0.0000059 0 0 0.0068952 0.0067817 0.0068952 0.0067817
53391 0.0000307 0.0000302 0 0 0.0344016 0.0338557 0.0344016 0.0338557
53392 0.0000134 0.0000132 0 0 0.0142937 0.0140752 0.0142937 0.0140752
53393 0.0000327 0.0000322 0 0 0.0341800 0.0336735 0.0341800 0.0336735
53394 0.0000083 0.0000081 0 0 0.0082876 0.0081680 0.0082876 0.0081680
53397 0.0000341 0.0000336 0 0 0.0333348 0.0328743 0.0333348 0.0328743
53398 0.0000180 0.0000177 0 0 0.0168091 0.0165839 0.0168091 0.0165839
53403 0.0000309 0.0000301 0 0 0.0632872 0.0616442 0.0632872 0.0616442
53404 0.0000333 0.0000326 0 0 0.0539570 0.0527639 0.0539570 0.0527639
53405 0.0000357 0.0000350 0 0 0.0514374 0.0504102 0.0514374 0.0504102
53406 0.0000047 0.0000046 0 0 0.0061033 0.0059894 0.0061033 0.0059894
53407 0.0000340 0.0000334 0 0 0.0434774 0.0426974 0.0434774 0.0426974
53408 0.0000294 0.0000289 0 0 0.0352600 0.0346612 0.0352600 0.0346612
53409 0.0000083 0.0000081 0 0 0.0094626 0.0093069 0.0094626 0.0093069
53410 0.0000303 0.0000298 0 0 0.0337448 0.0332115 0.0337448 0.0332115
53411 0.0000113 0.0000111 0 0 0.0119921 0.0118086 0.0119921 0.0118086
53423 0.0000298 0.0000291 0 0 0.0608030 0.0592798 0.0304015 0.0296399
53424 0.0000056 0.0000055 0 0 0.0087194 0.0085241 0.0087194 0.0085241
53425 0.0000029 0.0000029 0 0 0.0044722 0.0043743 0.0044722 0.0043743
53426 0.0000335 0.0000328 0 0 0.0497398 0.0487231 0.0497398 0.0487231
53427 0.0000038 0.0000037 0 0 0.0050227 0.0049271 0.0050227 0.0049271
53428 0.0000333 0.0000327 0 0 0.0428616 0.0420888 0.0428616 0.0420888
53429 0.0000165 0.0000162 0 0 0.0196267 0.0192925 0.0196267 0.0192925
53435 0.0000202 0.0000199 0 0 0.0226708 0.0223079 0.0226708 0.0223079
53436 0.0000039 0.0000039 0 0 0.0042369 0.0041712 0.0042369 0.0041712
53450 0.0000419 0.0000410 0 0 0.0658015 0.0643797 0.0658015 0.0643797
53451 0.0000127 0.0000125 0 0 0.0176179 0.0172698 0.0176179 0.0172698
53452 0.0000291 0.0000285 0 0 0.0389066 0.0381719 0.0389066 0.0381719
53453 0.0000232 0.0000228 0 0 0.0295659 0.0290292 0.0295659 0.0290292
53454 0.0000100 0.0000098 0 0 0.0122052 0.0119908 0.0122052 0.0119908
53455 0.0000108 0.0000106 0 0 0.0130112 0.0127864 0.0130112 0.0127864
53456 0.0000343 0.0000338 0 0 0.0401539 0.0394899 0.0401539 0.0394899
53457 0.0000288 0.0000284 0 0 0.0322009 0.0316890 0.0322009 0.0316890
53464 0.0000319 0.0000312 0 0 0.0609279 0.0594047 0.0609279 0.0594047
53465 0.0000119 0.0000116 0 0 0.0186784 0.0182621 0.0186784 0.0182621
53466 0.0000318 0.0000311 0 0 0.0476955 0.0467057 0.0476955 0.0467057
53467 0.0000030 0.0000029 0 0 0.0040353 0.0039557 0.0040353 0.0039557
53468 0.0000333 0.0000327 0 0 0.0450522 0.0442156 0.0450522 0.0442156
53469 0.0000079 0.0000077 0 0 0.0097416 0.0095685 0.0097416 0.0095685
53470 0.0000291 0.0000286 0 0 0.0345031 0.0339247 0.0345031 0.0339247
53471 0.0000059 0.0000058 0 0 0.0066283 0.0065204 0.0066283 0.0065204
53472 0.0000342 0.0000336 0 0 0.0377082 0.0371194 0.0377082 0.0371194
53473 0.0000135 0.0000133 0 0 0.0141419 0.0139292 0.0141419 0.0139292
53474 0.0000068 0.0000067 0 0 0.0070184 0.0069143 0.0070184 0.0069143
53475 0.0000033 0.0000032 0 0 0.0033685 0.0033189 0.0033685 0.0033189
53482 0.0000232 0.0000227 0 0 0.0428095 0.0417540 0.0428095 0.0417540
53483 0.0000214 0.0000210 0 0 0.0336550 0.0329207 0.0336550 0.0329207
53488 0.0000067 0.0000066 0 0 0.0093408 0.0091558 0.0093408 0.0091558
53489 0.0000075 0.0000074 0 0 0.0104019 0.0102001 0.0104019 0.0102001
53490 0.0000338 0.0000332 0 0 0.0439959 0.0431952 0.0439959 0.0431952
53491 0.0000300 0.0000295 0 0 0.0364150 0.0357923 0.0364150 0.0357923
53492 0.0000107 0.0000105 0 0 0.0122683 0.0120660 0.0122683 0.0120660
53493 0.0000238 0.0000234 0 0 0.0257306 0.0253335 0.0257306 0.0253335
53494 0.0000085 0.0000084 0 0 0.0088970 0.0087628 0.0088970 0.0087628
53505 0.0000088 0.0000086 0 0 0.0187768 0.0182318 0.0187768 0.0182318
53510 0.0000328 0.0000320 0 0 0.0579704 0.0566123 0.0579704 0.0566123
53511 0.0000168 0.0000164 0 0 0.0246734 0.0241618 0.0246734 0.0241618
53512 0.0000221 0.0000216 0 0 0.0306970 0.0300969 0.0306970 0.0300969
53513 0.0000125 0.0000122 0 0 0.0162682 0.0159708 0.0162682 0.0159708
53514 0.0000164 0.0000161 0 0 0.0202462 0.0198893 0.0202462 0.0198893
53515 0.0000339 0.0000334 0 0 0.0403662 0.0396921 0.0403662 0.0396921
53516 0.0000156 0.0000154 0 0 0.0174451 0.0171667 0.0174451 0.0171667
53517 0.0000045 0.0000045 0 0 0.0048582 0.0047830 0.0048582 0.0047830
53518 0.0000107 0.0000106 0 0 0.0113782 0.0112048 0.0113782 0.0112048
53519 0.0000165 0.0000162 0 0 0.0166215 0.0163809 0.0166215 0.0163809
53520 0.0000029 0.0000028 0 0 0.0028377 0.0027973 0.0028377 0.0027973
53530 0.0000294 0.0000287 0 0 0.0519887 0.0508691 0.0519887 0.0508691
53531 0.0000205 0.0000202 0 0 0.0268850 0.0263977 0.0268850 0.0263977
53532 0.0000117 0.0000115 0 0 0.0140042 0.0137662 0.0140042 0.0137662
53533 0.0000113 0.0000111 0 0 0.0130340 0.0128207 0.0130340 0.0128207
53534 0.0000071 0.0000070 0 0 0.0076111 0.0074949 0.0076111 0.0074949
53536 0.0000337 0.0000332 0 0 0.0325238 0.0320848 0.0325238 0.0320848
53537 0.0000175 0.0000173 0 0 0.0157062 0.0155052 0.0157062 0.0155052
53538 0.0000147 0.0000145 0 0 0.0134096 0.0132335 0.0134096 0.0132335
53539 0.0000179 0.0000177 0 0 0.0160645 0.0158583 0.0160645 0.0158583
53540 0.0000262 0.0000259 0 0 0.0229421 0.0226562 0.0229421 0.0226562
53547 0.0000060 0.0000058 0 0 0.0106065 0.0103419 0.0106065 0.0103419
53550 0.0000335 0.0000328 0 0 0.0493554 0.0483549 0.0493554 0.0483549
53551 0.0000204 0.0000200 0 0 0.0271740 0.0266612 0.0271740 0.0266612
53552 0.0000116 0.0000114 0 0 0.0155419 0.0152428 0.0155419 0.0152428
53553 0.0000117 0.0000114 0 0 0.0153235 0.0150335 0.0153235 0.0150335
53554 0.0000196 0.0000192 0 0 0.0252566 0.0247912 0.0252566 0.0247912
53555 0.0000063 0.0000061 0 0 0.0078008 0.0076604 0.0078008 0.0076604
53556 0.0000303 0.0000297 0 0 0.0373317 0.0366784 0.0373317 0.0366784
53557 0.0000068 0.0000067 0 0 0.0079715 0.0078362 0.0079715 0.0078362
53558 0.0000342 0.0000336 0 0 0.0393489 0.0387062 0.0393489 0.0387062
53559 0.0000099 0.0000098 0 0 0.0114203 0.0112388 0.0114203 0.0112388
53571 0.0000217 0.0000212 0 0 0.0428878 0.0417869 0.0142959 0.0139290
53578 0.0000297 0.0000289 0 0 0.0641155 0.0624138 0 0
53579 0.0000328 0.0000321 0 0 0.0530388 0.0518784 0.0530388 0.0518784
53580 0.0000227 0.0000223 0 0 0.0320148 0.0313844 0.0320148 0.0313844
53581 0.0000318 0.0000312 0 0 0.0411722 0.0404292 0.0411722 0.0404292
53582 0.0000340 0.0000334 0 0 0.0409197 0.0402279 0.0409197 0.0402279
53583 0.0000051 0.0000050 0 0 0.0057140 0.0056210 0.0057140 0.0056210
53585 0.0000038 0.0000037 0 0 0.0039780 0.0039176 0.0039780 0.0039176
53586 0.0000341 0.0000336 0 0 0.0357866 0.0352559 0.0357866 0.0352559
53587 0.0000068 0.0000067 0 0 0.0067836 0.0066854 0.0067836 0.0066854
53590 0.0000043 0.0000042 0 0 0.0085824 0.0083492 0.0042912 0.0041746
53592 0.0000225 0.0000220 0 0 0.0444329 0.0434669 0.0222164 0.0217334
53593 0.0000104 0.0000102 0 0 0.0145093 0.0142210 0.0145093 0.0142210
53594 0.0000128 0.0000126 0 0 0.0179064 0.0175801 0.0179064 0.0175801
53595 0.0000340 0.0000334 0 0 0.0413132 0.0406093 0.0413132 0.0406093
53596 0.0000336 0.0000330 0 0 0.0381851 0.0375737 0.0381851 0.0375737
53600 0.0000137 0.0000135 0 0 0.0146253 0.0144038 0.0146253 0.0144038
53601 0.0000337 0.0000332 0 0 0.0343971 0.0338979 0.0343971 0.0338979
53603 0.0000193 0.0000190 0 0 0.0188084 0.0185453 0.0188084 0.0185453
53616 0.0000036 0.0000035 0 0 0.0053221 0.0052223 0.0053221 0.0052223
53617 0.0000042 0.0000041 0 0 0.0053036 0.0052069 0.0053036 0.0052069
53618 0.0000101 0.0000099 0 0 0.0126750 0.0124492 0.0126750 0.0124492
53619 0.0000189 0.0000185 0 0 0.0225888 0.0222038 0.0225888 0.0222038
53620 0.0000326 0.0000320 0 0 0.0390188 0.0383900 0.0390188 0.0383900
53622 0.0000042 0.0000041 0 0 0.0045052 0.0044353 0.0045052 0.0044353
53623 0.0000132 0.0000130 0 0 0.0142854 0.0140672 0.0142854 0.0140672
53624 0.0000287 0.0000283 0 0 0.0296157 0.0291826 0.0296157 0.0291826
53625 0.0000105 0.0000103 0 0 0.0102535 0.0101090 0.0102535 0.0101090
53630 0.0000185 0.0000179 0 0 0.0410605 0.0398373 0 0
53631 0.0000120 0.0000117 0 0 0.0221085 0.0215293 0.0221085 0.0215293
53632 0.0000143 0.0000139 0 0 0.0246318 0.0240281 0.0246318 0.0240281
53634 0.0000074 0.0000072 0 0 0.0121495 0.0118633 0.0121495 0.0118633
53636 0.0000080 0.0000078 0 0 0.0127153 0.0124262 0.0127153 0.0124262
53637 0.0000112 0.0000110 0 0 0.0171607 0.0167849 0.0171607 0.0167849
53638 0.0000120 0.0000117 0 0 0.0178438 0.0174628 0.0178438 0.0174628
53639 0.0000218 0.0000214 0 0 0.0306434 0.0300271 0.0306434 0.0300271
53640 0.0000239 0.0000234 0 0 0.0324072 0.0317800 0.0324072 0.0317800
53646 0.0000083 0.0000080 0 0 0.0184960 0.0179254 0 0
53647 0.0000125 0.0000121 0 0 0.0253691 0.0246477 0.0084563 0.0082159
53648 0.0000334 0.0000326 0 0 0.0626578 0.0610519 0.0626578 0.0610519
53649 0.0000095 0.0000093 0 0 0.0160178 0.0156323 0.0160178 0.0156323
53650 0.0000104 0.0000101 0 0 0.0169696 0.0165711 0.0169696 0.0165711
53651 0.0000043 0.0000042 0 0 0.0069759 0.0068148 0.0069759 0.0068148
53652 0.0000315 0.0000308 0 0 0.0492067 0.0481203 0.0492067 0.0481203
53667 0.0000132 0.0000130 0 0 0.0187767 0.0183955 0.0187767 0.0183955
53668 0.0000295 0.0000289 0 0 0.0418986 0.0410789 0.0418986 0.0410789
53669 0.0000077 0.0000075 0 0 0.0100967 0.0099057 0.0100967 0.0099057
53670 0.0000040 0.0000039 0 0 0.0050918 0.0049986 0.0050918 0.0049986
53671 0.0000134 0.0000132 0 0 0.0163185 0.0160331 0.0163185 0.0160331
53672 0.0000110 0.0000108 0 0 0.0131479 0.0129225 0.0131479 0.0129225
53673 0.0000030 0.0000030 0 0 0.0035329 0.0034735 0.0035329 0.0034735
53680 0.0000312 0.0000303 0 0 0.0679493 0.0660595 0 0
53681 0.0000335 0.0000327 0 0 0.0579971 0.0566207 0.0579971 0.0566207
53685 0.0000091 0.0000089 0 0 0.0136249 0.0133335 0.0136249 0.0133335
53686 0.0000233 0.0000228 0 0 0.0334221 0.0327424 0.0334221 0.0327424
53705 0.0000279 0.0000271 0 0 0.0702411 0.0681887 0 0
53706 0.0000025 0.0000024 0 0 0.0062521 0.0060948 0 0
53707 0.0000328 0.0000320 0 0 0.0560620 0.0547760 0.0560620 0.0547760
53708 0.0000051 0.0000049 0 0 0.0074212 0.0072649 0.0074212 0.0072649
53709 0.0000130 0.0000127 0 0 0.0190355 0.0186475 0.0190355 0.0186475
53710 0.0000340 0.0000333 0 0 0.0457248 0.0448698 0.0457248 0.0448698
53711 0.0000039 0.0000038 0 0 0.0047496 0.0046652 0.0047496 0.0046652
53712 0.0000337 0.0000331 0 0 0.0415376 0.0408274 0.0415376 0.0408274
53713 0.0000140 0.0000138 0 0 0.0160698 0.0158060 0.0160698 0.0158060
53714 0.0000144 0.0000142 0 0 0.0159334 0.0156789 0.0159334 0.0156789
53716 0.0000063 0.0000062 0 0 0.0068685 0.0067613 0.0068685 0.0067613
53717 0.0000292 0.0000288 0 0 0.0317370 0.0312534 0.0317370 0.0312534
53719 0.0000125 0.0000123 0 0 0.0135865 0.0133858 0.0135865 0.0133858
53720 0.0000036 0.0000036 0 0 0.0036670 0.0036135 0.0036670 0.0036135
53722 0.0000183 0.0000181 0 0 0.0183423 0.0180795 0.0183423 0.0180795
53723 0.0000067 0.0000066 0 0 0.0065484 0.0064559 0.0065484 0.0064559
53724 0.0000259 0.0000256 0 0 0.0253712 0.0250228 0.0253712 0.0250228
53735 0.0000306 0.0000297 0 0 0.0682326 0.0663063 0 0
53736 0.0000338 0.0000329 0 0 0.0603679 0.0588786 0.0603679 0.0588786
53737 0.0000120 0.0000118 0 0 0.0195401 0.0190870 0.0195401 0.0190870
53738 0.0000342 0.0000334 0 0 0.0526029 0.0514689 0.0526029 0.0514689
53739 0.0000343 0.0000336 0 0 0.0491957 0.0482005 0.0491957 0.0482005
53740 0.0000186 0.0000183 0 0 0.0252375 0.0247480 0.0252375 0.0247480
53741 0.0000032 0.0000031 0 0 0.0041722 0.0040936 0.0041722 0.0040936
53742 0.0000032 0.0000032 0 0 0.0041992 0.0041206 0.0041992 0.0041206
53743 0.0000246 0.0000241 0 0 0.0316116 0.0310308 0.0316116 0.0310308
53744 0.0000303 0.0000298 0 0 0.0378458 0.0371732 0.0378458 0.0371732
53752 0.0000299 0.0000290 0 0 0.0719205 0.0697984 0 0
53753 0.0000156 0.0000152 0 0 0.0287409 0.0279942 0.0287409 0.0279942
53754 0.0000221 0.0000216 0 0 0.0407746 0.0397795 0.0407746 0.0397795
53755 0.0000200 0.0000196 0 0 0.0324895 0.0317411 0.0324895 0.0317411
53756 0.0000169 0.0000166 0 0 0.0259327 0.0253663 0.0259327 0.0253663
53757 0.0000103 0.0000101 0 0 0.0151684 0.0148464 0.0151684 0.0148464
53758 0.0000338 0.0000331 0 0 0.0498539 0.0488358 0.0498539 0.0488358
53759 0.0000311 0.0000305 0 0 0.0425754 0.0417474 0.0425754 0.0417474
53761 0.0000257 0.0000253 0 0 0.0321473 0.0315731 0.0321473 0.0315731
53768 0.0000119 0.0000115 0 0 0.0271398 0.0262944 0 0
53769 0.0000316 0.0000307 0 0 0.0646866 0.0628961 0.0646866 0.0628961
53770 0.0000185 0.0000181 0 0 0.0332341 0.0323927 0.0332341 0.0323927
53771 0.0000341 0.0000333 0 0 0.0577962 0.0564290 0.0577962 0.0564290
53772 0.0000344 0.0000336 0 0 0.0531851 0.0520274 0.0531851 0.0520274
53773 0.0000197 0.0000193 0 0 0.0286918 0.0280962 0.0286918 0.0280962
53774 0.0000344 0.0000337 0 0 0.0480377 0.0470875 0.0480377 0.0470875
53775 0.0000145 0.0000143 0 0 0.0191396 0.0187775 0.0191396 0.0187775
53776 0.0000056 0.0000055 0 0 0.0071563 0.0070238 0.0071563 0.0070238
53780 0.0000258 0.0000250 0 0 0.0637905 0.0617528 0 0
53781 0.0000335 0.0000326 0 0 0.0673908 0.0655418 0.0336953 0.0327708
53782 0.0000289 0.0000282 0 0 0.0513320 0.0500532 0.0513320 0.0500532
53783 0.0000148 0.0000145 0 0 0.0241801 0.0236150 0.0241801 0.0236150
53784 0.0000333 0.0000326 0 0 0.0544868 0.0532713 0.0544868 0.0532713
53785 0.0000027 0.0000027 0 0 0.0040610 0.0039734 0.0040610 0.0039734
53786 0.0000343 0.0000336 0 0 0.0511452 0.0500718 0.0511452 0.0500718
53787 0.0000061 0.0000060 0 0 0.0086014 0.0084257 0.0086014 0.0084257
53788 0.0000107 0.0000105 0 0 0.0151886 0.0148870 0.0151886 0.0148870
53789 0.0000037 0.0000036 0 0 0.0052472 0.0051442 0.0052472 0.0051442
53790 0.0000053 0.0000052 0 0 0.0075575 0.0074101 0.0075575 0.0074101
53791 0.0000374 0.0000367 0 0 0.0499933 0.0490432 0.0499933 0.0490432
53793 0.0000078 0.0000077 0 0 0.0104297 0.0102370 0.0104297 0.0102370
53794 0.0000271 0.0000266 0 0 0.0362421 0.0355858 0.0362421 0.0355858
53795 0.0000150 0.0000148 0 0 0.0184524 0.0181260 0.0184524 0.0181260
53827 0.0000317 0.0000307 0 0 0.0800190 0.0774099 0 0
53828 0.0000337 0.0000328 0 0 0.0692428 0.0672851 0.0692428 0.0672851
53829 0.0000342 0.0000333 0 0 0.0631660 0.0615358 0.0631660 0.0615358
53830 0.0000302 0.0000295 0 0 0.0508942 0.0496799 0.0508942 0.0496799
53831 0.0000137 0.0000134 0 0 0.0218639 0.0213610 0.0218639 0.0213610
53832 0.0000339 0.0000331 0 0 0.0542206 0.0530164 0.0542206 0.0530164
53833 0.0000037 0.0000036 0 0 0.0055443 0.0054245 0.0055443 0.0054245
53834 0.0000339 0.0000332 0 0 0.0506397 0.0495863 0.0506397 0.0495863
53835 0.0000042 0.0000041 0 0 0.0062220 0.0060957 0.0062220 0.0060957
53836 0.0000156 0.0000153 0 0 0.0232973 0.0228306 0.0232973 0.0228306
53852 0.0000158 0.0000154 0 0 0.0375315 0.0363700 0 0
53853 0.0000096 0.0000093 0 0 0.0194177 0.0188649 0.0194177 0.0188649
53854 0.0000338 0.0000329 0 0 0.0648425 0.0631250 0.0648425 0.0631250
53855 0.0000244 0.0000238 0 0 0.0423383 0.0412985 0.0423383 0.0412985
53856 0.0000095 0.0000092 0 0 0.0153810 0.0150214 0.0153810 0.0150214
53857 0.0000077 0.0000075 0 0 0.0125555 0.0122684 0.0125555 0.0122684
53860 0.0000338 0.0000331 0 0 0.0521099 0.0509947 0.0521099 0.0509947
53861 0.0000203 0.0000199 0 0 0.0291296 0.0285300 0.0291296 0.0285300
53862 0.0000346 0.0000339 0 0 0.0478927 0.0469487 0.0478927 0.0469487
53864 0.0000205 0.0000202 0 0 0.0273657 0.0268446 0.0273657 0.0268446
RN   Bit10Corr  Bit10UC   Bit18Corr  Bit18UC   Bit22Corr  Bit22UC (units pb^-1)UC   Bit30Corr  Bit30UC (units pb^-1)

Totals: 0.05604 0.05321 32.92600 30.68756 52.33130 49.66920 47.80254 45.26952 pb^-1
(int) 0

Processing get_luminosity_182630.C("fullgoodrunlist_v3.list",2,1)...
RN   Bit10Corr  Bit10UC   Bit18Corr  Bit18UC   Bit22Corr  Bit22UC (units pb^-1)UC   Bit30Corr  Bit30
47289 0.0000798 0.0000743 0.0333601 0.0310485 0.0333601 0.0310485 0.0333601 0.0310485
47291 0.0000550 0.0000512 0.0229741 0.0214180 0.0229741 0.0214180 0.0229741 0.0214180
47293 0.0000604 0.0000564 0.0252485 0.0235707 0.0252485 0.0235707 0.0252485 0.0235707
47306 0.0000749 0.0000703 0.0272051 0.0255083 0.0272051 0.0255083 0.0272051 0.0255083
47310 0.0002137 0.0002010 0.0747938 0.0703529 0.0747938 0.0703529 0.0747938 0.0703529
47313 0.0004123 0.0003900 0.1306972 0.1236246 0.1306972 0.1236246 0.1306972 0.1236246
47314 0.0002989 0.0002837 0.0884757 0.0839638 0.0884757 0.0839638 0.0884757 0.0839638
47315 0.0001078 0.0001025 0.0216687 0.0205937 0.0216687 0.0205937 0.0216687 0.0205937
47316 0.0002620 0.0002493 0.0395613 0.0376370 0.0395613 0.0376370 0.0395613 0.0376370
47333 0.0000753 0.0000712 0.0246357 0.0232856 0.0246357 0.0232856 0.0246357 0.0232856
47334 0.0001555 0.0001473 0.0508459 0.0481532 0.0508459 0.0481532 0.0508459 0.0481532
47352 0.0006534 0.0006223 0.0855976 0.0815220 0.0855976 0.0815220 0.0855976 0.0815220
47357 0.0001564 0.0001492 0.0204934 0.0195511 0.0204934 0.0195511 0.0204934 0.0195511
47360 0.0006526 0.0006237 0.0750446 0.0717200 0.0750446 0.0717200 0.0750446 0.0717200
47363 0.0009807 0.0009398 0.1019928 0.0977416 0.1019928 0.0977416 0.1019928 0.0977416
47376 0.0003944 0.0003720 0.0745418 0.0703007 0.0745418 0.0703007 0.0745418 0.0703007
47377 0.0001603 0.0001516 0.0262969 0.0248682 0.0262969 0.0248682 0.0262969 0.0248682
47378 0.0008103 0.0007692 0.1247865 0.1184600 0.1247865 0.1184600 0.1247865 0.1184600
47379 0.0002249 0.0002140 0.0296893 0.0282463 0.0296893 0.0282463 0.0296893 0.0282463
47380 0.0000875 0.0000833 0.0111992 0.0106624 0.0111992 0.0106624 0.0111992 0.0106624
47381 0.0002581 0.0002459 0.0325266 0.0309887 0.0325266 0.0309887 0.0325266 0.0309887
47382 0.0001630 0.0001556 0.0193984 0.0185164 0.0193984 0.0185164 0.0193984 0.0185164
47391 0.0003986 0.0003749 0.0621873 0.0584877 0.0621873 0.0584877 0.0621873 0.0584877
47393 0.0000896 0.0000845 0.0164887 0.0155537 0.0164887 0.0155537 0.0164887 0.0155537
47394 0.0000842 0.0000795 0.0154860 0.0146233 0.0154860 0.0146233 0.0154860 0.0146233
47395 0.0003247 0.0003072 0.0548756 0.0519141 0.0548756 0.0519141 0.0548756 0.0519141
47396 0.0004338 0.0004116 0.0733158 0.0695527 0.0733158 0.0695527 0.0733158 0.0695527
47440 0.0008970 0.0008441 0.1453108 0.1367403 0.1453108 0.1367403 0.1453108 0.1367403
47443 0.0003154 0.0002980 0.0510970 0.0482835 0.0510970 0.0482835 0.0510970 0.0482835
47454 0.0004896 0.0004617 0.1082035 0.1020301 0.1082035 0.1020301 0.1082035 0.1020301
47455 0.0000662 0.0000626 0.0103221 0.0097686 0.0103221 0.0097686 0.0103221 0.0097686
47457 0.0003869 0.0003670 0.0603562 0.0572477 0.0603562 0.0572477 0.0603562 0.0572477
47458 0.0007824 0.0007444 0.1220588 0.1161238 0.1220588 0.1161238 0.1220588 0.1161238
47459 0.0000746 0.0000711 0.0116435 0.0110993 0.0116435 0.0110993 0.0116435 0.0110993
47461 0.0009532 0.0009107 0.1096217 0.1047268 0.1096217 0.1047268 0.1096217 0.1047268
47462 0.0001852 0.0001772 0.0196311 0.0187840 0.0196311 0.0187840 0.0196311 0.0187840
47463 0.0008919 0.0008547 0.0918698 0.0880305 0.0918698 0.0880305 0.0918698 0.0880305
47464 0.0003717 0.0003567 0.0382845 0.0367393 0.0382845 0.0367393 0.0382845 0.0367393
47474 0.0002700 0.0002520 0.0537255 0.0501556 0.0537255 0.0501556 0.0537255 0.0501556
47478 0.0007096 0.0006719 0.1312764 0.1243005 0.1312764 0.1243005 0.1312764 0.1243005
47480 0.0003428 0.0003267 0.0445602 0.0424705 0.0445602 0.0424705 0.0445602 0.0424705
47481 0.0000931 0.0000889 0.0104270 0.0099610 0.0104270 0.0099610 0.0104270 0.0099610
47482 0.0001573 0.0001504 0.0169881 0.0162474 0.0169881 0.0162474 0.0169881 0.0162474
47484 0.0001463 0.0001401 0.0149216 0.0142930 0.0149216 0.0142930 0.0149216 0.0142930
47485 0.0001654 0.0001589 0.0150558 0.0144610 0.0150558 0.0144610 0.0150558 0.0144610
47489 0.0010423 0.0010045 0.0885922 0.0853852 0.0885922 0.0853852 0.0885922 0.0853852
47491 0.0011177 0.0010805 0.0815929 0.0788779 0.0815929 0.0788779 0.0815929 0.0788779
47492 0.0003289 0.0003184 0.0220365 0.0213312 0.0220365 0.0213312 0.0220365 0.0213312
47494 0.0001214 0.0001176 0.0078933 0.0076450 0.0078933 0.0076450 0.0078933 0.0076450
47495 0.0008410 0.0008154 0.0546649 0.0529999 0.0546649 0.0529999 0.0546649 0.0529999
47497 0.0001030 0.0000999 0.0066934 0.0064958 0.0066934 0.0064958 0.0066934 0.0064958
47501 0.0007486 0.0006970 0.1714202 0.1596121 0.1714202 0.1596121 0.1714202 0.1596121
47502 0.0006732 0.0006320 0.1541527 0.1447340 0.1541527 0.1447340 0.1541527 0.1447340
47503 0.0005769 0.0005442 0.1055786 0.0995892 0.1055786 0.0995892 0.1055786 0.0995892
47505 0.0001412 0.0001337 0.0215971 0.0204551 0.0215971 0.0204551 0.0215971 0.0204551
47506 0.0008139 0.0007725 0.1245205 0.1181932 0.1245205 0.1181932 0.1245205 0.1181932
47507 0.0003653 0.0003475 0.0558851 0.0531677 0.0558851 0.0531677 0.0558851 0.0531677
47509 0.0005208 0.0004964 0.0651048 0.0620495 0.0651048 0.0620495 0.0651048 0.0620495
47513 0.0001613 0.0001465 0.0617892 0.0561129 0.0617892 0.0561129 0.0617892 0.0561129
47514 0.0002455 0.0002278 0.0658072 0.0610395 0.0658072 0.0610395 0.0658072 0.0610395
47516 0.0005922 0.0005546 0.1587166 0.1486335 0.1587166 0.1486335 0.1587166 0.1486335
47517 0.0007283 0.0006868 0.1172537 0.1105674 0.1172537 0.1105674 0.1172537 0.1105674
47519 0.0004177 0.0003953 0.0563855 0.0533668 0.0563855 0.0533668 0.0563855 0.0533668
47521 0.0010103 0.0009609 0.1202200 0.1143452 0.1202200 0.1143452 0.1202200 0.1143452
47522 0.0003641 0.0003471 0.0385923 0.0367935 0.0385923 0.0367935 0.0385923 0.0367935
47524 0.0007654 0.0007310 0.0773042 0.0738278 0.0773042 0.0738278 0.0773042 0.0738278
47525 0.0002478 0.0002370 0.0235455 0.0225182 0.0235455 0.0225182 0.0235455 0.0225182
47540 0.0007516 0.0007055 0.1390534 0.1305187 0.1390534 0.1305187 0.1390534 0.1305187
47547 0.0000779 0.0000739 0.0110660 0.0104870 0.0110660 0.0104870 0.0110660 0.0104870
47548 0.0001361 0.0001291 0.0171516 0.0162632 0.0171516 0.0162632 0.0171516 0.0162632
47549 0.0006471 0.0006145 0.0815318 0.0774236 0.0815318 0.0774236 0.0815318 0.0774236
47552 0.0010200 0.0009713 0.1285222 0.1223819 0.1285222 0.1223819 0.1285222 0.1223819
47557 0.0003322 0.0003011 0.1242345 0.1126083 0.1242345 0.1126083 0.1242345 0.1126083
47568 0.0003597 0.0003347 0.0625845 0.0582456 0.0625845 0.0582456 0.0625845 0.0582456
47582 0.0001927 0.0001728 0.1186965 0.1064512 0.1186965 0.1064512 0.1186965 0.1064512
47588 0.0003665 0.0003333 0.2110889 0.1919821 0.2110889 0.1919821 0.2110889 0.1919821
47601 0.0001189 0.0001098 0.0275913 0.0254626 0.0275913 0.0254626 0.0275913 0.0254626
47619 0.0000808 0.0000752 0.0983223 0.0915761 0.0983223 0.0915761 0.0983223 0.0915761
47628 0.0000156 0.0000146 0.0190255 0.0177648 0.0190255 0.0177648 0.0190255 0.0177648
47634 0.0000739 0.0000692 0.0802285 0.0751882 0.0802285 0.0751882 0.0802285 0.0751882
47635 0.0001182 0.0001113 0.1208182 0.1137317 0.1208182 0.1137317 0.1208182 0.1137317
47636 0.0000370 0.0000349 0.0378156 0.0356710 0.0378156 0.0356710 0.0378156 0.0356710
47637 0.0001320 0.0001247 0.1348572 0.1274659 0.1348572 0.1274659 0.1348572 0.1274659
47638 0.0000357 0.0000338 0.0324511 0.0307306 0.0324511 0.0307306 0.0324511 0.0307306
47650 0.0000453 0.0000406 0.0808656 0.0724964 0.0808656 0.0724964 0.0808656 0.0724964
47657 0.0000458 0.0000416 0.0742696 0.0674184 0.0742696 0.0674184 0.0742696 0.0674184
47658 0.0001042 0.0000957 0.1512436 0.1388303 0.1512436 0.1388303 0.1512436 0.1388303
47659 0.0000246 0.0000227 0.0326362 0.0301015 0.0326362 0.0301015 0.0326362 0.0301015
47661 0.0000637 0.0000590 0.0824372 0.0762928 0.0824372 0.0762928 0.0824372 0.0762928
47662 0.0000416 0.0000386 0.0512500 0.0475591 0.0512500 0.0475591 0.0512500 0.0475591
47664 0.0000819 0.0000763 0.0974895 0.0907725 0.0974895 0.0907725 0.0974895 0.0907725
47666 0.0000457 0.0000428 0.0503413 0.0471049 0.0503413 0.0471049 0.0503413 0.0471049
47667 0.0000536 0.0000502 0.0576377 0.0540381 0.0576377 0.0540381 0.0576377 0.0540381
47714 0.0000636 0.0000569 0.1200869 0.1073359 0.1200869 0.1073359 0.1200869 0.1073359
47715 0.0000207 0.0000187 0.0348366 0.0314017 0.0348366 0.0314017 0.0348366 0.0314017
47716 0.0000243 0.0000221 0.0390784 0.0354080 0.0390784 0.0354080 0.0390784 0.0354080
47719 0.0000347 0.0000318 0.0503252 0.0461104 0.0503252 0.0461104 0.0503252 0.0461104
47720 0.0000990 0.0000913 0.1360900 0.1255164 0.1360900 0.1255164 0.1360900 0.1255164
47721 0.0000130 0.0000120 0.0163525 0.0151440 0.0163525 0.0151440 0.0163525 0.0151440
47722 0.0000804 0.0000747 0.0998606 0.0927335 0.0998606 0.0927335 0.0998606 0.0927335
47723 0.0000874 0.0000815 0.1024879 0.0955648 0.1024879 0.0955648 0.1024879 0.0955648
47724 0.0001003 0.0000939 0.1119610 0.1047714 0.1119610 0.1047714 0.1119610 0.1047714
47725 0.0000290 0.0000272 0.0308168 0.0289119 0.0308168 0.0289119 0.0308168 0.0289119
47726 0.0001403 0.0001320 0.1452378 0.1366376 0.1452378 0.1366376 0.1452378 0.1366376
47727 0.0000694 0.0000654 0.0678969 0.0640359 0.0678969 0.0640359 0.0339483 0.0320179
47729 0.0000174 0.0000164 0.0165636 0.0156428 0.0165636 0.0156428 0.0165636 0.0156428
47730 0.0000209 0.0000197 0.0196204 0.0185407 0.0196204 0.0185407 0.0196204 0.0185407
47732 0.0001406 0.0001331 0.1300320 0.1231229 0.1300320 0.1231229 0.1300320 0.1231229
47733 0.0001401 0.0001330 0.1237270 0.1174457 0.1237270 0.1174457 0.1237270 0.1174457
47783 0.0000123 0.0000114 0.0160661 0.0148818 0.0160661 0.0148818 0.0160661 0.0148818
47791 0.0000575 0.0000536 0.0751715 0.0700724 0.0751715 0.0700724 0.0751715 0.0700724
47810 0.0001138 0.0001059 0.1393190 0.1295989 0.1393190 0.1295989 0.1393190 0.1295989
47824 0.0000726 0.0000679 0.0826567 0.0772139 0.0826567 0.0772139 0.0826567 0.0772139
47831 0.0000198 0.0000186 0.0216608 0.0202733 0.0216608 0.0202733 0.0216608 0.0202733
47834 0.0000475 0.0000445 0.0512532 0.0480467 0.0512532 0.0480467 0.0512532 0.0480467
47836 0.0000314 0.0000295 0.0328257 0.0308197 0.0328257 0.0308197 0.0328257 0.0308197
47852 0.0000183 0.0000172 0.0184507 0.0173738 0.0184507 0.0173738 0.0184507 0.0173738
47856 0.0000234 0.0000220 0.0236108 0.0222486 0.0236108 0.0222486 0.0236108 0.0222486
47869 0.0000251 0.0000237 0.0242355 0.0228740 0.0242355 0.0228740 0.0242355 0.0228740
47873 0.0000723 0.0000683 0.0699167 0.0660614 0.0699167 0.0660614 0.0699167 0.0660614
47889 0.0001065 0.0000969 0.1664786 0.1514883 0.1664786 0.1514883 0.1664786 0.1514883
47890 0.0000360 0.0000329 0.0527720 0.0482222 0.0527720 0.0482222 0.0527720 0.0482222
47892 0.0000673 0.0000617 0.0963427 0.0882970 0.0963427 0.0882970 0.0963427 0.0882970
47893 0.0000343 0.0000317 0.0459871 0.0423887 0.0459871 0.0423887 0.0459871 0.0423887
47940 0.0000042 0.0000038 0.0077753 0.0069411 0.0077753 0.0069411 0.0077753 0.0069411
47944 0.0000042 0.0000038 0.0069526 0.0063166 0.0069526 0.0063166 0.0069526 0.0063166
47946 0.0000032 0.0000029 0.0045087 0.0041279 0.0045087 0.0041279 0.0045087 0.0041279
47966 0.0000199 0.0000187 0.0246666 0.0231808 0.0246666 0.0231808 0.0246666 0.0231808
47972 0.0000946 0.0000899 0.0838822 0.0797037 0.0838822 0.0797037 0.0838822 0.0797037
47973 0.0000230 0.0000219 0.0185772 0.0177047 0.0185772 0.0177047 0.0185772 0.0177047
47975 0.0000099 0.0000094 0.0078037 0.0074441 0.0078037 0.0074441 0.0078037 0.0074441
47976 0.0000515 0.0000493 0.0392713 0.0375459 0.0392713 0.0375459 0.0392713 0.0375459
47977 0.0000130 0.0000124 0.0094166 0.0090180 0.0094166 0.0090180 0.0094166 0.0090180
47978 0.0000697 0.0000668 0.0499158 0.0478508 0.0499158 0.0478508 0.0499158 0.0478508
47979 0.0000512 0.0000491 0.0358007 0.0343515 0.0358007 0.0343515 0.0358007 0.0343515
47982 0.0000432 0.0000415 0.0290592 0.0279252 0.0290592 0.0279252 0.0290592 0.0279252
47998 0.0000272 0.0000244 0.0479081 0.0430519 0.0479081 0.0430519 0.0479081 0.0430519
47999 0.0000387 0.0000352 0.0607402 0.0552761 0.0607402 0.0552761 0.0607402 0.0552761
48001 0.0000331 0.0000304 0.0479222 0.0439245 0.0479222 0.0439245 0.0479222 0.0439245
48002 0.0000847 0.0000780 0.1224625 0.1128167 0.1224625 0.1128167 0.1224625 0.1128167
48008 0.0000614 0.0000572 0.0749473 0.0697913 0.0749473 0.0697913 0.0749473 0.0697913
48011 0.0000664 0.0000621 0.0735659 0.0688465 0.0735659 0.0688465 0.0735659 0.0688465
48023 0.0000035 0.0000033 0.0039189 0.0036795 0.0039189 0.0036795 0.0039189 0.0036795
48073 0.0000106 0.0000098 0.0184893 0.0171061 0.0184893 0.0171061 0.0184893 0.0171061
48076 0.0000462 0.0000431 0.0804047 0.0750012 0.0804047 0.0750012 0.0804047 0.0750012
48079 0.0000182 0.0000171 0.0195836 0.0183663 0.0195836 0.0183663 0.0195836 0.0183663
48082 0.0000205 0.0000192 0.0211692 0.0198892 0.0211692 0.0198892 0.0211692 0.0198892
48084 0.0000763 0.0000718 0.0774703 0.0729280 0.0774703 0.0729280 0.0774703 0.0729280
48085 0.0000299 0.0000283 0.0284437 0.0268679 0.0284437 0.0268679 0.0284437 0.0268679
48086 0.0000527 0.0000499 0.0483365 0.0457631 0.0483365 0.0457631 0.0483365 0.0457631
48088 0.0000554 0.0000511 0.0813117 0.0749509 0.0813117 0.0749509 0.0813117 0.0749509
48089 0.0000471 0.0000438 0.0570824 0.0531373 0.0570824 0.0531373 0.0570824 0.0531373
48097 0.0000267 0.0000253 0.0277775 0.0262860 0.0277775 0.0262860 0.0277775 0.0262860
48099 0.0000494 0.0000468 0.0448272 0.0424711 0.0448272 0.0424711 0.0448272 0.0424711
48166 0.0000731 0.0000692 0 0 0 0 0 0
48172 0.0002877 0.0002646 0 0 0 0 0 0
48176 0.0000528 0.0000492 0.0668287 0.0622250 0.0668287 0.0622250 0.0668287 0.0622250
48177 0.0000556 0.0000520 0.0623001 0.0583161 0.0623001 0.0583161 0.0623001 0.0583161
48179 0.0000470 0.0000442 0.0495792 0.0465888 0.0495792 0.0465888 0.0495792 0.0465888
48181 0.0000454 0.0000429 0.0478849 0.0452195 0.0478849 0.0452195 0.0478849 0.0452195
48185 0.0000193 0.0000183 0.0203491 0.0192789 0.0203491 0.0192789 0.0203491 0.0192789
48230 0.0000467 0.0000429 0.0130193 0.0119533 0.0065435 0.0060077 0.0064425 0.0059150
48233 0.0000182 0.0000170 0.0429739 0.0400459 0.0429739 0.0400459 0.0429739 0.0400459
48236 0.0000253 0.0000237 0.0538649 0.0505414 0.0538649 0.0505414 0.0538649 0.0505414
48237 0.0000352 0.0000331 0.0716358 0.0674356 0.0716358 0.0674356 0.0716358 0.0674356
48238 0.0000284 0.0000268 0.0543679 0.0513586 0.0543679 0.0513586 0.0543679 0.0513586
48239 0.0000267 0.0000252 0.0510564 0.0483105 0.0510564 0.0483105 0.0510564 0.0483105
48240 0.0000271 0.0000257 0.0519212 0.0492087 0.0519212 0.0492087 0.0519212 0.0492087
48244 0.0001374 0.0001304 0 0 0 0 0 0
48245 0.0000118 0.0000112 0.0201825 0.0191752 0.0201825 0.0191752 0.0201825 0.0191752
48246 0.0000329 0.0000313 0.0563383 0.0535793 0.0563383 0.0535793 0.0563383 0.0535793
48253 0.0000116 0.0000107 0.0299438 0.0277472 0.0299438 0.0277472 0.0149718 0.0138735
48255 0.0000328 0.0000307 0.0784728 0.0733590 0.0784728 0.0733590 0.0392364 0.0366794
48256 0.0000306 0.0000288 0.0731965 0.0688553 0.0731965 0.0688553 0.0365983 0.0344277
48257 0.0000286 0.0000270 0.0684897 0.0646895 0.0684897 0.0646895 0.0342448 0.0323447
48258 0.0000272 0.0000258 0.0651554 0.0617272 0.0651554 0.0617272 0.0325777 0.0308636
48259 0.0000164 0.0000156 0.0392439 0.0372572 0.0392439 0.0372572 0.0196219 0.0186285
48260 0.0000249 0.0000237 0.0595027 0.0566528 0.0595027 0.0566528 0.0297513 0.0283264
48261 0.0000072 0.0000069 0.0172785 0.0164713 0.0172785 0.0164713 0.0086393 0.0082356
48262 0.0000232 0.0000222 0.0554672 0.0529880 0.0554672 0.0529880 0.0277337 0.0264940
48263 0.0000171 0.0000163 0.0408007 0.0390256 0.0408007 0.0390256 0.0204004 0.0195128
48265 0.0000218 0.0000209 0.0521713 0.0499824 0.0521713 0.0499824 0.0260857 0.0249912
48290 0.0000402 0.0000376 0.0904999 0.0846299 0.0904999 0.0846299 0.0904999 0.0846299
48291 0.0000360 0.0000338 0.0757137 0.0711030 0.0757137 0.0711030 0.0757137 0.0711030
48293 0.0000355 0.0000334 0.0719931 0.0677662 0.0719931 0.0677662 0.0719931 0.0677662
48294 0.0000362 0.0000341 0.0710162 0.0669761 0.0710162 0.0669761 0.0710162 0.0669761
48295 0.0000181 0.0000171 0.0345093 0.0325879 0.0345093 0.0325879 0.0345093 0.0325879
48307 0.0000054 0.0000050 0.0125948 0.0117387 0.0125948 0.0117387 0.0125948 0.0117387
48312 0.0000376 0.0000354 0.0793846 0.0746489 0.0793846 0.0746489 0.0793846 0.0746489
48313 0.0000186 0.0000175 0.0363937 0.0343338 0.0363937 0.0343338 0.0363937 0.0343338
48318 0.0000062 0.0000059 0.0112000 0.0106116 0.0112000 0.0106116 0.0112000 0.0106116
48320 0.0000176 0.0000167 0.0312634 0.0296520 0.0312634 0.0296520 0.0312634 0.0296520
48323 0.0000358 0.0000341 0.0600657 0.0571747 0.0600657 0.0571747 0.0600657 0.0571747
48324 0.0000318 0.0000304 0.0512988 0.0489258 0.0512988 0.0489258 0.0512988 0.0489258
48325 0.0000340 0.0000325 0.0547471 0.0522977 0.0547471 0.0522977 0.0547471 0.0522977
48326 0.0000186 0.0000177 0.0298880 0.0285842 0.0298880 0.0285842 0.0298880 0.0285842
48327 0.0000045 0.0000044 0.0073259 0.0070235 0.0073259 0.0070235 0.0073259 0.0070235
48336 0.0000154 0.0000143 0.0363719 0.0338703 0.0363719 0.0338703 0.0363719 0.0338703
48337 0.0000069 0.0000064 0.0162327 0.0151487 0.0162327 0.0151487 0.0162327 0.0151487
48341 0.0000056 0.0000053 0.0132813 0.0124288 0.0132813 0.0124288 0.0132813 0.0124288
48342 0.0000253 0.0000238 0.0540242 0.0506789 0.0540242 0.0506789 0.0540242 0.0506789
48343 0.0000097 0.0000091 0.0198915 0.0186992 0.0198915 0.0186992 0.0198915 0.0186992
48346 0.0000329 0.0000310 0.0647996 0.0611067 0.0647996 0.0611067 0.0647996 0.0611067
48347 0.0000063 0.0000060 0.0296637 0.0280118 0.0296637 0.0280118 0.0296637 0.0280118
48348 0.0000341 0.0000323 0.0633217 0.0599170 0.0633217 0.0599170 0.0633217 0.0599170
48349 0.0000087 0.0000082 0.0156713 0.0148437 0.0156713 0.0148437 0.0156713 0.0148437
48352 0.0000311 0.0000295 0.0543935 0.0516256 0.0543935 0.0516256 0.0543935 0.0516256
48356 0.0000346 0.0000322 0.0885263 0.0822406 0.0885263 0.0822406 0.0885263 0.0822406
48358 0.0000347 0.0000326 0.0736934 0.0692242 0.0736934 0.0692242 0.0736934 0.0692242
48359 0.0000348 0.0000328 0.0697525 0.0657363 0.0697525 0.0657363 0.0697525 0.0657363
48366 0.0000330 0.0000314 0.0568393 0.0540155 0.0568393 0.0540155 0.0568393 0.0540155
48367 0.0000352 0.0000335 0.0585292 0.0557131 0.0585292 0.0557131 0.0585292 0.0557131
48368 0.0000344 0.0000328 0.0573047 0.0546208 0.0573047 0.0546208 0.0573047 0.0546208
48369 0.0000283 0.0000270 0.0470985 0.0449432 0.0470985 0.0449432 0.0470985 0.0449432
48398 0.0000112 0.0000104 0.0277909 0.0257992 0.0277909 0.0257992 0.0277909 0.0257992
48409 0.0000339 0.0000318 0.0730699 0.0685562 0.0730699 0.0685562 0.0730699 0.0685562
48410 0.0000365 0.0000344 0.0786359 0.0740122 0.0786359 0.0740122 0.0786359 0.0740122
48412 0.0000303 0.0000286 0.0652472 0.0616629 0.0652472 0.0616629 0.0652472 0.0616629
48416 0.0000181 0.0000172 0.0390445 0.0369531 0.0390445 0.0369531 0.0390445 0.0369531
48417 0.0000281 0.0000266 0.0604404 0.0573186 0.0604404 0.0573186 0.0604404 0.0573186
48418 0.0000060 0.0000056 0.0128178 0.0121687 0.0128178 0.0121687 0.0128178 0.0121687
48421 0.0000253 0.0000240 0.0428702 0.0407647 0.0428702 0.0407647 0.0428702 0.0407647
48423 0.0000089 0.0000084 0.0150214 0.0142999 0.0150214 0.0142999 0.0150214 0.0142999
48455 0.0000177 0.0000163 0.0497553 0.0457814 0.0497553 0.0457814 0.0497553 0.0457814
48456 0.0000072 0.0000067 0.0188691 0.0174338 0.0188691 0.0174338 0.0188691 0.0174338
48461 0.0000286 0.0000266 0.0693229 0.0645064 0.0693229 0.0645064 0.0693229 0.0645064
48462 0.0000297 0.0000278 0.0719508 0.0672599 0.0719508 0.0672599 0.0719508 0.0672599
48463 0.0000322 0.0000302 0.0687594 0.0645235 0.0687594 0.0645235 0.0687594 0.0645235
48469 0.0000316 0.0000298 0.0616599 0.0582138 0.0616599 0.0582138 0.0616599 0.0582138
48471 0.0000054 0.0000051 0.0101321 0.0095800 0.0101321 0.0095800 0.0101321 0.0095800
48510 0.0000125 0.0000114 0.0385677 0.0351251 0.0385677 0.0351251 0.0385677 0.0351251
48511 0.0000124 0.0000113 0.0382066 0.0348680 0.0382066 0.0348680 0.0382066 0.0348680
48512 0.0000138 0.0000127 0.0428353 0.0392162 0.0428353 0.0392162 0.0428353 0.0392162
48513 0.0000317 0.0000291 0.0980730 0.0901504 0.0980730 0.0901504 0.0980730 0.0901504
48514 0.0000184 0.0000169 0.0568032 0.0524006 0.0568032 0.0524006 0.0568032 0.0524006
48516 0.0000174 0.0000161 0.0537858 0.0497725 0.0537858 0.0497725 0.0537858 0.0497725
48518 0.0000316 0.0000293 0.0776929 0.0721394 0.0776929 0.0721394 0.0776929 0.0721394
48519 0.0000198 0.0000184 0.0487853 0.0453872 0.0487853 0.0453872 0.0487853 0.0453872
48520 0.0000333 0.0000311 0.0819827 0.0765277 0.0819827 0.0765277 0.0819827 0.0765277
48521 0.0000334 0.0000312 0.0822320 0.0768946 0.0822320 0.0768946 0.0822320 0.0768946
48522 0.0000342 0.0000320 0.0841392 0.0788200 0.0841392 0.0788200 0.0841392 0.0788200
48527 0.0000041 0.0000038 0.0100201 0.0094067 0.0100201 0.0094067 0.0100201 0.0094067
48529 0.0000123 0.0000116 0.0303709 0.0285400 0.0303709 0.0285400 0.0303709 0.0285400
48530 0.0000288 0.0000271 0.0709477 0.0667910 0.0709477 0.0667910 0.0709477 0.0667910
48531 0.0000277 0.0000261 0.0682617 0.0643391 0.0682617 0.0643391 0.0682617 0.0643391
48532 0.0000263 0.0000248 0.0647083 0.0610573 0.0647083 0.0610573 0.0647083 0.0610573
48533 0.0000191 0.0000181 0.0470799 0.0444645 0.0470799 0.0444645 0.0470799 0.0444645
48536 0.0000088 0.0000083 0.0217344 0.0205533 0.0217344 0.0205533 0.0217344 0.0205533
48635 0.0000355 0.0000328 0.0951038 0.0877484 0.0951038 0.0877484 0.0951038 0.0877484
48636 0.0000327 0.0000303 0.0875136 0.0810783 0.0875136 0.0810783 0.0875136 0.0810783
48638 0.0000212 0.0000197 0.0569193 0.0529006 0.0569193 0.0529006 0.0569193 0.0529006
48639 0.0000228 0.0000213 0.0611212 0.0569444 0.0611212 0.0569444 0.0611212 0.0569444
48640 0.0000295 0.0000276 0.0791153 0.0740569 0.0791153 0.0740569 0.0791153 0.0740569
48645 0.0000272 0.0000256 0.0728287 0.0684495 0.0728287 0.0684495 0.0728287 0.0684495
48656 0.0000090 0.0000085 0.0240706 0.0227053 0.0240706 0.0227053 0.0240706 0.0227053
48657 0.0000257 0.0000243 0.0688549 0.0650226 0.0688549 0.0650226 0.0688549 0.0650226
48658 0.0000244 0.0000231 0.0653386 0.0617889 0.0653386 0.0617889 0.0653386 0.0617889
48660 0.0000169 0.0000160 0.0452043 0.0428125 0.0452043 0.0428125 0.0452043 0.0428125
48701 0.0000200 0.0000181 0.0669907 0.0606607 0.0669907 0.0606607 0.0669907 0.0606607
48706 0.0000045 0.0000039 0.0188788 0.0165503 0.0188788 0.0165503 0.0188788 0.0165503
48720 0.0000241 0.0000222 0.0673470 0.0620018 0.0673470 0.0620018 0.0673470 0.0620018
48721 0.0000156 0.0000145 0.0377609 0.0351133 0.0377609 0.0351133 0.0377609 0.0351133
48722 0.0000495 0.0000463 0.1194591 0.1117349 0.1194591 0.1117349 0.1194591 0.1117349
48725 0.0000347 0.0000326 0.0837076 0.0787673 0.0837076 0.0787673 0.0837076 0.0787673
48726 0.0000393 0.0000371 0.0948164 0.0895237 0.0948164 0.0895237 0.0948164 0.0895237
48727 0.0000505 0.0000479 0.1218456 0.1155556 0.1218456 0.1155556 0.1218456 0.1155556
48730 0.0000050 0.0000044 0.0204043 0.0179602 0.0204043 0.0179602 0.0204043 0.0179602
48731 0.0000320 0.0000284 0.1267906 0.1126026 0.1267906 0.1126026 0.1267906 0.1126026
48732 0.0000066 0.0000060 0.0230088 0.0207386 0.0230088 0.0207386 0.0230088 0.0207386
48734 0.0000463 0.0000420 0.0748279 0.0679292 0.0748279 0.0679292 0.0748279 0.0679292
48735 0.0000537 0.0000493 0.0776020 0.0711716 0.0776020 0.0711716 0.0776020 0.0711716
48736 0.0000198 0.0000183 0.0259346 0.0239580 0.0259346 0.0239580 0.0259346 0.0239580
48742 0.0000382 0.0000354 0.0471918 0.0438052 0.0471918 0.0438052 0.0471918 0.0438052
48743 0.0000298 0.0000278 0.0334624 0.0312895 0.0334624 0.0312895 0.0334624 0.0312895
48745 0.0000153 0.0000144 0.0165158 0.0154782 0.0165158 0.0154782 0.0165158 0.0154782
48746 0.0000114 0.0000107 0.0120497 0.0113356 0.0120497 0.0113356 0.0120497 0.0113356
48801 0.0000666 0.0000609 0.1074981 0.0983563 0.1074981 0.0983563 0.1074981 0.0983563
48803 0.0000348 0.0000322 0.0456423 0.0422390 0.0456423 0.0422390 0.0456423 0.0422390
48805 0.0000498 0.0000464 0.0653779 0.0608319 0.0653779 0.0608319 0.0653779 0.0608319
48806 0.0000112 0.0000105 0.0147493 0.0137737 0.0147493 0.0137737 0.0147493 0.0137737
48807 0.0000717 0.0000671 0.0940072 0.0880842 0.0940072 0.0880842 0.0940072 0.0880842
48810 0.0000168 0.0000159 0.0220858 0.0208654 0.0220858 0.0208654 0.0220858 0.0208654
48811 0.0000128 0.0000121 0.0167819 0.0158739 0.0167819 0.0158739 0.0167819 0.0158739
48812 0.0000301 0.0000285 0.0395188 0.0374443 0.0395188 0.0374443 0.0395188 0.0374443
48813 0.0000420 0.0000400 0.0551469 0.0524438 0.0551469 0.0524438 0.0551469 0.0524438
48814 0.0000813 0.0000775 0.1066692 0.1017272 0.1066692 0.1017272 0.1066692 0.1017272
48824 0.0000288 0.0000257 0.0548979 0.0488920 0.0548979 0.0488920 0.0548979 0.0488920
48826 0.0000520 0.0000493 0.0485565 0.0460920 0.0485565 0.0460920 0.0485565 0.0460920
48828 0.0000979 0.0000908 0.1287497 0.1193965 0.1287497 0.1193965 0.1287497 0.1193965
48829 0.0000249 0.0000233 0.0283791 0.0265004 0.0283791 0.0265004 0.0283791 0.0265004
48830 0.0000174 0.0000163 0.0192725 0.0180254 0.0192725 0.0180254 0.0192725 0.0180254
48832 0.0000725 0.0000681 0.0780485 0.0732922 0.0780485 0.0732922 0.0780485 0.0732922
48836 0.0000891 0.0000844 0.0831346 0.0787125 0.0831346 0.0787125 0.0831346 0.0787125
48838 0.0000626 0.0000596 0.0535659 0.0509347 0.0535659 0.0509347 0.0535659 0.0509347
48839 0.0000671 0.0000640 0.0573972 0.0546836 0.0573972 0.0546836 0.0573972 0.0546836
48863 0.0000203 0.0000184 0.0325342 0.0295548 0.0325342 0.0295548 0.0325342 0.0295548
48864 0.0000627 0.0000574 0.1004749 0.0919217 0.1004749 0.0919217 0.1004749 0.0919217
48865 0.0000414 0.0000382 0.0663614 0.0612275 0.0663614 0.0612275 0.0663614 0.0612275
48867 0.0000240 0.0000223 0.0305187 0.0283339 0.0305187 0.0283339 0.0305187 0.0283339
48883 0.0000172 0.0000153 0.0322538 0.0286837 0.0322538 0.0286837 0.0322538 0.0286837
48884 0.0000178 0.0000159 0.0332657 0.0297538 0.0332657 0.0297538 0.0332657 0.0297538
48885 0.0000114 0.0000102 0.0212386 0.0190763 0.0212386 0.0190763 0.0212386 0.0190763
48888 0.0000417 0.0000379 0.0701582 0.0638081 0.0701582 0.0638081 0.0701582 0.0638081
48891 0.0000795 0.0000736 0.1052354 0.0973374 0.1052354 0.0973374 0.1052354 0.0973374
48892 0.0000294 0.0000273 0.0357739 0.0332380 0.0357739 0.0332380 0.0357739 0.0332380
48893 0.0000241 0.0000225 0.0285991 0.0266216 0.0285991 0.0266216 0.0285991 0.0266216
48894 0.0000170 0.0000159 0.0196699 0.0183381 0.0196699 0.0183381 0.0196699 0.0183381
48895 0.0000548 0.0000512 0.0624166 0.0583118 0.0624166 0.0583118 0.0624166 0.0583118
48897 0.0000552 0.0000518 0.0591385 0.0554763 0.0591385 0.0554763 0.0591385 0.0554763
48899 0.0000710 0.0000668 0.0728024 0.0685589 0.0728024 0.0685589 0.0728024 0.0685589
48900 0.0000270 0.0000255 0.0260917 0.0246260 0.0260917 0.0246260 0.0260917 0.0246260
48901 0.0000218 0.0000206 0.0205857 0.0194487 0.0205857 0.0194487 0.0205857 0.0194487
48902 0.0001053 0.0000997 0.0981500 0.0929420 0.0981500 0.0929420 0.0981500 0.0929420
48903 0.0000734 0.0000694 0.0684391 0.0647847 0.0684391 0.0647847 0.0684391 0.0647847
48935 0.0000280 0.0000248 0.0554652 0.0491926 0.0554652 0.0491926 0.0554652 0.0491926
48938 0.0000294 0.0000267 0.0461526 0.0419842 0.0461526 0.0419842 0.0461526 0.0419842
48940 0.0000244 0.0000224 0.0355281 0.0325783 0.0355281 0.0325783 0.0355281 0.0325783
48943 0.0001168 0.0001082 0.1698743 0.1574778 0.1698743 0.1574778 0.1698743 0.1574778
48946 0.0000648 0.0000607 0.0943557 0.0882576 0.0943557 0.0882576 0.0943557 0.0882576
48947 0.0000503 0.0000472 0.0731874 0.0687380 0.0731874 0.0687380 0.0731874 0.0687380
48949 0.0000764 0.0000721 0.1111987 0.1049559 0.1111987 0.1049559 0.1111987 0.1049559
48951 0.0000291 0.0000276 0.0423583 0.0401209 0.0423583 0.0401209 0.0423583 0.0401209
48952 0.0000957 0.0000909 0.1391755 0.1322302 0.1391755 0.1322302 0.1391755 0.1322302
48971 0.0000325 0.0000288 0.0643292 0.0570279 0.0643292 0.0570279 0.0643292 0.0570279
48976 0.0000170 0.0000153 0.0310636 0.0279128 0.0310636 0.0279128 0.0310636 0.0279128
48982 0.0000309 0.0000283 0.0564487 0.0515898 0.0564487 0.0515898 0.0564487 0.0515898
48983 0.0000955 0.0000881 0.1743545 0.1606950 0.1743545 0.1606950 0.1743545 0.1606950
48984 0.0000368 0.0000341 0.0671317 0.0623034 0.0671317 0.0623034 0.0671317 0.0623034
48985 0.0000911 0.0000850 0.1662065 0.1551007 0.1662065 0.1551007 0.1662065 0.1551007
48986 0.0000493 0.0000462 0.0532607 0.0499357 0.0532607 0.0499357 0.0532607 0.0499357
48987 0.0000194 0.0000182 0.0209621 0.0197163 0.0209621 0.0197163 0.0209621 0.0197163
48988 0.0001054 0.0000994 0.1139314 0.1074100 0.1139314 0.1074100 0.1139314 0.1074100
48989 0.0001214 0.0001149 0.1312083 0.1241664 0.1312083 0.1241664 0.1312083 0.1241664
48990 0.0000390 0.0000370 0.0344971 0.0327263 0.0344971 0.0327263 0.0344971 0.0327263
48991 0.0001073 0.0001020 0.0929201 0.0883170 0.0929201 0.0883170 0.0929201 0.0883170
49019 0.0000670 0.0000597 0.1303214 0.1160450 0.1303214 0.1160450 0.1303214 0.1160450
49023 0.0000319 0.0000294 0.0621007 0.0571528 0.0621007 0.0571528 0.0621007 0.0571528
49026 0.0000208 0.0000190 0.0309907 0.0283178 0.0309907 0.0283178 0.0309907 0.0283178
49027 0.0000183 0.0000168 0.0259686 0.0238167 0.0259686 0.0238167 0.0259686 0.0238167
49029 0.0000197 0.0000181 0.0265099 0.0244259 0.0265099 0.0244259 0.0265099 0.0244259
49030 0.0000266 0.0000246 0.0342760 0.0317004 0.0342760 0.0317004 0.0342760 0.0317004
49031 0.0000256 0.0000238 0.0320759 0.0297387 0.0320759 0.0297387 0.0320759 0.0297387
49033 0.0000034 0.0000033 0.0041510 0.0040434 0.0041510 0.0040434 0.0041510 0.0040434
49034 0.0000189 0.0000185 0.0065832 0.0064513 0.0065832 0.0064513 0.0065832 0.0064513
49035 0.0000235 0.0000230 0.0078610 0.0077098 0.0078610 0.0077098 0.0078610 0.0077098
49038 0.0000329 0.0000323 0.0107812 0.0105798 0.0107812 0.0105798 0.0107812 0.0105798
49042 0.0000385 0.0000378 0.0122296 0.0120065 0.0122296 0.0120065 0.0122296 0.0120065
49043 0.0000237 0.0000233 0.0072456 0.0071188 0.0072456 0.0071188 0.0072456 0.0071188
49045 0.0000480 0.0000472 0.0138592 0.0136315 0.0138592 0.0136315 0.0138592 0.0136315
49048 0.0000097 0.0000095 0.0027911 0.0027466 0.0027911 0.0027466 0.0027911 0.0027466
49050 0.0000085 0.0000084 0.0024634 0.0024245 0.0024634 0.0024245 0.0024634 0.0024245
49053 0.0000517 0.0000509 0.0133775 0.0131794 0.0133775 0.0131794 0.0133775 0.0131794
49054 0.0000453 0.0000447 0.0117354 0.0115658 0.0117354 0.0115658 0.0117354 0.0115658
49057 0.0000848 0.0000765 0.1505926 0.1357832 0.1505926 0.1357832 0.1505926 0.1357832
49059 0.0000132 0.0000120 0.0233470 0.0213013 0.0233470 0.0213013 0.0233470 0.0213013
49060 0.0000202 0.0000185 0.0358229 0.0328096 0.0358229 0.0328096 0.0358229 0.0328096
49061 0.0000154 0.0000141 0.0212431 0.0195414 0.0212431 0.0195414 0.0212431 0.0195414
49062 0.0000577 0.0000539 0.0669027 0.0624501 0.0669027 0.0624501 0.0669027 0.0624501
49063 0.0000266 0.0000249 0.0308074 0.0288395 0.0308074 0.0288395 0.0308074 0.0288395
49064 0.0000639 0.0000601 0.0676460 0.0636043 0.0676460 0.0636043 0.0676460 0.0636043
49065 0.0000831 0.0000783 0.0879531 0.0829324 0.0879531 0.0829324 0.0879531 0.0829324
49066 0.0000434 0.0000410 0.0406950 0.0384848 0.0406950 0.0384848 0.0406950 0.0384848
49067 0.0000495 0.0000469 0.0464369 0.0439878 0.0464369 0.0439878 0.0464369 0.0439878
49068 0.0000371 0.0000352 0.0325313 0.0308727 0.0325313 0.0308727 0.0325313 0.0308727
49069 0.0000989 0.0000941 0.0868029 0.0826252 0.0868029 0.0826252 0.0868029 0.0826252
49070 0.0000495 0.0000472 0.0434584 0.0414307 0.0434584 0.0414307 0.0434584 0.0414307
49071 0.0000488 0.0000465 0.0383765 0.0366307 0.0383765 0.0366307 0.0383765 0.0366307
49072 0.0000425 0.0000406 0.0334125 0.0319278 0.0334125 0.0319278 0.0334125 0.0319278
49073 0.0000279 0.0000267 0.0206998 0.0198084 0.0206998 0.0198084 0.0206998 0.0198084
49098 0.0000117 0.0000105 0.0209011 0.0186650 0.0209011 0.0186650 0.0209011 0.0186650
49099 0.0000701 0.0000631 0.1232998 0.1110460 0.1232998 0.1110460 0.1232998 0.1110460
49100 0.0000359 0.0000326 0.0568176 0.0516550 0.0568176 0.0516550 0.0568176 0.0516550
49110 0.0000849 0.0000787 0.1187473 0.1100855 0.1187473 0.1100855 0.1187473 0.1100855
49111 0.0000587 0.0000548 0.0672926 0.0628336 0.0672926 0.0628336 0.0672926 0.0628336
49113 0.0000438 0.0000411 0.0460738 0.0433166 0.0460738 0.0433166 0.0460738 0.0433166
49114 0.0000546 0.0000515 0.0541141 0.0510083 0.0541141 0.0510083 0.0541141 0.0510083
49116 0.0001189 0.0001124 0.1139919 0.1077572 0.1139919 0.1077572 0.1139919 0.1077572
49117 0.0000647 0.0000613 0.0587028 0.0556270 0.0587028 0.0556270 0.0587028 0.0556270
49118 0.0000443 0.0000421 0.0378147 0.0359458 0.0378147 0.0359458 0.0378147 0.0359458
49121 0.0000642 0.0000571 0.1307178 0.1160976 0.1307178 0.1160976 0.1307178 0.1160976
49125 0.0000820 0.0000748 0.1351078 0.1232376 0.1351078 0.1232376 0.1351078 0.1232376
49126 0.0000451 0.0000416 0.0614664 0.0566511 0.0614664 0.0566511 0.0614664 0.0566511
49127 0.0001157 0.0001075 0.1576477 0.1464360 0.1576477 0.1464360 0.1576477 0.1464360
49128 0.0000173 0.0000161 0.0195912 0.0182925 0.0195912 0.0182925 0.0195912 0.0182925
49132 0.0000177 0.0000167 0.0188301 0.0176957 0.0188301 0.0176957 0.0188301 0.0176957
49133 0.0000376 0.0000354 0.0365102 0.0344509 0.0365102 0.0344509 0.0365102 0.0344509
49134 0.0000693 0.0000655 0.0673418 0.0636829 0.0673418 0.0636829 0.0673418 0.0636829
49135 0.0000423 0.0000401 0.0382681 0.0362637 0.0382681 0.0362637 0.0382681 0.0362637
49136 0.0001139 0.0001082 0.1030698 0.0979256 0.1030698 0.0979256 0.1030698 0.0979256
49137 0.0000613 0.0000584 0.0504130 0.0480225 0.0504130 0.0480225 0.0504130 0.0480225
49138 0.0000379 0.0000362 0.0293686 0.0280508 0.0293686 0.0280508 0.0293686 0.0280508
49139 0.0000332 0.0000318 0.0247364 0.0236687 0.0247364 0.0236687 0.0247364 0.0236687
49140 0.0000422 0.0000404 0.0302521 0.0289950 0.0302521 0.0289950 0.0302521 0.0289950
49141 0.0000915 0.0000878 0.0644028 0.0618100 0.0644028 0.0618100 0.0644028 0.0618100
49142 0.0000245 0.0000235 0.0165411 0.0158937 0.0165411 0.0158937 0.0165411 0.0158937
49143 0.0000213 0.0000205 0.0138483 0.0133253 0.0138483 0.0133253 0.0138483 0.0133253
49144 0.0000088 0.0000085 0.0057090 0.0054952 0.0057090 0.0054952 0.0057090 0.0054952
49148 0.0000274 0.0000264 0.0178362 0.0171764 0.0178362 0.0171764 0.0178362 0.0171764
49155 0.0000206 0.0000198 0.0133653 0.0128899 0.0133653 0.0128899 0.0133653 0.0128899
49157 0.0000313 0.0000302 0.0188409 0.0181846 0.0188409 0.0181846 0.0188409 0.0181846
49158 0.0000433 0.0000419 0.0249934 0.0241611 0.0249934 0.0241611 0.0249934 0.0241611
49159 0.0000711 0.0000688 0.0410080 0.0396842 0.0410080 0.0396842 0.0410080 0.0396842
49165 0.0000320 0.0000310 0.0174594 0.0169111 0.0174594 0.0169111 0.0174594 0.0169111
49168 0.0000320 0.0000310 0.0174332 0.0168934 0.0174332 0.0168934 0.0174332 0.0168934
49217 0.0000356 0.0000318 0.0683291 0.0609927 0.0683291 0.0609927 0.0683291 0.0609927
49218 0.0000202 0.0000182 0.0350425 0.0315306 0.0350425 0.0315306 0.0350425 0.0315306
49219 0.0000991 0.0000907 0.1557510 0.1424796 0.1557510 0.1424796 0.1557510 0.1424796
49224 0.0000238 0.0000221 0.0293118 0.0271980 0.0293118 0.0271980 0.0293118 0.0271980
49226 0.0000428 0.0000398 0.0527935 0.0491199 0.0527935 0.0491199 0.0527935 0.0491199
49227 0.0000637 0.0000595 0.0785467 0.0733171 0.0785467 0.0733171 0.0785467 0.0733171
49228 0.0000827 0.0000775 0.0911712 0.0854705 0.0911712 0.0854705 0.0911712 0.0854705
49229 0.0000320 0.0000301 0.0330855 0.0310937 0.0330855 0.0310937 0.0330855 0.0310937
49230 0.0000330 0.0000312 0.0318087 0.0300240 0.0318087 0.0300240 0.0318087 0.0300240
49232 0.0001061 0.0001003 0.1021348 0.0966127 0.1021348 0.0966127 0.1021348 0.0966127
49233 0.0000122 0.0000116 0.0109670 0.0103909 0.0109670 0.0103909 0.0109670 0.0103909
49240 0.0000454 0.0000405 0.0904010 0.0806691 0.0904010 0.0806691 0.0904010 0.0806691
49241 0.0000297 0.0000268 0.0590986 0.0533138 0.0590986 0.0533138 0.0590986 0.0533138
49244 0.0000620 0.0000564 0.0982609 0.0895283 0.0982609 0.0895283 0.0982609 0.0895283
49245 0.0000308 0.0000283 0.0434994 0.0399341 0.0434994 0.0399341 0.0434994 0.0399341
49246 0.0000286 0.0000264 0.0385844 0.0355609 0.0385844 0.0355609 0.0385844 0.0355609
49247 0.0000002 0.0000002 0.0003080 0.0002847 0.0003080 0.0002847 0.0003080 0.0002847
49248 0.0001023 0.0000952 0.1261308 0.1173505 0.1261308 0.1173505 0.1261308 0.1173505
49249 0.0000205 0.0000192 0.0226449 0.0211857 0.0226449 0.0211857 0.0226449 0.0211857
49250 0.0000186 0.0000175 0.0190954 0.0179536 0.0190954 0.0179536 0.0190954 0.0179536
49251 0.0000266 0.0000251 0.0260661 0.0245772 0.0260661 0.0245772 0.0260661 0.0245772
49253 0.0000644 0.0000609 0.0631607 0.0596713 0.0631607 0.0596713 0.0631607 0.0596713
49254 0.0000328 0.0000311 0.0321710 0.0304538 0.0321710 0.0304538 0.0321710 0.0304538
49262 0.0000419 0.0000390 0.0527271 0.0490042 0.0527271 0.0490042 0.0527271 0.0490042
49263 0.0000486 0.0000453 0.0566817 0.0528650 0.0566817 0.0528650 0.0566817 0.0528650
49264 0.0000829 0.0000777 0.0967058 0.0905694 0.0967058 0.0905694 0.0967058 0.0905694
49265 0.0000621 0.0000584 0.0646967 0.0608133 0.0646967 0.0608133 0.0646967 0.0608133
49266 0.0000480 0.0000453 0.0451785 0.0427158 0.0451785 0.0427158 0.0451785 0.0427158
49267 0.0000488 0.0000461 0.0463130 0.0437736 0.0463130 0.0437736 0.0463130 0.0437736
49268 0.0000448 0.0000425 0.0394846 0.0374670 0.0394846 0.0374670 0.0394846 0.0374670
49270 0.0000258 0.0000245 0.0221333 0.0210368 0.0221333 0.0210368 0.0221333 0.0210368
49307 0.0000836 0.0000772 0.1124031 0.1037651 0.1124031 0.1037651 0.1124031 0.1037651
49308 0.0000258 0.0000239 0.0346557 0.0321143 0.0346557 0.0321143 0.0346557 0.0321143
49309 0.0000402 0.0000373 0.0491543 0.0456487 0.0491543 0.0456487 0.0491543 0.0456487
49310 0.0000419 0.0000390 0.0512254 0.0476991 0.0512254 0.0476991 0.0512254 0.0476991
49311 0.0000148 0.0000138 0.0168040 0.0156839 0.0168040 0.0156839 0.0168040 0.0156839
49312 0.0000964 0.0000902 0.1082090 0.1012504 0.1082090 0.1012504 0.1082090 0.1012504
49313 0.0000192 0.0000180 0.0202813 0.0190239 0.0202813 0.0190239 0.0202813 0.0190239
49314 0.0000797 0.0000749 0.0843893 0.0793100 0.0843893 0.0793100 0.0843893 0.0793100
49316 0.0000328 0.0000309 0.0327458 0.0308571 0.0327458 0.0308571 0.0327458 0.0308571
49317 0.0000149 0.0000140 0.0140301 0.0132554 0.0140301 0.0132554 0.0140301 0.0132554
49324 0.0000544 0.0000491 0.0995813 0.0899024 0.0995813 0.0899024 0.0995813 0.0899024
49329 0.0000355 0.0000330 0.0421030 0.0391979 0.0421030 0.0391979 0.0421030 0.0391979
49330 0.0000298 0.0000278 0.0342349 0.0319427 0.0342349 0.0319427 0.0342349 0.0319427
49331 0.0001212 0.0001137 0.1315758 0.1234951 0.1315758 0.1234951 0.1315758 0.1234951
49332 0.0000132 0.0000124 0.0129860 0.0122443 0.0129860 0.0122443 0.0129860 0.0122443
49337 0.0000479 0.0000431 0.0932840 0.0839862 0.0932840 0.0839862 0.0932840 0.0839862
49339 0.0000135 0.0000124 0.0205969 0.0188522 0.0205969 0.0188522 0.0205969 0.0188522
49340 0.0000216 0.0000199 0.0329468 0.0302322 0.0329468 0.0302322 0.0329468 0.0302322
49341 0.0000227 0.0000209 0.0346024 0.0318695 0.0346024 0.0318695 0.0346024 0.0318695
49342 0.0000349 0.0000322 0.0531020 0.0490595 0.0531020 0.0490595 0.0531020 0.0490595
49345 0.0000647 0.0000603 0.0759157 0.0707776 0.0759157 0.0707776 0.0759157 0.0707776
49346 0.0000217 0.0000203 0.0254517 0.0237887 0.0254517 0.0237887 0.0254517 0.0237887
49347 0.0000194 0.0000182 0.0209379 0.0196252 0.0209379 0.0196252 0.0209379 0.0196252
49348 0.0000474 0.0000445 0.0510214 0.0479038 0.0510214 0.0479038 0.0510214 0.0479038
49349 0.0000377 0.0000355 0.0378823 0.0356691 0.0378823 0.0356691 0.0378823 0.0356691
49351 0.0000189 0.0000179 0.0190163 0.0179415 0.0190163 0.0179415 0.0190163 0.0179415
49352 0.0000916 0.0000867 0.0865101 0.0818205 0.0865101 0.0818205 0.0865101 0.0818205
49353 0.0000494 0.0000468 0.0444127 0.0420986 0.0444127 0.0420986 0.0444127 0.0420986
49356 0.0000750 0.0000666 0.1473474 0.1308784 0.1473474 0.1308784 0.1473474 0.1308784
49358 0.0000366 0.0000331 0.0608076 0.0550805 0.0608076 0.0550805 0.0608076 0.0550805
49359 0.0000772 0.0000711 0.1074892 0.0990246 0.1074892 0.0990246 0.1074892 0.0990246
49360 0.0000556 0.0000516 0.0702324 0.0651341 0.0702324 0.0651341 0.0702324 0.0651341
49361 0.0000184 0.0000172 0.0219869 0.0204544 0.0219869 0.0204544 0.0219869 0.0204544
49362 0.0000225 0.0000211 0.0246182 0.0230481 0.0246182 0.0230481 0.0246182 0.0230481
49365 0.0000807 0.0000759 0.0838983 0.0789448 0.0838983 0.0789448 0.0838983 0.0789448
49366 0.0000662 0.0000625 0.0633305 0.0598533 0.0633305 0.0598533 0.0633305 0.0598533
49367 0.0000993 0.0000942 0.0906835 0.0859828 0.0906835 0.0859828 0.0906835 0.0859828
49368 0.0000261 0.0000248 0.0222922 0.0211838 0.0222922 0.0211838 0.0222922 0.0211838
49369 0.0000271 0.0000258 0.0227349 0.0216277 0.0227349 0.0216277 0.0227349 0.0216277
49373 0.0000725 0.0000655 0.1307999 0.1181995 0.1307999 0.1181995 0.1307999 0.1181995
49374 0.0000058 0.0000053 0.0104156 0.0094958 0.0104156 0.0094958 0.0104156 0.0094958
49376 0.0000535 0.0000492 0.0729364 0.0670429 0.0729364 0.0670429 0.0729364 0.0670429
49377 0.0000003 0.0000003 0.0003718 0.0003430 0.0003718 0.0003430 0.0003718 0.0003430
49378 0.0000697 0.0000645 0.0950505 0.0879698 0.0950505 0.0879698 0.0950505 0.0879698
49379 0.0000336 0.0000312 0.0400337 0.0372396 0.0400337 0.0372396 0.0400337 0.0372396
49380 0.0000661 0.0000616 0.0788054 0.0734474 0.0788054 0.0734474 0.0788054 0.0734474
49381 0.0000481 0.0000450 0.0542305 0.0506656 0.0542305 0.0506656 0.0542305 0.0506656
49382 0.0000628 0.0000588 0.0692449 0.0648091 0.0692449 0.0648091 0.0692449 0.0648091
49383 0.0000221 0.0000207 0.0236029 0.0221246 0.0236029 0.0221246 0.0236029 0.0221246
49384 0.0000206 0.0000194 0.0211787 0.0199030 0.0211787 0.0199030 0.0211787 0.0199030
49385 0.0000502 0.0000473 0.0481965 0.0455008 0.0481965 0.0455008 0.0481965 0.0455008
49389 0.0000167 0.0000158 0.0155393 0.0147032 0.0155393 0.0147032 0.0155393 0.0147032
49390 0.0000491 0.0000466 0.0456298 0.0433141 0.0456298 0.0433141 0.0456298 0.0433141
49432 0.0000253 0.0000229 0.0414627 0.0375812 0.0414627 0.0375812 0.0414627 0.0375812
49433 0.0001059 0.0000971 0.1562653 0.1433673 0.1562653 0.1433673 0.1562653 0.1433673
49434 0.0001375 0.0001276 0.1759491 0.1633000 0.1759491 0.1633000 0.1759491 0.1633000
49435 0.0000268 0.0000250 0.0309469 0.0288584 0.0309469 0.0288584 0.0309469 0.0288584
49437 0.0000233 0.0000219 0.0246836 0.0231654 0.0246836 0.0231654 0.0246836 0.0231654
49438 0.0001061 0.0000998 0.1122548 0.1056004 0.1122548 0.1056004 0.1122548 0.1056004
49439 0.0000220 0.0000208 0.0212414 0.0200445 0.0212414 0.0200445 0.0212414 0.0200445
49440 0.0000232 0.0000219 0.0223733 0.0211438 0.0223733 0.0211438 0.0223733 0.0211438
49445 0.0000158 0.0000141 0.0306128 0.0272975 0.0306128 0.0272975 0.0306128 0.0272975
49446 0.0000316 0.0000284 0.0613276 0.0551402 0.0613276 0.0551402 0.0613276 0.0551402
49447 0.0000747 0.0000678 0.1215907 0.1103711 0.1215907 0.1103711 0.1215907 0.1103711
49448 0.0000523 0.0000480 0.0739307 0.0678599 0.0739307 0.0678599 0.0739307 0.0678599
49449 0.0000168 0.0000155 0.0223520 0.0206014 0.0223520 0.0206014 0.0223520 0.0206014
49451 0.0000781 0.0000723 0.1038373 0.0960313 0.1038373 0.0960313 0.1038373 0.0960313
49452 0.0000549 0.0000511 0.0653310 0.0608206 0.0653310 0.0608206 0.0653310 0.0608206
49453 0.0000611 0.0000571 0.0703105 0.0656102 0.0703105 0.0656102 0.0703105 0.0656102
49454 0.0000389 0.0000364 0.0447465 0.0418381 0.0447465 0.0418381 0.0447465 0.0418381
49455 0.0000144 0.0000135 0.0157078 0.0147023 0.0157078 0.0147023 0.0157078 0.0147023
49456 0.0000375 0.0000351 0.0409215 0.0383395 0.0409215 0.0383395 0.0409215 0.0383395
49457 0.0000570 0.0000536 0.0580021 0.0545758 0.0580021 0.0545758 0.0580021 0.0545758
49464 0.0000623 0.0000555 0.1178695 0.1050067 0.1178695 0.1050067 0.1178695 0.1050067
49466 0.0000407 0.0000368 0.0682135 0.0616874 0.0682135 0.0616874 0.0682135 0.0616874
49468 0.0000583 0.0000534 0.0855929 0.0783374 0.0855929 0.0783374 0.0855929 0.0783374
49652 0.0000206 0.0000182 0.0437221 0.0386054 0.0437221 0.0386054 0.0437221 0.0386054
49653 0.0000367 0.0000325 0.0700523 0.0621840 0.0700523 0.0621840 0.0700523 0.0621840
49655 0.0001248 0.0001128 0.2385848 0.2155712 0.2385848 0.2155712 0.2385848 0.2155712
49656 0.0000728 0.0000665 0.1094064 0.0999634 0.1094064 0.0999634 0.1094064 0.0999634
49657 0.0000117 0.0000107 0.0175944 0.0161455 0.0175944 0.0161455 0.0175944 0.0161455
49658 0.0000168 0.0000154 0.0252755 0.0232190 0.0252755 0.0232190 0.0252755 0.0232190
49659 0.0000664 0.0000612 0.0998564 0.0919706 0.0998564 0.0919706 0.0998564 0.0919706
49660 0.0000351 0.0000324 0.0526891 0.0486678 0.0526891 0.0486678 0.0526891 0.0486678
49661 0.0000503 0.0000466 0.0755545 0.0700452 0.0755545 0.0700452 0.0755545 0.0700452
49662 0.0000342 0.0000318 0.0414521 0.0385081 0.0414521 0.0385081 0.0414521 0.0385081
49664 0.0000335 0.0000312 0.0406316 0.0378159 0.0406316 0.0378159 0.0406316 0.0378159
49665 0.0000939 0.0000876 0.1092630 0.1019190 0.1092630 0.1019190 0.1092630 0.1019190
49666 0.0000593 0.0000555 0.0647833 0.0606663 0.0647833 0.0606663 0.0647833 0.0606663
49736 0.0000119 0.0000108 0.0193510 0.0175002 0.0193510 0.0175002 0.0193510 0.0175002
49737 0.0000231 0.0000210 0.0376290 0.0341722 0.0376290 0.0341722 0.0376290 0.0341722
49742 0.0000274 0.0000252 0.0385520 0.0354605 0.0385520 0.0354605 0.0385520 0.0354605
49743 0.0000333 0.0000307 0.0468607 0.0432076 0.0468607 0.0432076 0.0468607 0.0432076
49749 0.0000387 0.0000361 0.0462061 0.0430156 0.0462061 0.0430156 0.0462061 0.0430156
49751 0.0001013 0.0000951 0.1092184 0.1025074 0.1092184 0.1025074 0.1092184 0.1025074
49752 0.0000246 0.0000231 0.0247005 0.0232499 0.0247005 0.0232499 0.0247005 0.0232499
49756 0.0000225 0.0000196 0.0527394 0.0460766 0.0527394 0.0460766 0.0527394 0.0460766
49758 0.0000424 0.0000375 0.0831577 0.0735869 0.0831577 0.0735869 0.0831577 0.0735869
49760 0.0000500 0.0000451 0.0846823 0.0763796 0.0846823 0.0763796 0.0846823 0.0763796
49761 0.0000164 0.0000148 0.0277494 0.0251153 0.0277494 0.0251153 0.0277494 0.0251153
49762 0.0000129 0.0000117 0.0218639 0.0198257 0.0218639 0.0198257 0.0218639 0.0198257
49763 0.0000570 0.0000519 0.0965201 0.0877927 0.0965201 0.0877927 0.0965201 0.0877927
49910 0.0000519 0.0000448 0.1222276 0.1053906 0.1222276 0.1053906 0.1222276 0.1053906
49914 0.0000498 0.0000439 0.1172049 0.1033179 0.1172049 0.1033179 0.1172049 0.1033179
49919 0.0000391 0.0000352 0.0675310 0.0609099 0.0675310 0.0609099 0.0675310 0.0609099
49921 0.0000140 0.0000127 0.0221779 0.0201170 0.0221779 0.0201170 0.0221779 0.0201170
49922 0.0000944 0.0000861 0.1445669 0.1318586 0.1445669 0.1318586 0.1445669 0.1318586
49923 0.0001310 0.0001204 0.1851462 0.1701741 0.1851462 0.1701741 0.1851462 0.1701741
49925 0.0000294 0.0000272 0.0387073 0.0357181 0.0387073 0.0357181 0.0387073 0.0357181
49926 0.0000477 0.0000441 0.0627705 0.0580255 0.0627705 0.0580255 0.0627705 0.0580255
49928 0.0000108 0.0000100 0.0142666 0.0132132 0.0142666 0.0132132 0.0142666 0.0132132
49929 0.0000110 0.0000102 0.0144086 0.0133531 0.0144086 0.0133531 0.0144086 0.0133531
49930 0.0000110 0.0000102 0.0154316 0.0143150 0.0154316 0.0143150 0.0154316 0.0143150
49932 0.0000221 0.0000206 0.0267880 0.0249386 0.0267880 0.0249386 0.0267880 0.0249386
49934 0.0000695 0.0000649 0.0794909 0.0742156 0.0794909 0.0742156 0.0794909 0.0742156
49959 0.0000272 0.0000244 0.0473814 0.0425422 0.0473814 0.0425422 0.0473814 0.0425422
49960 0.0000295 0.0000266 0.0512635 0.0462046 0.0512635 0.0462046 0.0512635 0.0462046
49961 0.0000945 0.0000857 0.1644110 0.1490892 0.1644110 0.1490892 0.1644110 0.1490892
49962 0.0000374 0.0000341 0.0563167 0.0513400 0.0563167 0.0513400 0.0563167 0.0513400
49964 0.0000413 0.0000378 0.0621687 0.0568507 0.0621687 0.0568507 0.0621687 0.0568507
49965 0.0000486 0.0000445 0.0730906 0.0670172 0.0730906 0.0670172 0.0730906 0.0670172
49966 0.0000467 0.0000430 0.0644200 0.0592222 0.0644200 0.0592222 0.0644200 0.0592222
49967 0.0000350 0.0000323 0.0482701 0.0444822 0.0482701 0.0444822 0.0482701 0.0444822
49968 0.0000863 0.0000798 0.1189151 0.1099058 0.1189151 0.1099058 0.1189151 0.1099058
49969 0.0001433 0.0001333 0.1745481 0.1623494 0.1745481 0.1623494 0.1745481 0.1623494
49970 0.0001381 0.0001290 0.1586365 0.1481729 0.1586365 0.1481729 0.1586365 0.1481729
50033 0.0000111 0.0000098 0.0241987 0.0214220 0.0241987 0.0214220 0.0241987 0.0214220
50034 0.0000823 0.0000744 0.1432819 0.1293977 0.1432819 0.1293977 0.1432819 0.1293977
50036 0.0000371 0.0000340 0.0532680 0.0487934 0.0532680 0.0487934 0.0532680 0.0487934
50045 0.0000862 0.0000803 0.1035797 0.0964796 0.1035797 0.0964796 0.1035797 0.0964796
50046 0.0000423 0.0000395 0.0467511 0.0437355 0.0467511 0.0437355 0.0467511 0.0437355
50047 0.0000488 0.0000457 0.0539994 0.0505937 0.0539994 0.0505937 0.0539994 0.0505937
50048 0.0001310 0.0001231 0.1449081 0.1361190 0.1449081 0.1361190 0.1449081 0.1361190
50067 0.0000396 0.0000355 0.0728946 0.0652242 0.0728946 0.0652242 0.0728946 0.0652242
50068 0.0000435 0.0000392 0.0734325 0.0662499 0.0734325 0.0662499 0.0734325 0.0662499
50070 0.0000283 0.0000257 0.0451509 0.0409851 0.0451509 0.0409851 0.0451509 0.0409851
50073 0.0000252 0.0000231 0.0384359 0.0351892 0.0384359 0.0351892 0.0384359 0.0351892
50074 0.0000251 0.0000230 0.0353261 0.0324067 0.0353261 0.0324067 0.0353261 0.0324067
50075 0.0000448 0.0000412 0.0616559 0.0566991 0.0616559 0.0566991 0.0616559 0.0566991
50076 0.0000328 0.0000303 0.0425386 0.0393055 0.0425386 0.0393055 0.0425386 0.0393055
50077 0.0000114 0.0000106 0.0144354 0.0133675 0.0144354 0.0133675 0.0144354 0.0133675
50232 0.0000480 0.0000440 0.0692603 0.0634916 0.0692603 0.0634916 0.0692603 0.0634916
50253 0.0000210 0.0000194 0.0268536 0.0248392 0.0268536 0.0248392 0.0268536 0.0248392
50262 0.0001044 0.0000969 0.1333985 0.1238839 0.1333985 0.1238839 0.1333985 0.1238839
50283 0.0001393 0.0001304 0.1608746 0.1505936 0.1608746 0.1505936 0.1608746 0.1505936
50313 0.0000967 0.0000909 0.1013948 0.0953279 0.1013948 0.0953279 0.1013948 0.0953279
50330 0.0000673 0.0000634 0.0668649 0.0630007 0.0668649 0.0630007 0.0668649 0.0630007
50343 0.0000880 0.0000830 0.0853217 0.0805428 0.0853217 0.0805428 0.0853217 0.0805428
50356 0.0000415 0.0000392 0.0389234 0.0367932 0.0389234 0.0367932 0.0389234 0.0367932
50376 0.0000848 0.0000804 0.0777994 0.0737044 0.0777994 0.0737044 0.0777994 0.0737044
50377 0.0000456 0.0000432 0.0396856 0.0376670 0.0396856 0.0376670 0.0396856 0.0376670
50380 0.0000171 0.0000163 0.0143978 0.0136927 0.0143978 0.0136927 0.0143978 0.0136927
50417 0.0000236 0.0000227 0.0158932 0.0152884 0.0158932 0.0152884 0.0158932 0.0152884
50424 0.0000730 0.0000705 0.0491056 0.0474354 0.0491056 0.0474354 0.0491056 0.0474354
50463 0.0000555 0.0000508 0.0843813 0.0772756 0.0843813 0.0772756 0.0843813 0.0772756
50464 0.0001392 0.0001290 0.1865706 0.1728217 0.1865706 0.1728217 0.1865706 0.1728217
50465 0.0000419 0.0000391 0.0480641 0.0448531 0.0480641 0.0448531 0.0480641 0.0448531
50466 0.0001294 0.0001217 0.1357258 0.1276777 0.1357258 0.1276777 0.1357258 0.1276777
50467 0.0000295 0.0000278 0.0285745 0.0269583 0.0285745 0.0269583 0.0285745 0.0269583
50468 0.0000469 0.0000443 0.0454801 0.0429587 0.0454801 0.0429587 0.0454801 0.0429587
50470 0.0000282 0.0000266 0.0272993 0.0258180 0.0272993 0.0258180 0.0272993 0.0258180
50471 0.0000133 0.0000126 0.0129314 0.0122373 0.0129314 0.0122373 0.0129314 0.0122373
50483 0.0000223 0.0000212 0.0215919 0.0204948 0.0215919 0.0204948 0.0215919 0.0204948
50491 0.0000453 0.0000415 0.0677773 0.0619842 0.0677773 0.0619842 0.0677773 0.0619842
50492 0.0000903 0.0000830 0.1270097 0.1168059 0.1270097 0.1168059 0.1270097 0.1168059
50493 0.0000411 0.0000379 0.0537095 0.0496152 0.0537095 0.0496152 0.0537095 0.0496152
50496 0.0001378 0.0001280 0.1801839 0.1673811 0.1801839 0.1673811 0.1801839 0.1673811
50497 0.0001075 0.0001005 0.1229157 0.1148574 0.1229157 0.1148574 0.1229157 0.1148574
50500 0.0001291 0.0001213 0.1368249 0.1286071 0.1368249 0.1286071 0.1368249 0.1286071
50501 0.0001059 0.0000999 0.1044866 0.0985776 0.1044866 0.0985776 0.1044866 0.0985776
50517 0.0000092 0.0000084 0.0126117 0.0115917 0.0126117 0.0115917 0.0126117 0.0115917
50520 0.0000474 0.0000437 0.0649654 0.0599517 0.0649654 0.0599517 0.0649654 0.0599517
50522 0.0000237 0.0000219 0.0324586 0.0300821 0.0324586 0.0300821 0.0324586 0.0300821
50526 0.0000481 0.0000447 0.0590296 0.0548577 0.0590296 0.0548577 0.0590296 0.0548577
50527 0.0000245 0.0000228 0.0287941 0.0268110 0.0287941 0.0268110 0.0287941 0.0268110
50528 0.0000401 0.0000374 0.0471710 0.0440022 0.0471710 0.0440022 0.0471710 0.0440022
50529 0.0000833 0.0000779 0.0935191 0.0874395 0.0935191 0.0874395 0.0935191 0.0874395
50530 0.0000233 0.0000218 0.0252221 0.0236229 0.0252221 0.0236229 0.0252221 0.0236229
50531 0.0000131 0.0000122 0.0141501 0.0132619 0.0141501 0.0132619 0.0141501 0.0132619
50535 0.0000227 0.0000213 0.0240802 0.0225971 0.0240802 0.0225971 0.0240802 0.0225971
50536 0.0000911 0.0000856 0.0965282 0.0907618 0.0965282 0.0907618 0.0965282 0.0907618
50545 0.0000350 0.0000314 0.0660101 0.0592028 0.0660101 0.0592028 0.0660101 0.0592028
50546 0.0000309 0.0000279 0.0511062 0.0461989 0.0511062 0.0461989 0.0511062 0.0461989
50548 0.0000472 0.0000429 0.0741254 0.0674233 0.0741254 0.0674233 0.0741254 0.0674233
50549 0.0000491 0.0000451 0.0681859 0.0626971 0.0681859 0.0626971 0.0681859 0.0626971
50550 0.0000661 0.0000610 0.0918228 0.0847602 0.0918228 0.0847602 0.0918228 0.0847602
50551 0.0000413 0.0000383 0.0521704 0.0483255 0.0521704 0.0483255 0.0521704 0.0483255
50552 0.0001368 0.0001274 0.1726973 0.1608147 0.1726973 0.1608147 0.1726973 0.1608147
50553 0.0000343 0.0000321 0.0379314 0.0354809 0.0379314 0.0354809 0.0379314 0.0354809
50554 0.0000660 0.0000618 0.0729730 0.0683759 0.0729730 0.0683759 0.0729730 0.0683759
50558 0.0000699 0.0000619 0.1398244 0.1237593 0.1398244 0.1237593 0.1398244 0.1237593
50560 0.0000675 0.0000611 0.1180041 0.1068863 0.1180041 0.1068863 0.1180041 0.1068863
50561 0.0000369 0.0000337 0.0554602 0.0506222 0.0554602 0.0506222 0.0554602 0.0506222
50562 0.0000353 0.0000323 0.0529887 0.0485549 0.0529887 0.0485549 0.0529887 0.0485549
50563 0.0000198 0.0000182 0.0274514 0.0252174 0.0274514 0.0252174 0.0274514 0.0252174
50564 0.0000161 0.0000148 0.0222636 0.0204853 0.0222636 0.0204853 0.0222636 0.0204853
50565 0.0000541 0.0000499 0.0749013 0.0691076 0.0749013 0.0691076 0.0749013 0.0691076
50569 0.0000207 0.0000192 0.0264767 0.0245214 0.0264767 0.0245214 0.0264767 0.0245214
50570 0.0000309 0.0000287 0.0377172 0.0350217 0.0377172 0.0350217 0.0377172 0.0350217
50596 0.0001103 0.0000975 0.2277689 0.2014326 0.2277689 0.2014326 0.2277689 0.2014326
50597 0.0000223 0.0000202 0.0353632 0.0320247 0.0353632 0.0320247 0.0353632 0.0320247
50598 0.0000328 0.0000298 0.0516011 0.0468766 0.0516011 0.0468766 0.0516011 0.0468766
50599 0.0000848 0.0000775 0.1333844 0.1218994 0.1333844 0.1218994 0.1333844 0.1218994
50600 0.0000436 0.0000401 0.0608409 0.0558968 0.0608409 0.0558968 0.0608409 0.0558968
50601 0.0000291 0.0000268 0.0406115 0.0374281 0.0406115 0.0374281 0.0406115 0.0374281
50602 0.0000434 0.0000401 0.0605495 0.0559730 0.0605495 0.0559730 0.0605495 0.0559730
50603 0.0001208 0.0001125 0.1685683 0.1569086 0.1685683 0.1569086 0.1685683 0.1569086
50604 0.0000112 0.0000105 0.0126627 0.0118245 0.0126627 0.0118245 0.0126627 0.0118245
50605 0.0000434 0.0000406 0.0488873 0.0457063 0.0488873 0.0457063 0.0488873 0.0457063
50606 0.0000830 0.0000778 0.0935309 0.0876260 0.0935309 0.0876260 0.0935309 0.0876260
50607 0.0000226 0.0000212 0.0254357 0.0238895 0.0254357 0.0238895 0.0254357 0.0238895
50613 0.0000623 0.0000551 0.1266857 0.1119912 0.1266857 0.1119912 0.1266857 0.1119912
50614 0.0000324 0.0000291 0.0604431 0.0542629 0.0604431 0.0542629 0.0604431 0.0542629
50615 0.0000219 0.0000198 0.0408091 0.0369803 0.0408091 0.0369803 0.0408091 0.0369803
50616 0.0000309 0.0000282 0.0576512 0.0525641 0.0576512 0.0525641 0.0576512 0.0525641
50617 0.0000232 0.0000213 0.0432836 0.0396860 0.0432836 0.0396860 0.0432836 0.0396860
50650 0.0000102 0.0000092 0.0162390 0.0147451 0.0162390 0.0147451 0.0162390 0.0147451
50654 0.0000347 0.0000319 0.0501369 0.0461127 0.0501369 0.0461127 0.0501369 0.0461127
50655 0.0000217 0.0000201 0.0270090 0.0250404 0.0270090 0.0250404 0.0270090 0.0250404
50656 0.0000766 0.0000713 0.0954708 0.0887803 0.0954708 0.0887803 0.0954708 0.0887803
50658 0.0000954 0.0000891 0.1101770 0.1029224 0.1101770 0.1029224 0.1101770 0.1029224
50660 0.0000220 0.0000207 0.0233045 0.0218765 0.0233045 0.0218765 0.0233045 0.0218765
50661 0.0000114 0.0000107 0.0119993 0.0112721 0.0119993 0.0112721 0.0119993 0.0112721
50662 0.0000249 0.0000234 0.0263283 0.0247500 0.0263283 0.0247500 0.0263283 0.0247500
50663 0.0000497 0.0000468 0.0525367 0.0494621 0.0525367 0.0494621 0.0525367 0.0494621
50664 0.0000501 0.0000473 0.0530035 0.0499752 0.0530035 0.0499752 0.0530035 0.0499752
50665 0.0000161 0.0000152 0.0170232 0.0160662 0.0170232 0.0160662 0.0170232 0.0160662
50666 0.0000139 0.0000131 0.0146762 0.0138607 0.0146762 0.0138607 0.0146762 0.0138607
50667 0.0000829 0.0000784 0.0875956 0.0828323 0.0875956 0.0828323 0.0875956 0.0828323
50668 0.0000892 0.0000845 0.0943120 0.0893688 0.0943120 0.0893688 0.0943120 0.0893688
50669 0.0000612 0.0000581 0.0536347 0.0509086 0.0536347 0.0509086 0.0536347 0.0509086
50670 0.0000150 0.0000143 0.0131371 0.0124966 0.0131371 0.0124966 0.0131371 0.0124966
50671 0.0000435 0.0000414 0.0381091 0.0362748 0.0381091 0.0362748 0.0381091 0.0362748
50672 0.0000107 0.0000102 0.0084190 0.0080317 0.0084190 0.0080317 0.0084190 0.0080317
50673 0.0000327 0.0000312 0.0257986 0.0246213 0.0257986 0.0246213 0.0257986 0.0246213
50674 0.0000442 0.0000423 0.0333967 0.0319308 0.0333967 0.0319308 0.0333967 0.0319308
50675 0.0000617 0.0000591 0.0466077 0.0445944 0.0466077 0.0445944 0.0466077 0.0445944
50676 0.0000195 0.0000187 0.0147534 0.0141244 0.0147534 0.0141244 0.0147534 0.0141244
50677 0.0000229 0.0000219 0.0163953 0.0157104 0.0163953 0.0157104 0.0163953 0.0157104
50678 0.0000211 0.0000202 0.0151011 0.0144756 0.0151011 0.0144756 0.0151011 0.0144756
50679 0.0000485 0.0000465 0.0347427 0.0333208 0.0347427 0.0333208 0.0347427 0.0333208
50853 0.0000314 0.0000291 0.0412911 0.0382484 0.0412911 0.0382484 0.0412911 0.0382484
50854 0.0000113 0.0000105 0.0148142 0.0137734 0.0148142 0.0137734 0.0148142 0.0137734
50857 0.0001246 0.0001167 0.1418872 0.1328907 0.1418872 0.1328907 0.1418872 0.1328907
50862 0.0000584 0.0000552 0.0596406 0.0563604 0.0596406 0.0563604 0.0596406 0.0563604
50863 0.0000163 0.0000154 0.0166506 0.0157518 0.0166506 0.0157518 0.0166506 0.0157518
50874 0.0000607 0.0000556 0.0893740 0.0817750 0.0893740 0.0817750 0.0893740 0.0817750
50875 0.0000435 0.0000400 0.0641015 0.0589128 0.0641015 0.0589128 0.0641015 0.0589128
50876 0.0000483 0.0000445 0.0710850 0.0655434 0.0710850 0.0655434 0.0710850 0.0655434
50885 0.0000461 0.0000407 0.0930659 0.0821414 0.0930659 0.0821414 0.0930659 0.0821414
50886 0.0000327 0.0000291 0.0660306 0.0587607 0.0660306 0.0587607 0.0660306 0.0587607
50887 0.0000164 0.0000148 0.0330806 0.0298753 0.0330806 0.0298753 0.0330806 0.0298753
50889 0.0000096 0.0000087 0.0194203 0.0176154 0.0194203 0.0176154 0.0194203 0.0176154
50897 0.0000219 0.0000201 0.0309602 0.0283883 0.0309602 0.0283883 0.0309602 0.0283883
50962 0.0000325 0.0000299 0.0488485 0.0448873 0.0488485 0.0448873 0.0488485 0.0448873
50965 0.0000275 0.0000253 0.0412490 0.0380324 0.0412490 0.0380324 0.0412490 0.0380324
50969 0.0000464 0.0000429 0.0598151 0.0553392 0.0598151 0.0553392 0.0598151 0.0553392
50973 0.0000392 0.0000364 0.0505629 0.0469223 0.0505629 0.0469223 0.0505629 0.0469223
50981 0.0000788 0.0000735 0.1015984 0.0948714 0.1015984 0.0948714 0.1015984 0.0948714
50987 0.0000579 0.0000543 0.0631272 0.0592021 0.0631272 0.0592021 0.0631272 0.0592021
50992 0.0000480 0.0000451 0.0523856 0.0492395 0.0523856 0.0492395 0.0523856 0.0492395
50996 0.0000518 0.0000488 0.0564867 0.0531962 0.0564867 0.0531962 0.0564867 0.0531962
51002 0.0000174 0.0000164 0.0190146 0.0179355 0.0190146 0.0179355 0.0190146 0.0179355
51008 0.0000229 0.0000217 0.0219881 0.0207739 0.0219881 0.0207739 0.0219881 0.0207739
51012 0.0000518 0.0000490 0.0497134 0.0470318 0.0497134 0.0470318 0.0497134 0.0470318
51015 0.0000713 0.0000676 0.0684106 0.0648322 0.0684106 0.0648322 0.0684106 0.0648322
51093 0.0000129 0.0000115 0.0252152 0.0223439 0.0252152 0.0223439 0.0252152 0.0223439
51095 0.0000032 0.0000031 0.0061861 0.0060024 0.0061861 0.0060024 0.0061861 0.0060024
51107 0.0000108 0.0000106 0.0037680 0.0036934 0.0037680 0.0036934 0.0037680 0.0036934
51109 0.0000265 0.0000260 0.0092203 0.0090397 0.0092203 0.0090397 0.0092203 0.0090397
51152 0.0000250 0.0000230 0.0348152 0.0319828 0.0348152 0.0319828 0.0348152 0.0319828
51154 0.0000134 0.0000124 0.0186809 0.0172414 0.0186809 0.0172414 0.0186809 0.0172414
51159 0.0001238 0.0001153 0.1723785 0.1604565 0.1723785 0.1604565 0.1723785 0.1604565
51160 0.0000619 0.0000581 0.0671268 0.0629979 0.0671268 0.0629979 0.0671268 0.0629979
51161 0.0001158 0.0001096 0.1256869 0.1189193 0.1256869 0.1189193 0.1256869 0.1189193
51162 0.0000473 0.0000451 0.0392020 0.0373500 0.0392020 0.0373500 0.0392020 0.0373500
51163 0.0000127 0.0000121 0.0104832 0.0100073 0.0104832 0.0100073 0.0104832 0.0100073
51165 0.0000174 0.0000166 0.0143738 0.0137418 0.0143738 0.0137418 0.0143738 0.0137418
51166 0.0000136 0.0000130 0.0112391 0.0107554 0.0112391 0.0107554 0.0112391 0.0107554
51167 0.0000448 0.0000430 0.0371182 0.0355746 0.0371182 0.0355746 0.0371182 0.0355746
51171 0.0000424 0.0000378 0.0790425 0.0704457 0.0790425 0.0704457 0.0790425 0.0704457
51172 0.0000123 0.0000110 0.0228958 0.0205942 0.0228958 0.0205942 0.0228958 0.0205942
51175 0.0000384 0.0000351 0.0596023 0.0543671 0.0596023 0.0543671 0.0596023 0.0543671
51176 0.0000344 0.0000317 0.0471057 0.0433672 0.0471057 0.0433672 0.0471057 0.0433672
51177 0.0000116 0.0000107 0.0159026 0.0146968 0.0159026 0.0146968 0.0159026 0.0146968
51178 0.0000648 0.0000601 0.0813157 0.0754706 0.0813157 0.0754706 0.0813157 0.0754706
51179 0.0000335 0.0000314 0.0365414 0.0342239 0.0365414 0.0342239 0.0365414 0.0342239
51180 0.0000124 0.0000116 0.0131762 0.0123583 0.0131762 0.0123583 0.0131762 0.0123583
51181 0.0000511 0.0000480 0.0534040 0.0501960 0.0534040 0.0501960 0.0534040 0.0501960
51182 0.0000158 0.0000149 0.0156744 0.0147646 0.0156744 0.0147646 0.0156744 0.0147646
51183 0.0000159 0.0000150 0.0155827 0.0146904 0.0155827 0.0146904 0.0155827 0.0146904
51187 0.0000133 0.0000126 0.0128849 0.0121666 0.0128849 0.0121666 0.0128849 0.0121666
51188 0.0000286 0.0000270 0.0276399 0.0261246 0.0276399 0.0261246 0.0276399 0.0261246
51200 0.0000352 0.0000320 0.0579014 0.0527529 0.0579014 0.0527529 0.0579014 0.0527529
51201 0.0000463 0.0000428 0.0613491 0.0567534 0.0613491 0.0567534 0.0613491 0.0567534
51202 0.0000379 0.0000353 0.0502590 0.0467664 0.0502590 0.0467664 0.0502590 0.0467664
51206 0.0000705 0.0000660 0.0800520 0.0749278 0.0800520 0.0749278 0.0800520 0.0749278
51208 0.0000489 0.0000459 0.0555033 0.0521574 0.0555033 0.0521574 0.0555033 0.0521574
51209 0.0000651 0.0000614 0.0651150 0.0613765 0.0651150 0.0613765 0.0651150 0.0613765
51210 0.0000610 0.0000577 0.0581951 0.0550089 0.0581951 0.0550089 0.0581951 0.0550089
51211 0.0000695 0.0000659 0.0662915 0.0628483 0.0662915 0.0628483 0.0662915 0.0628483
51212 0.0001246 0.0001185 0.1080542 0.1027239 0.1080542 0.1027239 0.1080542 0.1027239
51213 0.0000169 0.0000161 0.0137594 0.0131054 0.0137594 0.0131054 0.0137594 0.0131054
51214 0.0000266 0.0000253 0.0216334 0.0206174 0.0216334 0.0206174 0.0216334 0.0206174
51215 0.0001012 0.0000966 0.0824129 0.0786607 0.0824129 0.0786607 0.0824129 0.0786607
51217 0.0000153 0.0000146 0.0116406 0.0111250 0.0116406 0.0111250 0.0116406 0.0111250
51220 0.0000412 0.0000365 0.0813024 0.0720311 0.0813024 0.0720311 0.0813024 0.0720311
51222 0.0000587 0.0000539 0.0909739 0.0834829 0.0909739 0.0834829 0.0909739 0.0834829
51225 0.0000268 0.0000250 0.0320668 0.0299356 0.0320668 0.0299356 0.0320668 0.0299356
51226 0.0000122 0.0000114 0.0132823 0.0124412 0.0132823 0.0124412 0.0132823 0.0124412
51228 0.0001038 0.0000979 0.1099812 0.1037953 0.1099812 0.1037953 0.1099812 0.1037953
51229 0.0000496 0.0000471 0.0438544 0.0416550 0.0438544 0.0416550 0.0438544 0.0416550
51230 0.0000363 0.0000346 0.0294687 0.0280955 0.0294687 0.0280955 0.0294687 0.0280955
51234 0.0001360 0.0001214 0.2738279 0.2444755 0.2738279 0.2444755 0.2738279 0.2444755
51236 0.0000418 0.0000386 0.0572130 0.0528194 0.0572130 0.0528194 0.0572130 0.0528194
51237 0.0000349 0.0000325 0.0428614 0.0398600 0.0428614 0.0398600 0.0428614 0.0398600
51274 0.0000344 0.0000333 0.0201047 0.0194705 0.0201047 0.0194705 0.0201047 0.0194705
51277 0.0000074 0.0000072 0.0429968 0.0418422 0 0 0.0214984 0.0209211
51279 0.0000060 0.0000058 0.0347588 0.0339171 0.0347588 0.0339171 0.0347588 0.0339171
51281 0.0000053 0.0000052 0.0310257 0.0303193 0.0310257 0.0303193 0.0310257 0.0303193
51282 0.0000131 0.0000128 0.0524736 0.0513651 0.0524736 0.0513651 0.0524736 0.0513651
51283 0.0000085 0.0000083 0.0338633 0.0331929 0.0338633 0.0331929 0.0338633 0.0331929
51284 0.0000117 0.0000115 0.0467373 0.0458627 0.0467373 0.0458627 0.0467373 0.0458627
51285 0.0000047 0.0000046 0.0093488 0.0091800 0.0093488 0.0091800 0.0093488 0.0091800
51286 0.0000043 0.0000042 0.0085060 0.0083545 0.0085060 0.0083545 0.0085060 0.0083545
51297 0.0000088 0.0000086 0.0516450 0.0502787 0.0516450 0.0502787 0.0258225 0.0251393
51298 0.0000101 0.0000098 0.0588222 0.0574204 0.0588222 0.0574204 0.0294111 0.0287102
51300 0.0000074 0.0000073 0.0434354 0.0424920 0.0434354 0.0424920 0.0434354 0.0424920
51301 0.0000090 0.0000089 0.0528468 0.0517713 0.0528468 0.0517713 0.0528468 0.0517713
51334 0.0000039 0.0000037 0.0193082 0.0186450 0.0193082 0.0186450 0.0193082 0.0186450
51335 0.0000090 0.0000087 0.0448969 0.0434942 0.0448969 0.0434942 0.0448969 0.0434942
51336 0.0000018 0.0000018 0.0091128 0.0088518 0.0091128 0.0088518 0.0091128 0.0088518
51337 0.0000133 0.0000130 0.0665566 0.0647876 0.0665566 0.0647876 0.0665566 0.0647876
51338 0.0000120 0.0000117 0.0597938 0.0583573 0.0597938 0.0583573 0.0597938 0.0583573
51339 0.0000110 0.0000108 0.0550150 0.0538003 0.0550150 0.0538003 0.0550150 0.0538003
51370 0.0000081 0.0000080 0.0012885 0.0012848 0.0012885 0.0012848 0.0012885 0.0012848
51374 0.0000091 0.0000091 0.0014617 0.0014567 0.0014617 0.0014567 0.0014617 0.0014567
51395 0.0000181 0.0000178 0.0067534 0.0066272 0.0067534 0.0066272 0.0067534 0.0066272
51396 0.0001112 0.0001091 0.0242311 0.0237889 0.0242311 0.0237889 0.0242311 0.0237889
51487 0.0000372 0.0000362 0.0217143 0.0211278 0 0 0 0
51490 0.0000060 0.0000058 0.0298157 0.0291189 0.0298157 0.0291189 0.0298157 0.0291189
51491 0.0000160 0.0000156 0.0491267 0.0480679 0.0491267 0.0480679 0.0491267 0.0480679
51492 0.0000035 0.0000034 0.0061779 0.0060521 0.0061779 0.0060521 0.0061779 0.0060521
51493 0.0000379 0.0000372 0.0349446 0.0342583 0.0349446 0.0342583 0.0349446 0.0342583
51494 0.0000510 0.0000500 0.0406357 0.0398878 0.0406357 0.0398878 0.0406357 0.0398878
51495 0.0000276 0.0000272 0.0199593 0.0196092 0.0199593 0.0196092 0.0199593 0.0196092
51502 0.0000051 0.0000050 0.0066380 0.0064486 0 0 0 0
51504 0.0000089 0.0000087 0.0203526 0.0198277 0 0 0 0
51505 0.0000229 0.0000224 0.0401515 0.0392236 0 0 0 0
51506 0.0000062 0.0000061 0.0087365 0.0085488 0 0 0 0
51508 0.0000272 0.0000266 0.0373696 0.0366161 0 0 0 0
51509 0.0000200 0.0000196 0.0232427 0.0228019 0 0 0 0
51510 0.0000268 0.0000263 0.0294586 0.0289255 0 0 0 0
51511 0.0000304 0.0000299 0.0309416 0.0304083 0 0 0 0
51512 0.0000187 0.0000184 0.0179022 0.0176045 0 0 0 0
51517 0.0000050 0.0000048 0.0211759 0.0205114 0 0 0 0
51518 0.0000152 0.0000147 0.0645747 0.0627794 0 0 0 0
51520 0.0000083 0.0000081 0.0500683 0.0488995 0 0 0 0
51562 0.0000048 0.0000047 0.0344379 0.0336202 0 0 0 0
51563 0.0000032 0.0000032 0.0161936 0.0158289 0 0 0 0
51564 0.0000110 0.0000107 0.0523110 0.0512119 0 0 0 0
51565 0.0000059 0.0000058 0.0263231 0.0258030 0 0 0 0
51570 0.0000086 0.0000083 0.0162279 0.0157218 0 0 0 0
51572 0.0000022 0.0000021 0.0192821 0.0187424 0 0 0 0
51573 0.0000100 0.0000098 0.0641462 0.0624846 0 0 0 0
51574 0.0000102 0.0000099 0.0584448 0.0570706 0 0 0 0
51575 0.0000044 0.0000043 0.0193574 0.0189265 0 0 0 0
51576 0.0000027 0.0000026 0.0115347 0.0112897 0 0 0 0
51605 0.0000012 0.0000012 0.0116314 0.0112641 0 0 0 0
51607 0.0000014 0.0000014 0 0 0.0281049 0.0273326 0 0
51615 0.0000018 0.0000017 0 0 0.0346132 0.0337897 0 0
51616 0.0000024 0.0000023 0 0 0.0467074 0.0456813 0 0
51618 0.0000024 0.0000023 0 0 0.0466727 0.0457906 0 0
51619 0.0000012 0.0000012 0 0 0.0234818 0.0230587 0 0
51709 0.0000070 0.0000068 0 0 0.0531170 0.0519827 0.0531170 0.0519827
51710 0.0000037 0.0000036 0 0 0.0261291 0.0256021 0.0261291 0.0256021
51711 0.0000037 0.0000036 0 0 0.0249277 0.0244422 0.0249277 0.0244422
51713 0.0000007 0.0000007 0 0 0.0041529 0.0040777 0.0041529 0.0040777
51714 0.0000016 0.0000016 0 0 0.0099664 0.0097880 0.0099664 0.0097880
51715 0.0000012 0.0000012 0 0 0.0073898 0.0072594 0.0073898 0.0072594
51716 0.0000010 0.0000010 0 0 0.0059257 0.0058222 0.0059257 0.0058222
51718 0.0000008 0.0000008 0 0 0.0048094 0.0047265 0.0048094 0.0047265
51719 0.0000006 0.0000006 0 0 0.0037449 0.0036813 0.0037449 0.0036813
51735 0.0000013 0.0000012 0 0 0 0 0 0
51736 0.0000031 0.0000030 0 0 0 0 0 0
51740 0.0000015 0.0000015 0 0 0 0 0 0
51741 0.0000057 0.0000056 0 0 0 0 0 0
51742 0.0000022 0.0000022 0 0 0.0138323 0.0135843 0.0138323 0.0135843
51753 0.0000032 0.0000031 0 0 0.0185271 0.0182182 0.0185271 0.0182182
51754 0.0000036 0.0000035 0 0 0.0202624 0.0199363 0.0202624 0.0199363
51777 0.0000025 0.0000024 0 0 0.0238452 0.0231958 0 0
51778 0.0000006 0.0000006 0 0 0.0054664 0.0053245 0 0
51824 0.0000015 0.0000014 0 0 0.0151423 0.0147129 0 0
51825 0.0000066 0.0000064 0 0 0.0612531 0.0597093 0 0
51826 0.0000034 0.0000033 0 0 0.0278492 0.0272096 0.0278492 0.0272096
51827 0.0000068 0.0000066 0 0 0.0496257 0.0486112 0.0496257 0.0486112
51830 0.0000063 0.0000062 0 0 0.0371853 0.0365587 0.0371853 0.0365587
51837 0.0000062 0.0000061 0 0 0.0632274 0.0615540 0 0
51838 0.0000008 0.0000007 0 0 0.0063346 0.0061833 0.0063346 0.0061833
51839 0.0000046 0.0000045 0 0 0.0375110 0.0366691 0.0375110 0.0366691
51841 0.0000005 0.0000005 0 0 0.0036635 0.0035868 0.0036635 0.0035868
51842 0.0000012 0.0000012 0 0 0.0084495 0.0082756 0.0084495 0.0082756
51843 0.0000010 0.0000010 0 0 0.0070124 0.0068709 0.0070124 0.0068709
51854 0.0000016 0.0000016 0 0 0.0093522 0.0091941 0.0093522 0.0091941
51858 0.0000007 0.0000007 0 0 0.0037234 0.0036630 0.0037234 0.0036630
51860 0.0000015 0.0000014 0 0 0.0076542 0.0075375 0.0076542 0.0075375
51865 0.0000006 0.0000006 0 0 0.0068480 0.0066370 0.0068480 0.0066370
51874 0.0000039 0.0000038 0 0 0.0363342 0.0354244 0.0363342 0.0354244
51878 0.0000012 0.0000012 0 0 0.0096095 0.0093926 0.0096095 0.0093926
51881 0.0000067 0.0000066 0 0 0.0514218 0.0503447 0.0514218 0.0503447
51886 0.0000013 0.0000013 0 0 0.0088336 0.0086614 0.0088336 0.0086614
51900 0.0000052 0.0000051 0 0 0.0270853 0.0266868 0.0270853 0.0266868
51901 0.0000006 0.0000006 0 0 0.0031125 0.0030682 0.0031125 0.0030682
51902 0.0000025 0.0000025 0 0 0.0123476 0.0121740 0.0123476 0.0121740
51905 0.0000043 0.0000042 0 0 0.0556633 0.0538161 0 0
51906 0.0000033 0.0000032 0 0 0.0342100 0.0332208 0.0342100 0.0332208
51907 0.0000033 0.0000032 0 0 0.0294351 0.0286880 0.0294351 0.0286880
51908 0.0000014 0.0000014 0 0 0.0122049 0.0119068 0.0122049 0.0119068
51909 0.0000035 0.0000034 0 0 0.0274458 0.0268347 0.0274458 0.0268347
51914 0.0000018 0.0000017 0 0 0.0218121 0.0210817 0 0
51915 0.0000064 0.0000062 0 0 0.0668330 0.0650255 0 0
51921 0.0000041 0.0000040 0 0 0.0351820 0.0343456 0.0351820 0.0343456
51922 0.0000028 0.0000027 0 0 0.0208940 0.0204516 0.0208940 0.0204516
51924 0.0000036 0.0000036 0 0 0.0250125 0.0245224 0.0250125 0.0245224
51925 0.0000028 0.0000028 0 0 0.0184728 0.0181267 0.0184728 0.0181267
51927 0.0000013 0.0000013 0 0 0.0081195 0.0079736 0.0081195 0.0079736
51928 0.0000070 0.0000069 0 0 0.0391058 0.0384796 0.0391058 0.0384796
51929 0.0000027 0.0000027 0 0 0.0145631 0.0143367 0.0145631 0.0143367
51933 0.0000010 0.0000009 0 0 0.0116127 0.0112233 0 0
51934 0.0000006 0.0000006 0 0 0.0072546 0.0070246 0 0
51940 0.0000011 0.0000010 0 0 0.0105027 0.0102349 0.0105027 0.0102349
51941 0.0000021 0.0000021 0 0 0.0183587 0.0179041 0.0183587 0.0179041
51942 0.0000061 0.0000060 0 0 0.0510454 0.0498599 0.0510454 0.0498599
51943 0.0000015 0.0000015 0 0 0.0112627 0.0110164 0.0112627 0.0110164
51944 0.0000005 0.0000005 0 0 0.0040796 0.0039914 0.0040796 0.0039914
51945 0.0000030 0.0000029 0 0 0.0220522 0.0215850 0.0220522 0.0215850
51946 0.0000033 0.0000033 0 0 0.0239497 0.0234572 0.0239497 0.0234572
51949 0.0000020 0.0000020 0 0 0.0129087 0.0126735 0.0129087 0.0126735
51950 0.0000009 0.0000008 0 0 0.0053244 0.0052287 0.0053244 0.0052287
51952 0.0000009 0.0000009 0 0 0.0054843 0.0053871 0.0054843 0.0053871
51953 0.0000008 0.0000008 0 0 0.0048837 0.0047980 0.0048837 0.0047980
51954 0.0000056 0.0000055 0 0 0.0339585 0.0333768 0.0339585 0.0333768
51955 0.0000015 0.0000015 0 0 0.0088217 0.0086743 0.0088217 0.0086743
51958 0.0000006 0.0000006 0 0 0.0033466 0.0032913 0.0033466 0.0032913
51960 0.0000031 0.0000030 0 0 0.0174291 0.0171456 0.0174291 0.0171456
51977 0.0000010 0.0000009 0 0 0.0072624 0.0071119 0.0072624 0.0071119
51978 0.0000010 0.0000009 0 0 0.0067332 0.0065976 0.0067332 0.0065976
51982 0.0000008 0.0000008 0 0 0.0053933 0.0052998 0.0053933 0.0052998
51983 0.0000008 0.0000008 0 0 0.0047513 0.0046713 0.0047513 0.0046713
51985 0.0000040 0.0000039 0 0 0.0230699 0.0226943 0.0230699 0.0226943
51986 0.0000017 0.0000017 0 0 0.0090289 0.0088889 0.0090289 0.0088889
51987 0.0000023 0.0000023 0 0 0.0122183 0.0120361 0.0122183 0.0120361
51988 0.0000049 0.0000049 0 0 0.0248942 0.0245364 0.0248942 0.0245364
51990 0.0000020 0.0000020 0 0 0.0098110 0.0096730 0.0098110 0.0096730
51997 0.0000013 0.0000012 0 0 0.0144637 0.0140030 0 0
51998 0.0000031 0.0000030 0 0 0.0298619 0.0290535 0 0
51999 0.0000013 0.0000013 0 0 0.0114794 0.0111916 0.0114794 0.0111916
52005 0.0000026 0.0000025 0 0 0.0211289 0.0206416 0.0211289 0.0206416
52015 0.0000050 0.0000048 0 0 0.0377634 0.0369516 0.0377634 0.0369516
52018 0.0000058 0.0000057 0 0 0.0412261 0.0404006 0.0412261 0.0404006
52019 0.0000020 0.0000020 0 0 0.0136212 0.0133598 0.0136212 0.0133598
52022 0.0000047 0.0000046 0 0 0.0283308 0.0278421 0.0283308 0.0278421
52025 0.0000012 0.0000011 0 0 0.0145497 0.0140481 0 0
52026 0.0000040 0.0000039 0 0 0.0458595 0.0444491 0 0
52027 0.0000067 0.0000066 0 0 0.0665879 0.0647897 0.0665879 0.0647897
52030 0.0000038 0.0000038 0 0 0.0305761 0.0298825 0.0305761 0.0298825
52032 0.0000014 0.0000014 0 0 0.0097643 0.0095655 0.0097643 0.0095655
52034 0.0000006 0.0000006 0 0 0.0040832 0.0040038 0.0040832 0.0040038
52035 0.0000016 0.0000016 0 0 0.0109671 0.0107561 0.0109671 0.0107561
52036 0.0000008 0.0000008 0 0 0.0056603 0.0055529 0.0056603 0.0055529
52037 0.0000029 0.0000029 0 0 0.0189278 0.0185743 0.0189278 0.0185743
52038 0.0000009 0.0000009 0 0 0.0056591 0.0055578 0.0056591 0.0055578
52043 0.0000033 0.0000032 0 0 0.0315204 0.0307116 0 0
52044 0.0000007 0.0000007 0 0 0.0060272 0.0058815 0.0060272 0.0058815
52045 0.0000067 0.0000065 0 0 0.0546711 0.0534550 0.0546711 0.0534550
52046 0.0000247 0.0000242 0 0 0.0354866 0.0347750 0.0354866 0.0347750
52047 0.0000261 0.0000256 0 0 0.0340966 0.0334686 0.0340966 0.0334686
52048 0.0000344 0.0000338 0 0 0.0416487 0.0409399 0.0416487 0.0409399
52049 0.0000345 0.0000339 0 0 0.0391085 0.0384863 0.0391085 0.0384863
52050 0.0000130 0.0000128 0 0 0.0137777 0.0135678 0.0137777 0.0135678
52052 0.0000096 0.0000094 0 0 0.0097211 0.0095798 0.0097211 0.0095798
52060 0.0000170 0.0000165 0 0 0.0387486 0.0375350 0 0
52062 0.0000097 0.0000094 0 0 0.0186625 0.0181539 0.0186625 0.0181539
52065 0.0000064 0.0000062 0 0 0.0179774 0.0172828 0 0
52067 0.0000333 0.0000322 0 0 0.0795290 0.0769992 0 0
52068 0.0000084 0.0000082 0 0 0.0168398 0.0163585 0.0168398 0.0163585
52069 0.0000218 0.0000212 0 0 0.0421964 0.0410503 0.0421964 0.0410503
52097 0.0000704 0.0000681 0 0 0 0 0 0
52099 0.0000073 0.0000071 0 0 0.0154861 0.0150329 0 0
52101 0.0000054 0.0000052 0 0 0.0103457 0.0100626 0 0
52102 0.0000173 0.0000169 0 0 0.0333311 0.0324728 0 0
52103 0.0000054 0.0000052 0 0 0.0091675 0.0089427 0.0091675 0.0089427
52104 0.0000048 0.0000047 0 0 0.0078444 0.0076589 0.0078444 0.0076589
52107 0.0000343 0.0000336 0 0 0.0475477 0.0466238 0.0475477 0.0466238
52108 0.0000159 0.0000156 0 0 0.0206775 0.0202934 0.0206775 0.0202934
52110 0.0000035 0.0000034 0 0 0.0042758 0.0042002 0.0042758 0.0042002
52111 0.0000163 0.0000161 0 0 0.0198647 0.0195192 0.0198647 0.0195192
52112 0.0000031 0.0000030 0 0 0.0035761 0.0035165 0.0035761 0.0035165
52144 0.0000030 0.0000030 0 0 0.0047741 0.0046712 0.0047741 0.0046712
52145 0.0000078 0.0000076 0 0 0.0114639 0.0112236 0.0114639 0.0112236
52146 0.0000095 0.0000093 0 0 0.0139200 0.0136388 0.0139200 0.0136388
52265 0.0000097 0.0000094 0 0 0.0228298 0.0220731 0 0
52266 0.0000114 0.0000111 0 0 0.0251057 0.0243259 0.0251057 0.0243259
52268 0.0000206 0.0000200 0 0 0.0422554 0.0410516 0.0422554 0.0410516
52269 0.0000343 0.0000334 0 0 0.0629195 0.0613198 0.0314597 0.0306599
52270 0.0000372 0.0000364 0 0 0.0622269 0.0607921 0.0622269 0.0607921
52271 0.0000344 0.0000336 0 0 0.0522395 0.0511231 0.0522395 0.0511231
52276 0.0000206 0.0000202 0 0 0.0279123 0.0273741 0.0279123 0.0273741
52278 0.0000088 0.0000086 0 0 0.0112564 0.0110488 0.0112564 0.0110488
52286 0.0000314 0.0000305 0 0 0.0693059 0.0673601 0 0
52287 0.0000335 0.0000327 0 0 0.0589143 0.0575026 0.0589143 0.0575026
52288 0.0000288 0.0000282 0 0 0.0446291 0.0436735 0.0446291 0.0436735
52289 0.0000088 0.0000086 0 0 0.0122878 0.0120403 0.0122878 0.0120403
52290 0.0000035 0.0000034 0 0 0.0047458 0.0046519 0.0047458 0.0046519
52291 0.0000087 0.0000085 0 0 0.0117846 0.0115555 0.0117846 0.0115555
52292 0.0000141 0.0000138 0 0 0.0186765 0.0183225 0.0186765 0.0183225
52294 0.0000035 0.0000035 0 0 0.0044897 0.0044070 0.0044897 0.0044070
52295 0.0000049 0.0000048 0 0 0.0062635 0.0061492 0.0062635 0.0061492
52296 0.0000030 0.0000029 0 0 0.0037080 0.0036414 0.0037080 0.0036414
52302 0.0000088 0.0000085 0 0 0.0216426 0.0209153 0 0
52303 0.0000029 0.0000028 0 0 0.0063907 0.0061920 0.0063907 0.0061920
52304 0.0000050 0.0000048 0 0 0.0104783 0.0101631 0.0104783 0.0101631
52308 0.0000030 0.0000029 0 0 0.0056602 0.0055054 0.0056602 0.0055054
52309 0.0000054 0.0000053 0 0 0.0100464 0.0097781 0.0100464 0.0097781
52314 0.0000123 0.0000120 0 0 0.0215781 0.0210379 0.0215781 0.0210379
52317 0.0000032 0.0000032 0 0 0.0054283 0.0053081 0.0054283 0.0053081
52318 0.0000097 0.0000095 0 0 0.0146541 0.0143353 0.0146541 0.0143353
52319 0.0000066 0.0000065 0 0 0.0097947 0.0095862 0.0097947 0.0095862
52323 0.0000299 0.0000293 0 0 0.0411381 0.0403469 0.0411381 0.0403469
52324 0.0000072 0.0000071 0 0 0.0093406 0.0091667 0.0093406 0.0091667
52325 0.0000222 0.0000218 0 0 0.0278510 0.0273514 0.0278510 0.0273514
52326 0.0000109 0.0000107 0 0 0.0132698 0.0130376 0.0132698 0.0130376
52327 0.0000041 0.0000040 0 0 0.0048053 0.0047238 0.0048053 0.0047238
52343 0.0000046 0.0000044 0 0 0.0108678 0.0105163 0.0054339 0.0052582
52344 0.0000086 0.0000083 0 0 0.0202834 0.0196741 0.0101417 0.0098371
52345 0.0000276 0.0000269 0 0 0.0653731 0.0636437 0.0326865 0.0318218
52346 0.0000283 0.0000276 0 0 0.0476026 0.0464925 0.0476026 0.0464925
52347 0.0000047 0.0000046 0 0 0.0072194 0.0070591 0.0072194 0.0070591
52348 0.0000205 0.0000200 0 0 0.0304128 0.0297734 0.0304128 0.0297734
52349 0.0000299 0.0000293 0 0 0.0420337 0.0412015 0.0420337 0.0412015
52357 0.0000036 0.0000036 0 0 0.0046210 0.0045363 0.0046210 0.0045363
52359 0.0000111 0.0000109 0 0 0.0138704 0.0136210 0.0138704 0.0136210
52360 0.0000257 0.0000253 0 0 0.0310961 0.0305602 0.0310961 0.0305602
52361 0.0000341 0.0000336 0 0 0.0398398 0.0391814 0.0398398 0.0391814
52365 0.0000317 0.0000307 0 0 0.0749250 0.0726561 0.0749250 0.0726561
52366 0.0000334 0.0000326 0 0 0.0628601 0.0612572 0.0628601 0.0612572
52367 0.0000049 0.0000048 0 0 0.0081404 0.0079464 0.0081404 0.0079464
52368 0.0000075 0.0000074 0 0 0.0124593 0.0121691 0.0124593 0.0121691
52369 0.0000073 0.0000071 0 0 0.0115642 0.0113014 0.0115642 0.0113014
52370 0.0000349 0.0000342 0 0 0.0528394 0.0517213 0.0528394 0.0517213
52371 0.0000342 0.0000335 0 0 0.0480951 0.0471441 0.0480951 0.0471441
52372 0.0000095 0.0000094 0 0 0.0126185 0.0123792 0.0126185 0.0123792
52378 0.0000041 0.0000040 0 0 0.0050814 0.0049911 0.0050814 0.0049911
52380 0.0000199 0.0000195 0 0 0.0241027 0.0236851 0.0241027 0.0236851
52381 0.0000042 0.0000041 0 0 0.0050992 0.0050125 0.0050992 0.0050125
52382 0.0000141 0.0000139 0 0 0.0165036 0.0162268 0.0165036 0.0162268
52391 0.0000271 0.0000263 0 0 0.0584359 0.0567571 0.0584359 0.0567571
52392 0.0000098 0.0000095 0 0 0.0175877 0.0171379 0.0175877 0.0171379
52393 0.0000081 0.0000079 0 0 0.0137368 0.0134033 0.0137368 0.0134033
52394 0.0000063 0.0000061 0 0 0.0102660 0.0100253 0.0102660 0.0100253
52395 0.0000041 0.0000040 0 0 0.0062015 0.0060671 0.0062015 0.0060671
52396 0.0000043 0.0000042 0 0 0.0065029 0.0063642 0.0065029 0.0063642
52401 0.0000309 0.0000304 0 0 0.0417160 0.0409303 0.0417160 0.0409303
52402 0.0000064 0.0000063 0 0 0.0079613 0.0078189 0.0079613 0.0078189
52403 0.0000154 0.0000152 0 0 0.0191731 0.0188375 0.0191731 0.0188375
52405 0.0000097 0.0000095 0 0 0.0115896 0.0113913 0.0115896 0.0113913
52406 0.0000109 0.0000107 0 0 0.0130561 0.0128362 0.0130561 0.0128362
52410 0.0000086 0.0000084 0 0 0.0197332 0.0191099 0.0197332 0.0191099
52411 0.0000060 0.0000058 0 0 0.0123276 0.0119705 0.0123276 0.0119705
52412 0.0000308 0.0000300 0 0 0.0633998 0.0617748 0.0633998 0.0617748
52413 0.0000338 0.0000331 0 0 0.0553322 0.0540874 0.0553322 0.0540874
52414 0.0000029 0.0000029 0 0 0.0043144 0.0042222 0.0043144 0.0042222
52415 0.0000121 0.0000119 0 0 0.0172842 0.0169323 0.0172842 0.0169323
52417 0.0000067 0.0000066 0 0 0.0092959 0.0091121 0.0092959 0.0091121
52418 0.0000078 0.0000077 0 0 0.0108409 0.0106336 0.0108409 0.0106336
52419 0.0000152 0.0000149 0 0 0.0210217 0.0206307 0.0210217 0.0206307
52420 0.0000265 0.0000260 0 0 0.0366778 0.0360335 0.0366778 0.0360335
52421 0.0000123 0.0000121 0 0 0.0169697 0.0166842 0.0169697 0.0166842
52422 0.0000137 0.0000135 0 0 0.0190018 0.0186889 0.0190018 0.0186889
52423 0.0000083 0.0000082 0 0 0.0115511 0.0113662 0.0115511 0.0113662
52424 0.0000034 0.0000033 0 0 0.0046835 0.0046093 0.0046835 0.0046093
52431 0.0000116 0.0000112 0 0 0.0286074 0.0276699 0.0143037 0.0138349
52432 0.0000030 0.0000029 0 0 0.0073147 0.0070962 0.0036574 0.0035481
52433 0.0000267 0.0000260 0 0 0.0659879 0.0642232 0.0329939 0.0321116
52434 0.0000191 0.0000187 0 0 0.0472532 0.0461345 0.0236267 0.0230673
52436 0.0000057 0.0000055 0 0 0.0139763 0.0136640 0.0069881 0.0068320
52437 0.0000205 0.0000200 0 0 0.0307281 0.0300752 0.0307281 0.0300752
52438 0.0000326 0.0000320 0 0 0.0489985 0.0480122 0.0489985 0.0480122
52440 0.0000046 0.0000045 0 0 0.0061439 0.0060249 0.0061439 0.0060249
52441 0.0000080 0.0000079 0 0 0.0107848 0.0105786 0.0107848 0.0105786
52442 0.0000034 0.0000033 0 0 0.0045181 0.0044328 0.0045181 0.0044328
52443 0.0000080 0.0000078 0 0 0.0103499 0.0101566 0.0103499 0.0101566
52444 0.0000068 0.0000042 0 0 0.0086370 0.0052669 0.0086370 0.0052669
52446 0.0000081 0.0000079 0 0 0.0102366 0.0100546 0.0102366 0.0100546
52447 0.0000029 0.0000028 0 0 0.0036157 0.0035520 0.0036157 0.0035520
52449 0.0000049 0.0000049 0 0 0.0062550 0.0061497 0.0062550 0.0061497
52452 0.0000323 0.0000313 0 0 0.0761025 0.0737858 0 0
52453 0.0000087 0.0000084 0 0 0.0163108 0.0158735 0.0163108 0.0158735
52454 0.0000149 0.0000145 0 0 0.0268401 0.0261574 0.0134201 0.0130788
52455 0.0000059 0.0000057 0 0 0.0105361 0.0102785 0.0052681 0.0051393
52456 0.0000060 0.0000059 0 0 0.0097569 0.0095306 0.0097569 0.0095306
52458 0.0000345 0.0000337 0 0 0.0527914 0.0516599 0.0527914 0.0516599
52459 0.0000278 0.0000272 0 0 0.0395262 0.0387337 0.0395262 0.0387337
52460 0.0000207 0.0000203 0 0 0.0279155 0.0273787 0.0279155 0.0273787
52461 0.0000075 0.0000074 0 0 0.0097569 0.0095739 0.0097569 0.0095739
52462 0.0000129 0.0000127 0 0 0.0163286 0.0160327 0.0163286 0.0160327
52463 0.0000362 0.0000355 0 0 0.0457161 0.0449241 0.0457161 0.0449241
52466 0.0000301 0.0000291 0 0 0.0786652 0.0761665 0 0
52467 0.0000241 0.0000235 0 0 0.0629085 0.0613110 0 0
52468 0.0000160 0.0000157 0 0 0.0418907 0.0409378 0 0
52469 0.0000347 0.0000340 0 0 0.0500252 0.0490167 0.0500252 0.0490167
52470 0.0000193 0.0000189 0 0 0.0278178 0.0272877 0.0278178 0.0272877
52471 0.0000246 0.0000242 0 0 0.0355447 0.0348952 0.0355447 0.0348952
52472 0.0000032 0.0000031 0 0 0.0046131 0.0045323 0.0046131 0.0045323
52474 0.0000348 0.0000342 0 0 0.0413742 0.0406787 0.0413742 0.0406787
52475 0.0000121 0.0000119 0 0 0.0143656 0.0141317 0.0143656 0.0141317
52481 0.0000231 0.0000226 0 0 0.0367274 0.0359754 0 0
52482 0.0000174 0.0000171 0 0 0.0223434 0.0219497 0.0223434 0.0219497
52484 0.0000244 0.0000240 0 0 0.0279161 0.0274751 0.0279161 0.0274751
52485 0.0000133 0.0000131 0 0 0.0138663 0.0136609 0.0138663 0.0136609
52486 0.0000231 0.0000228 0 0 0.0224858 0.0221781 0.0224858 0.0221781
52491 0.0000233 0.0000231 0 0 0.0204681 0.0202171 0.0204681 0.0202171
52492 0.0000083 0.0000082 0 0 0.0069189 0.0068366 0.0069189 0.0068366
52493 0.0000120 0.0000118 0 0 0.0097580 0.0096442 0.0097580 0.0096442
52494 0.0000345 0.0000341 0 0 0.0268084 0.0265157 0.0268084 0.0265157
52495 0.0000211 0.0000208 0 0 0.0155426 0.0153782 0.0155426 0.0153782
52508 0.0000036 0.0000035 0 0 0.0075388 0.0073152 0 0
52518 0.0000332 0.0000322 0 0 0.0680295 0.0661679 0 0
52519 0.0000342 0.0000334 0 0 0.0597199 0.0582848 0 0
52520 0.0000065 0.0000064 0 0 0.0102369 0.0100052 0.0102369 0.0100052
52521 0.0000223 0.0000218 0 0 0.0338098 0.0330828 0.0338098 0.0330828
52522 0.0000284 0.0000278 0 0 0.0410332 0.0401956 0.0410332 0.0401956
52538 0.0000030 0.0000029 0 0 0.0038227 0.0037517 0.0038227 0.0037517
52539 0.0000350 0.0000344 0 0 0.0442249 0.0434340 0.0442249 0.0434340
52540 0.0000279 0.0000274 0 0 0.0335095 0.0329387 0.0335095 0.0329387
52558 0.0000116 0.0000112 0 0 0.0244829 0.0237643 0 0
52575 0.0000267 0.0000261 0 0 0.0482420 0.0472350 0.0482420 0.0472350
52576 0.0000108 0.0000106 0 0 0.0195211 0.0191497 0.0195211 0.0191497
52579 0.0000244 0.0000240 0 0 0.0291855 0.0287094 0.0291855 0.0287094
52580 0.0000141 0.0000139 0 0 0.0169484 0.0166802 0.0169484 0.0166802
52581 0.0000337 0.0000332 0 0 0.0363381 0.0357792 0.0363381 0.0357792
52584 0.0000040 0.0000039 0 0 0.0095858 0.0092702 0 0
52585 0.0000041 0.0000040 0 0 0.0088301 0.0085627 0 0
52586 0.0000333 0.0000325 0 0 0.0626880 0.0611085 0 0
52592 0.0000132 0.0000129 0 0 0.0201463 0.0197082 0 0
52593 0.0000255 0.0000249 0 0 0.0369039 0.0361502 0.0369039 0.0361502
52594 0.0000349 0.0000343 0 0 0.0464060 0.0455349 0.0232029 0.0227673
52595 0.0000071 0.0000069 0 0 0.0089016 0.0087401 0.0089016 0.0087401
52596 0.0000124 0.0000122 0 0 0.0155853 0.0153059 0.0155853 0.0153059
52610 0.0000311 0.0000302 0 0 0.0635228 0.0618049 0 0
52611 0.0000124 0.0000121 0 0 0.0219139 0.0213607 0.0219139 0.0213607
52613 0.0000347 0.0000339 0 0 0.0567602 0.0554600 0 0
52614 0.0000140 0.0000137 0 0 0.0213362 0.0208722 0.0213362 0.0208722
52615 0.0000062 0.0000060 0 0 0.0090902 0.0088969 0.0090902 0.0088969
52616 0.0000172 0.0000168 0 0 0.0245740 0.0240707 0.0245740 0.0240707
52617 0.0000349 0.0000342 0 0 0.0479154 0.0469833 0.0479154 0.0469833
52618 0.0000045 0.0000045 0 0 0.0059335 0.0058214 0.0029667 0.0029107
52619 0.0000133 0.0000131 0 0 0.0170421 0.0167285 0.0170421 0.0167285
52623 0.0000317 0.0000307 0 0 0.0392319 0.0379978 0 0
52624 0.0000265 0.0000258 0 0 0.0328100 0.0319427 0 0
52625 0.0000209 0.0000204 0 0 0.0258736 0.0252623 0 0
52626 0.0000213 0.0000209 0 0 0.0263602 0.0257927 0 0
52627 0.0000198 0.0000194 0 0 0.0244355 0.0239469 0 0
52628 0.0000160 0.0000157 0 0 0.0197594 0.0193888 0 0
52629 0.0000100 0.0000098 0 0 0.0123297 0.0121099 0 0
52637 0.0000324 0.0000315 0 0 0.0663242 0.0645391 0.0663242 0.0645391
52638 0.0000169 0.0000165 0 0 0.0286871 0.0280029 0.0286871 0.0280029
52639 0.0000217 0.0000212 0 0 0.0340050 0.0332544 0.0340050 0.0332544
52640 0.0000339 0.0000332 0 0 0.0492419 0.0482454 0.0246209 0.0241227
52641 0.0000338 0.0000332 0 0 0.0453402 0.0444861 0.0453402 0.0444861
52642 0.0000336 0.0000330 0 0 0.0421041 0.0413609 0.0421041 0.0413609
52643 0.0000295 0.0000290 0 0 0.0334257 0.0328877 0.0334257 0.0328877
52649 0.0000323 0.0000314 0 0 0.0694952 0.0675483 0 0
52650 0.0000337 0.0000329 0 0 0.0592899 0.0578615 0.0592899 0.0578615
52651 0.0000143 0.0000139 0 0 0.0223525 0.0218547 0 0
52652 0.0000341 0.0000334 0 0 0.0501489 0.0491166 0.0501489 0.0491166
52656 0.0000069 0.0000067 0 0 0.0089805 0.0088118 0.0089805 0.0088118
52658 0.0000120 0.0000118 0 0 0.0153397 0.0150582 0.0153397 0.0150582
52659 0.0000348 0.0000342 0 0 0.0426841 0.0419444 0.0426841 0.0419444
52660 0.0000126 0.0000123 0 0 0.0146455 0.0144001 0.0146455 0.0144001
52661 0.0000349 0.0000344 0 0 0.0400011 0.0393519 0.0400011 0.0393519
52662 0.0000122 0.0000120 0 0 0.0133557 0.0131458 0.0133557 0.0131458
52664 0.0000111 0.0000109 0 0 0.0111955 0.0110329 0.0111955 0.0110329
52665 0.0000053 0.0000052 0 0 0.0052302 0.0051550 0.0052302 0.0051550
52677 0.0000155 0.0000151 0 0 0.0291762 0.0284559 0 0
52678 0.0000078 0.0000076 0 0 0.0122467 0.0119734 0 0
52679 0.0000330 0.0000324 0 0 0.0494384 0.0484388 0.0494384 0.0484388
52680 0.0000304 0.0000298 0 0 0.0395949 0.0388791 0.0395949 0.0388791
52682 0.0000034 0.0000033 0 0 0.0037802 0.0037195 0.0037802 0.0037195
52684 0.0000340 0.0000335 0 0 0.0368535 0.0362928 0.0368535 0.0362928
52685 0.0000053 0.0000053 0 0 0.0054540 0.0053739 0.0054540 0.0053739
52690 0.0000172 0.0000169 0 0 0.0164324 0.0162075 0.0164324 0.0162075
52691 0.0000131 0.0000130 0 0 0.0121819 0.0120198 0.0121819 0.0120198
52692 0.0000170 0.0000167 0 0 0.0154257 0.0152249 0.0154257 0.0152249
52702 0.0000303 0.0000295 0 0 0.0687237 0.0667652 0 0
52703 0.0000338 0.0000330 0 0 0.0592057 0.0577933 0.0592057 0.0577933
52704 0.0000039 0.0000038 0 0 0.0060879 0.0059521 0.0060879 0.0059521
52705 0.0000044 0.0000043 0 0 0.0065341 0.0063951 0.0065341 0.0063951
52706 0.0000342 0.0000335 0 0 0.0488859 0.0479064 0.0488859 0.0479064
52707 0.0000076 0.0000075 0 0 0.0101684 0.0099763 0.0101684 0.0099763
52717 0.0000298 0.0000289 0 0 0.0717664 0.0696815 0 0
52718 0.0000041 0.0000040 0 0 0.0074968 0.0072988 0 0
52719 0.0000286 0.0000279 0 0 0.0508413 0.0495916 0.0508413 0.0495916
52721 0.0000348 0.0000341 0 0 0.0533792 0.0522207 0.0533792 0.0522207
52724 0.0000295 0.0000289 0 0 0.0397924 0.0390380 0.0397924 0.0390380
52725 0.0000121 0.0000119 0 0 0.0153361 0.0150562 0.0153361 0.0150562
52726 0.0000076 0.0000074 0 0 0.0094035 0.0092351 0.0094035 0.0092351
52728 0.0000071 0.0000070 0 0 0.0087030 0.0085504 0.0087030 0.0085504
52747 0.0000161 0.0000157 0 0 0.0303836 0.0295880 0.0303836 0.0295880
52749 0.0000337 0.0000330 0 0 0.0566410 0.0553427 0.0566410 0.0553427
52751 0.0000344 0.0000337 0 0 0.0496907 0.0486888 0.0496907 0.0486888
52752 0.0000188 0.0000184 0 0 0.0252583 0.0247761 0.0252583 0.0247761
52753 0.0000057 0.0000056 0 0 0.0073914 0.0072537 0.0073914 0.0072537
52754 0.0000327 0.0000321 0 0 0.0417322 0.0409812 0.0417322 0.0409812
52755 0.0000347 0.0000341 0 0 0.0412275 0.0405342 0.0412275 0.0405342
52756 0.0000253 0.0000249 0 0 0.0286684 0.0282052 0.0286684 0.0282052
52760 0.0000324 0.0000314 0 0 0.0695253 0.0675801 0 0
52761 0.0000177 0.0000173 0 0 0.0303197 0.0295941 0 0
52777 0.0000100 0.0000097 0 0 0.0083223 0.0080447 0 0
52778 0.0000332 0.0000323 0 0 0.0712261 0.0691878 0.0712261 0.0691878
52779 0.0000292 0.0000285 0 0 0.0530581 0.0517326 0.0530581 0.0517326
52780 0.0000111 0.0000108 0 0 0.0179111 0.0174939 0.0179111 0.0174939
52781 0.0000348 0.0000341 0 0 0.0527575 0.0516353 0.0263787 0.0258177
52782 0.0000350 0.0000343 0 0 0.0497284 0.0487284 0.0497284 0.0487284
52783 0.0000055 0.0000054 0 0 0.0074076 0.0072634 0.0074076 0.0072634
52784 0.0000144 0.0000141 0 0 0.0190863 0.0187236 0.0190863 0.0187236
52785 0.0000350 0.0000343 0 0 0.0452663 0.0444358 0.0452663 0.0444358
52786 0.0000113 0.0000111 0 0 0.0140049 0.0137561 0.0140049 0.0137561
52805 0.0000139 0.0000136 0 0 0 0 0 0
52811 0.0000014 0.0000014 0 0 0.0012792 0.0012521 0.0051168 0.0050083
52813 0.0000069 0.0000068 0 0 0 0 0.0138157 0.0135326
52814 0.0000214 0.0000210 0 0 0.0294839 0.0289087 0.0294839 0.0289087
52815 0.0000340 0.0000334 0 0 0.0445053 0.0436925 0.0445053 0.0436925
52816 0.0000161 0.0000158 0 0 0.0195147 0.0191771 0.0195147 0.0191771
52819 0.0000345 0.0000339 0 0 0.0387750 0.0381584 0.0387750 0.0381584
52844 0.0000340 0.0000330 0 0 0.0741559 0.0719510 0 0
52845 0.0000349 0.0000339 0 0 0.0670756 0.0652653 0.0670756 0.0652653
52846 0.0000035 0.0000034 0 0 0.0061831 0.0060228 0.0061831 0.0060228
52847 0.0000351 0.0000342 0 0 0.0614490 0.0599320 0.0614490 0.0599320
52848 0.0000348 0.0000340 0 0 0.0572384 0.0559129 0.0572384 0.0559129
52849 0.0000183 0.0000179 0 0 0.0282101 0.0275865 0.0282101 0.0275865
52850 0.0000353 0.0000346 0 0 0.0526979 0.0515749 0.0526979 0.0515749
52851 0.0000254 0.0000248 0 0 0.0365825 0.0358266 0.0365825 0.0358266
52857 0.0000303 0.0000294 0 0 0.0692766 0.0673475 0 0
52858 0.0000330 0.0000322 0 0 0.0566149 0.0552920 0.0566149 0.0552920
52859 0.0000113 0.0000111 0 0 0.0171754 0.0168076 0.0171754 0.0168076
52873 0.0000318 0.0000310 0 0 0.0617036 0.0601720 0 0
52874 0.0000244 0.0000238 0 0 0.0389775 0.0381096 0.0389775 0.0381096
52875 0.0000137 0.0000134 0 0 0.0201211 0.0197001 0.0100605 0.0098500
52876 0.0000346 0.0000339 0 0 0.0478202 0.0469004 0.0478202 0.0469004
52877 0.0000358 0.0000351 0 0 0.0452817 0.0444767 0.0452817 0.0444767
52878 0.0000215 0.0000211 0 0 0.0256052 0.0251716 0.0256052 0.0251716
52879 0.0000041 0.0000040 0 0 0.0046722 0.0045954 0.0046722 0.0045954
52880 0.0000355 0.0000349 0 0 0.0399827 0.0393453 0.0399827 0.0393453
52881 0.0000171 0.0000168 0 0 0.0184780 0.0181902 0.0184780 0.0181902
52887 0.0000270 0.0000263 0 0 0.0569079 0.0553417 0 0
52888 0.0000328 0.0000320 0 0 0.0572063 0.0558405 0 0
52889 0.0000241 0.0000235 0 0 0.0374050 0.0365819 0.0374050 0.0365819
52890 0.0000256 0.0000251 0 0 0.0371580 0.0364133 0.0371580 0.0364133
52895 0.0000133 0.0000129 0 0 0.0290268 0.0282219 0 0
52896 0.0000118 0.0000115 0 0 0.0258861 0.0252462 0 0
52897 0.0000162 0.0000158 0 0 0.0354248 0.0346193 0 0
52898 0.0000071 0.0000070 0 0 0.0155815 0.0152479 0 0
52900 0.0000066 0.0000064 0 0 0.0094780 0.0092824 0.0094780 0.0092824
52901 0.0000046 0.0000045 0 0 0.0065786 0.0064454 0.0065786 0.0064454
52902 0.0000107 0.0000105 0 0 0.0145492 0.0142641 0.0145492 0.0142641
52905 0.0000036 0.0000035 0 0 0.0089639 0.0086525 0 0
52910 0.0000198 0.0000193 0 0 0.0486776 0.0473452 0 0
52911 0.0000345 0.0000336 0 0 0.0624029 0.0608262 0.0624029 0.0608262
52912 0.0000348 0.0000340 0 0 0.0571287 0.0558060 0.0571287 0.0558060
52917 0.0000140 0.0000137 0 0 0.0230455 0.0225406 0.0230455 0.0225406
53046 0.0000096 0.0000093 0 0 0.0219185 0.0212232 0 0
53047 0.0000335 0.0000325 0 0 0.0696233 0.0676772 0.0696233 0.0676772
53048 0.0000263 0.0000257 0 0 0.0470763 0.0459020 0.0470763 0.0459020
53049 0.0000060 0.0000059 0 0 0.0098193 0.0095887 0.0098193 0.0095887
53050 0.0000354 0.0000346 0 0 0.0556701 0.0544490 0.0556701 0.0544490
53052 0.0000033 0.0000033 0 0 0.0047991 0.0046991 0.0047991 0.0046991
53053 0.0000115 0.0000113 0 0 0.0163555 0.0160211 0.0163555 0.0160211
53054 0.0000286 0.0000280 0 0 0.0397500 0.0389659 0.0397500 0.0389659
53055 0.0000185 0.0000181 0 0 0.0241866 0.0237340 0.0241866 0.0237340
53056 0.0000044 0.0000043 0 0 0.0057500 0.0056443 0.0057500 0.0056443
53057 0.0000062 0.0000061 0 0 0.0081500 0.0080017 0.0081500 0.0080017
53058 0.0000140 0.0000138 0 0 0.0183964 0.0180674 0.0183964 0.0180674
53059 0.0000073 0.0000071 0 0 0.0095152 0.0093492 0.0095152 0.0093492
53062 0.0000058 0.0000056 0 0 0.0123864 0.0120012 0 0
53064 0.0000041 0.0000040 0 0 0.0086788 0.0084435 0 0
53065 0.0000280 0.0000273 0 0 0.0596571 0.0582102 0 0
53066 0.0000241 0.0000236 0 0 0.0512814 0.0501917 0 0
53067 0.0000021 0.0000021 0 0 0.0044766 0.0043897 0 0
53068 0.0000180 0.0000177 0 0 0.0382912 0.0375836 0 0
53069 0.0000100 0.0000098 0 0 0.0122960 0.0120788 0.0122960 0.0120788
53070 0.0000249 0.0000244 0 0 0.0299716 0.0294600 0.0299716 0.0294600
53071 0.0000091 0.0000089 0 0 0.0104260 0.0102540 0.0104260 0.0102540
53073 0.0000055 0.0000054 0 0 0.0060845 0.0059884 0.0060845 0.0059884
53074 0.0000060 0.0000059 0 0 0.0066148 0.0065133 0.0066148 0.0065133
53076 0.0000314 0.0000309 0 0 0.0327821 0.0322968 0.0327821 0.0322968
53079 0.0000297 0.0000289 0 0 0.0655586 0.0638171 0 0
53081 0.0000329 0.0000322 0 0 0.0528696 0.0517358 0.0528696 0.0517358
53082 0.0000086 0.0000084 0 0 0.0117997 0.0115669 0.0117997 0.0115669
53165 0.0000313 0.0000304 0 0 0.0709853 0.0689480 0 0
53166 0.0000197 0.0000192 0 0 0.0354587 0.0345673 0.0354587 0.0345673
53167 0.0000238 0.0000232 0 0 0.0399041 0.0389605 0.0399041 0.0389605
53168 0.0000114 0.0000111 0 0 0.0179591 0.0175547 0.0179591 0.0175547
53169 0.0000333 0.0000326 0 0 0.0524990 0.0513832 0.0524990 0.0513832
53170 0.0000198 0.0000194 0 0 0.0280784 0.0275111 0.0280784 0.0275111
53171 0.0000313 0.0000307 0 0 0.0417932 0.0410001 0.0417932 0.0410001
53172 0.0000222 0.0000218 0 0 0.0282327 0.0277200 0.0282327 0.0277200
53173 0.0000030 0.0000030 0 0 0.0037240 0.0036574 0.0037240 0.0036574
53174 0.0000299 0.0000294 0 0 0.0366836 0.0360425 0.0366836 0.0360425
53194 0.0000314 0.0000307 0 0 0.0503585 0.0492503 0.0503585 0.0492503
53195 0.0000116 0.0000114 0 0 0.0186260 0.0182408 0.0186260 0.0182408
53197 0.0000093 0.0000091 0 0 0.0148586 0.0145752 0.0148586 0.0145752
53198 0.0000035 0.0000035 0 0 0.0056538 0.0055480 0.0056538 0.0055480
53199 0.0000233 0.0000229 0 0 0.0374291 0.0367518 0.0374291 0.0367518
53200 0.0000263 0.0000259 0 0 0.0318478 0.0313092 0.0318478 0.0313092
53201 0.0000033 0.0000032 0 0 0.0037084 0.0036483 0.0037084 0.0036483
53202 0.0000275 0.0000271 0 0 0.0309555 0.0304623 0.0309555 0.0304623
53203 0.0000053 0.0000052 0 0 0.0059752 0.0058821 0.0059752 0.0058821
53204 0.0000087 0.0000086 0 0 0.0093624 0.0092179 0.0093624 0.0092179
53205 0.0000062 0.0000061 0 0 0.0065672 0.0064665 0.0065672 0.0064665
53210 0.0000238 0.0000231 0 0 0.0537425 0.0521774 0 0
53211 0.0000338 0.0000330 0 0 0.0616693 0.0601351 0.0616693 0.0601351
53212 0.0000141 0.0000137 0 0 0.0226218 0.0221039 0.0226218 0.0221039
53213 0.0000221 0.0000217 0 0 0.0338680 0.0331337 0.0338680 0.0331337
53216 0.0000120 0.0000118 0 0 0.0174072 0.0170461 0.0174072 0.0170461
53217 0.0000118 0.0000115 0 0 0.0166501 0.0163130 0.0166501 0.0163130
53218 0.0000137 0.0000135 0 0 0.0194142 0.0190310 0.0194142 0.0190310
53219 0.0000350 0.0000343 0 0 0.0469738 0.0460796 0.0469738 0.0460796
53220 0.0000347 0.0000341 0 0 0.0438383 0.0430545 0.0438383 0.0430545
53221 0.0000064 0.0000063 0 0 0.0077678 0.0076324 0.0077678 0.0076324
53223 0.0000184 0.0000181 0 0 0.0219392 0.0215634 0.0219392 0.0215634
53224 0.0000236 0.0000232 0 0 0.0281383 0.0276688 0.0281383 0.0276688
53225 0.0000077 0.0000075 0 0 0.0086929 0.0085503 0.0086929 0.0085503
53226 0.0000288 0.0000284 0 0 0.0322079 0.0316931 0.0322079 0.0316931
53227 0.0000302 0.0000297 0 0 0.0327692 0.0322626 0.0327692 0.0322626
53236 0.0000057 0.0000056 0 0 0.0126559 0.0122682 0 0
53237 0.0000094 0.0000092 0 0 0.0171748 0.0167380 0.0171748 0.0167380
53239 0.0000132 0.0000129 0 0 0.0239661 0.0234006 0.0239661 0.0234006
53240 0.0000296 0.0000290 0 0 0.0538494 0.0526740 0.0538494 0.0526740
53241 0.0000094 0.0000092 0 0 0.0134322 0.0131571 0.0134322 0.0131571
53242 0.0000340 0.0000333 0 0 0.0464695 0.0455891 0.0464695 0.0455891
53243 0.0000042 0.0000041 0 0 0.0051860 0.0050929 0.0051860 0.0050929
53244 0.0000247 0.0000242 0 0 0.0307999 0.0302567 0.0307999 0.0302567
53246 0.0000185 0.0000182 0 0 0.0220563 0.0216797 0.0220563 0.0216797
53247 0.0000278 0.0000274 0 0 0.0319589 0.0314360 0.0319589 0.0314360
53248 0.0000042 0.0000041 0 0 0.0046209 0.0045474 0.0046209 0.0045474
53249 0.0000111 0.0000109 0 0 0.0122011 0.0120086 0.0122011 0.0120086
53282 0.0000048 0.0000046 0 0 0.0097252 0.0094509 0.0032417 0.0031503
53287 0.0000034 0.0000033 0 0 0.0058120 0.0056684 0.0058120 0.0056684
53289 0.0000153 0.0000150 0 0 0.0263206 0.0257198 0.0263206 0.0257198
53290 0.0000286 0.0000280 0 0 0.0432758 0.0423757 0.0432758 0.0423757
53291 0.0000131 0.0000128 0 0 0.0175327 0.0171978 0.0175327 0.0171978
53292 0.0000027 0.0000027 0 0 0.0036651 0.0035966 0.0036651 0.0035966
53293 0.0000341 0.0000335 0 0 0.0437482 0.0429654 0.0437482 0.0429654
53296 0.0000033 0.0000033 0 0 0.0039169 0.0038503 0.0039169 0.0038503
53297 0.0000286 0.0000281 0 0 0.0337286 0.0331719 0.0337286 0.0331719
53299 0.0000345 0.0000339 0 0 0.0374965 0.0369203 0.0374965 0.0369203
53300 0.0000174 0.0000171 0 0 0.0179555 0.0176906 0.0179555 0.0176906
53301 0.0000077 0.0000076 0 0 0.0077064 0.0075948 0.0077064 0.0075948
53304 0.0000288 0.0000281 0 0 0.0662348 0.0644453 0 0
53305 0.0000325 0.0000318 0 0 0.0513217 0.0502499 0.0513217 0.0502499
53306 0.0000229 0.0000225 0 0 0.0303291 0.0297705 0.0303291 0.0297705
53307 0.0000340 0.0000335 0 0 0.0405186 0.0398479 0.0405186 0.0398479
53308 0.0000155 0.0000152 0 0 0.0169622 0.0166980 0.0169622 0.0166980
53309 0.0000133 0.0000131 0 0 0.0140353 0.0138230 0.0140353 0.0138230
53310 0.0000153 0.0000151 0 0 0.0151798 0.0149635 0.0151798 0.0149635
53311 0.0000060 0.0000059 0 0 0.0057362 0.0056569 0.0057362 0.0056569
53312 0.0000240 0.0000237 0 0 0.0227399 0.0224331 0.0227399 0.0224331
53313 0.0000282 0.0000278 0 0 0.0257896 0.0254526 0.0257896 0.0254526
53314 0.0000324 0.0000320 0 0 0.0287952 0.0284298 0.0287952 0.0284298
53315 0.0000073 0.0000072 0 0 0.0063130 0.0062343 0.0063130 0.0062343
53329 0.0000032 0.0000031 0 0 0.0037049 0.0035883 0 0
53330 0.0000029 0.0000028 0 0 0.0033794 0.0032811 0 0
53331 0.0000055 0.0000053 0 0 0.0063875 0.0062114 0 0
53332 0.0000252 0.0000246 0 0 0.0293654 0.0286653 0 0
53333 0.0000321 0.0000315 0 0 0.0481509 0.0471563 0.0481509 0.0471563
53334 0.0000034 0.0000033 0 0 0.0045564 0.0044671 0.0045564 0.0044671
53335 0.0000043 0.0000042 0 0 0.0058423 0.0057291 0.0058423 0.0057291
53336 0.0000344 0.0000337 0 0 0.0448370 0.0440149 0.0448370 0.0440149
53337 0.0000145 0.0000142 0 0 0.0176881 0.0173780 0.0176881 0.0173780
53338 0.0000064 0.0000063 0 0 0.0078080 0.0076734 0.0078080 0.0076734
53339 0.0000314 0.0000309 0 0 0.0384349 0.0377938 0.0384349 0.0377938
53340 0.0000060 0.0000059 0 0 0.0066838 0.0065757 0.0066838 0.0065757
53341 0.0000346 0.0000340 0 0 0.0379398 0.0373510 0.0379398 0.0373510
53342 0.0000123 0.0000121 0 0 0.0128725 0.0126790 0.0128725 0.0126790
53343 0.0000115 0.0000113 0 0 0.0117815 0.0116078 0.0117815 0.0116078
53346 0.0000286 0.0000279 0 0 0.0328430 0.0319701 0 0
53347 0.0000335 0.0000328 0 0 0.0537679 0.0525962 0.0537679 0.0525962
53348 0.0000101 0.0000099 0 0 0.0143225 0.0140326 0.0143225 0.0140326
53349 0.0000100 0.0000098 0 0 0.0135571 0.0132942 0.0135571 0.0132942
53350 0.0000209 0.0000205 0 0 0.0262388 0.0257698 0.0262388 0.0257698
53364 0.0000065 0.0000063 0 0 0.0142020 0.0137783 0 0
53365 0.0000321 0.0000313 0 0 0.0617773 0.0602366 0.0617773 0.0602366
53366 0.0000201 0.0000197 0 0 0.0314609 0.0307738 0.0314609 0.0307738
53367 0.0000272 0.0000266 0 0 0.0394361 0.0386387 0.0394361 0.0386387
53368 0.0000342 0.0000336 0 0 0.0451082 0.0442775 0.0451082 0.0442775
53369 0.0000041 0.0000040 0 0 0.0050122 0.0049238 0.0050122 0.0049238
53370 0.0000255 0.0000250 0 0 0.0307761 0.0302492 0.0307761 0.0302492
53373 0.0000041 0.0000041 0 0 0.0046041 0.0045298 0.0046041 0.0045298
53374 0.0000028 0.0000028 0 0 0.0030671 0.0030188 0.0030671 0.0030188
53375 0.0000067 0.0000066 0 0 0.0072938 0.0071800 0.0072938 0.0071800
53376 0.0000198 0.0000195 0 0 0.0211831 0.0208599 0.0211831 0.0208599
53377 0.0000024 0.0000024 0 0 0.0025271 0.0024892 0.0025271 0.0024892
53378 0.0000072 0.0000071 0 0 0.0074603 0.0073494 0.0074603 0.0073494
53379 0.0000119 0.0000117 0 0 0.0120895 0.0119125 0.0120895 0.0119125
53383 0.0000247 0.0000240 0 0 0.0539643 0.0524587 0 0
53385 0.0000333 0.0000326 0 0 0.0570080 0.0556929 0.0570080 0.0556929
53386 0.0000258 0.0000252 0 0 0.0382888 0.0374940 0.0382888 0.0374940
53387 0.0000342 0.0000335 0 0 0.0462332 0.0453597 0.0462332 0.0453597
53388 0.0000337 0.0000331 0 0 0.0423344 0.0415877 0.0423344 0.0415877
53389 0.0000172 0.0000169 0 0 0.0202495 0.0199090 0.0202495 0.0199090
53390 0.0000061 0.0000060 0 0 0.0069626 0.0068480 0.0069626 0.0068480
53391 0.0000310 0.0000305 0 0 0.0347383 0.0341871 0.0347383 0.0341871
53392 0.0000135 0.0000133 0 0 0.0144322 0.0142117 0.0144322 0.0142117
53393 0.0000330 0.0000325 0 0 0.0345211 0.0340096 0.0345211 0.0340096
53394 0.0000083 0.0000082 0 0 0.0083676 0.0082468 0.0083676 0.0082468
53397 0.0000344 0.0000340 0 0 0.0336744 0.0332092 0.0336744 0.0332092
53398 0.0000181 0.0000179 0 0 0.0169810 0.0167536 0.0169810 0.0167536
53403 0.0000313 0.0000305 0 0 0.0640948 0.0624308 0.0640948 0.0624308
53404 0.0000337 0.0000329 0 0 0.0545417 0.0533357 0.0545417 0.0533357
53405 0.0000361 0.0000354 0 0 0.0519513 0.0509138 0.0519513 0.0509138
53406 0.0000048 0.0000047 0 0 0.0061661 0.0060511 0.0061661 0.0060511
53407 0.0000344 0.0000337 0 0 0.0439084 0.0431206 0.0439084 0.0431206
53408 0.0000297 0.0000292 0 0 0.0356074 0.0350028 0.0356074 0.0350028
53409 0.0000084 0.0000082 0 0 0.0095598 0.0094024 0.0095598 0.0094024
53410 0.0000306 0.0000301 0 0 0.0340826 0.0335440 0.0340826 0.0335440
53411 0.0000114 0.0000112 0 0 0.0121117 0.0119264 0.0121117 0.0119264
53423 0.0000302 0.0000295 0 0 0.0616750 0.0601300 0.0308375 0.0300650
53424 0.0000057 0.0000056 0 0 0.0088169 0.0086195 0.0088169 0.0086195
53425 0.0000030 0.0000029 0 0 0.0045192 0.0044202 0.0045192 0.0044202
53426 0.0000338 0.0000331 0 0 0.0502414 0.0492145 0.0502414 0.0492145
53427 0.0000038 0.0000038 0 0 0.0050751 0.0049785 0.0050751 0.0049785
53428 0.0000336 0.0000330 0 0 0.0432640 0.0424840 0.0432640 0.0424840
53429 0.0000166 0.0000163 0 0 0.0198195 0.0194821 0.0198195 0.0194821
53435 0.0000204 0.0000201 0 0 0.0228769 0.0225107 0.0228769 0.0225107
53436 0.0000040 0.0000039 0 0 0.0042771 0.0042108 0.0042771 0.0042108
53450 0.0000423 0.0000414 0 0 0.0664889 0.0650522 0.0664889 0.0650522
53451 0.0000129 0.0000126 0 0 0.0178013 0.0174496 0.0178013 0.0174496
53452 0.0000294 0.0000288 0 0 0.0393061 0.0385638 0.0393061 0.0385638
53453 0.0000234 0.0000230 0 0 0.0298626 0.0293206 0.0298626 0.0293206
53454 0.0000101 0.0000099 0 0 0.0123252 0.0121086 0.0123252 0.0121086
53455 0.0000109 0.0000107 0 0 0.0131420 0.0129149 0.0131420 0.0129149
53456 0.0000347 0.0000341 0 0 0.0405614 0.0398906 0.0405614 0.0398906
53457 0.0000291 0.0000287 0 0 0.0325311 0.0320140 0.0325311 0.0320140
53464 0.0000324 0.0000316 0 0 0.0617393 0.0601958 0.0617393 0.0601958
53465 0.0000120 0.0000117 0 0 0.0188864 0.0184654 0.0188864 0.0184654
53466 0.0000321 0.0000315 0 0 0.0481878 0.0471879 0.0481878 0.0471879
53467 0.0000030 0.0000029 0 0 0.0040763 0.0039959 0.0040763 0.0039959
53468 0.0000336 0.0000330 0 0 0.0454932 0.0446484 0.0454932 0.0446484
53469 0.0000080 0.0000078 0 0 0.0098320 0.0096573 0.0098320 0.0096573
53470 0.0000294 0.0000289 0 0 0.0348320 0.0342481 0.0348320 0.0342481
53471 0.0000059 0.0000058 0 0 0.0066898 0.0065809 0.0066898 0.0065809
53472 0.0000345 0.0000339 0 0 0.0380613 0.0374669 0.0380613 0.0374669
53473 0.0000136 0.0000134 0 0 0.0142772 0.0140625 0.0142772 0.0140625
53474 0.0000069 0.0000068 0 0 0.0070853 0.0069803 0.0070853 0.0069803
53475 0.0000033 0.0000033 0 0 0.0033997 0.0033497 0.0033997 0.0033497
53482 0.0000236 0.0000230 0 0 0.0433833 0.0423137 0.0433833 0.0423137
53483 0.0000217 0.0000212 0 0 0.0340341 0.0332915 0.0340341 0.0332915
53488 0.0000068 0.0000067 0 0 0.0094374 0.0092506 0.0094374 0.0092506
53489 0.0000076 0.0000074 0 0 0.0105028 0.0102991 0.0105028 0.0102991
53490 0.0000341 0.0000335 0 0 0.0444279 0.0436194 0.0444279 0.0436194
53491 0.0000303 0.0000298 0 0 0.0367652 0.0361364 0.0367652 0.0361364
53492 0.0000108 0.0000106 0 0 0.0123802 0.0121761 0.0123802 0.0121761
53493 0.0000240 0.0000236 0 0 0.0259786 0.0255777 0.0259786 0.0255777
53494 0.0000086 0.0000084 0 0 0.0089842 0.0088488 0.0089842 0.0088488
53505 0.0000090 0.0000087 0 0 0.0190868 0.0185328 0.0190868 0.0185328
53510 0.0000332 0.0000324 0 0 0.0586425 0.0572686 0.0586425 0.0572686
53511 0.0000170 0.0000166 0 0 0.0249344 0.0244173 0.0249344 0.0244173
53512 0.0000223 0.0000219 0 0 0.0310007 0.0303947 0.0310007 0.0303947
53513 0.0000126 0.0000124 0 0 0.0164281 0.0161278 0.0164281 0.0161278
53514 0.0000165 0.0000162 0 0 0.0204369 0.0200767 0.0204369 0.0200767
53515 0.0000342 0.0000337 0 0 0.0407336 0.0400533 0.0407336 0.0400533
53516 0.0000158 0.0000155 0 0 0.0176124 0.0173313 0.0176124 0.0173313
53517 0.0000046 0.0000045 0 0 0.0049037 0.0048278 0.0049037 0.0048278
53518 0.0000108 0.0000107 0 0 0.0114835 0.0113085 0.0114835 0.0113085
53519 0.0000166 0.0000164 0 0 0.0167750 0.0165321 0.0167750 0.0165321
53520 0.0000029 0.0000029 0 0 0.0028634 0.0028226 0.0028634 0.0028226
53530 0.0000297 0.0000291 0 0 0.0526441 0.0515104 0.0526441 0.0515104
53531 0.0000207 0.0000204 0 0 0.0271419 0.0266500 0.0271419 0.0266500
53532 0.0000118 0.0000116 0 0 0.0141293 0.0138891 0.0141293 0.0138891
53533 0.0000114 0.0000112 0 0 0.0131454 0.0129303 0.0131454 0.0129303
53534 0.0000072 0.0000071 0 0 0.0076745 0.0075573 0.0076745 0.0075573
53536 0.0000340 0.0000335 0 0 0.0327774 0.0323349 0.0327774 0.0323349
53537 0.0000176 0.0000174 0 0 0.0158288 0.0156262 0.0158288 0.0156262
53538 0.0000149 0.0000147 0 0 0.0135199 0.0133424 0.0135199 0.0133424
53539 0.0000180 0.0000178 0 0 0.0161907 0.0159829 0.0161907 0.0159829
53540 0.0000264 0.0000261 0 0 0.0231303 0.0228420 0.0231303 0.0228420
53547 0.0000061 0.0000059 0 0 0.0107730 0.0105042 0.0107730 0.0105042
53550 0.0000338 0.0000331 0 0 0.0498694 0.0488585 0.0498694 0.0488585
53551 0.0000206 0.0000203 0 0 0.0274508 0.0269327 0.0274508 0.0269327
53552 0.0000118 0.0000115 0 0 0.0157104 0.0154081 0.0157104 0.0154081
53553 0.0000118 0.0000116 0 0 0.0154864 0.0151933 0.0154864 0.0151933
53554 0.0000198 0.0000194 0 0 0.0255201 0.0250498 0.0255201 0.0250498
53555 0.0000063 0.0000062 0 0 0.0078823 0.0077404 0.0078823 0.0077404
53556 0.0000306 0.0000300 0 0 0.0377155 0.0370555 0.0377155 0.0370555
53557 0.0000068 0.0000067 0 0 0.0080505 0.0079139 0.0080505 0.0079139
53558 0.0000345 0.0000339 0 0 0.0397588 0.0391095 0.0397588 0.0391095
53559 0.0000100 0.0000099 0 0 0.0115438 0.0113603 0.0115438 0.0113603
53571 0.0000221 0.0000215 0 0 0.0436115 0.0424921 0.0145372 0.0141640
53578 0.0000302 0.0000294 0 0 0.0651595 0.0634301 0 0
53579 0.0000332 0.0000325 0 0 0.0536411 0.0524676 0.0536411 0.0524676
53580 0.0000230 0.0000225 0 0 0.0323458 0.0317089 0.0323458 0.0317089
53581 0.0000321 0.0000316 0 0 0.0415869 0.0408363 0.0415869 0.0408363
53582 0.0000343 0.0000337 0 0 0.0413156 0.0406172 0.0413156 0.0406172
53583 0.0000051 0.0000050 0 0 0.0057686 0.0056748 0.0057686 0.0056748
53585 0.0000038 0.0000038 0 0 0.0040155 0.0039545 0.0040155 0.0039545
53586 0.0000345 0.0000340 0 0 0.0361422 0.0356062 0.0361422 0.0356062
53587 0.0000068 0.0000067 0 0 0.0068531 0.0067539 0.0068531 0.0067539
53590 0.0000044 0.0000043 0 0 0.0087397 0.0085022 0.0043699 0.0042511
53592 0.0000228 0.0000223 0 0 0.0449919 0.0440138 0.0224960 0.0220069
53593 0.0000105 0.0000103 0 0 0.0146659 0.0143744 0.0146659 0.0143744
53594 0.0000129 0.0000127 0 0 0.0180886 0.0177589 0.0180886 0.0177589
53595 0.0000343 0.0000337 0 0 0.0417191 0.0410083 0.0417191 0.0410083
53596 0.0000339 0.0000333 0 0 0.0385614 0.0379440 0.0385614 0.0379440
53600 0.0000138 0.0000136 0 0 0.0147721 0.0145484 0.0147721 0.0145484
53601 0.0000340 0.0000335 0 0 0.0347375 0.0342334 0.0347375 0.0342334
53603 0.0000194 0.0000192 0 0 0.0189985 0.0187328 0.0189985 0.0187328
53616 0.0000036 0.0000036 0 0 0.0053801 0.0052792 0.0053801 0.0052792
53617 0.0000042 0.0000042 0 0 0.0053562 0.0052585 0.0053562 0.0052585
53618 0.0000102 0.0000100 0 0 0.0128046 0.0125765 0.0128046 0.0125765
53619 0.0000190 0.0000187 0 0 0.0228146 0.0224258 0.0228146 0.0224258
53620 0.0000329 0.0000324 0 0 0.0393915 0.0387567 0.0393915 0.0387567
53622 0.0000042 0.0000041 0 0 0.0045474 0.0044768 0.0045474 0.0044768
53623 0.0000133 0.0000131 0 0 0.0144184 0.0141982 0.0144184 0.0141982
53624 0.0000290 0.0000286 0 0 0.0298921 0.0294549 0.0298921 0.0294549
53625 0.0000106 0.0000104 0 0 0.0103481 0.0102023 0.0103481 0.0102023
53630 0.0000188 0.0000182 0 0 0.0416912 0.0404491 0 0
53631 0.0000121 0.0000118 0 0 0.0223872 0.0218006 0.0223872 0.0218006
53632 0.0000144 0.0000141 0 0 0.0249138 0.0243033 0.0249138 0.0243033
53634 0.0000075 0.0000073 0 0 0.0122848 0.0119954 0.0122848 0.0119954
53636 0.0000081 0.0000079 0 0 0.0128538 0.0125615 0.0128538 0.0125615
53637 0.0000113 0.0000111 0 0 0.0173506 0.0169706 0.0173506 0.0169706
53638 0.0000121 0.0000119 0 0 0.0180393 0.0176541 0.0180393 0.0176541
53639 0.0000220 0.0000216 0 0 0.0309785 0.0303555 0.0309785 0.0303555
53640 0.0000241 0.0000237 0 0 0.0327643 0.0321301 0.0327643 0.0321301
53646 0.0000085 0.0000082 0 0 0.0188600 0.0182782 0 0
53647 0.0000127 0.0000123 0 0 0.0257547 0.0250224 0.0085849 0.0083408
53648 0.0000339 0.0000330 0 0 0.0634664 0.0618397 0.0634664 0.0618397
53649 0.0000096 0.0000094 0 0 0.0162084 0.0158183 0.0162084 0.0158183
53650 0.0000105 0.0000103 0 0 0.0171711 0.0167677 0.0171711 0.0167677
53651 0.0000043 0.0000042 0 0 0.0070606 0.0068976 0.0070606 0.0068976
53652 0.0000319 0.0000312 0 0 0.0497835 0.0486843 0.0497835 0.0486843
53667 0.0000134 0.0000131 0 0 0.0189749 0.0185897 0.0189749 0.0185897
53668 0.0000298 0.0000292 0 0 0.0423291 0.0415009 0.0423291 0.0415009
53669 0.0000078 0.0000076 0 0 0.0102006 0.0100076 0.0102006 0.0100076
53670 0.0000041 0.0000040 0 0 0.0051458 0.0050516 0.0051458 0.0050516
53671 0.0000135 0.0000133 0 0 0.0164890 0.0162006 0.0164890 0.0162006
53672 0.0000111 0.0000110 0 0 0.0132877 0.0130599 0.0132877 0.0130599
53673 0.0000031 0.0000030 0 0 0.0035704 0.0035103 0.0035704 0.0035103
53680 0.0000317 0.0000308 0 0 0.0690456 0.0671253 0 0
53681 0.0000339 0.0000331 0 0 0.0586932 0.0573002 0.0586932 0.0573002
53685 0.0000092 0.0000090 0 0 0.0137767 0.0134821 0.0137767 0.0134821
53686 0.0000235 0.0000230 0 0 0.0337859 0.0330988 0.0337859 0.0330988
53705 0.0000285 0.0000277 0 0 0.0716232 0.0695304 0 0
53706 0.0000025 0.0000025 0 0 0.0063414 0.0061819 0 0
53707 0.0000332 0.0000324 0 0 0.0567888 0.0554862 0.0567888 0.0554862
53708 0.0000051 0.0000050 0 0 0.0075106 0.0073523 0.0075106 0.0073523
53709 0.0000131 0.0000129 0 0 0.0192650 0.0188723 0.0192650 0.0188723
53710 0.0000343 0.0000337 0 0 0.0462256 0.0453612 0.0462256 0.0453612
53711 0.0000039 0.0000038 0 0 0.0048005 0.0047152 0.0048005 0.0047152
53712 0.0000340 0.0000335 0 0 0.0419754 0.0412577 0.0419754 0.0412577
53713 0.0000142 0.0000139 0 0 0.0162416 0.0159749 0.0162416 0.0159749
53714 0.0000146 0.0000143 0 0 0.0160997 0.0158426 0.0160997 0.0158426
53716 0.0000064 0.0000063 0 0 0.0069404 0.0068320 0.0069404 0.0068320
53717 0.0000295 0.0000290 0 0 0.0320585 0.0315701 0.0320585 0.0315701
53719 0.0000126 0.0000124 0 0 0.0137197 0.0135169 0.0137197 0.0135169
53720 0.0000037 0.0000036 0 0 0.0037047 0.0036507 0.0037047 0.0036507
53722 0.0000185 0.0000183 0 0 0.0185299 0.0182644 0.0185299 0.0182644
53723 0.0000068 0.0000067 0 0 0.0066163 0.0065229 0.0066163 0.0065229
53724 0.0000262 0.0000258 0 0 0.0256280 0.0252760 0.0256280 0.0252760
53735 0.0000310 0.0000302 0 0 0.0692397 0.0672850 0 0
53736 0.0000342 0.0000334 0 0 0.0611103 0.0596027 0.0611103 0.0596027
53737 0.0000122 0.0000119 0 0 0.0197763 0.0193178 0.0197763 0.0193178
53738 0.0000346 0.0000338 0 0 0.0532158 0.0520686 0.0532158 0.0520686
53739 0.0000347 0.0000340 0 0 0.0497515 0.0487451 0.0497515 0.0487451
53740 0.0000188 0.0000185 0 0 0.0255239 0.0250289 0.0255239 0.0250289
53741 0.0000032 0.0000032 0 0 0.0042184 0.0041389 0.0042184 0.0041389
53742 0.0000033 0.0000032 0 0 0.0042449 0.0041654 0.0042449 0.0041654
53743 0.0000248 0.0000244 0 0 0.0319760 0.0313885 0.0319760 0.0313885
53744 0.0000307 0.0000301 0 0 0.0382893 0.0376088 0.0382893 0.0376088
53752 0.0000304 0.0000295 0 0 0.0730354 0.0708804 0 0
53753 0.0000158 0.0000154 0 0 0.0291045 0.0283483 0.0291045 0.0283483
53754 0.0000224 0.0000219 0 0 0.0412574 0.0402504 0.0412574 0.0402504
53755 0.0000203 0.0000198 0 0 0.0328706 0.0321134 0.0328706 0.0321134
53756 0.0000171 0.0000168 0 0 0.0262311 0.0256581 0.0262311 0.0256581
53757 0.0000104 0.0000102 0 0 0.0153401 0.0150144 0.0153401 0.0150144
53758 0.0000342 0.0000335 0 0 0.0504253 0.0493954 0.0504253 0.0493954
53759 0.0000314 0.0000308 0 0 0.0430625 0.0422250 0.0430625 0.0422250
53761 0.0000260 0.0000255 0 0 0.0325170 0.0319362 0.0325170 0.0319362
53768 0.0000120 0.0000117 0 0 0.0275544 0.0266961 0 0
53769 0.0000320 0.0000311 0 0 0.0655524 0.0637379 0.0655524 0.0637379
53770 0.0000188 0.0000183 0 0 0.0336454 0.0327935 0.0336454 0.0327935
53771 0.0000345 0.0000337 0 0 0.0584688 0.0570856 0.0584688 0.0570856
53772 0.0000348 0.0000340 0 0 0.0538167 0.0526452 0.0538167 0.0526452
53773 0.0000200 0.0000196 0 0 0.0290273 0.0284247 0.0290273 0.0284247
53774 0.0000348 0.0000341 0 0 0.0485991 0.0476378 0.0485991 0.0476378
53775 0.0000147 0.0000144 0 0 0.0193659 0.0189996 0.0193659 0.0189996
53776 0.0000056 0.0000055 0 0 0.0072418 0.0071078 0.0072418 0.0071078
53780 0.0000263 0.0000254 0 0 0.0648934 0.0628205 0 0
53781 0.0000340 0.0000330 0 0 0.0682897 0.0664161 0.0341448 0.0332079
53782 0.0000292 0.0000285 0 0 0.0519760 0.0506811 0.0519760 0.0506811
53783 0.0000150 0.0000146 0 0 0.0244740 0.0239021 0.0244740 0.0239021
53784 0.0000338 0.0000330 0 0 0.0551546 0.0539242 0.0551546 0.0539242
53785 0.0000028 0.0000027 0 0 0.0041091 0.0040204 0.0041091 0.0040204
53786 0.0000347 0.0000340 0 0 0.0517646 0.0506782 0.0517646 0.0506782
53787 0.0000062 0.0000060 0 0 0.0087104 0.0085325 0.0087104 0.0085325
53788 0.0000109 0.0000107 0 0 0.0153832 0.0150778 0.0153832 0.0150778
53789 0.0000038 0.0000037 0 0 0.0053133 0.0052090 0.0053133 0.0052090
53790 0.0000054 0.0000053 0 0 0.0076530 0.0075038 0.0076530 0.0075038
53791 0.0000378 0.0000371 0 0 0.0506158 0.0496539 0.0506158 0.0496539
53793 0.0000079 0.0000077 0 0 0.0105564 0.0103613 0.0105564 0.0103613
53794 0.0000274 0.0000269 0 0 0.0366983 0.0360338 0.0366983 0.0360338
53795 0.0000152 0.0000149 0 0 0.0186886 0.0183581 0.0186886 0.0183581
53827 0.0000322 0.0000312 0 0 0.0813239 0.0786722 0 0
53828 0.0000342 0.0000332 0 0 0.0701518 0.0681684 0.0701518 0.0681684
53829 0.0000346 0.0000337 0 0 0.0639774 0.0623262 0.0639774 0.0623262
53830 0.0000306 0.0000299 0 0 0.0515345 0.0503049 0.0515345 0.0503049
53831 0.0000138 0.0000135 0 0 0.0221378 0.0216287 0.0221378 0.0216287
53832 0.0000343 0.0000336 0 0 0.0549021 0.0536828 0.0549021 0.0536828
53833 0.0000038 0.0000037 0 0 0.0056119 0.0054906 0.0056119 0.0054906
53834 0.0000344 0.0000336 0 0 0.0512961 0.0502290 0.0512961 0.0502290
53835 0.0000042 0.0000041 0 0 0.0063019 0.0061739 0.0063019 0.0061739
53836 0.0000158 0.0000155 0 0 0.0235953 0.0231226 0.0235953 0.0231226
53852 0.0000161 0.0000156 0 0 0.0381801 0.0369985 0 0
53853 0.0000097 0.0000094 0 0 0.0197016 0.0191407 0.0197016 0.0191407
53854 0.0000343 0.0000334 0 0 0.0657496 0.0640081 0.0657496 0.0640081
53855 0.0000247 0.0000241 0 0 0.0429026 0.0418490 0.0429026 0.0418490
53856 0.0000096 0.0000094 0 0 0.0155896 0.0152252 0.0155896 0.0152252
53857 0.0000078 0.0000076 0 0 0.0127195 0.0124287 0.0127195 0.0124287
53860 0.0000343 0.0000336 0 0 0.0528142 0.0516839 0.0528142 0.0516839
53861 0.0000206 0.0000201 0 0 0.0295202 0.0289125 0.0295202 0.0289125
53862 0.0000350 0.0000343 0 0 0.0485523 0.0475953 0.0485523 0.0475953
53864 0.0000208 0.0000204 0 0 0.0277496 0.0272212 0.0277496 0.0272212
RN   Bit10Corr  Bit10UC   Bit18Corr  Bit18UC   Bit22Corr  Bit22UC (units pb^-1)UC   Bit30Corr  Bit30UC (units pb^-1)

Totals: 0.07402 0.07014 45.50306 42.39784 65.12407 61.59047 60.44786 57.04966 pb^-1
(int) 0

Processing get_luminosity_182630.C("fullgoodrunlist_v3.list",3,1)...
RN   Bit10Corr  Bit10UC   Bit18Corr  Bit18UC   Bit22Corr  Bit22UC (units pb^-1)UC   Bit30Corr  Bit30
47289 0.0000121 0.0000113 0.0050687 0.0047175 0.0050687 0.0047175 0.0050687 0.0047175
47291 0.0000082 0.0000077 0.0034442 0.0032109 0.0034442 0.0032109 0.0034442 0.0032109
47293 0.0000090 0.0000084 0.0037668 0.0035165 0.0037668 0.0035165 0.0037668 0.0035165
47306 0.0000109 0.0000102 0.0039491 0.0037028 0.0039491 0.0037028 0.0039491 0.0037028
47310 0.0000303 0.0000285 0.0105977 0.0099684 0.0105977 0.0099684 0.0105977 0.0099684
47313 0.0000566 0.0000536 0.0179507 0.0169793 0.0179507 0.0169793 0.0179507 0.0169793
47314 0.0000401 0.0000381 0.0118790 0.0112732 0.0118790 0.0112732 0.0118790 0.0112732
47315 0.0000143 0.0000136 0.0028838 0.0027407 0.0028838 0.0027407 0.0028838 0.0027407
47316 0.0000348 0.0000331 0.0052478 0.0049925 0.0052478 0.0049925 0.0052478 0.0049925
47333 0.0000107 0.0000101 0.0034859 0.0032949 0.0034859 0.0032949 0.0034859 0.0032949
47334 0.0000218 0.0000206 0.0071294 0.0067518 0.0071294 0.0067518 0.0071294 0.0067518
47352 0.0000919 0.0000875 0.0120384 0.0114652 0.0120384 0.0114652 0.0120384 0.0114652
47357 0.0000218 0.0000208 0.0028497 0.0027187 0.0028497 0.0027187 0.0028497 0.0027187
47360 0.0000900 0.0000860 0.0103472 0.0098888 0.0103472 0.0098888 0.0103472 0.0098888
47363 0.0001330 0.0001275 0.0138334 0.0132568 0.0138334 0.0132568 0.0138334 0.0132568
47376 0.0000574 0.0000541 0.0108483 0.0102311 0.0108483 0.0102311 0.0108483 0.0102311
47377 0.0000229 0.0000216 0.0037520 0.0035481 0.0037520 0.0035481 0.0037520 0.0035481
47378 0.0001129 0.0001072 0.0173887 0.0165071 0.0173887 0.0165071 0.0173887 0.0165071
47379 0.0000308 0.0000293 0.0040665 0.0038688 0.0040665 0.0038688 0.0040665 0.0038688
47380 0.0000120 0.0000114 0.0015309 0.0014575 0.0015309 0.0014575 0.0015309 0.0014575
47381 0.0000351 0.0000335 0.0044251 0.0042159 0.0044251 0.0042159 0.0044251 0.0042159
47382 0.0000220 0.0000210 0.0026121 0.0024933 0.0026121 0.0024933 0.0026121 0.0024933
47391 0.0000603 0.0000567 0.0094095 0.0088497 0.0094095 0.0088497 0.0094095 0.0088497
47393 0.0000133 0.0000126 0.0024507 0.0023117 0.0024507 0.0023117 0.0024507 0.0023117
47394 0.0000124 0.0000117 0.0022870 0.0021596 0.0022870 0.0021596 0.0022870 0.0021596
47395 0.0000474 0.0000448 0.0080069 0.0075748 0.0080069 0.0075748 0.0080069 0.0075748
47396 0.0000622 0.0000590 0.0105156 0.0099759 0.0105156 0.0099759 0.0105156 0.0099759
47440 0.0001283 0.0001207 0.0207811 0.0195554 0.0207811 0.0195554 0.0207811 0.0195554
47443 0.0000439 0.0000415 0.0071135 0.0067218 0.0071135 0.0067218 0.0071135 0.0067218
47454 0.0000727 0.0000686 0.0160707 0.0151538 0.0160707 0.0151538 0.0160707 0.0151538
47455 0.0000096 0.0000091 0.0014921 0.0014120 0.0014921 0.0014120 0.0014921 0.0014120
47457 0.0000552 0.0000524 0.0086137 0.0081701 0.0086137 0.0081701 0.0086137 0.0081701
47458 0.0001091 0.0001038 0.0170198 0.0161922 0.0170198 0.0161922 0.0170198 0.0161922
47459 0.0000103 0.0000098 0.0015990 0.0015243 0.0015990 0.0015243 0.0015990 0.0015243
47461 0.0001288 0.0001230 0.0148099 0.0141486 0.0148099 0.0141486 0.0148099 0.0141486
47462 0.0000247 0.0000237 0.0026222 0.0025090 0.0026222 0.0025090 0.0026222 0.0025090
47463 0.0001179 0.0001129 0.0121388 0.0116315 0.0121388 0.0116315 0.0121388 0.0116315
47464 0.0000486 0.0000466 0.0050034 0.0048015 0.0050034 0.0048015 0.0050034 0.0048015
47474 0.0000447 0.0000417 0.0088938 0.0083028 0.0088938 0.0083028 0.0088938 0.0083028
47478 0.0001113 0.0001054 0.0205861 0.0194921 0.0205861 0.0194921 0.0205861 0.0194921
47480 0.0000524 0.0000499 0.0068084 0.0064891 0.0068084 0.0064891 0.0068084 0.0064891
47481 0.0000141 0.0000135 0.0015777 0.0015072 0.0015777 0.0015072 0.0015777 0.0015072
47482 0.0000237 0.0000227 0.0025579 0.0024464 0.0025579 0.0024464 0.0025579 0.0024464
47484 0.0000219 0.0000210 0.0022329 0.0021388 0.0022329 0.0021388 0.0022329 0.0021388
47485 0.0000245 0.0000235 0.0022303 0.0021422 0.0022303 0.0021422 0.0022303 0.0021422
47489 0.0001516 0.0001461 0.0128834 0.0124170 0.0128834 0.0124170 0.0128834 0.0124170
47491 0.0001592 0.0001539 0.0116213 0.0112346 0.0116213 0.0112346 0.0116213 0.0112346
47492 0.0000463 0.0000448 0.0030991 0.0029999 0.0030991 0.0029999 0.0030991 0.0029999
47494 0.0000170 0.0000165 0.0011044 0.0010697 0.0011044 0.0010697 0.0011044 0.0010697
47495 0.0001168 0.0001132 0.0075908 0.0073596 0.0075908 0.0073596 0.0075908 0.0073596
47497 0.0000142 0.0000137 0.0009203 0.0008932 0.0009203 0.0008932 0.0009203 0.0008932
47501 0.0001181 0.0001099 0.0270396 0.0251770 0.0270396 0.0251770 0.0270396 0.0251770
47502 0.0001002 0.0000941 0.0229546 0.0215521 0.0229546 0.0215521 0.0229546 0.0215521
47503 0.0000828 0.0000781 0.0151452 0.0142860 0.0151452 0.0142860 0.0151452 0.0142860
47505 0.0000198 0.0000187 0.0030279 0.0028678 0.0030279 0.0028678 0.0030279 0.0028678
47506 0.0001123 0.0001066 0.0171761 0.0163034 0.0171761 0.0163034 0.0171761 0.0163034
47507 0.0000496 0.0000472 0.0075913 0.0072222 0.0075913 0.0072222 0.0075913 0.0072222
47509 0.0000698 0.0000666 0.0087284 0.0083188 0.0087284 0.0083188 0.0087284 0.0083188
47513 0.0000254 0.0000231 0.0097470 0.0088516 0.0097470 0.0088516 0.0097470 0.0088516
47514 0.0000388 0.0000360 0.0103899 0.0096371 0.0103899 0.0096371 0.0103899 0.0096371
47516 0.0000897 0.0000840 0.0240394 0.0225122 0.0240394 0.0225122 0.0240394 0.0225122
47517 0.0001064 0.0001003 0.0171256 0.0161491 0.0171256 0.0161491 0.0171256 0.0161491
47519 0.0000596 0.0000564 0.0080493 0.0076184 0.0080493 0.0076184 0.0080493 0.0076184
47521 0.0001404 0.0001335 0.0167018 0.0158857 0.0167018 0.0158857 0.0167018 0.0158857
47522 0.0000498 0.0000474 0.0052736 0.0050278 0.0052736 0.0050278 0.0052736 0.0050278
47524 0.0001036 0.0000989 0.0104623 0.0099918 0.0104623 0.0099918 0.0104623 0.0099918
47525 0.0000333 0.0000318 0.0031633 0.0030253 0.0031633 0.0030253 0.0031633 0.0030253
47540 0.0001095 0.0001027 0.0202490 0.0190062 0.0202490 0.0190062 0.0202490 0.0190062
47547 0.0000107 0.0000101 0.0015137 0.0014345 0.0015137 0.0014345 0.0015137 0.0014345
47548 0.0000186 0.0000176 0.0023387 0.0022176 0.0023387 0.0022176 0.0023387 0.0022176
47549 0.0000873 0.0000829 0.0110051 0.0104506 0.0110051 0.0104506 0.0110051 0.0104506
47552 0.0001350 0.0001285 0.0170039 0.0161916 0.0170039 0.0161916 0.0170039 0.0161916
47557 0.0000510 0.0000462 0.0190594 0.0172758 0.0190594 0.0172758 0.0190594 0.0172758
47568 0.0000509 0.0000474 0.0088540 0.0082402 0.0088540 0.0082402 0.0088540 0.0082402
47582 0.0000297 0.0000266 0.0182981 0.0164104 0.0182981 0.0164104 0.0182981 0.0164104
47588 0.0000539 0.0000490 0.0310542 0.0282434 0.0310542 0.0282434 0.0310542 0.0282434
47601 0.0000168 0.0000155 0.0039038 0.0036026 0.0039038 0.0036026 0.0039038 0.0036026
47619 0.0000110 0.0000103 0.0133956 0.0124764 0.0133956 0.0124764 0.0133956 0.0124764
47628 0.0000021 0.0000020 0.0025755 0.0024048 0.0025755 0.0024048 0.0025755 0.0024048
47634 0.0000098 0.0000091 0.0106019 0.0099359 0.0106019 0.0099359 0.0106019 0.0099359
47635 0.0000154 0.0000145 0.0157560 0.0148318 0.0157560 0.0148318 0.0157560 0.0148318
47636 0.0000048 0.0000045 0.0048813 0.0046045 0.0048813 0.0046045 0.0048813 0.0046045
47637 0.0000168 0.0000159 0.0172134 0.0162699 0.0172134 0.0162699 0.0172134 0.0162699
47638 0.0000045 0.0000043 0.0041212 0.0039026 0.0041212 0.0039026 0.0041212 0.0039026
47650 0.0000067 0.0000060 0.0120363 0.0107906 0.0120363 0.0107906 0.0120363 0.0107906
47657 0.0000065 0.0000059 0.0105738 0.0095984 0.0105738 0.0095984 0.0105738 0.0095984
47658 0.0000144 0.0000132 0.0209174 0.0192006 0.0209174 0.0192006 0.0209174 0.0192006
47659 0.0000034 0.0000031 0.0044579 0.0041116 0.0044579 0.0041116 0.0044579 0.0041116
47661 0.0000086 0.0000079 0.0111030 0.0102755 0.0111030 0.0102755 0.0111030 0.0102755
47662 0.0000055 0.0000051 0.0068087 0.0063184 0.0068087 0.0063184 0.0068087 0.0063184
47664 0.0000108 0.0000100 0.0128180 0.0119349 0.0128180 0.0119349 0.0128180 0.0119349
47666 0.0000059 0.0000055 0.0065303 0.0061105 0.0065303 0.0061105 0.0065303 0.0061105
47667 0.0000069 0.0000065 0.0074081 0.0069454 0.0074081 0.0069454 0.0074081 0.0069454
47714 0.0000096 0.0000086 0.0181763 0.0162463 0.0181763 0.0162463 0.0181763 0.0162463
47715 0.0000031 0.0000028 0.0051681 0.0046585 0.0051681 0.0046585 0.0051681 0.0046585
47716 0.0000035 0.0000032 0.0056932 0.0051585 0.0056932 0.0051585 0.0056932 0.0051585
47719 0.0000049 0.0000045 0.0071277 0.0065308 0.0071277 0.0065308 0.0071277 0.0065308
47720 0.0000138 0.0000127 0.0189576 0.0174847 0.0189576 0.0174847 0.0189576 0.0174847
47721 0.0000018 0.0000017 0.0022496 0.0020833 0.0022496 0.0020833 0.0022496 0.0020833
47722 0.0000110 0.0000102 0.0136121 0.0126406 0.0136121 0.0126406 0.0136121 0.0126406
47723 0.0000117 0.0000109 0.0137357 0.0128079 0.0137357 0.0128079 0.0137357 0.0128079
47724 0.0000132 0.0000124 0.0147739 0.0138251 0.0147739 0.0138251 0.0147739 0.0138251
47725 0.0000038 0.0000036 0.0040247 0.0037759 0.0040247 0.0037759 0.0040247 0.0037759
47726 0.0000181 0.0000170 0.0187182 0.0176098 0.0187182 0.0176098 0.0187182 0.0176098
47727 0.0000089 0.0000083 0.0086673 0.0081744 0.0086673 0.0081744 0.0043336 0.0040872
47729 0.0000022 0.0000021 0.0021054 0.0019884 0.0021054 0.0019884 0.0021054 0.0019884
47730 0.0000026 0.0000025 0.0024900 0.0023529 0.0024900 0.0023529 0.0024900 0.0023529
47732 0.0000176 0.0000166 0.0162619 0.0153978 0.0162619 0.0153978 0.0162619 0.0153978
47733 0.0000174 0.0000165 0.0153482 0.0145690 0.0153482 0.0145690 0.0153482 0.0145690
47783 0.0000020 0.0000019 0.0026497 0.0024544 0.0026497 0.0024544 0.0026497 0.0024544
47791 0.0000095 0.0000089 0.0124215 0.0115789 0.0124215 0.0115789 0.0124215 0.0115789
47810 0.0000155 0.0000144 0.0189637 0.0176406 0.0189637 0.0176406 0.0189637 0.0176406
47824 0.0000097 0.0000090 0.0110015 0.0102770 0.0110015 0.0102770 0.0110015 0.0102770
47831 0.0000026 0.0000025 0.0028724 0.0026884 0.0028724 0.0026884 0.0028724 0.0026884
47834 0.0000062 0.0000059 0.0067361 0.0063147 0.0067361 0.0063147 0.0067361 0.0063147
47836 0.0000041 0.0000039 0.0042955 0.0040330 0.0042955 0.0040330 0.0042955 0.0040330
47852 0.0000024 0.0000022 0.0023773 0.0022385 0.0023773 0.0022385 0.0023773 0.0022385
47856 0.0000030 0.0000028 0.0030230 0.0028486 0.0030230 0.0028486 0.0030230 0.0028486
47869 0.0000032 0.0000030 0.0030751 0.0029024 0.0030751 0.0029024 0.0030751 0.0029024
47873 0.0000091 0.0000086 0.0088324 0.0083454 0.0088324 0.0083454 0.0088324 0.0083454
47889 0.0000155 0.0000141 0.0241903 0.0220122 0.0241903 0.0220122 0.0241903 0.0220122
47890 0.0000051 0.0000047 0.0075118 0.0068642 0.0075118 0.0068642 0.0075118 0.0068642
47892 0.0000095 0.0000087 0.0135329 0.0124028 0.0135329 0.0124028 0.0135329 0.0124028
47893 0.0000047 0.0000043 0.0063076 0.0058140 0.0063076 0.0058140 0.0063076 0.0058140
47940 0.0000006 0.0000006 0.0011818 0.0010550 0.0011818 0.0010550 0.0011818 0.0010550
47944 0.0000006 0.0000005 0.0009873 0.0008970 0.0009873 0.0008970 0.0009873 0.0008970
47946 0.0000004 0.0000004 0.0006360 0.0005823 0.0006360 0.0005823 0.0006360 0.0005823
47966 0.0000027 0.0000025 0.0033418 0.0031405 0.0033418 0.0031405 0.0033418 0.0031405
47972 0.0000123 0.0000117 0.0109212 0.0103771 0.0109212 0.0103771 0.0109212 0.0103771
47973 0.0000029 0.0000028 0.0023834 0.0022714 0.0023834 0.0022714 0.0023834 0.0022714
47975 0.0000013 0.0000012 0.0009970 0.0009511 0.0009970 0.0009511 0.0009970 0.0009511
47976 0.0000065 0.0000062 0.0049679 0.0047497 0.0049679 0.0047497 0.0049679 0.0047497
47977 0.0000016 0.0000016 0.0011897 0.0011393 0.0011897 0.0011393 0.0011897 0.0011393
47978 0.0000087 0.0000084 0.0062454 0.0059870 0.0062454 0.0059870 0.0062454 0.0059870
47979 0.0000064 0.0000061 0.0044448 0.0042649 0.0044448 0.0042649 0.0044448 0.0042649
47982 0.0000053 0.0000051 0.0035566 0.0034178 0.0035566 0.0034178 0.0035566 0.0034178
47998 0.0000040 0.0000036 0.0069660 0.0062599 0.0069660 0.0062599 0.0069660 0.0062599
47999 0.0000055 0.0000050 0.0086871 0.0079056 0.0086871 0.0079056 0.0086871 0.0079056
48001 0.0000047 0.0000043 0.0067948 0.0062280 0.0067948 0.0062280 0.0067948 0.0062280
48002 0.0000118 0.0000108 0.0170243 0.0156834 0.0170243 0.0156834 0.0170243 0.0156834
48008 0.0000082 0.0000077 0.0100564 0.0093645 0.0100564 0.0093645 0.0100564 0.0093645
48011 0.0000088 0.0000082 0.0097557 0.0091299 0.0097557 0.0091299 0.0097557 0.0091299
48023 0.0000005 0.0000004 0.0005183 0.0004866 0.0005183 0.0004866 0.0005183 0.0004866
48073 0.0000016 0.0000015 0.0028320 0.0026202 0.0028320 0.0026202 0.0028320 0.0026202
48076 0.0000069 0.0000064 0.0120217 0.0112138 0.0120217 0.0112138 0.0120217 0.0112138
48079 0.0000027 0.0000025 0.0028724 0.0026938 0.0028724 0.0026938 0.0028724 0.0026938
48082 0.0000030 0.0000028 0.0030869 0.0029003 0.0030869 0.0029003 0.0030869 0.0029003
48084 0.0000110 0.0000104 0.0112235 0.0105654 0.0112235 0.0105654 0.0112235 0.0105654
48085 0.0000043 0.0000041 0.0040742 0.0038485 0.0040742 0.0038485 0.0040742 0.0038485
48086 0.0000075 0.0000071 0.0068615 0.0064962 0.0068615 0.0064962 0.0068615 0.0064962
48088 0.0000092 0.0000085 0.0135693 0.0125078 0.0135693 0.0125078 0.0135693 0.0125078
48089 0.0000076 0.0000071 0.0092179 0.0085808 0.0092179 0.0085808 0.0092179 0.0085808
48097 0.0000036 0.0000034 0.0037527 0.0035512 0.0037527 0.0035512 0.0037527 0.0035512
48099 0.0000066 0.0000063 0.0060297 0.0057128 0.0060297 0.0057128 0.0060297 0.0057128
48166 0.0000160 0.0000151 0 0 0 0 0 0
48172 0.0000464 0.0000427 0 0 0 0 0 0
48176 0.0000082 0.0000077 0.0104138 0.0096964 0.0104138 0.0096964 0.0104138 0.0096964
48177 0.0000085 0.0000080 0.0095309 0.0089215 0.0095309 0.0089215 0.0095309 0.0089215
48179 0.0000071 0.0000066 0.0074423 0.0069934 0.0074423 0.0069934 0.0074423 0.0069934
48181 0.0000067 0.0000063 0.0070744 0.0066807 0.0070744 0.0066807 0.0070744 0.0066807
48185 0.0000028 0.0000026 0.0029498 0.0027947 0.0029498 0.0027947 0.0029498 0.0027947
48230 0.0000072 0.0000066 0.0020086 0.0018441 0.0010095 0.0009269 0.0009939 0.0009125
48233 0.0000027 0.0000025 0.0064298 0.0059917 0.0064298 0.0059917 0.0064298 0.0059917
48236 0.0000037 0.0000035 0.0079201 0.0074314 0.0079201 0.0074314 0.0079201 0.0074314
48237 0.0000051 0.0000048 0.0104661 0.0098524 0.0104661 0.0098524 0.0104661 0.0098524
48238 0.0000041 0.0000039 0.0078321 0.0073986 0.0078321 0.0073986 0.0078321 0.0073986
48239 0.0000038 0.0000036 0.0073052 0.0069123 0.0073052 0.0069123 0.0073052 0.0069123
48240 0.0000038 0.0000036 0.0073469 0.0069631 0.0073469 0.0069631 0.0073469 0.0069631
48244 0.0000195 0.0000185 0 0 0 0 0 0
48245 0.0000017 0.0000016 0.0028611 0.0027183 0.0028611 0.0027183 0.0028611 0.0027183
48246 0.0000046 0.0000044 0.0079368 0.0075481 0.0079368 0.0075481 0.0079368 0.0075481
48253 0.0000019 0.0000017 0.0048466 0.0044910 0.0048466 0.0044910 0.0024233 0.0022455
48255 0.0000052 0.0000049 0.0125466 0.0117290 0.0125466 0.0117290 0.0062733 0.0058645
48256 0.0000048 0.0000045 0.0114513 0.0107722 0.0114513 0.0107722 0.0057257 0.0053861
48257 0.0000044 0.0000042 0.0105474 0.0099622 0.0105474 0.0099622 0.0052737 0.0049811
48258 0.0000041 0.0000039 0.0099010 0.0093801 0.0099010 0.0093801 0.0049505 0.0046900
48259 0.0000025 0.0000023 0.0059068 0.0056077 0.0059068 0.0056077 0.0029534 0.0028039
48260 0.0000037 0.0000035 0.0088771 0.0084519 0.0088771 0.0084519 0.0044385 0.0042260
48261 0.0000011 0.0000010 0.0025733 0.0024531 0.0025733 0.0024531 0.0012866 0.0012265
48262 0.0000034 0.0000033 0.0081674 0.0078023 0.0081674 0.0078023 0.0040837 0.0039012
48263 0.0000025 0.0000024 0.0059698 0.0057100 0.0059698 0.0057100 0.0029849 0.0028550
48265 0.0000032 0.0000030 0.0075480 0.0072313 0.0075480 0.0072313 0.0037740 0.0036157
48290 0.0000055 0.0000052 0.0123926 0.0115888 0.0123926 0.0115888 0.0123926 0.0115888
48291 0.0000048 0.0000045 0.0101760 0.0095563 0.0101760 0.0095563 0.0101760 0.0095563
48293 0.0000047 0.0000044 0.0095273 0.0089680 0.0095273 0.0089680 0.0095273 0.0089680
48294 0.0000047 0.0000045 0.0092944 0.0087656 0.0092944 0.0087656 0.0092944 0.0087656
48295 0.0000023 0.0000022 0.0044797 0.0042303 0.0044797 0.0042303 0.0044797 0.0042303
48307 0.0000008 0.0000007 0.0018229 0.0016990 0.0018229 0.0016990 0.0018229 0.0016990
48312 0.0000052 0.0000049 0.0110604 0.0104006 0.0110604 0.0104006 0.0110604 0.0104006
48313 0.0000026 0.0000024 0.0049991 0.0047162 0.0049991 0.0047162 0.0049991 0.0047162
48318 0.0000008 0.0000008 0.0015101 0.0014308 0.0015101 0.0014308 0.0015101 0.0014308
48320 0.0000024 0.0000022 0.0041687 0.0039538 0.0041687 0.0039538 0.0041687 0.0039538
48323 0.0000047 0.0000045 0.0079210 0.0075397 0.0079210 0.0075397 0.0079210 0.0075397
48324 0.0000042 0.0000040 0.0066908 0.0063813 0.0066908 0.0063813 0.0066908 0.0063813
48325 0.0000044 0.0000042 0.0070344 0.0067197 0.0070344 0.0067197 0.0070344 0.0067197
48326 0.0000024 0.0000023 0.0038126 0.0036463 0.0038126 0.0036463 0.0038126 0.0036463
48327 0.0000006 0.0000006 0.0009410 0.0009021 0.0009410 0.0009021 0.0009410 0.0009021
48336 0.0000023 0.0000021 0.0054208 0.0050480 0.0054208 0.0050480 0.0054208 0.0050480
48337 0.0000010 0.0000009 0.0023527 0.0021955 0.0023527 0.0021955 0.0023527 0.0021955
48341 0.0000008 0.0000008 0.0019189 0.0017957 0.0019189 0.0017957 0.0019189 0.0017957
48342 0.0000036 0.0000034 0.0076727 0.0071976 0.0076727 0.0071976 0.0076727 0.0071976
48343 0.0000014 0.0000013 0.0028048 0.0026367 0.0028048 0.0026367 0.0028048 0.0026367
48346 0.0000045 0.0000043 0.0089220 0.0084135 0.0089220 0.0084135 0.0089220 0.0084135
48347 0.0000009 0.0000008 0.0040521 0.0038264 0.0040521 0.0038264 0.0040521 0.0038264
48348 0.0000046 0.0000044 0.0085613 0.0081010 0.0085613 0.0081010 0.0085613 0.0081010
48349 0.0000012 0.0000011 0.0021056 0.0019944 0.0021056 0.0019944 0.0021056 0.0019944
48352 0.0000041 0.0000039 0.0071643 0.0067998 0.0071643 0.0067998 0.0071643 0.0067998
48356 0.0000054 0.0000050 0.0137480 0.0127718 0.0137480 0.0127718 0.0137480 0.0127718
48358 0.0000051 0.0000048 0.0108053 0.0101500 0.0108053 0.0101500 0.0108053 0.0101500
48359 0.0000050 0.0000047 0.0100268 0.0094495 0.0100268 0.0094495 0.0100268 0.0094495
48366 0.0000045 0.0000043 0.0077177 0.0073343 0.0077177 0.0073343 0.0077177 0.0073343
48367 0.0000047 0.0000045 0.0078525 0.0074747 0.0078525 0.0074747 0.0078525 0.0074747
48368 0.0000046 0.0000044 0.0076406 0.0072828 0.0076406 0.0072828 0.0076406 0.0072828
48369 0.0000037 0.0000036 0.0062258 0.0059409 0.0062258 0.0059409 0.0062258 0.0059409
48398 0.0000017 0.0000015 0.0041252 0.0038296 0.0041252 0.0038296 0.0041252 0.0038296
48409 0.0000047 0.0000045 0.0102284 0.0095965 0.0102284 0.0095965 0.0102284 0.0095965
48410 0.0000050 0.0000047 0.0108059 0.0101705 0.0108059 0.0101705 0.0108059 0.0101705
48412 0.0000041 0.0000038 0.0087661 0.0082846 0.0087661 0.0082846 0.0087661 0.0082846
48416 0.0000024 0.0000023 0.0051804 0.0049029 0.0051804 0.0049029 0.0051804 0.0049029
48417 0.0000037 0.0000035 0.0079198 0.0075108 0.0079198 0.0075108 0.0079198 0.0075108
48418 0.0000008 0.0000007 0.0016833 0.0015981 0.0016833 0.0015981 0.0016833 0.0015981
48421 0.0000033 0.0000031 0.0055217 0.0052505 0.0055217 0.0052505 0.0055217 0.0052505
48423 0.0000011 0.0000011 0.0019189 0.0018267 0.0019189 0.0018267 0.0019189 0.0018267
48455 0.0000027 0.0000024 0.0074803 0.0068829 0.0074803 0.0068829 0.0074803 0.0068829
48456 0.0000011 0.0000010 0.0028246 0.0026097 0.0028246 0.0026097 0.0028246 0.0026097
48461 0.0000041 0.0000038 0.0100109 0.0093154 0.0100109 0.0093154 0.0100109 0.0093154
48462 0.0000042 0.0000039 0.0101490 0.0094873 0.0101490 0.0094873 0.0101490 0.0094873
48463 0.0000044 0.0000042 0.0094877 0.0089032 0.0094877 0.0089032 0.0094877 0.0089032
48469 0.0000042 0.0000040 0.0082399 0.0077794 0.0082399 0.0077794 0.0082399 0.0077794
48471 0.0000007 0.0000007 0.0013597 0.0012856 0.0013597 0.0012856 0.0013597 0.0012856
48510 0.0000018 0.0000017 0.0056501 0.0051458 0.0056501 0.0051458 0.0056501 0.0051458
48511 0.0000018 0.0000017 0.0056463 0.0051529 0.0056463 0.0051529 0.0056463 0.0051529
48512 0.0000021 0.0000019 0.0063587 0.0058214 0.0063587 0.0058214 0.0063587 0.0058214
48513 0.0000046 0.0000043 0.0143152 0.0131587 0.0143152 0.0131587 0.0143152 0.0131587
48514 0.0000026 0.0000024 0.0081623 0.0075296 0.0081623 0.0075296 0.0081623 0.0075296
48516 0.0000025 0.0000023 0.0075923 0.0070258 0.0075923 0.0070258 0.0075923 0.0070258
48518 0.0000044 0.0000041 0.0108546 0.0100787 0.0108546 0.0100787 0.0108546 0.0100787
48519 0.0000027 0.0000026 0.0067600 0.0062892 0.0067600 0.0062892 0.0067600 0.0062892
48520 0.0000045 0.0000042 0.0111523 0.0104103 0.0111523 0.0104103 0.0111523 0.0104103
48521 0.0000045 0.0000042 0.0111258 0.0104037 0.0111258 0.0104037 0.0111258 0.0104037
48522 0.0000046 0.0000043 0.0112740 0.0105613 0.0112740 0.0105613 0.0112740 0.0105613
48527 0.0000005 0.0000005 0.0013157 0.0012352 0.0013157 0.0012352 0.0013157 0.0012352
48529 0.0000016 0.0000015 0.0039951 0.0037543 0.0039951 0.0037543 0.0039951 0.0037543
48530 0.0000038 0.0000036 0.0093187 0.0087727 0.0093187 0.0087727 0.0093187 0.0087727
48531 0.0000036 0.0000034 0.0088765 0.0083664 0.0088765 0.0083664 0.0088765 0.0083664
48532 0.0000034 0.0000032 0.0083376 0.0078671 0.0083376 0.0078671 0.0083376 0.0078671
48533 0.0000025 0.0000023 0.0060739 0.0057365 0.0060739 0.0057365 0.0060739 0.0057365
48536 0.0000011 0.0000011 0.0027848 0.0026335 0.0027848 0.0026335 0.0027848 0.0026335
48635 0.0000056 0.0000051 0.0149032 0.0137506 0.0149032 0.0137506 0.0149032 0.0137506
48636 0.0000051 0.0000047 0.0135720 0.0125740 0.0135720 0.0125740 0.0135720 0.0125740
48638 0.0000033 0.0000030 0.0087219 0.0081061 0.0087219 0.0081061 0.0087219 0.0081061
48639 0.0000035 0.0000032 0.0092453 0.0086135 0.0092453 0.0086135 0.0092453 0.0086135
48640 0.0000044 0.0000041 0.0118222 0.0110664 0.0118222 0.0110664 0.0118222 0.0110664
48645 0.0000040 0.0000038 0.0107891 0.0101404 0.0107891 0.0101404 0.0107891 0.0101404
48656 0.0000013 0.0000012 0.0035341 0.0033336 0.0035341 0.0033336 0.0035341 0.0033336
48657 0.0000037 0.0000035 0.0099606 0.0094062 0.0099606 0.0094062 0.0099606 0.0094062
48658 0.0000035 0.0000033 0.0094746 0.0089598 0.0094746 0.0089598 0.0094746 0.0089598
48660 0.0000024 0.0000023 0.0065027 0.0061586 0.0065027 0.0061586 0.0065027 0.0061586
48701 0.0000032 0.0000029 0.0107863 0.0097671 0.0107863 0.0097671 0.0107863 0.0097671
48706 0.0000008 0.0000007 0.0033133 0.0029047 0.0033133 0.0029047 0.0033133 0.0029047
48720 0.0000038 0.0000035 0.0107328 0.0098809 0.0107328 0.0098809 0.0107328 0.0098809
48721 0.0000024 0.0000022 0.0058365 0.0054272 0.0058365 0.0054272 0.0058365 0.0054272
48722 0.0000076 0.0000071 0.0182476 0.0170677 0.0182476 0.0170677 0.0182476 0.0170677
48725 0.0000052 0.0000049 0.0125592 0.0118179 0.0125592 0.0118179 0.0125592 0.0118179
48726 0.0000059 0.0000055 0.0141520 0.0133621 0.0141520 0.0133621 0.0141520 0.0133621
48727 0.0000074 0.0000070 0.0179152 0.0169904 0.0179152 0.0169904 0.0179152 0.0169904
48730 0.0000008 0.0000007 0.0032648 0.0028737 0.0032648 0.0028737 0.0032648 0.0028737
48731 0.0000053 0.0000047 0.0209027 0.0185637 0.0209027 0.0185637 0.0209027 0.0185637
48732 0.0000011 0.0000010 0.0036861 0.0033224 0.0036861 0.0033224 0.0036861 0.0033224
48734 0.0000074 0.0000067 0.0119354 0.0108350 0.0119354 0.0108350 0.0119354 0.0108350
48735 0.0000085 0.0000078 0.0122298 0.0112164 0.0122298 0.0112164 0.0122298 0.0112164
48736 0.0000031 0.0000028 0.0040204 0.0037140 0.0040204 0.0037140 0.0040204 0.0037140
48742 0.0000058 0.0000054 0.0072329 0.0067139 0.0072329 0.0067139 0.0072329 0.0067139
48743 0.0000045 0.0000042 0.0050417 0.0047143 0.0050417 0.0047143 0.0050417 0.0047143
48745 0.0000023 0.0000022 0.0024801 0.0023243 0.0024801 0.0023243 0.0024801 0.0023243
48746 0.0000017 0.0000016 0.0017710 0.0016661 0.0017710 0.0016661 0.0017710 0.0016661
48801 0.0000114 0.0000105 0.0184678 0.0168973 0.0184678 0.0168973 0.0184678 0.0168973
48803 0.0000058 0.0000053 0.0075810 0.0070158 0.0075810 0.0070158 0.0075810 0.0070158
48805 0.0000081 0.0000076 0.0106509 0.0099103 0.0106509 0.0099103 0.0106509 0.0099103
48806 0.0000018 0.0000017 0.0023671 0.0022105 0.0023671 0.0022105 0.0023671 0.0022105
48807 0.0000114 0.0000107 0.0149327 0.0139919 0.0149327 0.0139919 0.0149327 0.0139919
48810 0.0000026 0.0000025 0.0034038 0.0032157 0.0034038 0.0032157 0.0034038 0.0032157
48811 0.0000020 0.0000019 0.0025948 0.0024544 0.0025948 0.0024544 0.0025948 0.0024544
48812 0.0000046 0.0000043 0.0060092 0.0056938 0.0060092 0.0056938 0.0060092 0.0056938
48813 0.0000063 0.0000060 0.0083015 0.0078946 0.0083015 0.0078946 0.0083015 0.0078946
48814 0.0000121 0.0000115 0.0158166 0.0150838 0.0158166 0.0150838 0.0158166 0.0150838
48824 0.0000047 0.0000042 0.0088927 0.0079198 0.0088927 0.0079198 0.0088927 0.0079198
48826 0.0000082 0.0000078 0.0076815 0.0072916 0.0076815 0.0072916 0.0076815 0.0072916
48828 0.0000149 0.0000139 0.0196508 0.0182233 0.0196508 0.0182233 0.0196508 0.0182233
48829 0.0000037 0.0000035 0.0042394 0.0039588 0.0042394 0.0039588 0.0042394 0.0039588
48830 0.0000026 0.0000024 0.0028518 0.0026673 0.0028518 0.0026673 0.0028518 0.0026673
48832 0.0000107 0.0000100 0.0114945 0.0107941 0.0114945 0.0107941 0.0114945 0.0107941
48836 0.0000128 0.0000121 0.0119310 0.0112964 0.0119310 0.0112964 0.0119310 0.0112964
48838 0.0000089 0.0000084 0.0075804 0.0072081 0.0075804 0.0072081 0.0075804 0.0072081
48839 0.0000095 0.0000090 0.0080851 0.0077028 0.0080851 0.0077028 0.0080851 0.0077028
48863 0.0000033 0.0000030 0.0052372 0.0047576 0.0052372 0.0047576 0.0052372 0.0047576
48864 0.0000102 0.0000093 0.0163504 0.0149585 0.0163504 0.0149585 0.0163504 0.0149585
48865 0.0000066 0.0000061 0.0105863 0.0097673 0.0105863 0.0097673 0.0105863 0.0097673
48867 0.0000038 0.0000035 0.0047745 0.0044327 0.0047745 0.0044327 0.0047745 0.0044327
48883 0.0000030 0.0000026 0.0055340 0.0049214 0.0055340 0.0049214 0.0055340 0.0049214
48884 0.0000030 0.0000027 0.0056720 0.0050732 0.0056720 0.0050732 0.0056720 0.0050732
48885 0.0000019 0.0000017 0.0036064 0.0032392 0.0036064 0.0032392 0.0036064 0.0032392
48888 0.0000069 0.0000062 0.0115468 0.0105017 0.0115468 0.0105017 0.0115468 0.0105017
48891 0.0000126 0.0000117 0.0167128 0.0154585 0.0167128 0.0154585 0.0167128 0.0154585
48892 0.0000046 0.0000043 0.0056001 0.0052031 0.0056001 0.0052031 0.0056001 0.0052031
48893 0.0000038 0.0000035 0.0044648 0.0041560 0.0044648 0.0041560 0.0044648 0.0041560
48894 0.0000026 0.0000024 0.0030350 0.0028295 0.0030350 0.0028295 0.0030350 0.0028295
48895 0.0000084 0.0000079 0.0096018 0.0089703 0.0096018 0.0089703 0.0096018 0.0089703
48897 0.0000084 0.0000079 0.0090330 0.0084736 0.0090330 0.0084736 0.0090330 0.0084736
48899 0.0000107 0.0000101 0.0109739 0.0103342 0.0109739 0.0103342 0.0109739 0.0103342
48900 0.0000041 0.0000038 0.0039135 0.0036936 0.0039135 0.0036936 0.0039135 0.0036936
48901 0.0000033 0.0000031 0.0030923 0.0029215 0.0030923 0.0029215 0.0030923 0.0029215
48902 0.0000156 0.0000148 0.0145625 0.0137898 0.0145625 0.0137898 0.0145625 0.0137898
48903 0.0000108 0.0000102 0.0100315 0.0094959 0.0100315 0.0094959 0.0100315 0.0094959
48935 0.0000047 0.0000041 0.0092214 0.0081786 0.0092214 0.0081786 0.0092214 0.0081786
48938 0.0000049 0.0000045 0.0077122 0.0070157 0.0077122 0.0070157 0.0077122 0.0070157
48940 0.0000040 0.0000037 0.0058412 0.0053562 0.0058412 0.0053562 0.0058412 0.0053562
48943 0.0000187 0.0000173 0.0272066 0.0252212 0.0272066 0.0252212 0.0272066 0.0252212
48946 0.0000101 0.0000095 0.0147040 0.0137537 0.0147040 0.0137537 0.0147040 0.0137537
48947 0.0000077 0.0000073 0.0112322 0.0105494 0.0112322 0.0105494 0.0112322 0.0105494
48949 0.0000116 0.0000109 0.0168136 0.0158696 0.0168136 0.0158696 0.0168136 0.0158696
48951 0.0000044 0.0000041 0.0063404 0.0060055 0.0063404 0.0060055 0.0063404 0.0060055
48952 0.0000142 0.0000135 0.0206216 0.0195925 0.0206216 0.0195925 0.0206216 0.0195925
48971 0.0000055 0.0000049 0.0109244 0.0096845 0.0109244 0.0096845 0.0109244 0.0096845
48976 0.0000028 0.0000025 0.0051493 0.0046270 0.0051493 0.0046270 0.0051493 0.0046270
48982 0.0000050 0.0000046 0.0091725 0.0083829 0.0091725 0.0083829 0.0091725 0.0083829
48983 0.0000152 0.0000140 0.0277788 0.0256025 0.0277788 0.0256025 0.0277788 0.0256025
48984 0.0000058 0.0000054 0.0105466 0.0097880 0.0105466 0.0097880 0.0105466 0.0097880
48985 0.0000140 0.0000131 0.0255571 0.0238494 0.0255571 0.0238494 0.0255571 0.0238494
48986 0.0000075 0.0000070 0.0080767 0.0075725 0.0080767 0.0075725 0.0080767 0.0075725
48987 0.0000029 0.0000028 0.0031751 0.0029864 0.0031751 0.0029864 0.0031751 0.0029864
48988 0.0000157 0.0000148 0.0170187 0.0160446 0.0170187 0.0160446 0.0170187 0.0160446
48989 0.0000180 0.0000170 0.0194438 0.0184002 0.0194438 0.0184002 0.0194438 0.0184002
48990 0.0000057 0.0000054 0.0050577 0.0047981 0.0050577 0.0047981 0.0050577 0.0047981
48991 0.0000156 0.0000149 0.0135463 0.0128753 0.0135463 0.0128753 0.0135463 0.0128753
49019 0.0000112 0.0000100 0.0217639 0.0193797 0.0217639 0.0193797 0.0217639 0.0193797
49023 0.0000075 0.0000069 0.0146576 0.0134897 0.0146576 0.0134897 0.0146576 0.0134897
49026 0.0000033 0.0000030 0.0049607 0.0045329 0.0049607 0.0045329 0.0049607 0.0045329
49027 0.0000029 0.0000027 0.0041576 0.0038131 0.0041576 0.0038131 0.0041576 0.0038131
49029 0.0000031 0.0000029 0.0041900 0.0038606 0.0041900 0.0038606 0.0041900 0.0038606
49030 0.0000041 0.0000038 0.0053524 0.0049502 0.0053524 0.0049502 0.0053524 0.0049502
49031 0.0000040 0.0000037 0.0050054 0.0046407 0.0050054 0.0046407 0.0050054 0.0046407
49033 0.0000015 0.0000015 0.0018091 0.0017622 0.0018091 0.0017622 0.0018091 0.0017622
49034 0.0000094 0.0000092 0.0032893 0.0032234 0.0032893 0.0032234 0.0032893 0.0032234
49035 0.0000117 0.0000114 0.0039084 0.0038332 0.0039084 0.0038332 0.0039084 0.0038332
49038 0.0000162 0.0000159 0.0053177 0.0052183 0.0053177 0.0052183 0.0053177 0.0052183
49042 0.0000189 0.0000186 0.0060089 0.0058992 0.0060089 0.0058992 0.0060089 0.0058992
49043 0.0000115 0.0000113 0.0035293 0.0034675 0.0035293 0.0034675 0.0035293 0.0034675
49045 0.0000231 0.0000227 0.0066818 0.0065720 0.0066818 0.0065720 0.0066818 0.0065720
49048 0.0000046 0.0000046 0.0013438 0.0013224 0.0013438 0.0013224 0.0013438 0.0013224
49050 0.0000041 0.0000040 0.0011838 0.0011651 0.0011838 0.0011651 0.0011838 0.0011651
49053 0.0000245 0.0000242 0.0063531 0.0062590 0.0063531 0.0062590 0.0063531 0.0062590
49054 0.0000214 0.0000211 0.0055454 0.0054653 0.0055454 0.0054653 0.0055454 0.0054653
49057 0.0000143 0.0000129 0.0253540 0.0228606 0.0253540 0.0228606 0.0253540 0.0228606
49059 0.0000022 0.0000020 0.0038668 0.0035280 0.0038668 0.0035280 0.0038668 0.0035280
49060 0.0000033 0.0000030 0.0058774 0.0053830 0.0058774 0.0053830 0.0058774 0.0053830
49061 0.0000025 0.0000023 0.0034837 0.0032046 0.0034837 0.0032046 0.0034837 0.0032046
49062 0.0000091 0.0000085 0.0105029 0.0098039 0.0105029 0.0098039 0.0105029 0.0098039
49063 0.0000041 0.0000039 0.0047971 0.0044907 0.0047971 0.0044907 0.0047971 0.0044907
49064 0.0000097 0.0000092 0.0103203 0.0097037 0.0103203 0.0097037 0.0103203 0.0097037
49065 0.0000126 0.0000119 0.0133252 0.0125646 0.0133252 0.0125646 0.0133252 0.0125646
49066 0.0000065 0.0000062 0.0061057 0.0057741 0.0061057 0.0057741 0.0061057 0.0057741
49067 0.0000074 0.0000070 0.0069368 0.0065709 0.0069368 0.0065709 0.0069368 0.0065709
49068 0.0000055 0.0000052 0.0048284 0.0045822 0.0048284 0.0045822 0.0048284 0.0045822
49069 0.0000146 0.0000139 0.0128005 0.0121844 0.0128005 0.0121844 0.0128005 0.0121844
49070 0.0000073 0.0000069 0.0063918 0.0060936 0.0063918 0.0060936 0.0063918 0.0060936
49071 0.0000071 0.0000068 0.0056253 0.0053694 0.0056253 0.0053694 0.0056253 0.0053694
49072 0.0000062 0.0000059 0.0048746 0.0046579 0.0048746 0.0046579 0.0048746 0.0046579
49073 0.0000040 0.0000039 0.0030024 0.0028731 0.0030024 0.0028731 0.0030024 0.0028731
49098 0.0000020 0.0000018 0.0035314 0.0031536 0.0035314 0.0031536 0.0035314 0.0031536
49099 0.0000117 0.0000105 0.0205500 0.0185077 0.0205500 0.0185077 0.0205500 0.0185077
49100 0.0000059 0.0000053 0.0092868 0.0084430 0.0092868 0.0084430 0.0092868 0.0084430
49110 0.0000134 0.0000124 0.0186836 0.0173207 0.0186836 0.0173207 0.0186836 0.0173207
49111 0.0000090 0.0000084 0.0103678 0.0096808 0.0103678 0.0096808 0.0103678 0.0096808
49113 0.0000066 0.0000062 0.0069616 0.0065450 0.0069616 0.0065450 0.0069616 0.0065450
49114 0.0000082 0.0000077 0.0080949 0.0076303 0.0080949 0.0076303 0.0080949 0.0076303
49116 0.0000176 0.0000166 0.0168780 0.0159548 0.0168780 0.0159548 0.0168780 0.0159548
49117 0.0000095 0.0000090 0.0086293 0.0081772 0.0086293 0.0081772 0.0086293 0.0081772
49118 0.0000064 0.0000061 0.0055071 0.0052349 0.0055071 0.0052349 0.0055071 0.0052349
49121 0.0000104 0.0000092 0.0211628 0.0187958 0.0211628 0.0187958 0.0211628 0.0187958
49125 0.0000128 0.0000116 0.0210238 0.0191767 0.0210238 0.0191767 0.0210238 0.0191767
49126 0.0000069 0.0000064 0.0093993 0.0086629 0.0093993 0.0086629 0.0093993 0.0086629
49127 0.0000174 0.0000161 0.0236595 0.0219769 0.0236595 0.0219769 0.0236595 0.0219769
49128 0.0000025 0.0000024 0.0028870 0.0026956 0.0028870 0.0026956 0.0028870 0.0026956
49132 0.0000026 0.0000024 0.0027271 0.0025628 0.0027271 0.0025628 0.0027271 0.0025628
49133 0.0000054 0.0000051 0.0052536 0.0049573 0.0052536 0.0049573 0.0052536 0.0049573
49134 0.0000099 0.0000094 0.0096361 0.0091126 0.0096361 0.0091126 0.0096361 0.0091126
49135 0.0000060 0.0000057 0.0054410 0.0051560 0.0054410 0.0051560 0.0054410 0.0051560
49136 0.0000161 0.0000153 0.0145462 0.0138202 0.0145462 0.0138202 0.0145462 0.0138202
49137 0.0000086 0.0000082 0.0070543 0.0067198 0.0070543 0.0067198 0.0070543 0.0067198
49138 0.0000053 0.0000050 0.0040804 0.0038973 0.0040804 0.0038973 0.0040804 0.0038973
49139 0.0000046 0.0000044 0.0034192 0.0032716 0.0034192 0.0032716 0.0034192 0.0032716
49140 0.0000058 0.0000056 0.0041829 0.0040091 0.0041829 0.0040091 0.0041829 0.0040091
49141 0.0000125 0.0000120 0.0088142 0.0084593 0.0088142 0.0084593 0.0088142 0.0084593
49142 0.0000034 0.0000032 0.0022626 0.0021740 0.0022626 0.0021740 0.0022626 0.0021740
49143 0.0000029 0.0000028 0.0018895 0.0018181 0.0018895 0.0018181 0.0018895 0.0018181
49144 0.0000012 0.0000012 0.0007840 0.0007546 0.0007840 0.0007546 0.0007840 0.0007546
49148 0.0000038 0.0000036 0.0024388 0.0023486 0.0024388 0.0023486 0.0024388 0.0023486
49155 0.0000028 0.0000027 0.0018172 0.0017525 0.0018172 0.0017525 0.0018172 0.0017525
49157 0.0000043 0.0000041 0.0025624 0.0024731 0.0025624 0.0024731 0.0025624 0.0024731
49158 0.0000059 0.0000057 0.0033863 0.0032736 0.0033863 0.0032736 0.0033863 0.0032736
49159 0.0000096 0.0000093 0.0055580 0.0053785 0.0055580 0.0053785 0.0055580 0.0053785
49165 0.0000043 0.0000042 0.0023580 0.0022840 0.0023580 0.0022840 0.0023580 0.0022840
49168 0.0000043 0.0000042 0.0023579 0.0022849 0.0023579 0.0022849 0.0023579 0.0022849
49217 0.0000061 0.0000054 0.0116122 0.0103654 0.0116122 0.0103654 0.0116122 0.0103654
49218 0.0000034 0.0000030 0.0058448 0.0052591 0.0058448 0.0052591 0.0058448 0.0052591
49219 0.0000162 0.0000148 0.0253965 0.0232325 0.0253965 0.0232325 0.0253965 0.0232325
49224 0.0000037 0.0000034 0.0045527 0.0042244 0.0045527 0.0042244 0.0045527 0.0042244
49226 0.0000066 0.0000062 0.0081708 0.0076022 0.0081708 0.0076022 0.0081708 0.0076022
49227 0.0000097 0.0000091 0.0120041 0.0112048 0.0120041 0.0112048 0.0120041 0.0112048
49228 0.0000125 0.0000117 0.0138026 0.0129395 0.0138026 0.0129395 0.0138026 0.0129395
49229 0.0000048 0.0000046 0.0050023 0.0047012 0.0050023 0.0047012 0.0050023 0.0047012
49230 0.0000049 0.0000046 0.0046989 0.0044353 0.0046989 0.0044353 0.0046989 0.0044353
49232 0.0000156 0.0000148 0.0150500 0.0142363 0.0150500 0.0142363 0.0150500 0.0142363
49233 0.0000018 0.0000017 0.0016146 0.0015298 0.0016146 0.0015298 0.0016146 0.0015298
49240 0.0000075 0.0000067 0.0149777 0.0133653 0.0149777 0.0133653 0.0149777 0.0133653
49241 0.0000048 0.0000044 0.0096322 0.0086894 0.0096322 0.0086894 0.0096322 0.0086894
49244 0.0000100 0.0000091 0.0158389 0.0144313 0.0158389 0.0144313 0.0158389 0.0144313
49245 0.0000049 0.0000045 0.0069334 0.0063651 0.0069334 0.0063651 0.0069334 0.0063651
49246 0.0000045 0.0000042 0.0061324 0.0056519 0.0061324 0.0056519 0.0061324 0.0056519
49247 0.0000001 0.0000001 0.0001279 0.0001182 0.0001279 0.0001182 0.0001279 0.0001182
49248 0.0000158 0.0000147 0.0194663 0.0181112 0.0194663 0.0181112 0.0194663 0.0181112
49249 0.0000031 0.0000029 0.0034250 0.0032043 0.0034250 0.0032043 0.0034250 0.0032043
49250 0.0000028 0.0000026 0.0028810 0.0027088 0.0028810 0.0027088 0.0028810 0.0027088
49251 0.0000040 0.0000038 0.0039024 0.0036795 0.0039024 0.0036795 0.0039024 0.0036795
49253 0.0000096 0.0000091 0.0093878 0.0088691 0.0093878 0.0088691 0.0093878 0.0088691
49254 0.0000049 0.0000046 0.0047754 0.0045205 0.0047754 0.0045205 0.0047754 0.0045205
49262 0.0000066 0.0000062 0.0083500 0.0077604 0.0083500 0.0077604 0.0083500 0.0077604
49263 0.0000076 0.0000071 0.0088573 0.0082609 0.0088573 0.0082609 0.0088573 0.0082609
49264 0.0000128 0.0000120 0.0149530 0.0140041 0.0149530 0.0140041 0.0149530 0.0140041
49265 0.0000095 0.0000089 0.0099051 0.0093105 0.0099051 0.0093105 0.0099051 0.0093105
49266 0.0000072 0.0000068 0.0067909 0.0064207 0.0067909 0.0064207 0.0067909 0.0064207
49267 0.0000073 0.0000069 0.0068865 0.0065089 0.0068865 0.0065089 0.0068865 0.0065089
49268 0.0000066 0.0000063 0.0058191 0.0055218 0.0058191 0.0055218 0.0058191 0.0055218
49270 0.0000038 0.0000036 0.0032428 0.0030821 0.0032428 0.0030821 0.0032428 0.0030821
49307 0.0000129 0.0000120 0.0174028 0.0160654 0.0174028 0.0160654 0.0174028 0.0160654
49308 0.0000039 0.0000036 0.0052815 0.0048942 0.0052815 0.0048942 0.0052815 0.0048942
49309 0.0000061 0.0000057 0.0074950 0.0069605 0.0074950 0.0069605 0.0074950 0.0069605
49310 0.0000063 0.0000059 0.0076908 0.0071614 0.0076908 0.0071614 0.0076908 0.0071614
49311 0.0000022 0.0000021 0.0025235 0.0023553 0.0025235 0.0023553 0.0025235 0.0023553
49312 0.0000144 0.0000135 0.0161833 0.0151426 0.0161833 0.0151426 0.0161833 0.0151426
49313 0.0000028 0.0000027 0.0030112 0.0028245 0.0030112 0.0028245 0.0030112 0.0028245
49314 0.0000118 0.0000111 0.0124541 0.0117045 0.0124541 0.0117045 0.0124541 0.0117045
49316 0.0000048 0.0000045 0.0047877 0.0045116 0.0047877 0.0045116 0.0047877 0.0045116
49317 0.0000022 0.0000020 0.0020308 0.0019187 0.0020308 0.0019187 0.0020308 0.0019187
49324 0.0000091 0.0000082 0.0166430 0.0150253 0.0166430 0.0150253 0.0166430 0.0150253
49329 0.0000055 0.0000051 0.0064967 0.0060484 0.0064967 0.0060484 0.0064967 0.0060484
49330 0.0000046 0.0000043 0.0052687 0.0049159 0.0052687 0.0049159 0.0052687 0.0049159
49331 0.0000184 0.0000173 0.0199965 0.0187684 0.0199965 0.0187684 0.0199965 0.0187684
49332 0.0000020 0.0000019 0.0019382 0.0018275 0.0019382 0.0018275 0.0019382 0.0018275
49337 0.0000083 0.0000074 0.0160999 0.0144952 0.0160999 0.0144952 0.0160999 0.0144952
49339 0.0000022 0.0000021 0.0034206 0.0031308 0.0034206 0.0031308 0.0034206 0.0031308
49340 0.0000036 0.0000033 0.0054476 0.0049987 0.0054476 0.0049987 0.0054476 0.0049987
49341 0.0000037 0.0000034 0.0056379 0.0051926 0.0056379 0.0051926 0.0056379 0.0051926
49342 0.0000057 0.0000052 0.0086160 0.0079601 0.0086160 0.0079601 0.0086160 0.0079601
49345 0.0000103 0.0000096 0.0120731 0.0112560 0.0120731 0.0112560 0.0120731 0.0112560
49346 0.0000034 0.0000032 0.0040149 0.0037525 0.0040149 0.0037525 0.0040149 0.0037525
49347 0.0000031 0.0000029 0.0032855 0.0030795 0.0032855 0.0030795 0.0032855 0.0030795
49348 0.0000074 0.0000070 0.0079760 0.0074886 0.0079760 0.0074886 0.0079760 0.0074886
49349 0.0000058 0.0000055 0.0058508 0.0055089 0.0058508 0.0055089 0.0058508 0.0055089
49351 0.0000029 0.0000027 0.0028922 0.0027288 0.0028922 0.0027288 0.0028922 0.0027288
49352 0.0000139 0.0000132 0.0131444 0.0124318 0.0131444 0.0124318 0.0131444 0.0124318
49353 0.0000075 0.0000071 0.0067073 0.0063578 0.0067073 0.0063578 0.0067073 0.0063578
49356 0.0000127 0.0000113 0.0249138 0.0221292 0.0249138 0.0221292 0.0249138 0.0221292
49358 0.0000061 0.0000055 0.0100732 0.0091245 0.0100732 0.0091245 0.0100732 0.0091245
49359 0.0000125 0.0000115 0.0173899 0.0160205 0.0173899 0.0160205 0.0173899 0.0160205
49360 0.0000088 0.0000082 0.0111392 0.0103306 0.0111392 0.0103306 0.0111392 0.0103306
49361 0.0000029 0.0000027 0.0034669 0.0032253 0.0034669 0.0032253 0.0034669 0.0032253
49362 0.0000035 0.0000033 0.0038286 0.0035844 0.0038286 0.0035844 0.0038286 0.0035844
49365 0.0000124 0.0000117 0.0128942 0.0121329 0.0128942 0.0121329 0.0128942 0.0121329
49366 0.0000100 0.0000095 0.0096047 0.0090774 0.0096047 0.0090774 0.0096047 0.0090774
49367 0.0000149 0.0000142 0.0136287 0.0129223 0.0136287 0.0129223 0.0136287 0.0129223
49368 0.0000039 0.0000037 0.0033575 0.0031905 0.0033575 0.0031905 0.0033575 0.0031905
49369 0.0000041 0.0000039 0.0034079 0.0032419 0.0034079 0.0032419 0.0034079 0.0032419
49373 0.0000122 0.0000110 0.0220037 0.0198840 0.0220037 0.0198840 0.0220037 0.0198840
49374 0.0000010 0.0000009 0.0017248 0.0015725 0.0017248 0.0015725 0.0017248 0.0015725
49376 0.0000079 0.0000073 0.0107962 0.0099238 0.0107962 0.0099238 0.0107962 0.0099238
49377 0.0000001 0.0000001 0.0001776 0.0001638 0.0001776 0.0001638 0.0001776 0.0001638
49378 0.0000100 0.0000093 0.0136564 0.0126391 0.0136564 0.0126391 0.0136564 0.0126391
49379 0.0000047 0.0000044 0.0056602 0.0052652 0.0056602 0.0052652 0.0056602 0.0052652
49380 0.0000093 0.0000087 0.0110773 0.0103241 0.0110773 0.0103241 0.0110773 0.0103241
49381 0.0000067 0.0000062 0.0075275 0.0070327 0.0075275 0.0070327 0.0075275 0.0070327
49382 0.0000087 0.0000081 0.0095569 0.0089447 0.0095569 0.0089447 0.0095569 0.0089447
49383 0.0000030 0.0000029 0.0032495 0.0030460 0.0032495 0.0030460 0.0032495 0.0030460
49384 0.0000028 0.0000026 0.0028705 0.0026976 0.0028705 0.0026976 0.0028705 0.0026976
49385 0.0000067 0.0000063 0.0064417 0.0060814 0.0064417 0.0060814 0.0064417 0.0060814
49389 0.0000022 0.0000021 0.0020515 0.0019411 0.0020515 0.0019411 0.0020515 0.0019411
49390 0.0000064 0.0000061 0.0059556 0.0056533 0.0059556 0.0056533 0.0059556 0.0056533
49432 0.0000040 0.0000037 0.0066300 0.0060093 0.0066300 0.0060093 0.0066300 0.0060093
49433 0.0000164 0.0000150 0.0242094 0.0222112 0.0242094 0.0222112 0.0242094 0.0222112
49434 0.0000205 0.0000190 0.0262126 0.0243282 0.0262126 0.0243282 0.0262126 0.0243282
49435 0.0000039 0.0000036 0.0045073 0.0042031 0.0045073 0.0042031 0.0045073 0.0042031
49437 0.0000033 0.0000031 0.0035271 0.0033102 0.0035271 0.0033102 0.0035271 0.0033102
49438 0.0000150 0.0000141 0.0159036 0.0149609 0.0159036 0.0149609 0.0159036 0.0149609
49439 0.0000031 0.0000029 0.0029800 0.0028121 0.0029800 0.0028121 0.0029800 0.0028121
49440 0.0000032 0.0000031 0.0031204 0.0029489 0.0031204 0.0029489 0.0031204 0.0029489
49445 0.0000025 0.0000022 0.0048313 0.0043081 0.0048313 0.0043081 0.0048313 0.0043081
49446 0.0000050 0.0000045 0.0096180 0.0086476 0.0096180 0.0086476 0.0096180 0.0086476
49447 0.0000115 0.0000104 0.0187068 0.0169806 0.0187068 0.0169806 0.0187068 0.0169806
49448 0.0000078 0.0000072 0.0110371 0.0101308 0.0110371 0.0101308 0.0110371 0.0101308
49449 0.0000025 0.0000023 0.0032724 0.0030161 0.0032724 0.0030161 0.0032724 0.0030161
49451 0.0000113 0.0000105 0.0150660 0.0139334 0.0150660 0.0139334 0.0150660 0.0139334
49452 0.0000078 0.0000073 0.0092886 0.0086473 0.0092886 0.0086473 0.0092886 0.0086473
49453 0.0000086 0.0000080 0.0098703 0.0092104 0.0098703 0.0092104 0.0098703 0.0092104
49454 0.0000054 0.0000051 0.0062309 0.0058259 0.0062309 0.0058259 0.0062309 0.0058259
49455 0.0000020 0.0000019 0.0021912 0.0020510 0.0021912 0.0020510 0.0021912 0.0020510
49456 0.0000052 0.0000049 0.0056886 0.0053296 0.0056886 0.0053296 0.0056886 0.0053296
49457 0.0000078 0.0000073 0.0079499 0.0074803 0.0079499 0.0074803 0.0079499 0.0074803
49464 0.0000097 0.0000087 0.0184205 0.0164103 0.0184205 0.0164103 0.0184205 0.0164103
49466 0.0000062 0.0000056 0.0104098 0.0094139 0.0104098 0.0094139 0.0104098 0.0094139
49468 0.0000087 0.0000079 0.0127110 0.0116335 0.0127110 0.0116335 0.0127110 0.0116335
49652 0.0000032 0.0000028 0.0067468 0.0059573 0.0067468 0.0059573 0.0067468 0.0059573
49653 0.0000055 0.0000049 0.0106040 0.0094129 0.0106040 0.0094129 0.0106040 0.0094129
49655 0.0000184 0.0000166 0.0351100 0.0317234 0.0351100 0.0317234 0.0351100 0.0317234
49656 0.0000104 0.0000095 0.0156087 0.0142615 0.0156087 0.0142615 0.0156087 0.0142615
49657 0.0000016 0.0000015 0.0024780 0.0022739 0.0024780 0.0022739 0.0024780 0.0022739
49658 0.0000024 0.0000022 0.0035656 0.0032755 0.0035656 0.0032755 0.0035656 0.0032755
49659 0.0000093 0.0000085 0.0139461 0.0128447 0.0139461 0.0128447 0.0139461 0.0128447
49660 0.0000049 0.0000045 0.0073109 0.0067529 0.0073109 0.0067529 0.0073109 0.0067529
49661 0.0000069 0.0000064 0.0103087 0.0095570 0.0103087 0.0095570 0.0103087 0.0095570
49662 0.0000046 0.0000043 0.0056153 0.0052165 0.0056153 0.0052165 0.0056153 0.0052165
49664 0.0000046 0.0000042 0.0055212 0.0051386 0.0055212 0.0051386 0.0055212 0.0051386
49665 0.0000127 0.0000118 0.0147554 0.0137636 0.0147554 0.0137636 0.0147554 0.0137636
49666 0.0000079 0.0000074 0.0085981 0.0080517 0.0085981 0.0080517 0.0085981 0.0080517
49736 0.0000018 0.0000016 0.0029112 0.0026328 0.0029112 0.0026328 0.0029112 0.0026328
49737 0.0000035 0.0000032 0.0056732 0.0051521 0.0056732 0.0051521 0.0056732 0.0051521
49742 0.0000040 0.0000037 0.0056568 0.0052032 0.0056568 0.0052032 0.0056568 0.0052032
49743 0.0000048 0.0000044 0.0067826 0.0062539 0.0067826 0.0062539 0.0067826 0.0062539
49749 0.0000054 0.0000051 0.0064820 0.0060344 0.0064820 0.0060344 0.0064820 0.0060344
49751 0.0000139 0.0000130 0.0149559 0.0140369 0.0149559 0.0140369 0.0149559 0.0140369
49752 0.0000033 0.0000031 0.0033552 0.0031582 0.0033552 0.0031582 0.0033552 0.0031582
49756 0.0000035 0.0000030 0.0081432 0.0071144 0.0081432 0.0071144 0.0081432 0.0071144
49758 0.0000064 0.0000057 0.0126136 0.0111619 0.0126136 0.0111619 0.0126136 0.0111619
49760 0.0000073 0.0000065 0.0122873 0.0110826 0.0122873 0.0110826 0.0122873 0.0110826
49761 0.0000024 0.0000021 0.0039975 0.0036181 0.0039975 0.0036181 0.0039975 0.0036181
49762 0.0000018 0.0000017 0.0031092 0.0028193 0.0031092 0.0028193 0.0031092 0.0028193
49763 0.0000081 0.0000074 0.0137470 0.0125040 0.0137470 0.0125040 0.0137470 0.0125040
49910 0.0000081 0.0000070 0.0190453 0.0164218 0.0190453 0.0164218 0.0190453 0.0164218
49914 0.0000073 0.0000064 0.0171331 0.0151031 0.0171331 0.0151031 0.0171331 0.0151031
49919 0.0000056 0.0000050 0.0096164 0.0086735 0.0096164 0.0086735 0.0096164 0.0086735
49921 0.0000020 0.0000018 0.0030939 0.0028064 0.0030939 0.0028064 0.0030939 0.0028064
49922 0.0000132 0.0000120 0.0201753 0.0184018 0.0201753 0.0184018 0.0201753 0.0184018
49923 0.0000179 0.0000164 0.0252791 0.0232349 0.0252791 0.0232349 0.0252791 0.0232349
49925 0.0000040 0.0000037 0.0052028 0.0048010 0.0052028 0.0048010 0.0052028 0.0048010
49926 0.0000064 0.0000059 0.0084372 0.0077994 0.0084372 0.0077994 0.0084372 0.0077994
49928 0.0000014 0.0000013 0.0018972 0.0017572 0.0018972 0.0017572 0.0018972 0.0017572
49929 0.0000015 0.0000014 0.0019249 0.0017839 0.0019249 0.0017839 0.0019249 0.0017839
49930 0.0000015 0.0000014 0.0020414 0.0018937 0.0020414 0.0018937 0.0020414 0.0018937
49932 0.0000029 0.0000027 0.0035051 0.0032631 0.0035051 0.0032631 0.0035051 0.0032631
49934 0.0000091 0.0000085 0.0103472 0.0096606 0.0103472 0.0096606 0.0103472 0.0096606
49959 0.0000040 0.0000036 0.0069490 0.0062393 0.0069490 0.0062393 0.0069490 0.0062393
49960 0.0000043 0.0000039 0.0074494 0.0067143 0.0074494 0.0067143 0.0074494 0.0067143
49961 0.0000135 0.0000123 0.0235466 0.0213522 0.0235466 0.0213522 0.0235466 0.0213522
49962 0.0000053 0.0000048 0.0079677 0.0072636 0.0079677 0.0072636 0.0079677 0.0072636
49964 0.0000058 0.0000053 0.0087132 0.0079679 0.0087132 0.0079679 0.0087132 0.0079679
49965 0.0000067 0.0000062 0.0101438 0.0093009 0.0101438 0.0093009 0.0101438 0.0093009
49966 0.0000064 0.0000059 0.0088482 0.0081343 0.0088482 0.0081343 0.0088482 0.0081343
49967 0.0000048 0.0000044 0.0065873 0.0060704 0.0065873 0.0060704 0.0065873 0.0060704
49968 0.0000117 0.0000108 0.0161238 0.0149022 0.0161238 0.0149022 0.0161238 0.0149022
49969 0.0000190 0.0000177 0.0231660 0.0215470 0.0231660 0.0215470 0.0231660 0.0215470
49970 0.0000181 0.0000170 0.0208521 0.0194767 0.0208521 0.0194767 0.0208521 0.0194767
50033 0.0000017 0.0000015 0.0036277 0.0032114 0.0036277 0.0032114 0.0036277 0.0032114
50034 0.0000122 0.0000110 0.0212207 0.0191644 0.0212207 0.0191644 0.0212207 0.0191644
50036 0.0000053 0.0000049 0.0076425 0.0070005 0.0076425 0.0070005 0.0076425 0.0070005
50045 0.0000118 0.0000110 0.0141930 0.0132201 0.0141930 0.0132201 0.0141930 0.0132201
50046 0.0000057 0.0000053 0.0062932 0.0058873 0.0062932 0.0058873 0.0062932 0.0058873
50047 0.0000066 0.0000061 0.0072533 0.0067958 0.0072533 0.0067958 0.0072533 0.0067958
50048 0.0000175 0.0000164 0.0193352 0.0181625 0.0193352 0.0181625 0.0193352 0.0181625
50067 0.0000061 0.0000055 0.0112022 0.0100235 0.0112022 0.0100235 0.0112022 0.0100235
50068 0.0000066 0.0000059 0.0110769 0.0099934 0.0110769 0.0099934 0.0110769 0.0099934
50070 0.0000042 0.0000038 0.0067390 0.0061172 0.0067390 0.0061172 0.0067390 0.0061172
50073 0.0000037 0.0000033 0.0055753 0.0051044 0.0055753 0.0051044 0.0055753 0.0051044
50074 0.0000036 0.0000033 0.0050801 0.0046603 0.0050801 0.0046603 0.0050801 0.0046603
50075 0.0000064 0.0000059 0.0088238 0.0081144 0.0088238 0.0081144 0.0088238 0.0081144
50076 0.0000046 0.0000043 0.0059898 0.0055345 0.0059898 0.0055345 0.0059898 0.0055345
50077 0.0000016 0.0000015 0.0020198 0.0018704 0.0020198 0.0018704 0.0020198 0.0018704
50232 0.0000074 0.0000068 0.0106758 0.0097866 0.0106758 0.0097866 0.0106758 0.0097866
50253 0.0000032 0.0000029 0.0040309 0.0037286 0.0040309 0.0037286 0.0040309 0.0037286
50262 0.0000154 0.0000143 0.0197077 0.0183021 0.0197077 0.0183021 0.0197077 0.0183021
50283 0.0000201 0.0000188 0.0231658 0.0216853 0.0231658 0.0216853 0.0231658 0.0216853
50313 0.0000137 0.0000128 0.0143272 0.0134699 0.0143272 0.0134699 0.0143272 0.0134699
50330 0.0000094 0.0000089 0.0093433 0.0088034 0.0093433 0.0088034 0.0093433 0.0088034
50343 0.0000122 0.0000115 0.0118501 0.0111863 0.0118501 0.0111863 0.0118501 0.0111863
50356 0.0000057 0.0000054 0.0053765 0.0050823 0.0053765 0.0050823 0.0053765 0.0050823
50376 0.0000116 0.0000110 0.0106672 0.0101057 0.0106672 0.0101057 0.0106672 0.0101057
50377 0.0000062 0.0000059 0.0054003 0.0051256 0.0054003 0.0051256 0.0054003 0.0051256
50380 0.0000023 0.0000022 0.0019494 0.0018539 0.0019494 0.0018539 0.0019494 0.0018539
50417 0.0000040 0.0000038 0.0026776 0.0025757 0.0026776 0.0025757 0.0026776 0.0025757
50424 0.0000116 0.0000112 0.0078275 0.0075613 0.0078275 0.0075613 0.0078275 0.0075613
50463 0.0000089 0.0000082 0.0136022 0.0124568 0.0136022 0.0124568 0.0136022 0.0124568
50464 0.0000216 0.0000200 0.0289913 0.0268549 0.0289913 0.0268549 0.0289913 0.0268549
50465 0.0000063 0.0000059 0.0072537 0.0067691 0.0072537 0.0067691 0.0072537 0.0067691
50466 0.0000187 0.0000175 0.0195694 0.0184090 0.0195694 0.0184090 0.0195694 0.0184090
50467 0.0000042 0.0000040 0.0040661 0.0038362 0.0040661 0.0038362 0.0040661 0.0038362
50468 0.0000066 0.0000063 0.0064319 0.0060754 0.0064319 0.0060754 0.0064319 0.0060754
50470 0.0000040 0.0000038 0.0038434 0.0036349 0.0038434 0.0036349 0.0038434 0.0036349
50471 0.0000019 0.0000018 0.0018110 0.0017138 0.0018110 0.0017138 0.0018110 0.0017138
50483 0.0000031 0.0000029 0.0029805 0.0028290 0.0029805 0.0028290 0.0029805 0.0028290
50491 0.0000070 0.0000064 0.0105232 0.0096238 0.0105232 0.0096238 0.0105232 0.0096238
50492 0.0000138 0.0000126 0.0193471 0.0177928 0.0193471 0.0177928 0.0193471 0.0177928
50493 0.0000061 0.0000057 0.0080169 0.0074058 0.0080169 0.0074058 0.0080169 0.0074058
50496 0.0000202 0.0000188 0.0264416 0.0245628 0.0264416 0.0245628 0.0264416 0.0245628
50497 0.0000154 0.0000144 0.0176177 0.0164627 0.0176177 0.0164627 0.0176177 0.0164627
50500 0.0000181 0.0000170 0.0191353 0.0179860 0.0191353 0.0179860 0.0191353 0.0179860
50501 0.0000146 0.0000138 0.0144296 0.0136136 0.0144296 0.0136136 0.0144296 0.0136136
50517 0.0000014 0.0000013 0.0018878 0.0017351 0.0018878 0.0017351 0.0018878 0.0017351
50520 0.0000070 0.0000064 0.0095852 0.0088455 0.0095852 0.0088455 0.0095852 0.0088455
50522 0.0000034 0.0000032 0.0046801 0.0043375 0.0046801 0.0043375 0.0046801 0.0043375
50526 0.0000069 0.0000064 0.0084162 0.0078214 0.0084162 0.0078214 0.0084162 0.0078214
50527 0.0000035 0.0000032 0.0040792 0.0037983 0.0040792 0.0037983 0.0040792 0.0037983
50528 0.0000056 0.0000052 0.0065906 0.0061478 0.0065906 0.0061478 0.0065906 0.0061478
50529 0.0000116 0.0000108 0.0130069 0.0121614 0.0130069 0.0121614 0.0130069 0.0121614
50530 0.0000032 0.0000030 0.0034607 0.0032413 0.0034607 0.0032413 0.0034607 0.0032413
50531 0.0000018 0.0000017 0.0019466 0.0018244 0.0019466 0.0018244 0.0019466 0.0018244
50535 0.0000031 0.0000029 0.0033031 0.0030996 0.0033031 0.0030996 0.0033031 0.0030996
50536 0.0000123 0.0000116 0.0130791 0.0122978 0.0130791 0.0122978 0.0130791 0.0122978
50545 0.0000053 0.0000047 0.0099124 0.0088902 0.0099124 0.0088902 0.0099124 0.0088902
50546 0.0000045 0.0000041 0.0075332 0.0068098 0.0075332 0.0068098 0.0075332 0.0068098
50548 0.0000070 0.0000063 0.0109526 0.0099624 0.0109526 0.0099624 0.0109526 0.0099624
50549 0.0000072 0.0000066 0.0100154 0.0092092 0.0100154 0.0092092 0.0100154 0.0092092
50550 0.0000096 0.0000088 0.0132999 0.0122769 0.0132999 0.0122769 0.0132999 0.0122769
50551 0.0000059 0.0000055 0.0074727 0.0069219 0.0074727 0.0069219 0.0074727 0.0069219
50552 0.0000193 0.0000180 0.0243454 0.0226703 0.0243454 0.0226703 0.0243454 0.0226703
50553 0.0000047 0.0000044 0.0052304 0.0048925 0.0052304 0.0048925 0.0052304 0.0048925
50554 0.0000091 0.0000085 0.0100208 0.0093896 0.0100208 0.0093896 0.0100208 0.0093896
50558 0.0000109 0.0000096 0.0217380 0.0192404 0.0217380 0.0192404 0.0217380 0.0192404
50560 0.0000102 0.0000092 0.0177994 0.0161224 0.0177994 0.0161224 0.0177994 0.0161224
50561 0.0000055 0.0000050 0.0082439 0.0075247 0.0082439 0.0075247 0.0082439 0.0075247
50562 0.0000052 0.0000047 0.0077702 0.0071201 0.0077702 0.0071201 0.0077702 0.0071201
50563 0.0000029 0.0000027 0.0040299 0.0037020 0.0040299 0.0037020 0.0040299 0.0037020
50564 0.0000023 0.0000022 0.0032443 0.0029852 0.0032443 0.0029852 0.0032443 0.0029852
50565 0.0000078 0.0000072 0.0108384 0.0100001 0.0108384 0.0100001 0.0108384 0.0100001
50569 0.0000030 0.0000027 0.0037704 0.0034920 0.0037704 0.0034920 0.0037704 0.0034920
50570 0.0000044 0.0000040 0.0053205 0.0049403 0.0053205 0.0049403 0.0053205 0.0049403
50596 0.0000169 0.0000149 0.0348560 0.0308257 0.0348560 0.0308257 0.0348560 0.0308257
50597 0.0000033 0.0000030 0.0052654 0.0047683 0.0052654 0.0047683 0.0052654 0.0047683
50598 0.0000049 0.0000044 0.0076572 0.0069561 0.0076572 0.0069561 0.0076572 0.0069561
50599 0.0000124 0.0000113 0.0194592 0.0177837 0.0194592 0.0177837 0.0194592 0.0177837
50600 0.0000063 0.0000057 0.0087219 0.0080132 0.0087219 0.0080132 0.0087219 0.0080132
50601 0.0000041 0.0000038 0.0057839 0.0053306 0.0057839 0.0053306 0.0057839 0.0053306
50602 0.0000061 0.0000057 0.0085305 0.0078857 0.0085305 0.0078857 0.0085305 0.0078857
50603 0.0000167 0.0000155 0.0232516 0.0216433 0.0232516 0.0216433 0.0232516 0.0216433
50604 0.0000015 0.0000014 0.0017394 0.0016243 0.0017394 0.0016243 0.0017394 0.0016243
50605 0.0000059 0.0000055 0.0066541 0.0062211 0.0066541 0.0062211 0.0066541 0.0062211
50606 0.0000112 0.0000105 0.0126151 0.0118187 0.0126151 0.0118187 0.0126151 0.0118187
50607 0.0000030 0.0000028 0.0034110 0.0032036 0.0034110 0.0032036 0.0034110 0.0032036
50613 0.0000097 0.0000086 0.0196798 0.0173971 0.0196798 0.0173971 0.0196798 0.0173971
50614 0.0000049 0.0000044 0.0092115 0.0082697 0.0092115 0.0082697 0.0092115 0.0082697
50615 0.0000033 0.0000030 0.0062382 0.0056529 0.0062382 0.0056529 0.0062382 0.0056529
50616 0.0000047 0.0000043 0.0087859 0.0080106 0.0087859 0.0080106 0.0087859 0.0080106
50617 0.0000035 0.0000032 0.0065235 0.0059812 0.0065235 0.0059812 0.0065235 0.0059812
50650 0.0000016 0.0000014 0.0025165 0.0022850 0.0025165 0.0022850 0.0025165 0.0022850
50654 0.0000054 0.0000049 0.0077362 0.0071153 0.0077362 0.0071153 0.0077362 0.0071153
50655 0.0000033 0.0000030 0.0040984 0.0037997 0.0040984 0.0037997 0.0040984 0.0037997
50656 0.0000114 0.0000106 0.0142030 0.0132076 0.0142030 0.0132076 0.0142030 0.0132076
50658 0.0000139 0.0000130 0.0161111 0.0150502 0.0161111 0.0150502 0.0161111 0.0150502
50660 0.0000032 0.0000030 0.0033339 0.0031296 0.0033339 0.0031296 0.0033339 0.0031296
50661 0.0000016 0.0000015 0.0017299 0.0016251 0.0017299 0.0016251 0.0017299 0.0016251
50662 0.0000035 0.0000033 0.0037339 0.0035101 0.0037339 0.0035101 0.0037339 0.0035101
50663 0.0000070 0.0000066 0.0074277 0.0069930 0.0074277 0.0069930 0.0074277 0.0069930
50664 0.0000070 0.0000066 0.0074344 0.0070097 0.0074344 0.0070097 0.0074344 0.0070097
50665 0.0000023 0.0000021 0.0023844 0.0022504 0.0023844 0.0022504 0.0023844 0.0022504
50666 0.0000019 0.0000018 0.0020375 0.0019243 0.0020375 0.0019243 0.0020375 0.0019243
50667 0.0000114 0.0000108 0.0120297 0.0113755 0.0120297 0.0113755 0.0120297 0.0113755
50668 0.0000122 0.0000115 0.0128699 0.0121954 0.0128699 0.0121954 0.0128699 0.0121954
50669 0.0000083 0.0000079 0.0072510 0.0068825 0.0072510 0.0068825 0.0072510 0.0068825
50670 0.0000020 0.0000019 0.0017688 0.0016825 0.0017688 0.0016825 0.0017688 0.0016825
50671 0.0000058 0.0000055 0.0050588 0.0048153 0.0050588 0.0048153 0.0050588 0.0048153
50672 0.0000014 0.0000013 0.0011054 0.0010546 0.0011054 0.0010546 0.0011054 0.0010546
50673 0.0000043 0.0000041 0.0033896 0.0032349 0.0033896 0.0032349 0.0033896 0.0032349
50674 0.0000057 0.0000055 0.0043351 0.0041448 0.0043351 0.0041448 0.0043351 0.0041448
50675 0.0000080 0.0000077 0.0060578 0.0057961 0.0060578 0.0057961 0.0060578 0.0057961
50676 0.0000025 0.0000024 0.0019089 0.0018276 0.0019089 0.0018276 0.0019089 0.0018276
50677 0.0000030 0.0000028 0.0021237 0.0020350 0.0021237 0.0020350 0.0021237 0.0020350
50678 0.0000027 0.0000026 0.0019409 0.0018605 0.0019409 0.0018605 0.0019409 0.0018605
50679 0.0000062 0.0000059 0.0044460 0.0042640 0.0044460 0.0042640 0.0044460 0.0042640
50853 0.0000051 0.0000047 0.0067163 0.0062214 0.0067163 0.0062214 0.0067163 0.0062214
50854 0.0000018 0.0000017 0.0023778 0.0022107 0.0023778 0.0022107 0.0023778 0.0022107
50857 0.0000196 0.0000184 0.0223375 0.0209211 0.0223375 0.0209211 0.0223375 0.0209211
50862 0.0000087 0.0000082 0.0088672 0.0083795 0.0088672 0.0083795 0.0088672 0.0083795
50863 0.0000024 0.0000023 0.0024670 0.0023338 0.0024670 0.0023338 0.0024670 0.0023338
50874 0.0000089 0.0000082 0.0131554 0.0120369 0.0131554 0.0120369 0.0131554 0.0120369
50875 0.0000063 0.0000058 0.0093424 0.0085862 0.0093424 0.0085862 0.0093424 0.0085862
50876 0.0000069 0.0000064 0.0102201 0.0094234 0.0102201 0.0094234 0.0102201 0.0094234
50885 0.0000071 0.0000062 0.0142529 0.0125798 0.0142529 0.0125798 0.0142529 0.0125798
50886 0.0000049 0.0000044 0.0099751 0.0088769 0.0099751 0.0088769 0.0099751 0.0088769
50887 0.0000025 0.0000022 0.0049682 0.0044868 0.0049682 0.0044868 0.0049682 0.0044868
50889 0.0000014 0.0000013 0.0028987 0.0026293 0.0028987 0.0026293 0.0028987 0.0026293
50897 0.0000032 0.0000029 0.0044991 0.0041254 0.0044991 0.0041254 0.0044991 0.0041254
50962 0.0000049 0.0000045 0.0072999 0.0067080 0.0072999 0.0067080 0.0072999 0.0067080
50965 0.0000041 0.0000038 0.0061323 0.0056541 0.0061323 0.0056541 0.0061323 0.0056541
50969 0.0000069 0.0000063 0.0088437 0.0081820 0.0088437 0.0081820 0.0088437 0.0081820
50973 0.0000057 0.0000053 0.0073891 0.0068570 0.0073891 0.0068570 0.0073891 0.0068570
50981 0.0000112 0.0000105 0.0145055 0.0135451 0.0145055 0.0135451 0.0145055 0.0135451
50987 0.0000082 0.0000077 0.0089280 0.0083729 0.0089280 0.0083729 0.0089280 0.0083729
50992 0.0000067 0.0000063 0.0073475 0.0069062 0.0073475 0.0069062 0.0073475 0.0069062
50996 0.0000072 0.0000068 0.0078685 0.0074101 0.0078685 0.0074101 0.0078685 0.0074101
51002 0.0000024 0.0000023 0.0026413 0.0024914 0.0026413 0.0024914 0.0026413 0.0024914
51008 0.0000032 0.0000030 0.0030340 0.0028664 0.0030340 0.0028664 0.0030340 0.0028664
51012 0.0000071 0.0000067 0.0067997 0.0064329 0.0067997 0.0064329 0.0067997 0.0064329
51015 0.0000097 0.0000092 0.0093004 0.0088139 0.0093004 0.0088139 0.0093004 0.0088139
51093 0.0000020 0.0000018 0.0039508 0.0035009 0.0039508 0.0035009 0.0039508 0.0035009
51095 0.0000014 0.0000014 0.0027951 0.0027121 0.0027951 0.0027121 0.0027951 0.0027121
51107 0.0000048 0.0000047 0.0016711 0.0016380 0.0016711 0.0016380 0.0016711 0.0016380
51109 0.0000118 0.0000115 0.0040921 0.0040119 0.0040921 0.0040119 0.0040921 0.0040119
51152 0.0000038 0.0000035 0.0052748 0.0048456 0.0052748 0.0048456 0.0052748 0.0048456
51154 0.0000020 0.0000018 0.0027874 0.0025726 0.0027874 0.0025726 0.0027874 0.0025726
51159 0.0000181 0.0000168 0.0251974 0.0234547 0.0251974 0.0234547 0.0251974 0.0234547
51160 0.0000089 0.0000083 0.0096336 0.0090411 0.0096336 0.0090411 0.0096336 0.0090411
51161 0.0000165 0.0000156 0.0179085 0.0169442 0.0179085 0.0169442 0.0179085 0.0169442
51162 0.0000067 0.0000064 0.0055338 0.0052724 0.0055338 0.0052724 0.0055338 0.0052724
51163 0.0000018 0.0000017 0.0014718 0.0014050 0.0014718 0.0014050 0.0014718 0.0014050
51165 0.0000024 0.0000023 0.0020158 0.0019272 0.0020158 0.0019272 0.0020158 0.0019272
51166 0.0000019 0.0000018 0.0015835 0.0015153 0.0015835 0.0015153 0.0015835 0.0015153
51167 0.0000062 0.0000060 0.0051500 0.0049358 0.0051500 0.0049358 0.0051500 0.0049358
51171 0.0000066 0.0000059 0.0123433 0.0110009 0.0123433 0.0110009 0.0123433 0.0110009
51172 0.0000019 0.0000017 0.0035255 0.0031711 0.0035255 0.0031711 0.0035255 0.0031711
51175 0.0000059 0.0000054 0.0092049 0.0083964 0.0092049 0.0083964 0.0092049 0.0083964
51176 0.0000052 0.0000048 0.0071792 0.0066094 0.0071792 0.0066094 0.0071792 0.0066094
51177 0.0000018 0.0000016 0.0024032 0.0022209 0.0024032 0.0022209 0.0024032 0.0022209
51178 0.0000097 0.0000090 0.0121420 0.0112693 0.0121420 0.0112693 0.0121420 0.0112693
51179 0.0000049 0.0000046 0.0052960 0.0049601 0.0052960 0.0049601 0.0052960 0.0049601
51180 0.0000018 0.0000017 0.0018870 0.0017699 0.0018870 0.0017699 0.0018870 0.0017699
51181 0.0000073 0.0000069 0.0076408 0.0071818 0.0076408 0.0071818 0.0076408 0.0071818
51182 0.0000022 0.0000021 0.0022264 0.0020971 0.0022264 0.0020971 0.0022264 0.0020971
51183 0.0000022 0.0000021 0.0021931 0.0020675 0.0021931 0.0020675 0.0021931 0.0020675
51187 0.0000019 0.0000018 0.0018190 0.0017176 0.0018190 0.0017176 0.0018190 0.0017176
51188 0.0000040 0.0000038 0.0039007 0.0036869 0.0039007 0.0036869 0.0039007 0.0036869
51200 0.0000058 0.0000053 0.0095956 0.0087424 0.0095956 0.0087424 0.0095956 0.0087424
51201 0.0000075 0.0000069 0.0099467 0.0092016 0.0099467 0.0092016 0.0099467 0.0092016
51202 0.0000061 0.0000057 0.0080664 0.0075059 0.0080664 0.0075059 0.0080664 0.0075059
51206 0.0000110 0.0000103 0.0125469 0.0117438 0.0125469 0.0117438 0.0125469 0.0117438
51208 0.0000075 0.0000071 0.0085669 0.0080505 0.0085669 0.0080505 0.0085669 0.0080505
51209 0.0000099 0.0000093 0.0098576 0.0092917 0.0098576 0.0092917 0.0098576 0.0092917
51210 0.0000091 0.0000086 0.0086798 0.0082046 0.0086798 0.0082046 0.0086798 0.0082046
51211 0.0000102 0.0000097 0.0097518 0.0092453 0.0097518 0.0092453 0.0097518 0.0092453
51212 0.0000181 0.0000172 0.0156832 0.0149096 0.0156832 0.0149096 0.0156832 0.0149096
51213 0.0000024 0.0000023 0.0019725 0.0018788 0.0019725 0.0018788 0.0019725 0.0018788
51214 0.0000038 0.0000036 0.0030802 0.0029356 0.0030802 0.0029356 0.0030802 0.0029356
51215 0.0000144 0.0000137 0.0117040 0.0111712 0.0117040 0.0111712 0.0117040 0.0111712
51217 0.0000022 0.0000021 0.0016473 0.0015743 0.0016473 0.0015743 0.0016473 0.0015743
51220 0.0000065 0.0000057 0.0127985 0.0113391 0.0127985 0.0113391 0.0127985 0.0113391
51222 0.0000090 0.0000083 0.0139838 0.0128323 0.0139838 0.0128323 0.0139838 0.0128323
51225 0.0000041 0.0000038 0.0048917 0.0045666 0.0048917 0.0045666 0.0048917 0.0045666
51226 0.0000019 0.0000017 0.0020317 0.0019030 0.0020317 0.0019030 0.0020317 0.0019030
51228 0.0000157 0.0000148 0.0166330 0.0156975 0.0166330 0.0156975 0.0166330 0.0156975
51229 0.0000074 0.0000070 0.0065526 0.0062240 0.0065526 0.0062240 0.0065526 0.0062240
51230 0.0000054 0.0000051 0.0043676 0.0041641 0.0043676 0.0041641 0.0043676 0.0041641
51234 0.0000210 0.0000187 0.0422265 0.0377001 0.0422265 0.0377001 0.0422265 0.0377001
51236 0.0000064 0.0000059 0.0088018 0.0081259 0.0088018 0.0081259 0.0088018 0.0081259
51237 0.0000053 0.0000050 0.0065552 0.0060962 0.0065552 0.0060962 0.0065552 0.0060962
51274 0.0000158 0.0000153 0.0092653 0.0089730 0.0092653 0.0089730 0.0092653 0.0089730
51277 0.0000034 0.0000033 0.0199928 0.0194560 0 0 0.0099964 0.0097280
51279 0.0000028 0.0000027 0.0161045 0.0157146 0.0161045 0.0157146 0.0161045 0.0157146
51281 0.0000024 0.0000024 0.0142146 0.0138910 0.0142146 0.0138910 0.0142146 0.0138910
51282 0.0000059 0.0000058 0.0236344 0.0231351 0.0236344 0.0231351 0.0236344 0.0231351
51283 0.0000038 0.0000037 0.0151036 0.0148046 0.0151036 0.0148046 0.0151036 0.0148046
51284 0.0000052 0.0000051 0.0206201 0.0202343 0.0206201 0.0202343 0.0206201 0.0202343
51285 0.0000021 0.0000020 0.0041312 0.0040566 0.0041312 0.0040566 0.0041312 0.0040566
51286 0.0000019 0.0000018 0.0037135 0.0036474 0.0037135 0.0036474 0.0037135 0.0036474
51297 0.0000041 0.0000039 0.0236594 0.0230335 0.0236594 0.0230335 0.0118297 0.0115167
51298 0.0000046 0.0000045 0.0267262 0.0260893 0.0267262 0.0260893 0.0133631 0.0130446
51300 0.0000033 0.0000033 0.0194178 0.0189960 0.0194178 0.0189960 0.0194178 0.0189960
51301 0.0000040 0.0000039 0.0234032 0.0229269 0.0234032 0.0229269 0.0234032 0.0229269
51334 0.0000017 0.0000017 0.0087297 0.0084298 0.0087297 0.0084298 0.0087297 0.0084298
51335 0.0000041 0.0000040 0.0204025 0.0197651 0.0204025 0.0197651 0.0204025 0.0197651
51336 0.0000008 0.0000008 0.0041250 0.0040068 0.0041250 0.0040068 0.0041250 0.0040068
51337 0.0000060 0.0000058 0.0300118 0.0292141 0.0300118 0.0292141 0.0300118 0.0292141
51338 0.0000054 0.0000052 0.0268015 0.0261576 0.0268015 0.0261576 0.0268015 0.0261576
51339 0.0000049 0.0000048 0.0243552 0.0238174 0.0243552 0.0238174 0.0243552 0.0238174
51370 0.0000036 0.0000036 0.0005722 0.0005706 0.0005722 0.0005706 0.0005722 0.0005706
51374 0.0000041 0.0000041 0.0006550 0.0006528 0.0006550 0.0006528 0.0006550 0.0006528
51395 0.0000081 0.0000079 0.0030149 0.0029585 0.0030149 0.0029585 0.0030149 0.0029585
51396 0.0000495 0.0000486 0.0107852 0.0105884 0.0107852 0.0105884 0.0107852 0.0105884
51487 0.0000171 0.0000166 0.0099752 0.0097058 0 0 0 0
51490 0.0000027 0.0000027 0.0137122 0.0133917 0.0137122 0.0133917 0.0137122 0.0133917
51491 0.0000073 0.0000071 0.0223472 0.0218656 0.0223472 0.0218656 0.0223472 0.0218656
51492 0.0000016 0.0000015 0.0027750 0.0027184 0.0027750 0.0027184 0.0027750 0.0027184
51493 0.0000169 0.0000166 0.0156244 0.0153175 0.0156244 0.0153175 0.0156244 0.0153175
51494 0.0000227 0.0000223 0.0180794 0.0177466 0.0180794 0.0177466 0.0180794 0.0177466
51495 0.0000122 0.0000120 0.0088037 0.0086493 0.0088037 0.0086493 0.0088037 0.0086493
51502 0.0000023 0.0000022 0.0029716 0.0028868 0 0 0 0
51504 0.0000041 0.0000040 0.0092650 0.0090260 0 0 0 0
51505 0.0000105 0.0000102 0.0183649 0.0179404 0 0 0 0
51506 0.0000028 0.0000028 0.0039715 0.0038861 0 0 0 0
51508 0.0000123 0.0000121 0.0169555 0.0166137 0 0 0 0
51509 0.0000090 0.0000088 0.0104582 0.0102599 0 0 0 0
51510 0.0000120 0.0000118 0.0131928 0.0129541 0 0 0 0
51511 0.0000135 0.0000133 0.0137447 0.0135078 0 0 0 0
51512 0.0000083 0.0000081 0.0078903 0.0077591 0 0 0 0
51517 0.0000023 0.0000022 0.0096494 0.0093465 0 0 0 0
51518 0.0000070 0.0000068 0.0297325 0.0289059 0 0 0 0
51520 0.0000038 0.0000037 0.0226500 0.0221213 0 0 0 0
51562 0.0000022 0.0000022 0.0161243 0.0157414 0 0 0 0
51563 0.0000015 0.0000015 0.0075128 0.0073436 0 0 0 0
51564 0.0000050 0.0000049 0.0240727 0.0235669 0 0 0 0
51565 0.0000027 0.0000026 0.0119347 0.0116989 0 0 0 0
51570 0.0000036 0.0000035 0.0068420 0.0066286 0 0 0 0
51572 0.0000009 0.0000009 0.0082110 0.0079812 0 0 0 0
51573 0.0000044 0.0000043 0.0279698 0.0272453 0 0 0 0
51574 0.0000045 0.0000044 0.0256794 0.0250756 0 0 0 0
51575 0.0000019 0.0000019 0.0084528 0.0082646 0 0 0 0
51576 0.0000012 0.0000012 0.0050369 0.0049299 0 0 0 0
51605 0.0000006 0.0000005 0.0054367 0.0052650 0 0 0 0
51607 0.0000007 0.0000007 0 0 0.0132589 0.0128946 0 0
51615 0.0000008 0.0000008 0 0 0.0161268 0.0157431 0 0
51616 0.0000011 0.0000011 0 0 0.0215356 0.0210625 0 0
51618 0.0000011 0.0000011 0 0 0.0210677 0.0206696 0 0
51619 0.0000005 0.0000005 0 0 0.0106294 0.0104379 0 0
51709 0.0000032 0.0000031 0 0 0.0245804 0.0240555 0.0245804 0.0240555
51710 0.0000017 0.0000017 0 0 0.0120207 0.0117782 0.0120207 0.0117782
51711 0.0000017 0.0000016 0 0 0.0113623 0.0111410 0.0113623 0.0111410
51713 0.0000003 0.0000003 0 0 0.0018692 0.0018353 0.0018692 0.0018353
51714 0.0000007 0.0000007 0 0 0.0044720 0.0043920 0.0044720 0.0043920
51715 0.0000005 0.0000005 0 0 0.0032898 0.0032317 0.0032898 0.0032317
51716 0.0000004 0.0000004 0 0 0.0026489 0.0026026 0.0026489 0.0026026
51718 0.0000004 0.0000003 0 0 0.0021187 0.0020821 0.0021187 0.0020821
51719 0.0000003 0.0000003 0 0 0.0016539 0.0016258 0.0016539 0.0016258
51735 0.0000005 0.0000005 0 0 0 0 0 0
51736 0.0000013 0.0000013 0 0 0 0 0 0
51740 0.0000007 0.0000007 0 0 0 0 0 0
51741 0.0000025 0.0000025 0 0 0 0 0 0
51742 0.0000010 0.0000009 0 0 0.0060365 0.0059283 0.0060365 0.0059283
51753 0.0000014 0.0000014 0 0 0.0080757 0.0079410 0.0080757 0.0079410
51754 0.0000016 0.0000015 0 0 0.0087796 0.0086383 0.0087796 0.0086383
51777 0.0000010 0.0000010 0 0 0.0096824 0.0094187 0 0
51778 0.0000002 0.0000002 0 0 0.0022411 0.0021829 0 0
51824 0.0000007 0.0000007 0 0 0.0071601 0.0069571 0 0
51825 0.0000031 0.0000030 0 0 0.0291049 0.0283714 0 0
51826 0.0000016 0.0000016 0 0 0.0131037 0.0128028 0.0131037 0.0128028
51827 0.0000031 0.0000031 0 0 0.0229611 0.0224917 0.0229611 0.0224917
51830 0.0000028 0.0000027 0 0 0.0165611 0.0162821 0.0165611 0.0162821
51837 0.0000028 0.0000027 0 0 0.0283437 0.0275936 0 0
51838 0.0000003 0.0000003 0 0 0.0028760 0.0028073 0.0028760 0.0028073
51839 0.0000019 0.0000019 0 0 0.0156854 0.0153334 0.0156854 0.0153334
51841 0.0000002 0.0000002 0 0 0.0014671 0.0014364 0.0014671 0.0014364
51842 0.0000005 0.0000005 0 0 0.0033986 0.0033286 0.0033986 0.0033286
51843 0.0000004 0.0000004 0 0 0.0031347 0.0030714 0.0031347 0.0030714
51854 0.0000007 0.0000007 0 0 0.0041132 0.0040437 0.0041132 0.0040437
51858 0.0000003 0.0000003 0 0 0.0015863 0.0015606 0.0015863 0.0015606
51860 0.0000006 0.0000006 0 0 0.0032512 0.0032016 0.0032512 0.0032016
51865 0.0000003 0.0000003 0 0 0.0032246 0.0031252 0.0032246 0.0031252
51874 0.0000019 0.0000018 0 0 0.0172044 0.0167736 0.0172044 0.0167736
51878 0.0000006 0.0000006 0 0 0.0045235 0.0044215 0.0045235 0.0044215
51881 0.0000031 0.0000031 0 0 0.0240044 0.0235016 0.0240044 0.0235016
51886 0.0000006 0.0000006 0 0 0.0040586 0.0039795 0.0040586 0.0039795
51900 0.0000023 0.0000023 0 0 0.0119991 0.0118226 0.0119991 0.0118226
51901 0.0000003 0.0000003 0 0 0.0013576 0.0013383 0.0013576 0.0013383
51902 0.0000011 0.0000011 0 0 0.0054104 0.0053344 0.0054104 0.0053344
51905 0.0000020 0.0000020 0 0 0.0262263 0.0253560 0 0
51906 0.0000016 0.0000015 0 0 0.0161452 0.0156783 0.0161452 0.0156783
51907 0.0000015 0.0000015 0 0 0.0137242 0.0133758 0.0137242 0.0133758
51908 0.0000007 0.0000007 0 0 0.0057131 0.0055736 0.0057131 0.0055736
51909 0.0000016 0.0000016 0 0 0.0125607 0.0122811 0.0125607 0.0122811
51914 0.0000008 0.0000008 0 0 0.0100352 0.0096992 0 0
51915 0.0000030 0.0000029 0 0 0.0316771 0.0308204 0 0
51921 0.0000020 0.0000019 0 0 0.0166058 0.0162111 0.0166058 0.0162111
51922 0.0000013 0.0000013 0 0 0.0096830 0.0094779 0.0096830 0.0094779
51924 0.0000017 0.0000016 0 0 0.0114050 0.0111815 0.0114050 0.0111815
51925 0.0000013 0.0000013 0 0 0.0083356 0.0081794 0.0083356 0.0081794
51927 0.0000006 0.0000006 0 0 0.0036196 0.0035545 0.0036196 0.0035545
51928 0.0000030 0.0000030 0 0 0.0169700 0.0166983 0.0169700 0.0166983
51929 0.0000012 0.0000011 0 0 0.0063011 0.0062032 0.0063011 0.0062032
51933 0.0000004 0.0000004 0 0 0.0052547 0.0050785 0 0
51934 0.0000003 0.0000003 0 0 0.0032858 0.0031817 0 0
51940 0.0000005 0.0000005 0 0 0.0047658 0.0046443 0.0047658 0.0046443
51941 0.0000010 0.0000009 0 0 0.0083305 0.0081242 0.0083305 0.0081242
51942 0.0000027 0.0000027 0 0 0.0228988 0.0223670 0.0228988 0.0223670
51943 0.0000007 0.0000006 0 0 0.0049977 0.0048884 0.0049977 0.0048884
51944 0.0000002 0.0000002 0 0 0.0017779 0.0017395 0.0017779 0.0017395
51945 0.0000013 0.0000013 0 0 0.0097399 0.0095336 0.0097399 0.0095336
51946 0.0000015 0.0000014 0 0 0.0105239 0.0103075 0.0105239 0.0103075
51949 0.0000009 0.0000009 0 0 0.0055745 0.0054729 0.0055745 0.0054729
51950 0.0000004 0.0000004 0 0 0.0022909 0.0022497 0.0022909 0.0022497
51952 0.0000004 0.0000004 0 0 0.0023383 0.0022968 0.0023383 0.0022968
51953 0.0000003 0.0000003 0 0 0.0020665 0.0020303 0.0020665 0.0020303
51954 0.0000024 0.0000023 0 0 0.0143393 0.0140937 0.0143393 0.0140937
51955 0.0000006 0.0000006 0 0 0.0037271 0.0036648 0.0037271 0.0036648
51958 0.0000002 0.0000002 0 0 0.0014125 0.0013892 0.0014125 0.0013892
51960 0.0000013 0.0000013 0 0 0.0073384 0.0072191 0.0073384 0.0072191
51977 0.0000005 0.0000004 0 0 0.0034018 0.0033312 0.0034018 0.0033312
51978 0.0000004 0.0000004 0 0 0.0031159 0.0030531 0.0031159 0.0030531
51982 0.0000003 0.0000003 0 0 0.0023653 0.0023243 0.0023653 0.0023243
51983 0.0000004 0.0000004 0 0 0.0021443 0.0021082 0.0021443 0.0021082
51985 0.0000018 0.0000017 0 0 0.0102052 0.0100390 0.0102052 0.0100390
51986 0.0000007 0.0000007 0 0 0.0038799 0.0038197 0.0038799 0.0038197
51987 0.0000010 0.0000010 0 0 0.0052743 0.0051956 0.0052743 0.0051956
51988 0.0000021 0.0000021 0 0 0.0106398 0.0104869 0.0106398 0.0104869
51990 0.0000008 0.0000008 0 0 0.0041648 0.0041062 0.0041648 0.0041062
51997 0.0000006 0.0000006 0 0 0.0066127 0.0064021 0 0
51998 0.0000014 0.0000014 0 0 0.0136661 0.0132962 0 0
51999 0.0000006 0.0000006 0 0 0.0052065 0.0050760 0.0052065 0.0050760
52005 0.0000012 0.0000012 0 0 0.0095956 0.0093743 0.0095956 0.0093743
52015 0.0000022 0.0000022 0 0 0.0169260 0.0165622 0.0169260 0.0165622
52018 0.0000026 0.0000025 0 0 0.0181423 0.0177790 0.0181423 0.0177790
52019 0.0000009 0.0000009 0 0 0.0059495 0.0058353 0.0059495 0.0058353
52022 0.0000020 0.0000020 0 0 0.0121534 0.0119437 0.0121534 0.0119437
52025 0.0000005 0.0000005 0 0 0.0067118 0.0064804 0 0
52026 0.0000019 0.0000018 0 0 0.0213745 0.0207171 0 0
52027 0.0000031 0.0000030 0 0 0.0308864 0.0300524 0.0308864 0.0300524
52030 0.0000017 0.0000017 0 0 0.0137869 0.0134742 0.0137869 0.0134742
52032 0.0000006 0.0000006 0 0 0.0043135 0.0042256 0.0043135 0.0042256
52034 0.0000003 0.0000003 0 0 0.0017549 0.0017208 0.0017549 0.0017208
52035 0.0000007 0.0000007 0 0 0.0047522 0.0046608 0.0047522 0.0046608
52036 0.0000004 0.0000004 0 0 0.0024541 0.0024075 0.0024541 0.0024075
52037 0.0000013 0.0000012 0 0 0.0081607 0.0080083 0.0081607 0.0080083
52038 0.0000004 0.0000004 0 0 0.0024174 0.0023742 0.0024174 0.0023742
52043 0.0000015 0.0000014 0 0 0.0140327 0.0136726 0 0
52044 0.0000003 0.0000003 0 0 0.0027230 0.0026572 0.0027230 0.0026572
52045 0.0000030 0.0000030 0 0 0.0247455 0.0241951 0.0247455 0.0241951
52046 0.0000111 0.0000109 0 0 0.0159139 0.0155947 0.0159139 0.0155947
52047 0.0000116 0.0000114 0 0 0.0151212 0.0148427 0.0151212 0.0148427
52048 0.0000150 0.0000148 0 0 0.0182220 0.0179119 0.0182220 0.0179119
52049 0.0000149 0.0000147 0 0 0.0169053 0.0166363 0.0169053 0.0166363
52050 0.0000055 0.0000054 0 0 0.0058828 0.0057931 0.0058828 0.0057931
52052 0.0000041 0.0000040 0 0 0.0041159 0.0040561 0.0041159 0.0040561
52060 0.0000080 0.0000077 0 0 0.0181836 0.0176141 0 0
52062 0.0000045 0.0000044 0 0 0.0087249 0.0084871 0.0087249 0.0084871
52065 0.0000030 0.0000029 0 0 0.0083698 0.0080464 0 0
52067 0.0000157 0.0000152 0 0 0.0375996 0.0364035 0 0
52068 0.0000040 0.0000039 0 0 0.0079085 0.0076824 0.0079085 0.0076824
52069 0.0000102 0.0000100 0 0 0.0197790 0.0192418 0.0197790 0.0192418
52097 0.0000324 0.0000314 0 0 0 0 0 0
52099 0.0000034 0.0000033 0 0 0.0071700 0.0069602 0 0
52101 0.0000025 0.0000024 0 0 0.0048244 0.0046923 0 0
52102 0.0000081 0.0000079 0 0 0.0155133 0.0151138 0 0
52103 0.0000025 0.0000024 0 0 0.0042605 0.0041560 0.0042605 0.0041560
52104 0.0000022 0.0000022 0 0 0.0036281 0.0035423 0.0036281 0.0035423
52107 0.0000154 0.0000151 0 0 0.0214016 0.0209858 0.0214016 0.0209858
52108 0.0000071 0.0000070 0 0 0.0092418 0.0090701 0.0092418 0.0090701
52110 0.0000015 0.0000015 0 0 0.0018833 0.0018500 0.0018833 0.0018500
52111 0.0000072 0.0000071 0 0 0.0087631 0.0086107 0.0087631 0.0086107
52112 0.0000014 0.0000013 0 0 0.0015649 0.0015388 0.0015649 0.0015388
52144 0.0000014 0.0000013 0 0 0.0021389 0.0020928 0.0021389 0.0020928
52145 0.0000035 0.0000034 0 0 0.0050933 0.0049865 0.0050933 0.0049865
52146 0.0000042 0.0000041 0 0 0.0062015 0.0060762 0.0062015 0.0060762
52265 0.0000044 0.0000043 0 0 0.0104611 0.0101144 0 0
52266 0.0000053 0.0000051 0 0 0.0116135 0.0112527 0.0116135 0.0112527
52268 0.0000096 0.0000093 0 0 0.0197475 0.0191849 0.0197475 0.0191849
52269 0.0000158 0.0000154 0 0 0.0290200 0.0282822 0.0145100 0.0141411
52270 0.0000168 0.0000165 0 0 0.0281727 0.0275231 0.0281727 0.0275231
52271 0.0000154 0.0000151 0 0 0.0233798 0.0228802 0.0233798 0.0228802
52276 0.0000090 0.0000089 0 0 0.0122319 0.0119960 0.0122319 0.0119960
52278 0.0000038 0.0000037 0 0 0.0048847 0.0047946 0.0048847 0.0047946
52286 0.0000151 0.0000147 0 0 0.0333416 0.0324055 0 0
52287 0.0000160 0.0000156 0 0 0.0281623 0.0274875 0.0281623 0.0274875
52288 0.0000136 0.0000133 0 0 0.0210342 0.0205839 0.0210342 0.0205839
52289 0.0000041 0.0000040 0 0 0.0057386 0.0056230 0.0057386 0.0056230
52290 0.0000016 0.0000016 0 0 0.0022060 0.0021623 0.0022060 0.0021623
52291 0.0000040 0.0000039 0 0 0.0054575 0.0053515 0.0054575 0.0053515
52292 0.0000065 0.0000064 0 0 0.0086309 0.0084673 0.0086309 0.0084673
52294 0.0000016 0.0000016 0 0 0.0020638 0.0020258 0.0020638 0.0020258
52295 0.0000022 0.0000022 0 0 0.0028549 0.0028028 0.0028549 0.0028028
52296 0.0000014 0.0000013 0 0 0.0017043 0.0016737 0.0017043 0.0016737
52302 0.0000043 0.0000041 0 0 0.0105056 0.0101525 0 0
52303 0.0000014 0.0000014 0 0 0.0031030 0.0030065 0.0031030 0.0030065
52304 0.0000024 0.0000024 0 0 0.0051147 0.0049609 0.0051147 0.0049609
52308 0.0000014 0.0000014 0 0 0.0027440 0.0026690 0.0027440 0.0026690
52309 0.0000026 0.0000025 0 0 0.0048583 0.0047286 0.0048583 0.0047286
52314 0.0000059 0.0000058 0 0 0.0104277 0.0101667 0.0104277 0.0101667
52317 0.0000015 0.0000015 0 0 0.0025542 0.0024976 0.0025542 0.0024976
52318 0.0000046 0.0000045 0 0 0.0069212 0.0067706 0.0069212 0.0067706
52319 0.0000031 0.0000030 0 0 0.0045624 0.0044653 0.0045624 0.0044653
52323 0.0000137 0.0000134 0 0 0.0188695 0.0185065 0.0188695 0.0185065
52324 0.0000033 0.0000032 0 0 0.0042734 0.0041938 0.0042734 0.0041938
52325 0.0000100 0.0000098 0 0 0.0125446 0.0123196 0.0125446 0.0123196
52326 0.0000049 0.0000048 0 0 0.0059554 0.0058512 0.0059554 0.0058512
52327 0.0000018 0.0000018 0 0 0.0021454 0.0021090 0.0021454 0.0021090
52343 0.0000022 0.0000021 0 0 0.0051227 0.0049570 0.0025614 0.0024785
52344 0.0000041 0.0000040 0 0 0.0097413 0.0094487 0.0048707 0.0047244
52345 0.0000133 0.0000130 0 0 0.0315926 0.0307569 0.0157963 0.0153784
52346 0.0000135 0.0000132 0 0 0.0227377 0.0222075 0.0227377 0.0222075
52347 0.0000022 0.0000022 0 0 0.0034198 0.0033438 0.0034198 0.0033438
52348 0.0000096 0.0000094 0 0 0.0142743 0.0139743 0.0142743 0.0139743
52349 0.0000139 0.0000136 0 0 0.0195031 0.0191170 0.0195031 0.0191170
52357 0.0000017 0.0000016 0 0 0.0021088 0.0020701 0.0021088 0.0020701
52359 0.0000051 0.0000050 0 0 0.0063134 0.0061999 0.0063134 0.0061999
52360 0.0000116 0.0000114 0 0 0.0140049 0.0137636 0.0140049 0.0137636
52361 0.0000152 0.0000149 0 0 0.0177188 0.0174260 0.0177188 0.0174260
52365 0.0000150 0.0000146 0 0 0.0355188 0.0344432 0.0355188 0.0344432
52366 0.0000158 0.0000154 0 0 0.0297428 0.0289844 0.0297428 0.0289844
52367 0.0000023 0.0000023 0 0 0.0038406 0.0037491 0.0038406 0.0037491
52368 0.0000035 0.0000034 0 0 0.0058337 0.0056978 0.0058337 0.0056978
52369 0.0000034 0.0000033 0 0 0.0054223 0.0052991 0.0054223 0.0052991
52370 0.0000161 0.0000157 0 0 0.0242940 0.0237799 0.0242940 0.0237799
52371 0.0000156 0.0000152 0 0 0.0218667 0.0214343 0.0218667 0.0214343
52372 0.0000043 0.0000042 0 0 0.0057135 0.0056052 0.0057135 0.0056052
52378 0.0000018 0.0000018 0 0 0.0022424 0.0022026 0.0022424 0.0022026
52380 0.0000088 0.0000086 0 0 0.0106642 0.0104795 0.0106642 0.0104795
52381 0.0000019 0.0000018 0 0 0.0022446 0.0022064 0.0022446 0.0022064
52382 0.0000062 0.0000061 0 0 0.0072665 0.0071446 0.0072665 0.0071446
52391 0.0000127 0.0000123 0 0 0.0273599 0.0265739 0.0273599 0.0265739
52392 0.0000046 0.0000045 0 0 0.0082014 0.0079917 0.0082014 0.0079917
52393 0.0000038 0.0000037 0 0 0.0063794 0.0062245 0.0063794 0.0062245
52394 0.0000029 0.0000028 0 0 0.0047373 0.0046262 0.0047373 0.0046262
52395 0.0000019 0.0000018 0 0 0.0028366 0.0027751 0.0028366 0.0027751
52396 0.0000020 0.0000019 0 0 0.0029450 0.0028822 0.0029450 0.0028822
52401 0.0000138 0.0000136 0 0 0.0186667 0.0183151 0.0186667 0.0183151
52402 0.0000028 0.0000028 0 0 0.0035132 0.0034504 0.0035132 0.0034504
52403 0.0000068 0.0000067 0 0 0.0084341 0.0082864 0.0084341 0.0082864
52405 0.0000043 0.0000042 0 0 0.0050795 0.0049925 0.0050795 0.0049925
52406 0.0000048 0.0000047 0 0 0.0056857 0.0055899 0.0056857 0.0055899
52410 0.0000042 0.0000041 0 0 0.0095870 0.0092841 0.0095870 0.0092841
52411 0.0000029 0.0000028 0 0 0.0060219 0.0058475 0.0060219 0.0058475
52412 0.0000151 0.0000147 0 0 0.0309703 0.0301765 0.0309703 0.0301765
52413 0.0000164 0.0000160 0 0 0.0267412 0.0261396 0.0267412 0.0261396
52414 0.0000014 0.0000014 0 0 0.0020668 0.0020226 0.0020668 0.0020226
52415 0.0000057 0.0000056 0 0 0.0081943 0.0080274 0.0081943 0.0080274
52417 0.0000032 0.0000031 0 0 0.0043872 0.0043005 0.0043872 0.0043005
52418 0.0000037 0.0000036 0 0 0.0050589 0.0049622 0.0050589 0.0049622
52419 0.0000071 0.0000070 0 0 0.0098121 0.0096296 0.0098121 0.0096296
52420 0.0000122 0.0000120 0 0 0.0169391 0.0166416 0.0169391 0.0166416
52421 0.0000056 0.0000055 0 0 0.0077479 0.0076176 0.0077479 0.0076176
52422 0.0000062 0.0000061 0 0 0.0086079 0.0084662 0.0086079 0.0084662
52423 0.0000038 0.0000037 0 0 0.0052061 0.0051228 0.0052061 0.0051228
52424 0.0000015 0.0000015 0 0 0.0020856 0.0020525 0.0020856 0.0020525
52431 0.0000054 0.0000052 0 0 0.0133865 0.0129478 0.0066933 0.0064739
52432 0.0000014 0.0000014 0 0 0.0034432 0.0033403 0.0017216 0.0016702
52433 0.0000127 0.0000123 0 0 0.0312439 0.0304084 0.0156220 0.0152042
52434 0.0000090 0.0000088 0 0 0.0221643 0.0216395 0.0110822 0.0108198
52436 0.0000026 0.0000026 0 0 0.0065298 0.0063839 0.0032649 0.0031920
52437 0.0000094 0.0000092 0 0 0.0141233 0.0138232 0.0141233 0.0138232
52438 0.0000148 0.0000145 0 0 0.0222990 0.0218501 0.0222990 0.0218501
52440 0.0000021 0.0000020 0 0 0.0027753 0.0027216 0.0027753 0.0027216
52441 0.0000036 0.0000036 0 0 0.0048647 0.0047717 0.0048647 0.0047717
52442 0.0000015 0.0000015 0 0 0.0020388 0.0020003 0.0020388 0.0020003
52443 0.0000036 0.0000035 0 0 0.0046470 0.0045603 0.0046470 0.0045603
52444 0.0000030 0.0000018 0 0 0.0038329 0.0023374 0.0038329 0.0023374
52446 0.0000036 0.0000035 0 0 0.0045433 0.0044626 0.0045433 0.0044626
52447 0.0000013 0.0000012 0 0 0.0016014 0.0015732 0.0016014 0.0015732
52449 0.0000022 0.0000021 0 0 0.0027265 0.0026806 0.0027265 0.0026806
52452 0.0000153 0.0000149 0 0 0.0361320 0.0350321 0 0
52453 0.0000041 0.0000040 0 0 0.0077505 0.0075427 0.0077505 0.0075427
52454 0.0000070 0.0000069 0 0 0.0126531 0.0123312 0.0063266 0.0061656
52455 0.0000028 0.0000027 0 0 0.0049866 0.0048647 0.0024933 0.0024324
52456 0.0000028 0.0000028 0 0 0.0045778 0.0044716 0.0045778 0.0044716
52458 0.0000159 0.0000156 0 0 0.0243285 0.0238070 0.0243285 0.0238070
52459 0.0000127 0.0000124 0 0 0.0180208 0.0176595 0.0180208 0.0176595
52460 0.0000094 0.0000092 0 0 0.0126156 0.0123730 0.0126156 0.0123730
52461 0.0000034 0.0000033 0 0 0.0043936 0.0043112 0.0043936 0.0043112
52462 0.0000058 0.0000057 0 0 0.0072798 0.0071479 0.0072798 0.0071479
52463 0.0000160 0.0000157 0 0 0.0202005 0.0198506 0.0202005 0.0198506
52466 0.0000139 0.0000135 0 0 0.0363443 0.0351899 0 0
52467 0.0000112 0.0000109 0 0 0.0293453 0.0286001 0 0
52468 0.0000074 0.0000072 0 0 0.0193745 0.0189338 0 0
52469 0.0000158 0.0000155 0 0 0.0227807 0.0223215 0.0227807 0.0223215
52470 0.0000087 0.0000086 0 0 0.0125992 0.0123591 0.0125992 0.0123591
52471 0.0000111 0.0000109 0 0 0.0159755 0.0156836 0.0159755 0.0156836
52472 0.0000014 0.0000014 0 0 0.0020489 0.0020129 0.0020489 0.0020129
52474 0.0000153 0.0000151 0 0 0.0182311 0.0179246 0.0182311 0.0179246
52475 0.0000053 0.0000052 0 0 0.0063065 0.0062038 0.0063065 0.0062038
52481 0.0000112 0.0000110 0 0 0.0178162 0.0174514 0 0
52482 0.0000085 0.0000083 0 0 0.0108703 0.0106787 0.0108703 0.0106787
52484 0.0000118 0.0000116 0 0 0.0135065 0.0132932 0.0135065 0.0132932
52485 0.0000064 0.0000063 0 0 0.0066641 0.0065654 0.0066641 0.0065654
52486 0.0000109 0.0000108 0 0 0.0106308 0.0104854 0.0106308 0.0104854
52491 0.0000109 0.0000107 0 0 0.0095222 0.0094054 0.0095222 0.0094054
52492 0.0000038 0.0000038 0 0 0.0031925 0.0031545 0.0031925 0.0031545
52493 0.0000055 0.0000055 0 0 0.0045105 0.0044579 0.0045105 0.0044579
52494 0.0000156 0.0000155 0 0 0.0121472 0.0120145 0.0121472 0.0120145
52495 0.0000095 0.0000094 0 0 0.0069854 0.0069115 0.0069854 0.0069115
52508 0.0000016 0.0000016 0 0 0.0034515 0.0033491 0 0
52518 0.0000154 0.0000150 0 0 0.0315746 0.0307106 0 0
52519 0.0000158 0.0000154 0 0 0.0275177 0.0268564 0 0
52520 0.0000030 0.0000029 0 0 0.0046928 0.0045867 0.0046928 0.0045867
52521 0.0000101 0.0000099 0 0 0.0153276 0.0149981 0.0153276 0.0149981
52522 0.0000128 0.0000125 0 0 0.0184616 0.0180848 0.0184616 0.0180848
52538 0.0000013 0.0000013 0 0 0.0016866 0.0016553 0.0016866 0.0016553
52539 0.0000154 0.0000151 0 0 0.0193885 0.0190418 0.0193885 0.0190418
52540 0.0000121 0.0000119 0 0 0.0145314 0.0142838 0.0145314 0.0142838
52558 0.0000049 0.0000048 0 0 0.0104688 0.0101616 0 0
52575 0.0000127 0.0000125 0 0 0.0230133 0.0225330 0.0230133 0.0225330
52576 0.0000050 0.0000049 0 0 0.0091249 0.0089513 0.0091249 0.0089513
52579 0.0000111 0.0000109 0 0 0.0133114 0.0130943 0.0133114 0.0130943
52580 0.0000064 0.0000063 0 0 0.0076326 0.0075118 0.0076326 0.0075118
52581 0.0000151 0.0000149 0 0 0.0162547 0.0160047 0.0162547 0.0160047
52584 0.0000019 0.0000018 0 0 0.0044579 0.0043111 0 0
52585 0.0000020 0.0000019 0 0 0.0041735 0.0040471 0 0
52586 0.0000159 0.0000155 0 0 0.0298516 0.0290995 0 0
52592 0.0000062 0.0000061 0 0 0.0094725 0.0092665 0 0
52593 0.0000118 0.0000116 0 0 0.0171634 0.0168128 0.0171634 0.0168128
52594 0.0000160 0.0000157 0 0 0.0212740 0.0208747 0.0106370 0.0104373
52595 0.0000032 0.0000032 0 0 0.0040607 0.0039870 0.0040607 0.0039870
52596 0.0000056 0.0000055 0 0 0.0070478 0.0069214 0.0070478 0.0069214
52610 0.0000146 0.0000142 0 0 0.0297560 0.0289513 0 0
52611 0.0000058 0.0000056 0 0 0.0101794 0.0099224 0.0101794 0.0099224
52613 0.0000158 0.0000155 0 0 0.0258930 0.0252999 0 0
52614 0.0000064 0.0000062 0 0 0.0096530 0.0094431 0.0096530 0.0094431
52615 0.0000028 0.0000027 0 0 0.0040835 0.0039967 0.0040835 0.0039967
52616 0.0000077 0.0000076 0 0 0.0110349 0.0108089 0.0110349 0.0108089
52617 0.0000154 0.0000151 0 0 0.0211612 0.0207496 0.0211612 0.0207496
52618 0.0000020 0.0000020 0 0 0.0026137 0.0025643 0.0013068 0.0012821
52619 0.0000058 0.0000057 0 0 0.0074701 0.0073326 0.0074701 0.0073326
52623 0.0000152 0.0000148 0 0 0.0188430 0.0182502 0 0
52624 0.0000127 0.0000124 0 0 0.0157368 0.0153208 0 0
52625 0.0000099 0.0000097 0 0 0.0122265 0.0119376 0 0
52626 0.0000099 0.0000097 0 0 0.0122701 0.0120060 0 0
52627 0.0000091 0.0000089 0 0 0.0112169 0.0109927 0 0
52628 0.0000073 0.0000071 0 0 0.0089677 0.0087996 0 0
52629 0.0000045 0.0000044 0 0 0.0055416 0.0054427 0 0
52637 0.0000159 0.0000155 0 0 0.0325667 0.0316901 0.0325667 0.0316901
52638 0.0000082 0.0000080 0 0 0.0139512 0.0136184 0.0139512 0.0136184
52639 0.0000105 0.0000102 0 0 0.0163781 0.0160166 0.0163781 0.0160166
52640 0.0000161 0.0000158 0 0 0.0233266 0.0228545 0.0116633 0.0114272
52641 0.0000158 0.0000155 0 0 0.0212138 0.0208142 0.0212138 0.0208142
52642 0.0000155 0.0000152 0 0 0.0194112 0.0190686 0.0194112 0.0190686
52643 0.0000133 0.0000131 0 0 0.0151207 0.0148774 0.0151207 0.0148774
52649 0.0000153 0.0000148 0 0 0.0328233 0.0319038 0 0
52650 0.0000159 0.0000155 0 0 0.0278599 0.0271887 0.0278599 0.0271887
52651 0.0000066 0.0000065 0 0 0.0104244 0.0101922 0 0
52652 0.0000156 0.0000153 0 0 0.0230005 0.0225271 0.0230005 0.0225271
52656 0.0000031 0.0000030 0 0 0.0040584 0.0039821 0.0040584 0.0039821
52658 0.0000054 0.0000053 0 0 0.0068756 0.0067494 0.0068756 0.0067494
52659 0.0000154 0.0000151 0 0 0.0188398 0.0185133 0.0188398 0.0185133
52660 0.0000055 0.0000054 0 0 0.0064113 0.0063039 0.0064113 0.0063039
52661 0.0000152 0.0000150 0 0 0.0174211 0.0171383 0.0174211 0.0171383
52662 0.0000053 0.0000052 0 0 0.0057925 0.0057014 0.0057925 0.0057014
52664 0.0000047 0.0000046 0 0 0.0047421 0.0046732 0.0047421 0.0046732
52665 0.0000022 0.0000022 0 0 0.0022282 0.0021961 0.0022282 0.0021961
52677 0.0000075 0.0000073 0 0 0.0140264 0.0136801 0 0
52678 0.0000037 0.0000037 0 0 0.0059015 0.0057699 0 0
52679 0.0000159 0.0000156 0 0 0.0238497 0.0233675 0.0238497 0.0233675
52680 0.0000145 0.0000142 0 0 0.0189025 0.0185608 0.0189025 0.0185608
52682 0.0000016 0.0000016 0 0 0.0017734 0.0017449 0.0017734 0.0017449
52684 0.0000158 0.0000155 0 0 0.0170657 0.0168060 0.0170657 0.0168060
52685 0.0000025 0.0000024 0 0 0.0025110 0.0024741 0.0025110 0.0024741
52690 0.0000078 0.0000077 0 0 0.0074428 0.0073409 0.0074428 0.0073409
52691 0.0000059 0.0000058 0 0 0.0054756 0.0054028 0.0054756 0.0054028
52692 0.0000076 0.0000075 0 0 0.0069242 0.0068341 0.0069242 0.0068341
52702 0.0000139 0.0000135 0 0 0.0315639 0.0306643 0 0
52703 0.0000156 0.0000152 0 0 0.0273521 0.0266997 0.0273521 0.0266997
52704 0.0000018 0.0000018 0 0 0.0027898 0.0027276 0.0027898 0.0027276
52705 0.0000020 0.0000020 0 0 0.0029944 0.0029307 0.0029944 0.0029307
52706 0.0000154 0.0000151 0 0 0.0220522 0.0216104 0.0220522 0.0216104
52707 0.0000034 0.0000033 0 0 0.0045417 0.0044559 0.0045417 0.0044559
52717 0.0000138 0.0000134 0 0 0.0333491 0.0323803 0 0
52718 0.0000019 0.0000018 0 0 0.0034606 0.0033692 0 0
52719 0.0000132 0.0000129 0 0 0.0235024 0.0229248 0.0235024 0.0229248
52721 0.0000158 0.0000154 0 0 0.0241853 0.0236604 0.0241853 0.0236604
52724 0.0000130 0.0000127 0 0 0.0175346 0.0172021 0.0175346 0.0172021
52725 0.0000053 0.0000052 0 0 0.0066975 0.0065752 0.0066975 0.0065752
52726 0.0000033 0.0000032 0 0 0.0040814 0.0040083 0.0040814 0.0040083
52728 0.0000031 0.0000030 0 0 0.0037808 0.0037146 0.0037808 0.0037146
52747 0.0000076 0.0000074 0 0 0.0142468 0.0138738 0.0142468 0.0138738
52749 0.0000158 0.0000154 0 0 0.0264547 0.0258483 0.0264547 0.0258483
52751 0.0000158 0.0000154 0 0 0.0227497 0.0222910 0.0227497 0.0222910
52752 0.0000085 0.0000084 0 0 0.0114648 0.0112459 0.0114648 0.0112459
52753 0.0000026 0.0000026 0 0 0.0033670 0.0033043 0.0033670 0.0033043
52754 0.0000147 0.0000145 0 0 0.0187767 0.0184388 0.0187767 0.0184388
52755 0.0000154 0.0000151 0 0 0.0182870 0.0179795 0.0182870 0.0179795
52756 0.0000111 0.0000109 0 0 0.0126042 0.0124005 0.0126042 0.0124005
52760 0.0000146 0.0000142 0 0 0.0313908 0.0305125 0 0
52761 0.0000080 0.0000078 0 0 0.0137034 0.0133755 0 0
52777 0.0000047 0.0000046 0 0 0.0039249 0.0037939 0 0
52778 0.0000157 0.0000152 0 0 0.0336283 0.0326659 0.0336283 0.0326659
52779 0.0000136 0.0000133 0 0 0.0247769 0.0241579 0.0247769 0.0241579
52780 0.0000051 0.0000050 0 0 0.0082683 0.0080757 0.0082683 0.0080757
52781 0.0000157 0.0000154 0 0 0.0237799 0.0232742 0.0118900 0.0116371
52782 0.0000156 0.0000153 0 0 0.0221854 0.0217392 0.0221854 0.0217392
52783 0.0000024 0.0000024 0 0 0.0032773 0.0032135 0.0032773 0.0032135
52784 0.0000063 0.0000062 0 0 0.0083951 0.0082356 0.0083951 0.0082356
52785 0.0000152 0.0000149 0 0 0.0196613 0.0193006 0.0196613 0.0193006
52786 0.0000049 0.0000048 0 0 0.0060345 0.0059273 0.0060345 0.0059273
52805 0.0000065 0.0000064 0 0 0 0 0 0
52811 0.0000006 0.0000006 0 0 0.0005972 0.0005845 0.0023886 0.0023380
52813 0.0000032 0.0000031 0 0 0 0 0.0063873 0.0062565
52814 0.0000098 0.0000096 0 0 0.0135412 0.0132770 0.0135412 0.0132770
52815 0.0000155 0.0000152 0 0 0.0202647 0.0198946 0.0202647 0.0198946
52816 0.0000073 0.0000072 0 0 0.0088121 0.0086596 0.0088121 0.0086596
52819 0.0000151 0.0000149 0 0 0.0170078 0.0167373 0.0170078 0.0167373
52844 0.0000141 0.0000137 0 0 0.0308335 0.0299168 0 0
52845 0.0000144 0.0000140 0 0 0.0277333 0.0269848 0.0277333 0.0269848
52846 0.0000014 0.0000014 0 0 0.0025261 0.0024606 0.0025261 0.0024606
52847 0.0000143 0.0000139 0 0 0.0249472 0.0243313 0.0249472 0.0243313
52848 0.0000140 0.0000137 0 0 0.0230352 0.0225018 0.0230352 0.0225018
52849 0.0000073 0.0000072 0 0 0.0112875 0.0110380 0.0112875 0.0110380
52850 0.0000140 0.0000137 0 0 0.0208386 0.0203945 0.0208386 0.0203945
52851 0.0000100 0.0000098 0 0 0.0143834 0.0140862 0.0143834 0.0140862
52857 0.0000143 0.0000139 0 0 0.0326749 0.0317650 0 0
52858 0.0000156 0.0000152 0 0 0.0267166 0.0260924 0.0267166 0.0260924
52859 0.0000053 0.0000052 0 0 0.0080855 0.0079124 0.0080855 0.0079124
52873 0.0000150 0.0000146 0 0 0.0291144 0.0283917 0 0
52874 0.0000114 0.0000111 0 0 0.0181927 0.0177876 0.0181927 0.0177876
52875 0.0000063 0.0000062 0 0 0.0092514 0.0090578 0.0046257 0.0045289
52876 0.0000157 0.0000154 0 0 0.0217442 0.0213260 0.0217442 0.0213260
52877 0.0000161 0.0000158 0 0 0.0203484 0.0199866 0.0203484 0.0199866
52878 0.0000096 0.0000094 0 0 0.0113852 0.0111924 0.0113852 0.0111924
52879 0.0000018 0.0000018 0 0 0.0020803 0.0020461 0.0020803 0.0020461
52880 0.0000155 0.0000153 0 0 0.0174987 0.0172197 0.0174987 0.0172197
52881 0.0000074 0.0000073 0 0 0.0080004 0.0078758 0.0080004 0.0078758
52887 0.0000122 0.0000118 0 0 0.0256864 0.0249795 0 0
52888 0.0000148 0.0000145 0 0 0.0258923 0.0252742 0 0
52889 0.0000108 0.0000106 0 0 0.0168119 0.0164419 0.0168119 0.0164419
52890 0.0000113 0.0000111 0 0 0.0164126 0.0160837 0.0164126 0.0160837
52895 0.0000060 0.0000058 0 0 0.0130836 0.0127208 0 0
52896 0.0000054 0.0000052 0 0 0.0117571 0.0114665 0 0
52897 0.0000073 0.0000071 0 0 0.0160123 0.0156483 0 0
52898 0.0000032 0.0000031 0 0 0.0070443 0.0068935 0 0
52900 0.0000030 0.0000029 0 0 0.0043075 0.0042187 0.0043075 0.0042187
52901 0.0000021 0.0000020 0 0 0.0029724 0.0029122 0.0029724 0.0029122
52902 0.0000048 0.0000047 0 0 0.0065199 0.0063921 0.0065199 0.0063921
52905 0.0000016 0.0000016 0 0 0.0040543 0.0039135 0 0
52910 0.0000090 0.0000088 0 0 0.0221722 0.0215653 0 0
52911 0.0000155 0.0000151 0 0 0.0280431 0.0273346 0.0280431 0.0273346
52912 0.0000153 0.0000150 0 0 0.0251833 0.0246002 0.0251833 0.0246002
52917 0.0000061 0.0000060 0 0 0.0100079 0.0097886 0.0100079 0.0097886
53046 0.0000044 0.0000043 0 0 0.0101266 0.0098054 0 0
53047 0.0000155 0.0000151 0 0 0.0323248 0.0314213 0.0323248 0.0314213
53048 0.0000121 0.0000118 0 0 0.0216804 0.0211396 0.0216804 0.0211396
53049 0.0000027 0.0000027 0 0 0.0044852 0.0043799 0.0044852 0.0043799
53050 0.0000160 0.0000156 0 0 0.0251532 0.0246014 0.0251532 0.0246014
53052 0.0000015 0.0000015 0 0 0.0021577 0.0021128 0.0021577 0.0021128
53053 0.0000051 0.0000050 0 0 0.0073204 0.0071707 0.0073204 0.0071707
53054 0.0000127 0.0000124 0 0 0.0176366 0.0172887 0.0176366 0.0172887
53055 0.0000081 0.0000080 0 0 0.0106261 0.0104272 0.0106261 0.0104272
53056 0.0000019 0.0000019 0 0 0.0025204 0.0024741 0.0025204 0.0024741
53057 0.0000027 0.0000027 0 0 0.0035518 0.0034872 0.0035518 0.0034872
53058 0.0000061 0.0000060 0 0 0.0080122 0.0078689 0.0080122 0.0078689
53059 0.0000031 0.0000031 0 0 0.0041181 0.0040462 0.0041181 0.0040462
53062 0.0000027 0.0000026 0 0 0.0056624 0.0054863 0 0
53064 0.0000019 0.0000019 0 0 0.0041069 0.0039955 0 0
53065 0.0000132 0.0000129 0 0 0.0281816 0.0274981 0 0
53066 0.0000113 0.0000111 0 0 0.0240977 0.0235857 0 0
53067 0.0000010 0.0000010 0 0 0.0020843 0.0020439 0 0
53068 0.0000083 0.0000081 0 0 0.0176422 0.0173161 0 0
53069 0.0000046 0.0000045 0 0 0.0056233 0.0055240 0.0056233 0.0055240
53070 0.0000113 0.0000111 0 0 0.0136413 0.0134084 0.0136413 0.0134084
53071 0.0000041 0.0000041 0 0 0.0047403 0.0046620 0.0047403 0.0046620
53073 0.0000025 0.0000024 0 0 0.0027302 0.0026870 0.0027302 0.0026870
53074 0.0000027 0.0000026 0 0 0.0029519 0.0029066 0.0029519 0.0029066
53076 0.0000140 0.0000138 0 0 0.0145935 0.0143774 0.0145935 0.0143774
53079 0.0000139 0.0000136 0 0 0.0307737 0.0299562 0 0
53081 0.0000155 0.0000152 0 0 0.0249939 0.0244579 0.0249939 0.0244579
53082 0.0000040 0.0000039 0 0 0.0055198 0.0054109 0.0055198 0.0054109
53165 0.0000146 0.0000142 0 0 0.0330060 0.0320587 0 0
53166 0.0000092 0.0000090 0 0 0.0165127 0.0160976 0.0165127 0.0160976
53167 0.0000110 0.0000107 0 0 0.0184040 0.0179688 0.0184040 0.0179688
53168 0.0000052 0.0000051 0 0 0.0082239 0.0080387 0.0082239 0.0080387
53169 0.0000151 0.0000147 0 0 0.0237378 0.0232333 0.0237378 0.0232333
53170 0.0000089 0.0000087 0 0 0.0126171 0.0123622 0.0126171 0.0123622
53171 0.0000139 0.0000136 0 0 0.0185628 0.0182106 0.0185628 0.0182106
53172 0.0000098 0.0000096 0 0 0.0124277 0.0122020 0.0124277 0.0122020
53173 0.0000013 0.0000013 0 0 0.0016264 0.0015973 0.0016264 0.0015973
53174 0.0000131 0.0000128 0 0 0.0160411 0.0157607 0.0160411 0.0157607
53194 0.0000148 0.0000145 0 0 0.0237580 0.0232351 0.0237580 0.0232351
53195 0.0000055 0.0000053 0 0 0.0087592 0.0085780 0.0087592 0.0085780
53197 0.0000043 0.0000042 0 0 0.0068776 0.0067464 0.0068776 0.0067464
53198 0.0000016 0.0000016 0 0 0.0026030 0.0025543 0.0026030 0.0025543
53199 0.0000107 0.0000105 0 0 0.0171348 0.0168248 0.0171348 0.0168248
53200 0.0000120 0.0000118 0 0 0.0145347 0.0142889 0.0145347 0.0142889
53201 0.0000015 0.0000015 0 0 0.0016749 0.0016478 0.0016749 0.0016478
53202 0.0000124 0.0000122 0 0 0.0139044 0.0136829 0.0139044 0.0136829
53203 0.0000024 0.0000023 0 0 0.0026587 0.0026173 0.0026587 0.0026173
53204 0.0000039 0.0000038 0 0 0.0041644 0.0041001 0.0041644 0.0041001
53205 0.0000028 0.0000027 0 0 0.0029164 0.0028717 0.0029164 0.0028717
53210 0.0000110 0.0000106 0 0 0.0247768 0.0240552 0 0
53211 0.0000155 0.0000152 0 0 0.0283568 0.0276513 0.0283568 0.0276513
53212 0.0000064 0.0000063 0 0 0.0103285 0.0100920 0.0103285 0.0100920
53213 0.0000100 0.0000098 0 0 0.0153506 0.0150178 0.0153506 0.0150178
53216 0.0000054 0.0000053 0 0 0.0078331 0.0076706 0.0078331 0.0076706
53217 0.0000053 0.0000052 0 0 0.0074481 0.0072973 0.0074481 0.0072973
53218 0.0000061 0.0000060 0 0 0.0086603 0.0084894 0.0086603 0.0084894
53219 0.0000155 0.0000152 0 0 0.0208049 0.0204089 0.0208049 0.0204089
53220 0.0000151 0.0000149 0 0 0.0191212 0.0187793 0.0191212 0.0187793
53221 0.0000028 0.0000027 0 0 0.0033681 0.0033094 0.0033681 0.0033094
53223 0.0000080 0.0000078 0 0 0.0094936 0.0093310 0.0094936 0.0093310
53224 0.0000102 0.0000100 0 0 0.0120955 0.0118937 0.0120955 0.0118937
53225 0.0000033 0.0000032 0 0 0.0037170 0.0036560 0.0037170 0.0036560
53226 0.0000122 0.0000120 0 0 0.0136471 0.0134290 0.0136471 0.0134290
53227 0.0000127 0.0000125 0 0 0.0137840 0.0135709 0.0137840 0.0135709
53236 0.0000026 0.0000025 0 0 0.0056358 0.0054631 0 0
53237 0.0000043 0.0000042 0 0 0.0078842 0.0076837 0.0078842 0.0076837
53239 0.0000060 0.0000059 0 0 0.0109666 0.0107078 0.0109666 0.0107078
53240 0.0000135 0.0000132 0 0 0.0245348 0.0239993 0.0245348 0.0239993
53241 0.0000043 0.0000042 0 0 0.0060880 0.0059633 0.0060880 0.0059633
53242 0.0000152 0.0000149 0 0 0.0208229 0.0204284 0.0208229 0.0204284
53243 0.0000019 0.0000018 0 0 0.0023231 0.0022814 0.0023231 0.0022814
53244 0.0000109 0.0000107 0 0 0.0136073 0.0133673 0.0136073 0.0133673
53246 0.0000081 0.0000080 0 0 0.0096611 0.0094962 0.0096611 0.0094962
53247 0.0000121 0.0000119 0 0 0.0139081 0.0136806 0.0139081 0.0136806
53248 0.0000018 0.0000018 0 0 0.0019976 0.0019659 0.0019976 0.0019659
53249 0.0000048 0.0000047 0 0 0.0052775 0.0051942 0.0052775 0.0051942
53282 0.0000022 0.0000022 0 0 0.0044988 0.0043719 0.0014996 0.0014573
53287 0.0000016 0.0000016 0 0 0.0027406 0.0026729 0.0027406 0.0026729
53289 0.0000072 0.0000070 0 0 0.0123817 0.0120990 0.0123817 0.0120990
53290 0.0000134 0.0000131 0 0 0.0202432 0.0198222 0.0202432 0.0198222
53291 0.0000061 0.0000059 0 0 0.0081170 0.0079620 0.0081170 0.0079620
53292 0.0000013 0.0000012 0 0 0.0016818 0.0016503 0.0016818 0.0016503
53293 0.0000157 0.0000154 0 0 0.0200923 0.0197328 0.0200923 0.0197328
53296 0.0000015 0.0000015 0 0 0.0017794 0.0017492 0.0017794 0.0017492
53297 0.0000129 0.0000127 0 0 0.0152675 0.0150156 0.0152675 0.0150156
53299 0.0000154 0.0000151 0 0 0.0167158 0.0164590 0.0167158 0.0164590
53300 0.0000077 0.0000076 0 0 0.0079464 0.0078291 0.0079464 0.0078291
53301 0.0000034 0.0000033 0 0 0.0033843 0.0033354 0.0033843 0.0033354
53304 0.0000134 0.0000130 0 0 0.0306748 0.0298460 0 0
53305 0.0000153 0.0000149 0 0 0.0240999 0.0235966 0.0240999 0.0235966
53306 0.0000107 0.0000105 0 0 0.0142047 0.0139431 0.0142047 0.0139431
53307 0.0000157 0.0000155 0 0 0.0187278 0.0184178 0.0187278 0.0184178
53308 0.0000071 0.0000070 0 0 0.0078169 0.0076951 0.0078169 0.0076951
53309 0.0000061 0.0000060 0 0 0.0064157 0.0063187 0.0064157 0.0063187
53310 0.0000069 0.0000068 0 0 0.0068686 0.0067707 0.0068686 0.0067707
53311 0.0000027 0.0000027 0 0 0.0025865 0.0025508 0.0025865 0.0025508
53312 0.0000108 0.0000106 0 0 0.0102062 0.0100685 0.0102062 0.0100685
53313 0.0000126 0.0000124 0 0 0.0115012 0.0113509 0.0115012 0.0113509
53314 0.0000143 0.0000141 0 0 0.0127339 0.0125723 0.0127339 0.0125723
53315 0.0000032 0.0000032 0 0 0.0027869 0.0027521 0.0027869 0.0027521
53329 0.0000015 0.0000014 0 0 0.0017236 0.0016693 0 0
53330 0.0000014 0.0000013 0 0 0.0016187 0.0015716 0 0
53331 0.0000026 0.0000026 0 0 0.0030693 0.0029847 0 0
53332 0.0000121 0.0000118 0 0 0.0141570 0.0138195 0 0
53333 0.0000154 0.0000151 0 0 0.0230337 0.0225579 0.0230337 0.0225579
53334 0.0000016 0.0000016 0 0 0.0021723 0.0021297 0.0021723 0.0021297
53335 0.0000020 0.0000020 0 0 0.0027752 0.0027215 0.0027752 0.0027215
53336 0.0000161 0.0000158 0 0 0.0210596 0.0206735 0.0210596 0.0206735
53337 0.0000067 0.0000066 0 0 0.0082537 0.0081090 0.0082537 0.0081090
53338 0.0000030 0.0000029 0 0 0.0036395 0.0035767 0.0036395 0.0035767
53339 0.0000145 0.0000143 0 0 0.0177681 0.0174717 0.0177681 0.0174717
53340 0.0000027 0.0000027 0 0 0.0030399 0.0029907 0.0030399 0.0029907
53341 0.0000157 0.0000154 0 0 0.0171980 0.0169311 0.0171980 0.0169311
53342 0.0000055 0.0000055 0 0 0.0057977 0.0057106 0.0057977 0.0057106
53343 0.0000052 0.0000051 0 0 0.0052909 0.0052128 0.0052909 0.0052128
53346 0.0000130 0.0000126 0 0 0.0148689 0.0144737 0 0
53347 0.0000154 0.0000150 0 0 0.0246664 0.0241289 0.0246664 0.0241289
53348 0.0000046 0.0000045 0 0 0.0065274 0.0063952 0.0065274 0.0063952
53349 0.0000045 0.0000045 0 0 0.0061460 0.0060268 0.0061460 0.0060268
53350 0.0000093 0.0000092 0 0 0.0117058 0.0114965 0.0117058 0.0114965
53364 0.0000031 0.0000030 0 0 0.0067226 0.0065220 0 0
53365 0.0000154 0.0000150 0 0 0.0296568 0.0289172 0.0296568 0.0289172
53366 0.0000096 0.0000094 0 0 0.0150673 0.0147382 0.0150673 0.0147382
53367 0.0000129 0.0000127 0 0 0.0187376 0.0183587 0.0187376 0.0183587
53368 0.0000160 0.0000157 0 0 0.0211465 0.0207571 0.0211465 0.0207571
53369 0.0000019 0.0000019 0 0 0.0023293 0.0022883 0.0023293 0.0022883
53370 0.0000118 0.0000116 0 0 0.0142421 0.0139982 0.0142421 0.0139982
53373 0.0000019 0.0000019 0 0 0.0021070 0.0020730 0.0021070 0.0020730
53374 0.0000013 0.0000013 0 0 0.0013927 0.0013708 0.0013927 0.0013708
53375 0.0000031 0.0000030 0 0 0.0033062 0.0032546 0.0033062 0.0032546
53376 0.0000089 0.0000088 0 0 0.0095391 0.0093936 0.0095391 0.0093936
53377 0.0000011 0.0000011 0 0 0.0011421 0.0011250 0.0011421 0.0011250
53378 0.0000032 0.0000032 0 0 0.0033403 0.0032906 0.0033403 0.0032906
53379 0.0000053 0.0000052 0 0 0.0054088 0.0053297 0.0054088 0.0053297
53383 0.0000112 0.0000109 0 0 0.0245211 0.0238370 0 0
53385 0.0000152 0.0000149 0 0 0.0260292 0.0254288 0.0260292 0.0254288
53386 0.0000117 0.0000115 0 0 0.0173988 0.0170377 0.0173988 0.0170377
53387 0.0000153 0.0000150 0 0 0.0207148 0.0203234 0.0207148 0.0203234
53388 0.0000150 0.0000147 0 0 0.0188031 0.0184714 0.0188031 0.0184714
53389 0.0000076 0.0000075 0 0 0.0089315 0.0087813 0.0089315 0.0087813
53390 0.0000027 0.0000026 0 0 0.0030385 0.0029885 0.0030385 0.0029885
53391 0.0000134 0.0000132 0 0 0.0149982 0.0147602 0.0149982 0.0147602
53392 0.0000058 0.0000057 0 0 0.0061835 0.0060890 0.0061835 0.0060890
53393 0.0000141 0.0000139 0 0 0.0147699 0.0145510 0.0147699 0.0145510
53394 0.0000036 0.0000035 0 0 0.0035620 0.0035106 0.0035620 0.0035106
53397 0.0000145 0.0000143 0 0 0.0141449 0.0139495 0.0141449 0.0139495
53398 0.0000076 0.0000075 0 0 0.0071055 0.0070103 0.0071055 0.0070103
53403 0.0000141 0.0000137 0 0 0.0287902 0.0280428 0.0287902 0.0280428
53404 0.0000152 0.0000149 0 0 0.0246355 0.0240907 0.0246355 0.0240907
53405 0.0000162 0.0000158 0 0 0.0232684 0.0228037 0.0232684 0.0228037
53406 0.0000021 0.0000021 0 0 0.0027352 0.0026842 0.0027352 0.0026842
53407 0.0000151 0.0000149 0 0 0.0193542 0.0190070 0.0193542 0.0190070
53408 0.0000130 0.0000128 0 0 0.0155678 0.0153034 0.0155678 0.0153034
53409 0.0000036 0.0000036 0 0 0.0041494 0.0040812 0.0041494 0.0040812
53410 0.0000132 0.0000130 0 0 0.0146676 0.0144358 0.0146676 0.0144358
53411 0.0000049 0.0000048 0 0 0.0051786 0.0050994 0.0051786 0.0050994
53423 0.0000140 0.0000137 0 0 0.0285727 0.0278569 0.0142864 0.0139285
53424 0.0000026 0.0000026 0 0 0.0040553 0.0039645 0.0040553 0.0039645
53425 0.0000014 0.0000013 0 0 0.0020852 0.0020395 0.0020852 0.0020395
53426 0.0000155 0.0000152 0 0 0.0230881 0.0226162 0.0230881 0.0226162
53427 0.0000018 0.0000017 0 0 0.0023131 0.0022691 0.0023131 0.0022691
53428 0.0000152 0.0000149 0 0 0.0195392 0.0191869 0.0195392 0.0191869
53429 0.0000075 0.0000073 0 0 0.0088806 0.0087294 0.0088806 0.0087294
53435 0.0000090 0.0000089 0 0 0.0101404 0.0099780 0.0101404 0.0099780
53436 0.0000017 0.0000017 0 0 0.0018794 0.0018502 0.0018794 0.0018502
53450 0.0000188 0.0000183 0 0 0.0294827 0.0288456 0.0294827 0.0288456
53451 0.0000056 0.0000055 0 0 0.0078015 0.0076473 0.0078015 0.0076473
53452 0.0000128 0.0000125 0 0 0.0171142 0.0167910 0.0171142 0.0167910
53453 0.0000101 0.0000099 0 0 0.0128546 0.0126213 0.0128546 0.0126213
53454 0.0000043 0.0000043 0 0 0.0053016 0.0052084 0.0053016 0.0052084
53455 0.0000047 0.0000046 0 0 0.0056314 0.0055341 0.0056314 0.0055341
53456 0.0000147 0.0000145 0 0 0.0171821 0.0168980 0.0171821 0.0168980
53457 0.0000122 0.0000120 0 0 0.0136342 0.0134174 0.0136342 0.0134174
53464 0.0000151 0.0000147 0 0 0.0287809 0.0280614 0.0287809 0.0280614
53465 0.0000056 0.0000055 0 0 0.0087768 0.0085812 0.0087768 0.0085812
53466 0.0000148 0.0000145 0 0 0.0222503 0.0217886 0.0222503 0.0217886
53467 0.0000014 0.0000013 0 0 0.0018747 0.0018377 0.0018747 0.0018377
53468 0.0000153 0.0000150 0 0 0.0207173 0.0203325 0.0207173 0.0203325
53469 0.0000036 0.0000035 0 0 0.0044361 0.0043572 0.0044361 0.0043572
53470 0.0000131 0.0000129 0 0 0.0155100 0.0152499 0.0155100 0.0152499
53471 0.0000026 0.0000026 0 0 0.0029690 0.0029206 0.0029690 0.0029206
53472 0.0000151 0.0000149 0 0 0.0166686 0.0164083 0.0166686 0.0164083
53473 0.0000059 0.0000059 0 0 0.0062409 0.0061470 0.0062409 0.0061470
53474 0.0000030 0.0000030 0 0 0.0030769 0.0030313 0.0030769 0.0030313
53475 0.0000014 0.0000014 0 0 0.0014696 0.0014480 0.0014696 0.0014480
53482 0.0000106 0.0000103 0 0 0.0194802 0.0190000 0.0194802 0.0190000
53483 0.0000098 0.0000095 0 0 0.0153307 0.0149962 0.0153307 0.0149962
53488 0.0000030 0.0000030 0 0 0.0042077 0.0041244 0.0042077 0.0041244
53489 0.0000034 0.0000033 0 0 0.0046968 0.0046057 0.0046968 0.0046057
53490 0.0000151 0.0000148 0 0 0.0196569 0.0192992 0.0196569 0.0192992
53491 0.0000133 0.0000131 0 0 0.0161421 0.0158660 0.0161421 0.0158660
53492 0.0000047 0.0000046 0 0 0.0054006 0.0053116 0.0054006 0.0053116
53493 0.0000103 0.0000102 0 0 0.0111737 0.0110013 0.0111737 0.0110013
53494 0.0000037 0.0000036 0 0 0.0038542 0.0037961 0.0038542 0.0037961
53505 0.0000041 0.0000040 0 0 0.0088189 0.0085630 0.0088189 0.0085630
53510 0.0000156 0.0000152 0 0 0.0274870 0.0268430 0.0274870 0.0268430
53511 0.0000079 0.0000077 0 0 0.0116145 0.0113737 0.0116145 0.0113737
53512 0.0000104 0.0000102 0 0 0.0144047 0.0141231 0.0144047 0.0141231
53513 0.0000058 0.0000057 0 0 0.0075476 0.0074096 0.0075476 0.0074096
53514 0.0000076 0.0000074 0 0 0.0093715 0.0092063 0.0093715 0.0092063
53515 0.0000155 0.0000153 0 0 0.0185018 0.0181928 0.0185018 0.0181928
53516 0.0000071 0.0000070 0 0 0.0079522 0.0078253 0.0079522 0.0078253
53517 0.0000020 0.0000020 0 0 0.0021935 0.0021596 0.0021935 0.0021596
53518 0.0000048 0.0000048 0 0 0.0051355 0.0050572 0.0051355 0.0050572
53519 0.0000074 0.0000073 0 0 0.0074366 0.0073290 0.0074366 0.0073290
53520 0.0000013 0.0000013 0 0 0.0012616 0.0012436 0.0012616 0.0012436
53530 0.0000139 0.0000136 0 0 0.0246868 0.0241552 0.0246868 0.0241552
53531 0.0000099 0.0000097 0 0 0.0129214 0.0126872 0.0129214 0.0126872
53532 0.0000056 0.0000055 0 0 0.0067079 0.0065939 0.0067079 0.0065939
53533 0.0000054 0.0000053 0 0 0.0062300 0.0061281 0.0062300 0.0061281
53534 0.0000034 0.0000033 0 0 0.0036031 0.0035481 0.0036031 0.0035481
53536 0.0000157 0.0000155 0 0 0.0151657 0.0149609 0.0151657 0.0149609
53537 0.0000081 0.0000080 0 0 0.0072770 0.0071839 0.0072770 0.0071839
53538 0.0000067 0.0000066 0 0 0.0061230 0.0060426 0.0061230 0.0060426
53539 0.0000081 0.0000080 0 0 0.0072784 0.0071849 0.0072784 0.0071849
53540 0.0000118 0.0000117 0 0 0.0103628 0.0102336 0.0103628 0.0102336
53547 0.0000027 0.0000027 0 0 0.0048402 0.0047195 0.0048402 0.0047195
53550 0.0000153 0.0000149 0 0 0.0224981 0.0220420 0.0224981 0.0220420
53551 0.0000092 0.0000091 0 0 0.0122848 0.0120529 0.0122848 0.0120529
53552 0.0000051 0.0000050 0 0 0.0068541 0.0067222 0.0068541 0.0067222
53553 0.0000051 0.0000051 0 0 0.0067603 0.0066323 0.0067603 0.0066323
53554 0.0000086 0.0000084 0 0 0.0111046 0.0108999 0.0111046 0.0108999
53555 0.0000027 0.0000027 0 0 0.0034080 0.0033466 0.0034080 0.0033466
53556 0.0000131 0.0000129 0 0 0.0162224 0.0159385 0.0162224 0.0159385
53557 0.0000029 0.0000029 0 0 0.0034366 0.0033782 0.0034366 0.0033782
53558 0.0000146 0.0000144 0 0 0.0168717 0.0165962 0.0168717 0.0165962
53559 0.0000042 0.0000042 0 0 0.0048603 0.0047830 0.0048603 0.0047830
53571 0.0000100 0.0000097 0 0 0.0197298 0.0192233 0.0065766 0.0064078
53578 0.0000135 0.0000131 0 0 0.0290695 0.0282980 0 0
53579 0.0000150 0.0000146 0 0 0.0241773 0.0236484 0.0241773 0.0236484
53580 0.0000103 0.0000101 0 0 0.0145456 0.0142592 0.0145456 0.0142592
53581 0.0000143 0.0000140 0 0 0.0184703 0.0181370 0.0184703 0.0181370
53582 0.0000151 0.0000148 0 0 0.0181568 0.0178499 0.0181568 0.0178499
53583 0.0000022 0.0000022 0 0 0.0025371 0.0024958 0.0025371 0.0024958
53585 0.0000016 0.0000016 0 0 0.0017287 0.0017024 0.0017287 0.0017024
53586 0.0000148 0.0000146 0 0 0.0154830 0.0152534 0.0154830 0.0152534
53587 0.0000029 0.0000029 0 0 0.0029398 0.0028972 0.0029398 0.0028972
53590 0.0000020 0.0000019 0 0 0.0038868 0.0037812 0.0019434 0.0018906
53592 0.0000104 0.0000102 0 0 0.0205593 0.0201124 0.0102797 0.0100562
53593 0.0000048 0.0000047 0 0 0.0067170 0.0065835 0.0067170 0.0065835
53594 0.0000058 0.0000057 0 0 0.0081592 0.0080105 0.0081592 0.0080105
53595 0.0000153 0.0000151 0 0 0.0186630 0.0183450 0.0186630 0.0183450
53596 0.0000150 0.0000148 0 0 0.0170798 0.0168063 0.0170798 0.0168063
53600 0.0000060 0.0000059 0 0 0.0064483 0.0063507 0.0064483 0.0063507
53601 0.0000147 0.0000145 0 0 0.0150393 0.0148211 0.0150393 0.0148211
53603 0.0000084 0.0000082 0 0 0.0081629 0.0080488 0.0081629 0.0080488
53616 0.0000017 0.0000016 0 0 0.0024783 0.0024318 0.0024783 0.0024318
53617 0.0000019 0.0000019 0 0 0.0024520 0.0024072 0.0024520 0.0024072
53618 0.0000046 0.0000046 0 0 0.0058446 0.0057404 0.0058446 0.0057404
53619 0.0000087 0.0000085 0 0 0.0103936 0.0102165 0.0103936 0.0102165
53620 0.0000149 0.0000146 0 0 0.0178260 0.0175387 0.0178260 0.0175387
53622 0.0000019 0.0000019 0 0 0.0020404 0.0020088 0.0020404 0.0020088
53623 0.0000060 0.0000059 0 0 0.0064902 0.0063911 0.0064902 0.0063911
53624 0.0000129 0.0000127 0 0 0.0133022 0.0131077 0.0133022 0.0131077
53625 0.0000047 0.0000046 0 0 0.0045605 0.0044963 0.0045605 0.0044963
53630 0.0000083 0.0000080 0 0 0.0183542 0.0178074 0 0
53631 0.0000054 0.0000052 0 0 0.0099186 0.0096587 0.0099186 0.0096587
53632 0.0000064 0.0000062 0 0 0.0109843 0.0107151 0.0109843 0.0107151
53634 0.0000033 0.0000032 0 0 0.0053959 0.0052688 0.0053959 0.0052688
53636 0.0000035 0.0000035 0 0 0.0056267 0.0054988 0.0056267 0.0054988
53637 0.0000049 0.0000048 0 0 0.0075184 0.0073538 0.0075184 0.0073538
53638 0.0000052 0.0000051 0 0 0.0077919 0.0076255 0.0077919 0.0076255
53639 0.0000094 0.0000092 0 0 0.0132029 0.0129374 0.0132029 0.0129374
53640 0.0000102 0.0000100 0 0 0.0138868 0.0136181 0.0138868 0.0136181
53646 0.0000037 0.0000036 0 0 0.0082693 0.0080142 0 0
53647 0.0000056 0.0000054 0 0 0.0113689 0.0110456 0.0037896 0.0036819
53648 0.0000150 0.0000146 0 0 0.0280361 0.0273176 0.0280361 0.0273176
53649 0.0000042 0.0000041 0 0 0.0071265 0.0069550 0.0071265 0.0069550
53650 0.0000046 0.0000045 0 0 0.0075360 0.0073590 0.0075360 0.0073590
53651 0.0000019 0.0000018 0 0 0.0030853 0.0030141 0.0030853 0.0030141
53652 0.0000138 0.0000135 0 0 0.0215056 0.0210307 0.0215056 0.0210307
53667 0.0000059 0.0000058 0 0 0.0083886 0.0082183 0.0083886 0.0082183
53668 0.0000130 0.0000128 0 0 0.0184693 0.0181079 0.0184693 0.0181079
53669 0.0000034 0.0000033 0 0 0.0044223 0.0043386 0.0044223 0.0043386
53670 0.0000018 0.0000017 0 0 0.0022265 0.0021857 0.0022265 0.0021857
53671 0.0000058 0.0000057 0 0 0.0070327 0.0069096 0.0070327 0.0069096
53672 0.0000047 0.0000046 0 0 0.0056199 0.0055235 0.0056199 0.0055235
53673 0.0000013 0.0000013 0 0 0.0015050 0.0014797 0.0015050 0.0014797
53680 0.0000142 0.0000138 0 0 0.0310643 0.0302004 0 0
53681 0.0000153 0.0000149 0 0 0.0264708 0.0258426 0.0264708 0.0258426
53685 0.0000041 0.0000040 0 0 0.0061471 0.0060156 0.0061471 0.0060156
53686 0.0000104 0.0000102 0 0 0.0149290 0.0146254 0.0149290 0.0146254
53705 0.0000125 0.0000121 0 0 0.0313601 0.0304437 0 0
53706 0.0000011 0.0000011 0 0 0.0028295 0.0027583 0 0
53707 0.0000147 0.0000144 0 0 0.0252256 0.0246470 0.0252256 0.0246470
53708 0.0000023 0.0000022 0 0 0.0033312 0.0032610 0.0033312 0.0032610
53709 0.0000058 0.0000057 0 0 0.0085493 0.0083751 0.0085493 0.0083751
53710 0.0000151 0.0000148 0 0 0.0203684 0.0199875 0.0203684 0.0199875
53711 0.0000017 0.0000017 0 0 0.0020901 0.0020530 0.0020901 0.0020530
53712 0.0000148 0.0000146 0 0 0.0183051 0.0179921 0.0183051 0.0179921
53713 0.0000061 0.0000060 0 0 0.0070093 0.0068942 0.0070093 0.0068942
53714 0.0000062 0.0000061 0 0 0.0068414 0.0067322 0.0068414 0.0067322
53716 0.0000027 0.0000027 0 0 0.0029444 0.0028985 0.0029444 0.0028985
53717 0.0000125 0.0000123 0 0 0.0135538 0.0133473 0.0135538 0.0133473
53719 0.0000053 0.0000052 0 0 0.0057895 0.0057040 0.0057895 0.0057040
53720 0.0000015 0.0000015 0 0 0.0015541 0.0015315 0.0015541 0.0015315
53722 0.0000078 0.0000077 0 0 0.0077752 0.0076638 0.0077752 0.0076638
53723 0.0000028 0.0000028 0 0 0.0027683 0.0027292 0.0027683 0.0027292
53724 0.0000108 0.0000107 0 0 0.0106108 0.0104651 0.0106108 0.0104651
53735 0.0000136 0.0000132 0 0 0.0302217 0.0293686 0 0
53736 0.0000150 0.0000146 0 0 0.0267606 0.0261004 0.0267606 0.0261004
53737 0.0000053 0.0000052 0 0 0.0085756 0.0083768 0.0085756 0.0083768
53738 0.0000149 0.0000146 0 0 0.0229270 0.0224327 0.0229270 0.0224327
53739 0.0000148 0.0000145 0 0 0.0212012 0.0207723 0.0212012 0.0207723
53740 0.0000080 0.0000078 0 0 0.0107932 0.0105839 0.0107932 0.0105839
53741 0.0000014 0.0000013 0 0 0.0017672 0.0017339 0.0017672 0.0017339
53742 0.0000014 0.0000013 0 0 0.0017777 0.0017444 0.0017777 0.0017444
53743 0.0000103 0.0000102 0 0 0.0133166 0.0130719 0.0133166 0.0130719
53744 0.0000127 0.0000125 0 0 0.0158849 0.0156026 0.0158849 0.0156026
53752 0.0000133 0.0000129 0 0 0.0320475 0.0311019 0 0
53753 0.0000070 0.0000068 0 0 0.0128547 0.0125207 0.0128547 0.0125207
53754 0.0000099 0.0000096 0 0 0.0181753 0.0177317 0.0181753 0.0177317
53755 0.0000088 0.0000086 0 0 0.0143489 0.0140183 0.0143489 0.0140183
53756 0.0000074 0.0000073 0 0 0.0114046 0.0111555 0.0114046 0.0111555
53757 0.0000045 0.0000044 0 0 0.0065934 0.0064534 0.0065934 0.0064534
53758 0.0000147 0.0000144 0 0 0.0216621 0.0212197 0.0216621 0.0212197
53759 0.0000133 0.0000130 0 0 0.0181984 0.0178444 0.0181984 0.0178444
53761 0.0000108 0.0000106 0 0 0.0135391 0.0132973 0.0135391 0.0132973
53768 0.0000053 0.0000051 0 0 0.0120780 0.0117018 0 0
53769 0.0000142 0.0000138 0 0 0.0289652 0.0281635 0.0289652 0.0281635
53770 0.0000082 0.0000080 0 0 0.0146776 0.0143060 0.0146776 0.0143060
53771 0.0000150 0.0000146 0 0 0.0254162 0.0248149 0.0254162 0.0248149
53772 0.0000149 0.0000145 0 0 0.0230097 0.0225088 0.0230097 0.0225088
53773 0.0000085 0.0000083 0 0 0.0123118 0.0120562 0.0123118 0.0120562
53774 0.0000146 0.0000144 0 0 0.0204599 0.0200552 0.0204599 0.0200552
53775 0.0000061 0.0000060 0 0 0.0080716 0.0079189 0.0080716 0.0079189
53776 0.0000023 0.0000023 0 0 0.0029985 0.0029430 0.0029985 0.0029430
53780 0.0000115 0.0000111 0 0 0.0283519 0.0274462 0 0
53781 0.0000149 0.0000145 0 0 0.0299727 0.0291504 0.0149863 0.0145751
53782 0.0000127 0.0000124 0 0 0.0226041 0.0220410 0.0226041 0.0220410
53783 0.0000064 0.0000063 0 0 0.0105335 0.0102873 0.0105335 0.0102873
53784 0.0000144 0.0000141 0 0 0.0235208 0.0229961 0.0235208 0.0229961
53785 0.0000012 0.0000011 0 0 0.0017424 0.0017048 0.0017424 0.0017048
53786 0.0000146 0.0000143 0 0 0.0218355 0.0213772 0.0218355 0.0213772
53787 0.0000026 0.0000025 0 0 0.0036337 0.0035595 0.0036337 0.0035595
53788 0.0000045 0.0000044 0 0 0.0063794 0.0062527 0.0063794 0.0062527
53789 0.0000016 0.0000015 0 0 0.0022101 0.0021667 0.0022101 0.0021667
53790 0.0000023 0.0000022 0 0 0.0031859 0.0031238 0.0031859 0.0031238
53791 0.0000156 0.0000153 0 0 0.0208427 0.0204466 0.0208427 0.0204466
53793 0.0000032 0.0000032 0 0 0.0043332 0.0042532 0.0043332 0.0042532
53794 0.0000112 0.0000110 0 0 0.0149289 0.0146585 0.0149289 0.0146585
53795 0.0000062 0.0000060 0 0 0.0075597 0.0074260 0.0075597 0.0074260
53827 0.0000141 0.0000136 0 0 0.0354830 0.0343260 0 0
53828 0.0000149 0.0000145 0 0 0.0305725 0.0297082 0.0305725 0.0297082
53829 0.0000149 0.0000145 0 0 0.0275619 0.0268506 0.0275619 0.0268506
53830 0.0000130 0.0000127 0 0 0.0218644 0.0213428 0.0218644 0.0213428
53831 0.0000058 0.0000057 0 0 0.0092908 0.0090771 0.0092908 0.0090771
53832 0.0000143 0.0000140 0 0 0.0229373 0.0224279 0.0229373 0.0224279
53833 0.0000016 0.0000015 0 0 0.0023289 0.0022786 0.0023289 0.0022786
53834 0.0000141 0.0000139 0 0 0.0211189 0.0206796 0.0211189 0.0206796
53835 0.0000017 0.0000017 0 0 0.0025897 0.0025371 0.0025897 0.0025371
53836 0.0000065 0.0000063 0 0 0.0096336 0.0094406 0.0096336 0.0094406
53852 0.0000067 0.0000064 0 0 0.0157561 0.0152685 0 0
53853 0.0000041 0.0000039 0 0 0.0082186 0.0079846 0.0082186 0.0079846
53854 0.0000142 0.0000139 0 0 0.0273209 0.0265973 0.0273209 0.0265973
53855 0.0000102 0.0000100 0 0 0.0177405 0.0173049 0.0177405 0.0173049
53856 0.0000039 0.0000038 0 0 0.0063530 0.0062045 0.0063530 0.0062045
53857 0.0000032 0.0000031 0 0 0.0051925 0.0050738 0.0051925 0.0050738
53860 0.0000139 0.0000136 0 0 0.0214003 0.0209423 0.0214003 0.0209423
53861 0.0000083 0.0000081 0 0 0.0118688 0.0116245 0.0118688 0.0116245
53862 0.0000139 0.0000137 0 0 0.0193003 0.0189199 0.0193003 0.0189199
53864 0.0000082 0.0000081 0 0 0.0109311 0.0107230 0.0109311 0.0107230
RN   Bit10Corr  Bit10UC   Bit18Corr  Bit18UC   Bit22Corr  Bit22UC (units pb^-1)UC   Bit30Corr  Bit30UC (units pb^-1)

Totals: 0.01482 0.01417 7.20739 6.73567 16.04601 15.38067 13.99853 13.38996 pb^-1
(int) 0

Processing get_luminosity_182630.C("fullgoodrunlist_v3.list",4,1)...
RN   Bit10Corr  Bit10UC   Bit18Corr  Bit18UC   Bit22Corr  Bit22UC (units pb^-1)UC   Bit30Corr  Bit30
47289 0.0000799 0.0000743 0.0333792 0.0310663 0.0333792 0.0310663 0.0333792 0.0310663
47291 0.0000550 0.0000513 0.0229886 0.0214315 0.0229886 0.0214315 0.0229886 0.0214315
47293 0.0000604 0.0000564 0.0252654 0.0235865 0.0252654 0.0235865 0.0252654 0.0235865
47306 0.0000750 0.0000703 0.0272314 0.0255331 0.0272314 0.0255331 0.0272314 0.0255331
47310 0.0002140 0.0002013 0.0748921 0.0704453 0.0748921 0.0704453 0.0748921 0.0704453
47313 0.0004132 0.0003908 0.1309704 0.1238830 0.1309704 0.1238830 0.1309704 0.1238830
47314 0.0002997 0.0002845 0.0887224 0.0841979 0.0887224 0.0841979 0.0887224 0.0841979
47315 0.0001081 0.0001028 0.0217368 0.0206584 0.0217368 0.0206584 0.0217368 0.0206584
47316 0.0002629 0.0002501 0.0396954 0.0377645 0.0396954 0.0377645 0.0396954 0.0377645
47333 0.0000754 0.0000713 0.0246691 0.0233172 0.0246691 0.0233172 0.0246691 0.0233172
47334 0.0001557 0.0001475 0.0509264 0.0482295 0.0509264 0.0482295 0.0509264 0.0482295
47352 0.0006543 0.0006232 0.0857192 0.0816378 0.0857192 0.0816378 0.0857192 0.0816378
47357 0.0001567 0.0001495 0.0205265 0.0195828 0.0205265 0.0195828 0.0205265 0.0195828
47360 0.0006538 0.0006248 0.0751839 0.0718531 0.0751839 0.0718531 0.0751839 0.0718531
47363 0.0009830 0.0009420 0.1022285 0.0979676 0.1022285 0.0979676 0.1022285 0.0979676
47376 0.0003948 0.0003723 0.0746079 0.0703631 0.0746079 0.0703631 0.0746079 0.0703631
47377 0.0001605 0.0001518 0.0263283 0.0248979 0.0263283 0.0248979 0.0263283 0.0248979
47378 0.0008117 0.0007705 0.1249958 0.1186587 0.1249958 0.1186587 0.1249958 0.1186587
47379 0.0002254 0.0002144 0.0297517 0.0283056 0.0297517 0.0283056 0.0297517 0.0283056
47380 0.0000877 0.0000835 0.0112233 0.0106853 0.0112233 0.0106853 0.0112233 0.0106853
47381 0.0002588 0.0002465 0.0326032 0.0310616 0.0326032 0.0310616 0.0326032 0.0310616
47382 0.0001635 0.0001560 0.0194510 0.0185666 0.0194510 0.0185666 0.0194510 0.0185666
47391 0.0003989 0.0003752 0.0622268 0.0585248 0.0622268 0.0585248 0.0622268 0.0585248
47393 0.0000897 0.0000846 0.0165013 0.0155655 0.0165013 0.0155655 0.0165013 0.0155655
47394 0.0000842 0.0000795 0.0154982 0.0146348 0.0154982 0.0146348 0.0154982 0.0146348
47395 0.0003250 0.0003075 0.0549269 0.0519626 0.0549269 0.0519626 0.0549269 0.0519626
47396 0.0004343 0.0004120 0.0733990 0.0696316 0.0733990 0.0696316 0.0733990 0.0696316
47440 0.0008981 0.0008451 0.1454946 0.1369132 0.1454946 0.1369132 0.1454946 0.1369132
47443 0.0003160 0.0002986 0.0511848 0.0483665 0.0511848 0.0483665 0.0511848 0.0483665
47454 0.0004901 0.0004621 0.1083038 0.1021247 0.1083038 0.1021247 0.1083038 0.1021247
47455 0.0000662 0.0000627 0.0103347 0.0097805 0.0103347 0.0097805 0.0103347 0.0097805
47457 0.0003875 0.0003675 0.0604438 0.0573308 0.0604438 0.0573308 0.0604438 0.0573308
47458 0.0007839 0.0007458 0.1222959 0.1163493 0.1222959 0.1163493 0.1222959 0.1163493
47459 0.0000748 0.0000713 0.0116710 0.0111255 0.0116710 0.0111255 0.0116710 0.0111255
47461 0.0009559 0.0009133 0.1099334 0.1050247 0.1099334 0.1050247 0.1099334 0.1050247
47462 0.0001858 0.0001778 0.0196944 0.0188446 0.0196944 0.0188446 0.0196944 0.0188446
47463 0.0008952 0.0008577 0.0922012 0.0883480 0.0922012 0.0883480 0.0922012 0.0883480
47464 0.0003732 0.0003581 0.0384388 0.0368874 0.0384388 0.0368874 0.0384388 0.0368874
47474 0.0002701 0.0002521 0.0537420 0.0501710 0.0537420 0.0501710 0.0537420 0.0501710
47478 0.0007099 0.0006721 0.1313245 0.1243459 0.1313245 0.1243459 0.1313245 0.1243459
47480 0.0003429 0.0003268 0.0445806 0.0424900 0.0445806 0.0424900 0.0445806 0.0424900
47481 0.0000931 0.0000890 0.0104322 0.0099660 0.0104322 0.0099660 0.0104322 0.0099660
47482 0.0001574 0.0001505 0.0169974 0.0162563 0.0169974 0.0162563 0.0169974 0.0162563
47484 0.0001464 0.0001402 0.0149306 0.0143017 0.0149306 0.0143017 0.0149306 0.0143017
47485 0.0001656 0.0001590 0.0150659 0.0144707 0.0150659 0.0144707 0.0150659 0.0144707
47489 0.0010432 0.0010054 0.0886696 0.0854598 0.0886696 0.0854598 0.0886696 0.0854598
47491 0.0011190 0.0010818 0.0816892 0.0789709 0.0816892 0.0789709 0.0816892 0.0789709
47492 0.0003294 0.0003188 0.0220675 0.0213612 0.0220675 0.0213612 0.0220675 0.0213612
47494 0.0001216 0.0001178 0.0079051 0.0076565 0.0079051 0.0076565 0.0079051 0.0076565
47495 0.0008424 0.0008168 0.0547577 0.0530898 0.0547577 0.0530898 0.0547577 0.0530898
47497 0.0001032 0.0001001 0.0067060 0.0065080 0.0067060 0.0065080 0.0067060 0.0065080
47501 0.0007488 0.0006973 0.1714830 0.1596706 0.1714830 0.1596706 0.1714830 0.1596706
47502 0.0006736 0.0006324 0.1542532 0.1448283 0.1542532 0.1448283 0.1542532 0.1448283
47503 0.0005776 0.0005448 0.1056919 0.0996960 0.1056919 0.0996960 0.1056919 0.0996960
47505 0.0001414 0.0001339 0.0216297 0.0204860 0.0216297 0.0204860 0.0216297 0.0204860
47506 0.0008154 0.0007739 0.1247519 0.1184129 0.1247519 0.1184129 0.1247519 0.1184129
47507 0.0003661 0.0003483 0.0560124 0.0532888 0.0560124 0.0532888 0.0560124 0.0532888
47509 0.0005222 0.0004977 0.0652806 0.0622171 0.0652806 0.0622171 0.0652806 0.0622171
47513 0.0001614 0.0001466 0.0618209 0.0561417 0.0618209 0.0561417 0.0618209 0.0561417
47514 0.0002456 0.0002278 0.0658316 0.0610621 0.0658316 0.0610621 0.0658316 0.0610621
47516 0.0005925 0.0005549 0.1587922 0.1487043 0.1587922 0.1487043 0.1587922 0.1487043
47517 0.0007288 0.0006873 0.1173403 0.1106491 0.1173403 0.1106491 0.1173403 0.1106491
47519 0.0004181 0.0003957 0.0564430 0.0534213 0.0564430 0.0534213 0.0564430 0.0534213
47521 0.0010118 0.0009624 0.1204071 0.1145231 0.1204071 0.1145231 0.1204071 0.1145231
47522 0.0003648 0.0003478 0.0386670 0.0368647 0.0386670 0.0368647 0.0386670 0.0368647
47524 0.0007671 0.0007326 0.0774763 0.0739922 0.0774763 0.0739922 0.0774763 0.0739922
47525 0.0002485 0.0002376 0.0236037 0.0225739 0.0236037 0.0225739 0.0236037 0.0225739
47540 0.0007523 0.0007061 0.1391671 0.1306254 0.1391671 0.1306254 0.1391671 0.1306254
47547 0.0000781 0.0000740 0.0110886 0.0105084 0.0110886 0.0105084 0.0110886 0.0105084
47548 0.0001364 0.0001293 0.0171878 0.0162975 0.0171878 0.0162975 0.0171878 0.0162975
47549 0.0006487 0.0006160 0.0817308 0.0776126 0.0817308 0.0776126 0.0817308 0.0776126
47552 0.0010233 0.0009744 0.1289391 0.1227789 0.1289391 0.1227789 0.1289391 0.1227789
47557 0.0003324 0.0003013 0.1243109 0.1126776 0.1243109 0.1126776 0.1243109 0.1126776
47568 0.0003602 0.0003352 0.0626723 0.0583273 0.0626723 0.0583273 0.0626723 0.0583273
47582 0.0001928 0.0001729 0.1187649 0.1065125 0.1187649 0.1065125 0.1187649 0.1065125
47588 0.0003668 0.0003336 0.2112726 0.1921493 0.2112726 0.1921493 0.2112726 0.1921493
47601 0.0001191 0.0001099 0.0276274 0.0254959 0.0276274 0.0254959 0.0276274 0.0254959
47619 0.0000810 0.0000754 0.0985377 0.0917767 0.0985377 0.0917767 0.0985377 0.0917767
47628 0.0000157 0.0000146 0.0190754 0.0178114 0.0190754 0.0178114 0.0190754 0.0178114
47634 0.0000741 0.0000695 0.0804886 0.0754319 0.0804886 0.0754319 0.0804886 0.0754319
47635 0.0001187 0.0001117 0.1213212 0.1142053 0.1213212 0.1142053 0.1213212 0.1142053
47636 0.0000372 0.0000351 0.0379861 0.0358318 0.0379861 0.0358318 0.0379861 0.0358318
47637 0.0001326 0.0001254 0.1355622 0.1281323 0.1355622 0.1281323 0.1355622 0.1281323
47638 0.0000359 0.0000340 0.0326416 0.0309110 0.0326416 0.0309110 0.0326416 0.0309110
47650 0.0000453 0.0000406 0.0809423 0.0725651 0.0809423 0.0725651 0.0809423 0.0725651
47657 0.0000459 0.0000417 0.0743759 0.0675149 0.0743759 0.0675149 0.0743759 0.0675149
47658 0.0001044 0.0000959 0.1515342 0.1390971 0.1515342 0.1390971 0.1515342 0.1390971
47659 0.0000247 0.0000228 0.0327088 0.0301684 0.0327088 0.0301684 0.0327088 0.0301684
47661 0.0000639 0.0000591 0.0826655 0.0765041 0.0826655 0.0765041 0.0826655 0.0765041
47662 0.0000417 0.0000387 0.0514108 0.0477083 0.0514108 0.0477083 0.0514108 0.0477083
47664 0.0000822 0.0000766 0.0978502 0.0911084 0.0978502 0.0911084 0.0978502 0.0911084
47666 0.0000459 0.0000430 0.0505657 0.0473149 0.0505657 0.0473149 0.0505657 0.0473149
47667 0.0000538 0.0000505 0.0579142 0.0542974 0.0579142 0.0542974 0.0579142 0.0542974
47714 0.0000637 0.0000569 0.1201822 0.1074210 0.1201822 0.1074210 0.1201822 0.1074210
47715 0.0000208 0.0000187 0.0348702 0.0314320 0.0348702 0.0314320 0.0348702 0.0314320
47716 0.0000244 0.0000221 0.0391225 0.0354479 0.0391225 0.0354479 0.0391225 0.0354479
47719 0.0000348 0.0000318 0.0503968 0.0461760 0.0503968 0.0461760 0.0503968 0.0461760
47720 0.0000992 0.0000914 0.1363330 0.1257405 0.1363330 0.1257405 0.1363330 0.1257405
47721 0.0000130 0.0000121 0.0163882 0.0151771 0.0163882 0.0151771 0.0163882 0.0151771
47722 0.0000806 0.0000748 0.1000987 0.0929546 0.1000987 0.0929546 0.1000987 0.0929546
47723 0.0000876 0.0000817 0.1027824 0.0958394 0.1027824 0.0958394 0.1027824 0.0958394
47724 0.0001007 0.0000942 0.1123592 0.1051441 0.1123592 0.1051441 0.1123592 0.1051441
47725 0.0000291 0.0000273 0.0309411 0.0290285 0.0309411 0.0290285 0.0309411 0.0290285
47726 0.0001410 0.0001326 0.1459098 0.1372697 0.1459098 0.1372697 0.1459098 0.1372697
47727 0.0000697 0.0000657 0.0682490 0.0643680 0.0682490 0.0643680 0.0341244 0.0321839
47729 0.0000175 0.0000165 0.0166558 0.0157298 0.0166558 0.0157298 0.0166558 0.0157298
47730 0.0000210 0.0000198 0.0197361 0.0186501 0.0197361 0.0186501 0.0197361 0.0186501
47732 0.0001415 0.0001340 0.1308831 0.1239288 0.1308831 0.1239288 0.1308831 0.1239288
47733 0.0001411 0.0001340 0.1246249 0.1182980 0.1246249 0.1182980 0.1246249 0.1182980
47783 0.0000124 0.0000115 0.0162699 0.0150706 0.0162699 0.0150706 0.0162699 0.0150706
47791 0.0000582 0.0000543 0.0761773 0.0710099 0.0761773 0.0710099 0.0761773 0.0710099
47810 0.0001141 0.0001061 0.1396649 0.1299207 0.1396649 0.1299207 0.1396649 0.1299207
47824 0.0000729 0.0000681 0.0829254 0.0774649 0.0829254 0.0774649 0.0829254 0.0774649
47831 0.0000199 0.0000186 0.0217416 0.0203490 0.0217416 0.0203490 0.0217416 0.0203490
47834 0.0000477 0.0000447 0.0514557 0.0482365 0.0514557 0.0482365 0.0514557 0.0482365
47836 0.0000315 0.0000296 0.0329667 0.0309520 0.0329667 0.0309520 0.0329667 0.0309520
47852 0.0000184 0.0000173 0.0185397 0.0174576 0.0185397 0.0174576 0.0185397 0.0174576
47856 0.0000235 0.0000221 0.0237304 0.0223613 0.0237304 0.0223613 0.0237304 0.0223613
47869 0.0000252 0.0000238 0.0243786 0.0230091 0.0243786 0.0230091 0.0243786 0.0230091
47873 0.0000727 0.0000687 0.0703374 0.0664589 0.0703374 0.0664589 0.0703374 0.0664589
47889 0.0001067 0.0000971 0.1667104 0.1516993 0.1667104 0.1516993 0.1667104 0.1516993
47890 0.0000361 0.0000330 0.0528641 0.0483063 0.0528641 0.0483063 0.0528641 0.0483063
47892 0.0000675 0.0000618 0.0965338 0.0884722 0.0965338 0.0884722 0.0965338 0.0884722
47893 0.0000344 0.0000317 0.0461103 0.0425022 0.0461103 0.0425022 0.0461103 0.0425022
47940 0.0000042 0.0000038 0.0077817 0.0069469 0.0077817 0.0069469 0.0077817 0.0069469
47944 0.0000042 0.0000039 0.0069613 0.0063246 0.0069613 0.0063246 0.0069613 0.0063246
47946 0.0000032 0.0000029 0.0045156 0.0041342 0.0045156 0.0041342 0.0045156 0.0041342
47966 0.0000200 0.0000188 0.0247488 0.0232580 0.0247488 0.0232580 0.0247488 0.0232580
47972 0.0000949 0.0000902 0.0842146 0.0800196 0.0842146 0.0800196 0.0842146 0.0800196
47973 0.0000231 0.0000220 0.0186584 0.0177821 0.0186584 0.0177821 0.0186584 0.0177821
47975 0.0000099 0.0000095 0.0078389 0.0074776 0.0078389 0.0074776 0.0078389 0.0074776
47976 0.0000518 0.0000495 0.0394719 0.0377376 0.0394719 0.0377376 0.0394719 0.0377376
47977 0.0000130 0.0000125 0.0094699 0.0090690 0.0094699 0.0090690 0.0094699 0.0090690
47978 0.0000701 0.0000672 0.0502145 0.0481371 0.0502145 0.0481371 0.0502145 0.0481371
47979 0.0000515 0.0000495 0.0360320 0.0345735 0.0360320 0.0345735 0.0360320 0.0345735
47982 0.0000435 0.0000418 0.0292709 0.0281287 0.0292709 0.0281287 0.0292709 0.0281287
47998 0.0000272 0.0000245 0.0479620 0.0431003 0.0479620 0.0431003 0.0479620 0.0431003
47999 0.0000387 0.0000352 0.0608166 0.0553456 0.0608166 0.0553456 0.0608166 0.0553456
48001 0.0000332 0.0000304 0.0479964 0.0439925 0.0479964 0.0439925 0.0479964 0.0439925
48002 0.0000848 0.0000782 0.1226917 0.1130279 0.1226917 0.1130279 0.1226917 0.1130279
48008 0.0000616 0.0000573 0.0751704 0.0699991 0.0751704 0.0699991 0.0751704 0.0699991
48011 0.0000666 0.0000623 0.0738187 0.0690831 0.0738187 0.0690831 0.0738187 0.0690831
48023 0.0000036 0.0000033 0.0039354 0.0036949 0.0039354 0.0036949 0.0039354 0.0036949
48073 0.0000107 0.0000099 0.0186317 0.0172379 0.0186317 0.0172379 0.0186317 0.0172379
48076 0.0000464 0.0000433 0.0807626 0.0753351 0.0807626 0.0753351 0.0807626 0.0753351
48079 0.0000182 0.0000171 0.0196527 0.0184310 0.0196527 0.0184310 0.0196527 0.0184310
48082 0.0000205 0.0000193 0.0212469 0.0199622 0.0212469 0.0199622 0.0212469 0.0199622
48084 0.0000765 0.0000720 0.0777387 0.0731806 0.0777387 0.0731806 0.0777387 0.0731806
48085 0.0000300 0.0000284 0.0285448 0.0269634 0.0285448 0.0269634 0.0285448 0.0269634
48086 0.0000528 0.0000500 0.0484996 0.0459176 0.0484996 0.0459176 0.0484996 0.0459176
48088 0.0000567 0.0000522 0.0832045 0.0766957 0.0832045 0.0766957 0.0832045 0.0766957
48089 0.0000476 0.0000443 0.0577086 0.0537202 0.0577086 0.0537202 0.0577086 0.0537202
48097 0.0000268 0.0000254 0.0278619 0.0263658 0.0278619 0.0263658 0.0278619 0.0263658
48099 0.0000495 0.0000469 0.0449760 0.0426122 0.0449760 0.0426122 0.0449760 0.0426122
48166 0.0000732 0.0000693 0 0 0 0 0 0
48172 0.0002926 0.0002691 0 0 0 0 0 0
48176 0.0000532 0.0000495 0.0672985 0.0626623 0.0672985 0.0626623 0.0672985 0.0626623
48177 0.0000559 0.0000523 0.0626101 0.0586063 0.0626101 0.0586063 0.0626101 0.0586063
48179 0.0000472 0.0000443 0.0497774 0.0467751 0.0497774 0.0467751 0.0497774 0.0467751
48181 0.0000455 0.0000430 0.0480418 0.0453677 0.0480418 0.0453677 0.0480418 0.0453677
48185 0.0000193 0.0000183 0.0204116 0.0193381 0.0204116 0.0193381 0.0204116 0.0193381
48230 0.0000488 0.0000448 0.0135962 0.0124829 0.0068334 0.0062739 0.0067280 0.0061771
48233 0.0000184 0.0000172 0.0435402 0.0405736 0.0435402 0.0405736 0.0435402 0.0405736
48236 0.0000254 0.0000239 0.0542555 0.0509079 0.0542555 0.0509079 0.0542555 0.0509079
48237 0.0000354 0.0000333 0.0720385 0.0678147 0.0720385 0.0678147 0.0720385 0.0678147
48238 0.0000285 0.0000270 0.0546234 0.0516000 0.0546234 0.0516000 0.0546234 0.0516000
48239 0.0000268 0.0000254 0.0512932 0.0485346 0.0512932 0.0485346 0.0512932 0.0485346
48240 0.0000272 0.0000258 0.0521345 0.0494108 0.0521345 0.0494108 0.0521345 0.0494108
48244 0.0001379 0.0001309 0 0 0 0 0 0
48245 0.0000118 0.0000113 0.0202605 0.0192494 0.0202605 0.0192494 0.0202605 0.0192494
48246 0.0000331 0.0000315 0.0565572 0.0537875 0.0565572 0.0537875 0.0565572 0.0537875
48253 0.0000121 0.0000112 0.0313782 0.0290764 0.0313782 0.0290764 0.0156890 0.0145381
48255 0.0000336 0.0000314 0.0803878 0.0751492 0.0803878 0.0751492 0.0401938 0.0375745
48256 0.0000310 0.0000292 0.0742093 0.0698080 0.0742093 0.0698080 0.0371047 0.0349040
48257 0.0000289 0.0000273 0.0691069 0.0652725 0.0691069 0.0652725 0.0345534 0.0326362
48258 0.0000274 0.0000260 0.0655970 0.0621456 0.0655970 0.0621456 0.0327985 0.0310728
48259 0.0000165 0.0000157 0.0394736 0.0374753 0.0394736 0.0374753 0.0197368 0.0187376
48260 0.0000250 0.0000238 0.0597898 0.0569261 0.0597898 0.0569261 0.0298949 0.0284631
48261 0.0000073 0.0000069 0.0173585 0.0165475 0.0173585 0.0165475 0.0086792 0.0082737
48262 0.0000233 0.0000222 0.0556805 0.0531917 0.0556805 0.0531917 0.0278403 0.0265959
48263 0.0000171 0.0000164 0.0409728 0.0391902 0.0409728 0.0391902 0.0204864 0.0195951
48265 0.0000219 0.0000210 0.0523615 0.0501646 0.0523615 0.0501646 0.0261808 0.0250824
48290 0.0000403 0.0000377 0.0907264 0.0848417 0.0907264 0.0848417 0.0907264 0.0848417
48291 0.0000361 0.0000339 0.0759427 0.0713180 0.0759427 0.0713180 0.0759427 0.0713180
48293 0.0000356 0.0000335 0.0722584 0.0680160 0.0722584 0.0680160 0.0722584 0.0680160
48294 0.0000363 0.0000343 0.0713149 0.0672578 0.0713149 0.0672578 0.0713149 0.0672578
48295 0.0000182 0.0000172 0.0346683 0.0327381 0.0346683 0.0327381 0.0346683 0.0327381
48307 0.0000054 0.0000050 0.0126088 0.0117517 0.0126088 0.0117517 0.0126088 0.0117517
48312 0.0000377 0.0000354 0.0795132 0.0747698 0.0795132 0.0747698 0.0795132 0.0747698
48313 0.0000186 0.0000176 0.0364633 0.0343994 0.0364633 0.0343994 0.0364633 0.0343994
48318 0.0000062 0.0000059 0.0112293 0.0106394 0.0112293 0.0106394 0.0112293 0.0106394
48320 0.0000177 0.0000168 0.0313471 0.0297314 0.0313471 0.0297314 0.0313471 0.0297314
48323 0.0000360 0.0000342 0.0602688 0.0573680 0.0602688 0.0573680 0.0602688 0.0573680
48324 0.0000320 0.0000305 0.0514980 0.0491158 0.0514980 0.0491158 0.0514980 0.0491158
48325 0.0000341 0.0000326 0.0549784 0.0525187 0.0549784 0.0525187 0.0549784 0.0525187
48326 0.0000186 0.0000178 0.0300245 0.0287148 0.0300245 0.0287148 0.0300245 0.0287148
48327 0.0000046 0.0000044 0.0073607 0.0070569 0.0073607 0.0070569 0.0073607 0.0070569
48336 0.0000154 0.0000144 0.0364141 0.0339097 0.0364141 0.0339097 0.0364141 0.0339097
48337 0.0000069 0.0000064 0.0162521 0.0151667 0.0162521 0.0151667 0.0162521 0.0151667
48341 0.0000056 0.0000053 0.0133013 0.0124475 0.0133013 0.0124475 0.0133013 0.0124475
48342 0.0000254 0.0000238 0.0541240 0.0507725 0.0541240 0.0507725 0.0541240 0.0507725
48343 0.0000097 0.0000091 0.0199345 0.0187397 0.0199345 0.0187397 0.0199345 0.0187397
48346 0.0000330 0.0000311 0.0649678 0.0612654 0.0649678 0.0612654 0.0649678 0.0612654
48347 0.0000063 0.0000060 0.0297434 0.0280871 0.0297434 0.0280871 0.0297434 0.0280871
48348 0.0000342 0.0000324 0.0635384 0.0601221 0.0635384 0.0601221 0.0635384 0.0601221
48349 0.0000087 0.0000082 0.0157274 0.0148968 0.0157274 0.0148968 0.0157274 0.0148968
48352 0.0000312 0.0000296 0.0546249 0.0518451 0.0546249 0.0518451 0.0546249 0.0518451
48356 0.0000346 0.0000322 0.0885961 0.0823055 0.0885961 0.0823055 0.0885961 0.0823055
48358 0.0000348 0.0000327 0.0737868 0.0693120 0.0737868 0.0693120 0.0737868 0.0693120
48359 0.0000349 0.0000329 0.0698633 0.0658407 0.0698633 0.0658407 0.0698633 0.0658407
48366 0.0000331 0.0000315 0.0570113 0.0541790 0.0570113 0.0541790 0.0570113 0.0541790
48367 0.0000353 0.0000336 0.0587322 0.0559063 0.0587322 0.0559063 0.0587322 0.0559063
48368 0.0000346 0.0000330 0.0575270 0.0548328 0.0575270 0.0548328 0.0575270 0.0548328
48369 0.0000284 0.0000271 0.0472923 0.0451281 0.0472923 0.0451281 0.0472923 0.0451281
48398 0.0000112 0.0000104 0.0278242 0.0258301 0.0278242 0.0258301 0.0278242 0.0258301
48409 0.0000340 0.0000319 0.0732035 0.0686815 0.0732035 0.0686815 0.0732035 0.0686815
48410 0.0000366 0.0000344 0.0788206 0.0741860 0.0788206 0.0741860 0.0788206 0.0741860
48412 0.0000304 0.0000287 0.0654460 0.0618508 0.0654460 0.0618508 0.0654460 0.0618508
48416 0.0000182 0.0000172 0.0391753 0.0370769 0.0391753 0.0370769 0.0391753 0.0370769
48417 0.0000282 0.0000267 0.0606765 0.0575424 0.0606765 0.0575424 0.0606765 0.0575424
48418 0.0000060 0.0000057 0.0128745 0.0122225 0.0128745 0.0122225 0.0128745 0.0122225
48421 0.0000254 0.0000242 0.0430709 0.0409555 0.0430709 0.0409555 0.0430709 0.0409555
48423 0.0000089 0.0000085 0.0150994 0.0143742 0.0150994 0.0143742 0.0150994 0.0143742
48455 0.0000177 0.0000163 0.0498109 0.0458325 0.0498109 0.0458325 0.0498109 0.0458325
48456 0.0000072 0.0000067 0.0188907 0.0174537 0.0188907 0.0174537 0.0188907 0.0174537
48461 0.0000287 0.0000267 0.0694309 0.0646069 0.0694309 0.0646069 0.0694309 0.0646069
48462 0.0000298 0.0000278 0.0720898 0.0673898 0.0720898 0.0673898 0.0720898 0.0673898
48463 0.0000322 0.0000303 0.0689304 0.0646840 0.0689304 0.0646840 0.0689304 0.0646840
48469 0.0000317 0.0000299 0.0618667 0.0584090 0.0618667 0.0584090 0.0618667 0.0584090
48471 0.0000055 0.0000052 0.0101707 0.0096164 0.0101707 0.0096164 0.0101707 0.0096164
48510 0.0000125 0.0000114 0.0386227 0.0351752 0.0386227 0.0351752 0.0386227 0.0351752
48511 0.0000124 0.0000113 0.0382453 0.0349033 0.0382453 0.0349033 0.0382453 0.0349033
48512 0.0000139 0.0000127 0.0428809 0.0392579 0.0428809 0.0392579 0.0428809 0.0392579
48513 0.0000317 0.0000292 0.0981857 0.0902540 0.0981857 0.0902540 0.0981857 0.0902540
48514 0.0000184 0.0000170 0.0568804 0.0524718 0.0568804 0.0524718 0.0568804 0.0524718
48516 0.0000174 0.0000161 0.0538776 0.0498575 0.0538776 0.0498575 0.0538776 0.0498575
48518 0.0000316 0.0000294 0.0778488 0.0722841 0.0778488 0.0722841 0.0778488 0.0722841
48519 0.0000199 0.0000185 0.0489007 0.0454946 0.0489007 0.0454946 0.0489007 0.0454946
48520 0.0000334 0.0000312 0.0822006 0.0767311 0.0822006 0.0767311 0.0822006 0.0767311
48521 0.0000335 0.0000313 0.0824882 0.0771342 0.0824882 0.0771342 0.0824882 0.0771342
48522 0.0000343 0.0000321 0.0844361 0.0790982 0.0844361 0.0790982 0.0844361 0.0790982
48527 0.0000041 0.0000038 0.0100586 0.0094429 0.0100586 0.0094429 0.0100586 0.0094429
48529 0.0000124 0.0000116 0.0304993 0.0286607 0.0304993 0.0286607 0.0304993 0.0286607
48530 0.0000289 0.0000273 0.0712662 0.0670909 0.0712662 0.0670909 0.0712662 0.0670909
48531 0.0000279 0.0000263 0.0685943 0.0646526 0.0685943 0.0646526 0.0685943 0.0646526
48532 0.0000264 0.0000249 0.0650327 0.0613634 0.0650327 0.0613634 0.0650327 0.0613634
48533 0.0000192 0.0000182 0.0473351 0.0447055 0.0473351 0.0447055 0.0473351 0.0447055
48536 0.0000089 0.0000084 0.0218579 0.0206700 0.0218579 0.0206700 0.0218579 0.0206700
48635 0.0000357 0.0000329 0.0955243 0.0881364 0.0955243 0.0881364 0.0955243 0.0881364
48636 0.0000328 0.0000304 0.0878392 0.0813800 0.0878392 0.0813800 0.0878392 0.0813800
48638 0.0000213 0.0000198 0.0571228 0.0530897 0.0571228 0.0530897 0.0571228 0.0530897
48639 0.0000229 0.0000213 0.0613169 0.0571267 0.0613169 0.0571267 0.0613169 0.0571267
48640 0.0000296 0.0000277 0.0793755 0.0743005 0.0793755 0.0743005 0.0793755 0.0743005
48645 0.0000273 0.0000256 0.0730566 0.0686637 0.0730566 0.0686637 0.0730566 0.0686637
48656 0.0000090 0.0000085 0.0241484 0.0227786 0.0241484 0.0227786 0.0241484 0.0227786
48657 0.0000258 0.0000244 0.0690931 0.0652476 0.0690931 0.0652476 0.0690931 0.0652476
48658 0.0000245 0.0000231 0.0655752 0.0620125 0.0655752 0.0620125 0.0655752 0.0620125
48660 0.0000169 0.0000160 0.0453780 0.0429769 0.0453780 0.0429769 0.0453780 0.0429769
48701 0.0000201 0.0000182 0.0675183 0.0611384 0.0675183 0.0611384 0.0675183 0.0611384
48706 0.0000046 0.0000040 0.0191132 0.0167558 0.0191132 0.0167558 0.0191132 0.0167558
48720 0.0000242 0.0000222 0.0675590 0.0621969 0.0675590 0.0621969 0.0675590 0.0621969
48721 0.0000157 0.0000146 0.0378582 0.0352038 0.0378582 0.0352038 0.0378582 0.0352038
48722 0.0000496 0.0000464 0.1197265 0.1119850 0.1197265 0.1119850 0.1197265 0.1119850
48725 0.0000347 0.0000327 0.0838617 0.0789123 0.0838617 0.0789123 0.0838617 0.0789123
48726 0.0000394 0.0000372 0.0949984 0.0896955 0.0949984 0.0896955 0.0949984 0.0896955
48727 0.0000506 0.0000480 0.1220878 0.1157853 0.1220878 0.1157853 0.1220878 0.1157853
48730 0.0000051 0.0000045 0.0207697 0.0182818 0.0207697 0.0182818 0.0207697 0.0182818
48731 0.0000323 0.0000287 0.1279875 0.1136655 0.1279875 0.1136655 0.1279875 0.1136655
48732 0.0000067 0.0000060 0.0231876 0.0208997 0.0231876 0.0208997 0.0231876 0.0208997
48734 0.0000465 0.0000423 0.0752193 0.0682845 0.0752193 0.0682845 0.0752193 0.0682845
48735 0.0000539 0.0000494 0.0778555 0.0714041 0.0778555 0.0714041 0.0778555 0.0714041
48736 0.0000199 0.0000183 0.0260005 0.0240189 0.0260005 0.0240189 0.0260005 0.0240189
48742 0.0000382 0.0000355 0.0472981 0.0439039 0.0472981 0.0439039 0.0472981 0.0439039
48743 0.0000299 0.0000279 0.0335825 0.0314018 0.0335825 0.0314018 0.0335825 0.0314018
48745 0.0000154 0.0000144 0.0165485 0.0155089 0.0165485 0.0155089 0.0165485 0.0155089
48746 0.0000114 0.0000108 0.0121063 0.0113888 0.0121063 0.0113888 0.0121063 0.0113888
48801 0.0000672 0.0000615 0.1084670 0.0992429 0.1084670 0.0992429 0.1084670 0.0992429
48803 0.0000349 0.0000323 0.0458146 0.0423985 0.0458146 0.0423985 0.0458146 0.0423985
48805 0.0000500 0.0000465 0.0655675 0.0610084 0.0655675 0.0610084 0.0655675 0.0610084
48806 0.0000113 0.0000105 0.0147855 0.0138075 0.0147855 0.0138075 0.0147855 0.0138075
48807 0.0000718 0.0000673 0.0942042 0.0882688 0.0942042 0.0882688 0.0942042 0.0882688
48810 0.0000169 0.0000159 0.0221241 0.0209015 0.0221241 0.0209015 0.0221241 0.0209015
48811 0.0000128 0.0000121 0.0168129 0.0159032 0.0168129 0.0159032 0.0168129 0.0159032
48812 0.0000302 0.0000286 0.0395860 0.0375079 0.0395860 0.0375079 0.0395860 0.0375079
48813 0.0000421 0.0000400 0.0552419 0.0525343 0.0552419 0.0525343 0.0552419 0.0525343
48814 0.0000814 0.0000777 0.1068551 0.1019045 0.1068551 0.1019045 0.1068551 0.1019045
48824 0.0000291 0.0000259 0.0554094 0.0493475 0.0554094 0.0493475 0.0554094 0.0493475
48826 0.0000524 0.0000498 0.0489853 0.0464990 0.0489853 0.0464990 0.0489853 0.0464990
48828 0.0000983 0.0000911 0.1292126 0.1198259 0.1292126 0.1198259 0.1292126 0.1198259
48829 0.0000250 0.0000233 0.0284577 0.0265739 0.0284577 0.0265739 0.0284577 0.0265739
48830 0.0000175 0.0000163 0.0193225 0.0180722 0.0193225 0.0180722 0.0193225 0.0180722
48832 0.0000727 0.0000683 0.0782328 0.0734653 0.0782328 0.0734653 0.0782328 0.0734653
48836 0.0000893 0.0000846 0.0833249 0.0788926 0.0833249 0.0788926 0.0833249 0.0788926
48838 0.0000628 0.0000597 0.0536939 0.0510564 0.0536939 0.0510564 0.0536939 0.0510564
48839 0.0000673 0.0000641 0.0575417 0.0548212 0.0575417 0.0548212 0.0575417 0.0548212
48863 0.0000205 0.0000186 0.0328197 0.0298142 0.0328197 0.0298142 0.0328197 0.0298142
48864 0.0000632 0.0000578 0.1012321 0.0926145 0.1012321 0.0926145 0.1012321 0.0926145
48865 0.0000416 0.0000384 0.0666676 0.0615100 0.0666676 0.0615100 0.0666676 0.0615100
48867 0.0000243 0.0000225 0.0308385 0.0286309 0.0308385 0.0286309 0.0308385 0.0286309
48883 0.0000174 0.0000155 0.0326062 0.0289970 0.0326062 0.0289970 0.0326062 0.0289970
48884 0.0000179 0.0000160 0.0335625 0.0300193 0.0335625 0.0300193 0.0335625 0.0300193
48885 0.0000114 0.0000103 0.0213999 0.0192212 0.0213999 0.0192212 0.0213999 0.0192212
48888 0.0000421 0.0000383 0.0708716 0.0644569 0.0708716 0.0644569 0.0708716 0.0644569
48891 0.0000798 0.0000738 0.1055751 0.0976516 0.1055751 0.0976516 0.1055751 0.0976516
48892 0.0000295 0.0000274 0.0358637 0.0333214 0.0358637 0.0333214 0.0358637 0.0333214
48893 0.0000242 0.0000225 0.0286646 0.0266825 0.0286646 0.0266825 0.0286646 0.0266825
48894 0.0000171 0.0000159 0.0197132 0.0183785 0.0197132 0.0183785 0.0197132 0.0183785
48895 0.0000549 0.0000513 0.0625505 0.0584368 0.0625505 0.0584368 0.0625505 0.0584368
48897 0.0000553 0.0000519 0.0592567 0.0555873 0.0592567 0.0555873 0.0592567 0.0555873
48899 0.0000711 0.0000670 0.0729759 0.0687222 0.0729759 0.0687222 0.0729759 0.0687222
48900 0.0000271 0.0000256 0.0261366 0.0246684 0.0261366 0.0246684 0.0261366 0.0246684
48901 0.0000218 0.0000206 0.0206218 0.0194828 0.0206218 0.0194828 0.0206218 0.0194828
48902 0.0001055 0.0000999 0.0983368 0.0931189 0.0983368 0.0931189 0.0983368 0.0931189
48903 0.0000735 0.0000696 0.0685654 0.0649042 0.0685654 0.0649042 0.0685654 0.0649042
48935 0.0000282 0.0000250 0.0558293 0.0495155 0.0558293 0.0495155 0.0558293 0.0495155
48938 0.0000298 0.0000271 0.0467702 0.0425461 0.0467702 0.0425461 0.0467702 0.0425461
48940 0.0000246 0.0000226 0.0357865 0.0328153 0.0357865 0.0328153 0.0357865 0.0328153
48943 0.0001171 0.0001086 0.1704311 0.1579940 0.1704311 0.1579940 0.1704311 0.1579940
48946 0.0000650 0.0000608 0.0945566 0.0884455 0.0945566 0.0884455 0.0945566 0.0884455
48947 0.0000504 0.0000474 0.0733551 0.0688954 0.0733551 0.0688954 0.0733551 0.0688954
48949 0.0000766 0.0000723 0.1113980 0.1051439 0.1113980 0.1051439 0.1113980 0.1051439
48951 0.0000292 0.0000276 0.0424343 0.0401929 0.0424343 0.0401929 0.0424343 0.0401929
48952 0.0000958 0.0000910 0.1394172 0.1324598 0.1394172 0.1324598 0.1394172 0.1324598
48971 0.0000328 0.0000291 0.0649163 0.0575484 0.0649163 0.0575484 0.0649163 0.0575484
48976 0.0000171 0.0000154 0.0312264 0.0280591 0.0312264 0.0280591 0.0312264 0.0280591
48982 0.0000311 0.0000285 0.0568392 0.0519467 0.0568392 0.0519467 0.0568392 0.0519467
48983 0.0000959 0.0000884 0.1749570 0.1612503 0.1749570 0.1612503 0.1749570 0.1612503
48984 0.0000369 0.0000342 0.0672936 0.0624536 0.0672936 0.0624536 0.0672936 0.0624536
48985 0.0000913 0.0000852 0.1665472 0.1554186 0.1665472 0.1554186 0.1665472 0.1554186
48986 0.0000494 0.0000463 0.0533851 0.0500524 0.0533851 0.0500524 0.0533851 0.0500524
48987 0.0000194 0.0000183 0.0210054 0.0197570 0.0210054 0.0197570 0.0210054 0.0197570
48988 0.0001056 0.0000996 0.1141529 0.1076189 0.1141529 0.1076189 0.1141529 0.1076189
48989 0.0001216 0.0001151 0.1314634 0.1244078 0.1314634 0.1244078 0.1314634 0.1244078
48990 0.0000391 0.0000371 0.0345657 0.0327914 0.0345657 0.0327914 0.0345657 0.0327914
48991 0.0001075 0.0001022 0.0931122 0.0884995 0.0931122 0.0884995 0.0931122 0.0884995
49019 0.0000675 0.0000601 0.1311797 0.1168093 0.1311797 0.1168093 0.1311797 0.1168093
49023 0.0000328 0.0000302 0.0637104 0.0586342 0.0637104 0.0586342 0.0637104 0.0586342
49026 0.0000209 0.0000191 0.0311995 0.0285086 0.0311995 0.0285086 0.0311995 0.0285086
49027 0.0000184 0.0000169 0.0260957 0.0239333 0.0260957 0.0239333 0.0260957 0.0239333
49029 0.0000197 0.0000182 0.0266187 0.0245261 0.0266187 0.0245261 0.0266187 0.0245261
49030 0.0000267 0.0000247 0.0343933 0.0318088 0.0343933 0.0318088 0.0343933 0.0318088
49031 0.0000257 0.0000238 0.0321725 0.0298283 0.0321725 0.0298283 0.0321725 0.0298283
49033 0.0000035 0.0000034 0.0042160 0.0041068 0.0042160 0.0041068 0.0042160 0.0041068
49034 0.0000190 0.0000186 0.0066370 0.0065040 0.0066370 0.0065040 0.0066370 0.0065040
49035 0.0000236 0.0000232 0.0079111 0.0077591 0.0079111 0.0077591 0.0079111 0.0077591
49038 0.0000331 0.0000325 0.0108466 0.0106439 0.0108466 0.0106439 0.0108466 0.0106439
49042 0.0000388 0.0000381 0.0123372 0.0121121 0.0123372 0.0121121 0.0123372 0.0121121
49043 0.0000238 0.0000234 0.0072866 0.0071591 0.0072866 0.0071591 0.0072866 0.0071591
49045 0.0000482 0.0000474 0.0139327 0.0137038 0.0139327 0.0137038 0.0139327 0.0137038
49048 0.0000097 0.0000096 0.0028053 0.0027606 0.0028053 0.0027606 0.0028053 0.0027606
49050 0.0000086 0.0000084 0.0024754 0.0024364 0.0024754 0.0024364 0.0024754 0.0024364
49053 0.0000519 0.0000511 0.0134412 0.0132421 0.0134412 0.0132421 0.0134412 0.0132421
49054 0.0000455 0.0000449 0.0117923 0.0116219 0.0117923 0.0116219 0.0117923 0.0116219
49057 0.0000855 0.0000771 0.1517429 0.1368204 0.1517429 0.1368204 0.1517429 0.1368204
49059 0.0000132 0.0000121 0.0234931 0.0214346 0.0234931 0.0214346 0.0234931 0.0214346
49060 0.0000204 0.0000186 0.0361221 0.0330836 0.0361221 0.0330836 0.0361221 0.0330836
49061 0.0000155 0.0000142 0.0213884 0.0196751 0.0213884 0.0196751 0.0213884 0.0196751
49062 0.0000579 0.0000540 0.0670742 0.0626102 0.0670742 0.0626102 0.0670742 0.0626102
49063 0.0000266 0.0000249 0.0308772 0.0289048 0.0308772 0.0289048 0.0308772 0.0289048
49064 0.0000640 0.0000602 0.0677883 0.0637380 0.0677883 0.0637380 0.0677883 0.0637380
49065 0.0000832 0.0000785 0.0881526 0.0831206 0.0881526 0.0831206 0.0881526 0.0831206
49066 0.0000435 0.0000411 0.0407724 0.0385581 0.0407724 0.0385581 0.0407724 0.0385581
49067 0.0000496 0.0000470 0.0465250 0.0440712 0.0465250 0.0440712 0.0465250 0.0440712
49068 0.0000371 0.0000352 0.0325932 0.0309314 0.0325932 0.0309314 0.0325932 0.0309314
49069 0.0000991 0.0000943 0.0869667 0.0827811 0.0869667 0.0827811 0.0869667 0.0827811
49070 0.0000496 0.0000473 0.0435433 0.0415115 0.0435433 0.0415115 0.0435433 0.0415115
49071 0.0000489 0.0000466 0.0384482 0.0366991 0.0384482 0.0366991 0.0384482 0.0366991
49072 0.0000425 0.0000406 0.0334754 0.0319879 0.0334754 0.0319879 0.0334754 0.0319879
49073 0.0000280 0.0000267 0.0207409 0.0198478 0.0207409 0.0198478 0.0207409 0.0198478
49098 0.0000119 0.0000106 0.0211642 0.0189000 0.0211642 0.0189000 0.0211642 0.0189000
49099 0.0000705 0.0000635 0.1241585 0.1118193 0.1241585 0.1118193 0.1241585 0.1118193
49100 0.0000362 0.0000329 0.0572903 0.0520847 0.0572903 0.0520847 0.0572903 0.0520847
49110 0.0000853 0.0000791 0.1192231 0.1105265 0.1192231 0.1105265 0.1192231 0.1105265
49111 0.0000588 0.0000549 0.0674741 0.0630031 0.0674741 0.0630031 0.0674741 0.0630031
49113 0.0000439 0.0000412 0.0461745 0.0434113 0.0461745 0.0434113 0.0461745 0.0434113
49114 0.0000547 0.0000516 0.0542234 0.0511113 0.0542234 0.0511113 0.0542234 0.0511113
49116 0.0001191 0.0001126 0.1142160 0.1079690 0.1142160 0.1079690 0.1142160 0.1079690
49117 0.0000648 0.0000614 0.0588141 0.0557324 0.0588141 0.0557324 0.0588141 0.0557324
49118 0.0000444 0.0000422 0.0378847 0.0360123 0.0378847 0.0360123 0.0378847 0.0360123
49121 0.0000648 0.0000575 0.1318458 0.1170994 0.1318458 0.1170994 0.1318458 0.1170994
49125 0.0000826 0.0000754 0.1361131 0.1241546 0.1361131 0.1241546 0.1361131 0.1241546
49126 0.0000453 0.0000417 0.0616775 0.0568457 0.0616775 0.0568457 0.0616775 0.0568457
49127 0.0001160 0.0001078 0.1580529 0.1468124 0.1580529 0.1468124 0.1580529 0.1468124
49128 0.0000173 0.0000162 0.0196362 0.0183345 0.0196362 0.0183345 0.0196362 0.0183345
49132 0.0000178 0.0000167 0.0188750 0.0177379 0.0188750 0.0177379 0.0188750 0.0177379
49133 0.0000376 0.0000355 0.0365951 0.0345311 0.0365951 0.0345311 0.0365951 0.0345311
49134 0.0000694 0.0000657 0.0675023 0.0638347 0.0675023 0.0638347 0.0675023 0.0638347
49135 0.0000424 0.0000402 0.0383617 0.0363523 0.0383617 0.0363523 0.0383617 0.0363523
49136 0.0001142 0.0001085 0.1033350 0.0981776 0.1033350 0.0981776 0.1033350 0.0981776
49137 0.0000614 0.0000585 0.0505463 0.0481495 0.0505463 0.0481495 0.0505463 0.0481495
49138 0.0000380 0.0000363 0.0294490 0.0281275 0.0294490 0.0281275 0.0294490 0.0281275
49139 0.0000333 0.0000319 0.0248080 0.0237372 0.0248080 0.0237372 0.0248080 0.0237372
49140 0.0000423 0.0000406 0.0303451 0.0290842 0.0303451 0.0290842 0.0303451 0.0290842
49141 0.0000918 0.0000881 0.0646107 0.0620095 0.0646107 0.0620095 0.0646107 0.0620095
49142 0.0000246 0.0000236 0.0165962 0.0159467 0.0165962 0.0159467 0.0165962 0.0159467
49143 0.0000214 0.0000206 0.0138957 0.0133708 0.0138957 0.0133708 0.0138957 0.0133708
49144 0.0000088 0.0000085 0.0057284 0.0055139 0.0057284 0.0055139 0.0057284 0.0055139
49148 0.0000275 0.0000265 0.0179000 0.0172379 0.0179000 0.0172379 0.0179000 0.0172379
49155 0.0000207 0.0000199 0.0134240 0.0129466 0.0134240 0.0129466 0.0134240 0.0129466
49157 0.0000314 0.0000303 0.0189110 0.0182523 0.0189110 0.0182523 0.0189110 0.0182523
49158 0.0000435 0.0000420 0.0250864 0.0242510 0.0250864 0.0242510 0.0250864 0.0242510
49159 0.0000713 0.0000690 0.0411643 0.0398353 0.0411643 0.0398353 0.0411643 0.0398353
49165 0.0000322 0.0000312 0.0175290 0.0169785 0.0175290 0.0169785 0.0175290 0.0169785
49168 0.0000321 0.0000311 0.0175040 0.0169620 0.0175040 0.0169620 0.0175040 0.0169620
49217 0.0000359 0.0000321 0.0689105 0.0615117 0.0689105 0.0615117 0.0689105 0.0615117
49218 0.0000203 0.0000183 0.0352625 0.0317286 0.0352625 0.0317286 0.0352625 0.0317286
49219 0.0000998 0.0000913 0.1568359 0.1434721 0.1568359 0.1434721 0.1568359 0.1434721
49224 0.0000238 0.0000221 0.0293813 0.0272624 0.0293813 0.0272624 0.0293813 0.0272624
49226 0.0000429 0.0000399 0.0529149 0.0492328 0.0529149 0.0492328 0.0529149 0.0492328
49227 0.0000638 0.0000596 0.0787109 0.0734703 0.0787109 0.0734703 0.0787109 0.0734703
49228 0.0000829 0.0000777 0.0913872 0.0856730 0.0913872 0.0856730 0.0913872 0.0856730
49229 0.0000321 0.0000302 0.0331448 0.0311494 0.0331448 0.0311494 0.0331448 0.0311494
49230 0.0000331 0.0000312 0.0318685 0.0300805 0.0318685 0.0300805 0.0318685 0.0300805
49232 0.0001063 0.0001005 0.1023338 0.0968010 0.1023338 0.0968010 0.1023338 0.0968010
49233 0.0000122 0.0000116 0.0109883 0.0104111 0.0109883 0.0104111 0.0109883 0.0104111
49240 0.0000457 0.0000408 0.0910777 0.0812730 0.0910777 0.0812730 0.0910777 0.0812730
49241 0.0000300 0.0000271 0.0598115 0.0539569 0.0598115 0.0539569 0.0598115 0.0539569
49244 0.0000627 0.0000571 0.0993874 0.0905546 0.0993874 0.0905546 0.0993874 0.0905546
49245 0.0000310 0.0000285 0.0437973 0.0402076 0.0437973 0.0402076 0.0437973 0.0402076
49246 0.0000288 0.0000265 0.0387853 0.0357460 0.0387853 0.0357460 0.0387853 0.0357460
49247 0.0000002 0.0000002 0.0003080 0.0002847 0.0003080 0.0002847 0.0003080 0.0002847
49248 0.0001026 0.0000955 0.1265428 0.1177338 0.1265428 0.1177338 0.1265428 0.1177338
49249 0.0000205 0.0000192 0.0227040 0.0212409 0.0227040 0.0212409 0.0227040 0.0212409
49250 0.0000187 0.0000176 0.0191412 0.0179967 0.0191412 0.0179967 0.0191412 0.0179967
49251 0.0000267 0.0000251 0.0261241 0.0246319 0.0261241 0.0246319 0.0261241 0.0246319
49253 0.0000646 0.0000610 0.0633046 0.0598073 0.0633046 0.0598073 0.0633046 0.0598073
49254 0.0000329 0.0000311 0.0322386 0.0305177 0.0322386 0.0305177 0.0322386 0.0305177
49262 0.0000421 0.0000392 0.0529793 0.0492387 0.0529793 0.0492387 0.0529793 0.0492387
49263 0.0000488 0.0000455 0.0568997 0.0530683 0.0568997 0.0530683 0.0568997 0.0530683
49264 0.0000832 0.0000779 0.0970031 0.0908478 0.0970031 0.0908478 0.0970031 0.0908478
49265 0.0000623 0.0000585 0.0648781 0.0609838 0.0648781 0.0609838 0.0648781 0.0609838
49266 0.0000481 0.0000455 0.0452853 0.0428167 0.0452853 0.0428167 0.0452853 0.0428167
49267 0.0000489 0.0000462 0.0464161 0.0438711 0.0464161 0.0438711 0.0464161 0.0438711
49268 0.0000449 0.0000426 0.0395705 0.0375485 0.0395705 0.0375485 0.0395705 0.0375485
49270 0.0000258 0.0000245 0.0221781 0.0210794 0.0221781 0.0210794 0.0221781 0.0210794
49307 0.0000838 0.0000774 0.1126733 0.1040145 0.1126733 0.1040145 0.1126733 0.1040145
49308 0.0000258 0.0000239 0.0347324 0.0321854 0.0347324 0.0321854 0.0347324 0.0321854
49309 0.0000402 0.0000374 0.0492586 0.0457455 0.0492586 0.0457455 0.0492586 0.0457455
49310 0.0000420 0.0000391 0.0513618 0.0478261 0.0513618 0.0478261 0.0513618 0.0478261
49311 0.0000148 0.0000138 0.0168369 0.0157146 0.0168369 0.0157146 0.0168369 0.0157146
49312 0.0000965 0.0000903 0.1084136 0.1014418 0.1084136 0.1014418 0.1084136 0.1014418
49313 0.0000192 0.0000180 0.0203205 0.0190606 0.0203205 0.0190606 0.0203205 0.0190606
49314 0.0000798 0.0000750 0.0845542 0.0794649 0.0845542 0.0794649 0.0845542 0.0794649
49316 0.0000329 0.0000310 0.0328130 0.0309203 0.0328130 0.0309203 0.0328130 0.0309203
49317 0.0000149 0.0000141 0.0140602 0.0132838 0.0140602 0.0132838 0.0140602 0.0132838
49324 0.0000551 0.0000498 0.1009394 0.0911285 0.1009394 0.0911285 0.1009394 0.0911285
49329 0.0000356 0.0000331 0.0422008 0.0392890 0.0422008 0.0392890 0.0422008 0.0392890
49330 0.0000299 0.0000279 0.0343114 0.0320141 0.0343114 0.0320141 0.0343114 0.0320141
49331 0.0001214 0.0001140 0.1318598 0.1237616 0.1318598 0.1237616 0.1318598 0.1237616
49332 0.0000133 0.0000126 0.0131305 0.0123805 0.0131305 0.0123805 0.0131305 0.0123805
49337 0.0000486 0.0000437 0.0946169 0.0851862 0.0946169 0.0851862 0.0946169 0.0851862
49339 0.0000136 0.0000124 0.0206905 0.0189379 0.0206905 0.0189379 0.0206905 0.0189379
49340 0.0000217 0.0000199 0.0330823 0.0303566 0.0330823 0.0303566 0.0330823 0.0303566
49341 0.0000228 0.0000210 0.0347200 0.0319778 0.0347200 0.0319778 0.0347200 0.0319778
49342 0.0000350 0.0000323 0.0532562 0.0492020 0.0532562 0.0492020 0.0532562 0.0492020
49345 0.0000648 0.0000604 0.0761064 0.0709553 0.0761064 0.0709553 0.0761064 0.0709553
49346 0.0000217 0.0000203 0.0255091 0.0238425 0.0255091 0.0238425 0.0255091 0.0238425
49347 0.0000195 0.0000183 0.0209832 0.0196676 0.0209832 0.0196676 0.0209832 0.0196676
49348 0.0000475 0.0000446 0.0511321 0.0480078 0.0511321 0.0480078 0.0511321 0.0480078
49349 0.0000378 0.0000356 0.0379600 0.0357422 0.0379600 0.0357422 0.0379600 0.0357422
49351 0.0000190 0.0000179 0.0190544 0.0179775 0.0190544 0.0179775 0.0190544 0.0179775
49352 0.0000918 0.0000868 0.0866798 0.0819810 0.0866798 0.0819810 0.0866798 0.0819810
49353 0.0000495 0.0000469 0.0445062 0.0421871 0.0445062 0.0421871 0.0445062 0.0421871
49356 0.0000756 0.0000672 0.1485805 0.1319737 0.1485805 0.1319737 0.1485805 0.1319737
49358 0.0000370 0.0000335 0.0614679 0.0556787 0.0614679 0.0556787 0.0614679 0.0556787
49359 0.0000775 0.0000714 0.1078932 0.0993967 0.1078932 0.0993967 0.1078932 0.0993967
49360 0.0000558 0.0000517 0.0704359 0.0653228 0.0704359 0.0653228 0.0704359 0.0653228
49361 0.0000185 0.0000172 0.0220468 0.0205101 0.0220468 0.0205101 0.0220468 0.0205101
49362 0.0000226 0.0000211 0.0246764 0.0231026 0.0246764 0.0231026 0.0246764 0.0231026
49365 0.0000809 0.0000761 0.0840957 0.0791306 0.0840957 0.0791306 0.0840957 0.0791306
49366 0.0000663 0.0000627 0.0634803 0.0599949 0.0634803 0.0599949 0.0634803 0.0599949
49367 0.0000996 0.0000944 0.0908988 0.0861868 0.0908988 0.0861868 0.0908988 0.0861868
49368 0.0000262 0.0000249 0.0223445 0.0212335 0.0223445 0.0212335 0.0223445 0.0212335
49369 0.0000272 0.0000258 0.0227853 0.0216757 0.0227853 0.0216757 0.0227853 0.0216757
49373 0.0000731 0.0000661 0.1320179 0.1193001 0.1320179 0.1193001 0.1320179 0.1193001
49374 0.0000058 0.0000053 0.0104644 0.0095403 0.0104644 0.0095403 0.0104644 0.0095403
49376 0.0000536 0.0000492 0.0729980 0.0670995 0.0729980 0.0670995 0.0729980 0.0670995
49377 0.0000003 0.0000003 0.0003718 0.0003430 0.0003718 0.0003430 0.0003718 0.0003430
49378 0.0000698 0.0000646 0.0951603 0.0880715 0.0951603 0.0880715 0.0951603 0.0880715
49379 0.0000336 0.0000313 0.0400871 0.0372892 0.0400871 0.0372892 0.0400871 0.0372892
49380 0.0000662 0.0000617 0.0789290 0.0735626 0.0789290 0.0735626 0.0789290 0.0735626
49381 0.0000482 0.0000450 0.0543281 0.0507568 0.0543281 0.0507568 0.0543281 0.0507568
49382 0.0000630 0.0000589 0.0693807 0.0649362 0.0693807 0.0649362 0.0693807 0.0649362
49383 0.0000221 0.0000208 0.0236537 0.0221722 0.0236537 0.0221722 0.0236537 0.0221722
49384 0.0000207 0.0000194 0.0212305 0.0199518 0.0212305 0.0199518 0.0212305 0.0199518
49385 0.0000503 0.0000475 0.0483394 0.0456357 0.0483394 0.0456357 0.0483394 0.0456357
49389 0.0000168 0.0000159 0.0155894 0.0147506 0.0155894 0.0147506 0.0155894 0.0147506
49390 0.0000494 0.0000469 0.0458627 0.0435351 0.0458627 0.0435351 0.0458627 0.0435351
49432 0.0000253 0.0000229 0.0414841 0.0376005 0.0414841 0.0376005 0.0414841 0.0376005
49433 0.0001059 0.0000972 0.1563583 0.1434527 0.1563583 0.1434527 0.1563583 0.1434527
49434 0.0001376 0.0001277 0.1760917 0.1634324 0.1760917 0.1634324 0.1760917 0.1634324
49435 0.0000268 0.0000250 0.0309760 0.0288856 0.0309760 0.0288856 0.0309760 0.0288856
49437 0.0000234 0.0000219 0.0247142 0.0231940 0.0247142 0.0231940 0.0247142 0.0231940
49438 0.0001062 0.0000999 0.1123952 0.1057325 0.1123952 0.1057325 0.1123952 0.1057325
49439 0.0000221 0.0000208 0.0212733 0.0200747 0.0212733 0.0200747 0.0212733 0.0200747
49440 0.0000232 0.0000220 0.0224105 0.0211789 0.0224105 0.0211789 0.0224105 0.0211789
49445 0.0000158 0.0000141 0.0306311 0.0273139 0.0306311 0.0273139 0.0306311 0.0273139
49446 0.0000316 0.0000284 0.0613664 0.0551751 0.0613664 0.0551751 0.0613664 0.0551751
49447 0.0000747 0.0000678 0.1216670 0.1104404 0.1216670 0.1104404 0.1216670 0.1104404
49448 0.0000524 0.0000481 0.0739894 0.0679139 0.0739894 0.0679139 0.0739894 0.0679139
49449 0.0000168 0.0000155 0.0223759 0.0206234 0.0223759 0.0206234 0.0223759 0.0206234
49451 0.0000782 0.0000723 0.1039482 0.0961339 0.1039482 0.0961339 0.1039482 0.0961339
49452 0.0000550 0.0000512 0.0654171 0.0609006 0.0654171 0.0609006 0.0654171 0.0609006
49453 0.0000612 0.0000571 0.0704119 0.0657048 0.0704119 0.0657048 0.0704119 0.0657048
49454 0.0000390 0.0000364 0.0448161 0.0419032 0.0448161 0.0419032 0.0448161 0.0419032
49455 0.0000144 0.0000135 0.0157357 0.0147284 0.0157357 0.0147284 0.0157357 0.0147284
49456 0.0000376 0.0000352 0.0409951 0.0384085 0.0409951 0.0384085 0.0409951 0.0384085
49457 0.0000571 0.0000537 0.0581243 0.0546908 0.0581243 0.0546908 0.0581243 0.0546908
49464 0.0000624 0.0000556 0.1179531 0.1050811 0.1179531 0.1050811 0.1179531 0.1050811
49466 0.0000408 0.0000369 0.0682664 0.0617352 0.0682664 0.0617352 0.0682664 0.0617352
49468 0.0000584 0.0000534 0.0856760 0.0784134 0.0856760 0.0784134 0.0856760 0.0784134
49652 0.0000206 0.0000182 0.0437634 0.0386418 0.0437634 0.0386418 0.0437634 0.0386418
49653 0.0000367 0.0000326 0.0701212 0.0622451 0.0701212 0.0622451 0.0701212 0.0622451
49655 0.0001250 0.0001129 0.2388477 0.2158088 0.2388477 0.2158088 0.2388477 0.2158088
49656 0.0000729 0.0000666 0.1095600 0.1001037 0.1095600 0.1001037 0.1095600 0.1001037
49657 0.0000117 0.0000108 0.0176243 0.0161729 0.0176243 0.0161729 0.0176243 0.0161729
49658 0.0000168 0.0000155 0.0253167 0.0232569 0.0253167 0.0232569 0.0253167 0.0232569
49659 0.0000666 0.0000613 0.1000308 0.0921312 0.1000308 0.0921312 0.1000308 0.0921312
49660 0.0000351 0.0000324 0.0527938 0.0487646 0.0527938 0.0487646 0.0527938 0.0487646
49661 0.0000504 0.0000467 0.0757186 0.0701974 0.0757186 0.0701974 0.0757186 0.0701974
49662 0.0000343 0.0000318 0.0415534 0.0386022 0.0415534 0.0386022 0.0415534 0.0386022
49664 0.0000336 0.0000313 0.0407345 0.0379116 0.0407345 0.0379116 0.0407345 0.0379116
49665 0.0000942 0.0000879 0.1095576 0.1021937 0.1095576 0.1021937 0.1095576 0.1021937
49666 0.0000595 0.0000557 0.0649862 0.0608563 0.0649862 0.0608563 0.0649862 0.0608563
49736 0.0000119 0.0000108 0.0193861 0.0175319 0.0193861 0.0175319 0.0193861 0.0175319
49737 0.0000232 0.0000210 0.0376847 0.0342228 0.0376847 0.0342228 0.0376847 0.0342228
49742 0.0000274 0.0000252 0.0386133 0.0355169 0.0386133 0.0355169 0.0386133 0.0355169
49743 0.0000333 0.0000307 0.0469370 0.0432779 0.0469370 0.0432779 0.0469370 0.0432779
49749 0.0000388 0.0000361 0.0463061 0.0431087 0.0463061 0.0431087 0.0463061 0.0431087
49751 0.0001016 0.0000953 0.1095103 0.1027814 0.1095103 0.1027814 0.1095103 0.1027814
49752 0.0000246 0.0000232 0.0247705 0.0233158 0.0247705 0.0233158 0.0247705 0.0233158
49756 0.0000225 0.0000197 0.0527955 0.0461256 0.0527955 0.0461256 0.0527955 0.0461256
49758 0.0000424 0.0000375 0.0832565 0.0736743 0.0832565 0.0736743 0.0832565 0.0736743
49760 0.0000501 0.0000452 0.0848140 0.0764984 0.0848140 0.0764984 0.0848140 0.0764984
49761 0.0000164 0.0000149 0.0277956 0.0251570 0.0277956 0.0251570 0.0277956 0.0251570
49762 0.0000129 0.0000117 0.0219004 0.0198587 0.0219004 0.0198587 0.0219004 0.0198587
49763 0.0000571 0.0000520 0.0966936 0.0879506 0.0966936 0.0879506 0.0966936 0.0879506
49910 0.0000520 0.0000448 0.1223518 0.1054977 0.1223518 0.1054977 0.1223518 0.1054977
49914 0.0000498 0.0000439 0.1173633 0.1034576 0.1173633 0.1034576 0.1173633 0.1034576
49919 0.0000391 0.0000353 0.0676429 0.0610108 0.0676429 0.0610108 0.0676429 0.0610108
49921 0.0000140 0.0000127 0.0222169 0.0201524 0.0222169 0.0201524 0.0222169 0.0201524
49922 0.0000946 0.0000863 0.1448460 0.1321131 0.1448460 0.1321131 0.1448460 0.1321131
49923 0.0001314 0.0001207 0.1856043 0.1705951 0.1856043 0.1705951 0.1856043 0.1705951
49925 0.0000295 0.0000272 0.0388101 0.0358129 0.0388101 0.0358129 0.0388101 0.0358129
49926 0.0000479 0.0000443 0.0629589 0.0581998 0.0629589 0.0581998 0.0629589 0.0581998
49928 0.0000109 0.0000101 0.0143086 0.0132520 0.0143086 0.0132520 0.0143086 0.0132520
49929 0.0000110 0.0000102 0.0144550 0.0133961 0.0144550 0.0133961 0.0144550 0.0133961
49930 0.0000111 0.0000103 0.0154843 0.0143639 0.0154843 0.0143639 0.0154843 0.0143639
49932 0.0000222 0.0000206 0.0268901 0.0250336 0.0268901 0.0250336 0.0268901 0.0250336
49934 0.0000698 0.0000652 0.0798234 0.0745260 0.0798234 0.0745260 0.0798234 0.0745260
49959 0.0000273 0.0000245 0.0474420 0.0425966 0.0474420 0.0425966 0.0474420 0.0425966
49960 0.0000295 0.0000266 0.0513313 0.0462658 0.0513313 0.0462658 0.0513313 0.0462658
49961 0.0000946 0.0000858 0.1646760 0.1493295 0.1646760 0.1493295 0.1646760 0.1493295
49962 0.0000375 0.0000342 0.0564204 0.0514345 0.0564204 0.0514345 0.0564204 0.0514345
49964 0.0000414 0.0000378 0.0622880 0.0569598 0.0622880 0.0569598 0.0622880 0.0569598
49965 0.0000487 0.0000446 0.0732493 0.0671627 0.0732493 0.0671627 0.0732493 0.0671627
49966 0.0000469 0.0000431 0.0645762 0.0593658 0.0645762 0.0593658 0.0645762 0.0593658
49967 0.0000351 0.0000324 0.0483939 0.0445963 0.0483939 0.0445963 0.0483939 0.0445963
49968 0.0000865 0.0000800 0.1192400 0.1102061 0.1192400 0.1102061 0.1192400 0.1102061
49969 0.0001438 0.0001338 0.1751492 0.1629086 0.1751492 0.1629086 0.1751492 0.1629086
49970 0.0001386 0.0001295 0.1592567 0.1487522 0.1592567 0.1487522 0.1592567 0.1487522
50033 0.0000111 0.0000098 0.0242253 0.0214455 0.0242253 0.0214455 0.0242253 0.0214455
50034 0.0000824 0.0000745 0.1434556 0.1295546 0.1434556 0.1295546 0.1434556 0.1295546
50036 0.0000371 0.0000340 0.0533447 0.0488637 0.0533447 0.0488637 0.0533447 0.0488637
50045 0.0000864 0.0000805 0.1038174 0.0967011 0.1038174 0.0967011 0.1038174 0.0967011
50046 0.0000424 0.0000397 0.0468844 0.0438602 0.0468844 0.0438602 0.0468844 0.0438602
50047 0.0000490 0.0000459 0.0541616 0.0507457 0.0541616 0.0507457 0.0541616 0.0507457
50048 0.0001315 0.0001235 0.1453840 0.1365660 0.1453840 0.1365660 0.1453840 0.1365660
50067 0.0000397 0.0000355 0.0729681 0.0652900 0.0729681 0.0652900 0.0729681 0.0652900
50068 0.0000435 0.0000392 0.0735011 0.0663118 0.0735011 0.0663118 0.0735011 0.0663118
50070 0.0000283 0.0000257 0.0451998 0.0410295 0.0451998 0.0410295 0.0451998 0.0410295
50073 0.0000252 0.0000231 0.0384856 0.0352347 0.0384856 0.0352347 0.0384856 0.0352347
50074 0.0000252 0.0000231 0.0353726 0.0324493 0.0353726 0.0324493 0.0353726 0.0324493
50075 0.0000448 0.0000412 0.0617471 0.0567829 0.0617471 0.0567829 0.0617471 0.0567829
50076 0.0000329 0.0000304 0.0426160 0.0393770 0.0426160 0.0393770 0.0426160 0.0393770
50077 0.0000114 0.0000106 0.0144628 0.0133928 0.0144628 0.0133928 0.0144628 0.0133928
50232 0.0000481 0.0000441 0.0693341 0.0635593 0.0693341 0.0635593 0.0693341 0.0635593
50253 0.0000210 0.0000195 0.0268836 0.0248669 0.0268836 0.0248669 0.0268836 0.0248669
50262 0.0001045 0.0000971 0.1335665 0.1240400 0.1335665 0.1240400 0.1335665 0.1240400
50283 0.0001395 0.0001306 0.1611335 0.1508360 0.1611335 0.1508360 0.1611335 0.1508360
50313 0.0000968 0.0000910 0.1015752 0.0954975 0.1015752 0.0954975 0.1015752 0.0954975
50330 0.0000674 0.0000635 0.0669912 0.0631198 0.0669912 0.0631198 0.0669912 0.0631198
50343 0.0000881 0.0000832 0.0854952 0.0807066 0.0854952 0.0807066 0.0854952 0.0807066
50356 0.0000415 0.0000393 0.0390056 0.0368709 0.0390056 0.0368709 0.0390056 0.0368709
50376 0.0000850 0.0000806 0.0779849 0.0738802 0.0779849 0.0738802 0.0779849 0.0738802
50377 0.0000457 0.0000434 0.0397860 0.0377623 0.0397860 0.0377623 0.0397860 0.0377623
50380 0.0000172 0.0000163 0.0144385 0.0137314 0.0144385 0.0137314 0.0144385 0.0137314
50417 0.0000236 0.0000227 0.0159007 0.0152956 0.0159007 0.0152956 0.0159007 0.0152956
50424 0.0000730 0.0000705 0.0491326 0.0474615 0.0491326 0.0474615 0.0491326 0.0474615
50463 0.0000555 0.0000508 0.0844411 0.0773304 0.0844411 0.0773304 0.0844411 0.0773304
50464 0.0001393 0.0001291 0.1867170 0.1729573 0.1867170 0.1729573 0.1867170 0.1729573
50465 0.0000419 0.0000391 0.0481100 0.0448960 0.0481100 0.0448960 0.0481100 0.0448960
50466 0.0001296 0.0001219 0.1359240 0.1278641 0.1359240 0.1278641 0.1359240 0.1278641
50467 0.0000295 0.0000279 0.0286206 0.0270018 0.0286206 0.0270018 0.0286206 0.0270018
50468 0.0000470 0.0000444 0.0455556 0.0430300 0.0455556 0.0430300 0.0455556 0.0430300
50470 0.0000282 0.0000267 0.0273489 0.0258649 0.0273489 0.0258649 0.0273489 0.0258649
50471 0.0000134 0.0000127 0.0129581 0.0122626 0.0129581 0.0122626 0.0129581 0.0122626
50483 0.0000223 0.0000212 0.0216397 0.0205402 0.0216397 0.0205402 0.0216397 0.0205402
50491 0.0000454 0.0000415 0.0678283 0.0620308 0.0678283 0.0620308 0.0678283 0.0620308
50492 0.0000903 0.0000831 0.1271166 0.1169041 0.1271166 0.1169041 0.1271166 0.1169041
50493 0.0000411 0.0000380 0.0537600 0.0496618 0.0537600 0.0496618 0.0537600 0.0496618
50496 0.0001379 0.0001281 0.1803996 0.1675815 0.1803996 0.1675815 0.1803996 0.1675815
50497 0.0001077 0.0001006 0.1230884 0.1150187 0.1230884 0.1150187 0.1230884 0.1150187
50500 0.0001293 0.0001215 0.1370656 0.1288333 0.1370656 0.1288333 0.1370656 0.1288333
50501 0.0001061 0.0001001 0.1047031 0.0987819 0.1047031 0.0987819 0.1047031 0.0987819
50517 0.0000092 0.0000085 0.0126243 0.0116032 0.0126243 0.0116032 0.0126243 0.0116032
50520 0.0000474 0.0000437 0.0650378 0.0600186 0.0650378 0.0600186 0.0650378 0.0600186
50522 0.0000237 0.0000220 0.0325006 0.0301211 0.0325006 0.0301211 0.0325006 0.0301211
50526 0.0000482 0.0000448 0.0591228 0.0549443 0.0591228 0.0549443 0.0591228 0.0549443
50527 0.0000245 0.0000229 0.0288433 0.0268569 0.0288433 0.0268569 0.0288433 0.0268569
50528 0.0000402 0.0000375 0.0472600 0.0440852 0.0472600 0.0440852 0.0472600 0.0440852
50529 0.0000835 0.0000781 0.0937118 0.0876197 0.0937118 0.0876197 0.0937118 0.0876197
50530 0.0000233 0.0000218 0.0252763 0.0236737 0.0252763 0.0236737 0.0252763 0.0236737
50531 0.0000131 0.0000123 0.0141828 0.0132926 0.0141828 0.0132926 0.0141828 0.0132926
50535 0.0000228 0.0000214 0.0241396 0.0226528 0.0241396 0.0226528 0.0241396 0.0226528
50536 0.0000913 0.0000859 0.0967955 0.0910131 0.0967955 0.0910131 0.0967955 0.0910131
50545 0.0000351 0.0000314 0.0661301 0.0593105 0.0661301 0.0593105 0.0661301 0.0593105
50546 0.0000309 0.0000279 0.0511884 0.0462732 0.0511884 0.0462732 0.0511884 0.0462732
50548 0.0000472 0.0000430 0.0742297 0.0675182 0.0742297 0.0675182 0.0742297 0.0675182
50549 0.0000491 0.0000452 0.0682745 0.0627786 0.0682745 0.0627786 0.0682745 0.0627786
50550 0.0000661 0.0000611 0.0919472 0.0848751 0.0919472 0.0848751 0.0919472 0.0848751
50551 0.0000414 0.0000384 0.0522509 0.0484001 0.0522509 0.0484001 0.0522509 0.0484001
50552 0.0001371 0.0001277 0.1730043 0.1611005 0.1730043 0.1611005 0.1730043 0.1611005
50553 0.0000344 0.0000321 0.0380108 0.0355552 0.0380108 0.0355552 0.0380108 0.0355552
50554 0.0000661 0.0000620 0.0731372 0.0685298 0.0731372 0.0685298 0.0731372 0.0685298
50558 0.0000700 0.0000619 0.1399654 0.1238840 0.1399654 0.1238840 0.1399654 0.1238840
50560 0.0000676 0.0000612 0.1181740 0.1070402 0.1181740 0.1070402 0.1181740 0.1070402
50561 0.0000370 0.0000338 0.0555345 0.0506900 0.0555345 0.0506900 0.0555345 0.0506900
50562 0.0000353 0.0000324 0.0530601 0.0486203 0.0530601 0.0486203 0.0530601 0.0486203
50563 0.0000198 0.0000182 0.0274865 0.0252497 0.0274865 0.0252497 0.0274865 0.0252497
50564 0.0000161 0.0000148 0.0222935 0.0205128 0.0222935 0.0205128 0.0222935 0.0205128
50565 0.0000542 0.0000500 0.0750116 0.0692094 0.0750116 0.0692094 0.0750116 0.0692094
50569 0.0000208 0.0000192 0.0265200 0.0245616 0.0265200 0.0245616 0.0265200 0.0245616
50570 0.0000309 0.0000287 0.0377832 0.0350830 0.0377832 0.0350830 0.0377832 0.0350830
50596 0.0001104 0.0000976 0.2280027 0.2016394 0.2280027 0.2016394 0.2280027 0.2016394
50597 0.0000223 0.0000202 0.0354109 0.0320679 0.0354109 0.0320679 0.0354109 0.0320679
50598 0.0000329 0.0000299 0.0516599 0.0469300 0.0516599 0.0469300 0.0516599 0.0469300
50599 0.0000850 0.0000776 0.1335526 0.1220532 0.1335526 0.1220532 0.1335526 0.1220532
50600 0.0000437 0.0000401 0.0609262 0.0559753 0.0609262 0.0559753 0.0609262 0.0559753
50601 0.0000292 0.0000269 0.0406730 0.0374848 0.0406730 0.0374848 0.0406730 0.0374848
50602 0.0000435 0.0000402 0.0606502 0.0560660 0.0606502 0.0560660 0.0606502 0.0560660
50603 0.0001211 0.0001127 0.1689426 0.1572570 0.1689426 0.1572570 0.1689426 0.1572570
50604 0.0000113 0.0000105 0.0126926 0.0118525 0.0126926 0.0118525 0.0126926 0.0118525
50605 0.0000435 0.0000407 0.0490144 0.0458251 0.0490144 0.0458251 0.0490144 0.0458251
50606 0.0000832 0.0000780 0.0937937 0.0878721 0.0937937 0.0878721 0.0937937 0.0878721
50607 0.0000226 0.0000213 0.0255093 0.0239586 0.0255093 0.0239586 0.0255093 0.0239586
50613 0.0000623 0.0000551 0.1267943 0.1120873 0.1267943 0.1120873 0.1267943 0.1120873
50614 0.0000324 0.0000291 0.0605424 0.0543520 0.0605424 0.0543520 0.0605424 0.0543520
50615 0.0000219 0.0000198 0.0408544 0.0370213 0.0408544 0.0370213 0.0408544 0.0370213
50616 0.0000309 0.0000282 0.0577113 0.0526189 0.0577113 0.0526189 0.0577113 0.0526189
50617 0.0000232 0.0000213 0.0433263 0.0397251 0.0433263 0.0397251 0.0433263 0.0397251
50650 0.0000102 0.0000093 0.0162790 0.0147814 0.0162790 0.0147814 0.0162790 0.0147814
50654 0.0000348 0.0000320 0.0501838 0.0461558 0.0501838 0.0461558 0.0501838 0.0461558
50655 0.0000217 0.0000201 0.0270362 0.0250656 0.0270362 0.0250656 0.0270362 0.0250656
50656 0.0000767 0.0000713 0.0955761 0.0888782 0.0955761 0.0888782 0.0955761 0.0888782
50658 0.0000955 0.0000892 0.1103236 0.1030593 0.1103236 0.1030593 0.1103236 0.1030593
50660 0.0000221 0.0000207 0.0233424 0.0219121 0.0233424 0.0219121 0.0233424 0.0219121
50661 0.0000114 0.0000107 0.0120189 0.0112905 0.0120189 0.0112905 0.0120189 0.0112905
50662 0.0000250 0.0000235 0.0263753 0.0247942 0.0263753 0.0247942 0.0263753 0.0247942
50663 0.0000498 0.0000469 0.0526327 0.0495525 0.0526327 0.0495525 0.0526327 0.0495525
50664 0.0000502 0.0000474 0.0531073 0.0500730 0.0531073 0.0500730 0.0531073 0.0500730
50665 0.0000161 0.0000152 0.0170588 0.0160999 0.0170588 0.0160999 0.0170588 0.0160999
50666 0.0000139 0.0000131 0.0147097 0.0138924 0.0147097 0.0138924 0.0147097 0.0138924
50667 0.0000831 0.0000785 0.0878020 0.0830275 0.0878020 0.0830275 0.0878020 0.0830275
50668 0.0000895 0.0000848 0.0945653 0.0896089 0.0945653 0.0896089 0.0945653 0.0896089
50669 0.0000614 0.0000583 0.0537879 0.0510540 0.0537879 0.0510540 0.0537879 0.0510540
50670 0.0000150 0.0000143 0.0131790 0.0125364 0.0131790 0.0125364 0.0131790 0.0125364
50671 0.0000437 0.0000416 0.0382457 0.0364049 0.0382457 0.0364049 0.0382457 0.0364049
50672 0.0000107 0.0000102 0.0084513 0.0080625 0.0084513 0.0080625 0.0084513 0.0080625
50673 0.0000329 0.0000314 0.0258973 0.0247156 0.0258973 0.0247156 0.0258973 0.0247156
50674 0.0000444 0.0000425 0.0335305 0.0320588 0.0335305 0.0320588 0.0335305 0.0320588
50675 0.0000620 0.0000593 0.0468054 0.0447836 0.0468054 0.0447836 0.0468054 0.0447836
50676 0.0000196 0.0000188 0.0148196 0.0141877 0.0148196 0.0141877 0.0148196 0.0141877
50677 0.0000230 0.0000220 0.0164693 0.0157813 0.0164693 0.0157813 0.0164693 0.0157813
50678 0.0000212 0.0000203 0.0151711 0.0145428 0.0151711 0.0145428 0.0151711 0.0145428
50679 0.0000487 0.0000467 0.0349053 0.0334768 0.0349053 0.0334768 0.0349053 0.0334768
50853 0.0000315 0.0000292 0.0413519 0.0383047 0.0413519 0.0383047 0.0413519 0.0383047
50854 0.0000113 0.0000105 0.0148259 0.0137843 0.0148259 0.0137843 0.0148259 0.0137843
50857 0.0001247 0.0001168 0.1420040 0.1330001 0.1420040 0.1330001 0.1420040 0.1330001
50862 0.0000586 0.0000553 0.0597844 0.0564964 0.0597844 0.0564964 0.0597844 0.0564964
50863 0.0000163 0.0000154 0.0166700 0.0157702 0.0166700 0.0157702 0.0166700 0.0157702
50874 0.0000608 0.0000556 0.0894734 0.0818659 0.0894734 0.0818659 0.0894734 0.0818659
50875 0.0000436 0.0000401 0.0641810 0.0589858 0.0641810 0.0589858 0.0641810 0.0589858
50876 0.0000484 0.0000446 0.0711889 0.0656392 0.0711889 0.0656392 0.0711889 0.0656392
50885 0.0000462 0.0000408 0.0931579 0.0822226 0.0931579 0.0822226 0.0931579 0.0822226
50886 0.0000328 0.0000292 0.0661108 0.0588321 0.0661108 0.0588321 0.0661108 0.0588321
50887 0.0000164 0.0000148 0.0331267 0.0299169 0.0331267 0.0299169 0.0331267 0.0299169
50889 0.0000096 0.0000087 0.0194413 0.0176345 0.0194413 0.0176345 0.0194413 0.0176345
50897 0.0000219 0.0000201 0.0310009 0.0284255 0.0310009 0.0284255 0.0310009 0.0284255
50962 0.0000326 0.0000299 0.0489028 0.0449371 0.0489028 0.0449371 0.0489028 0.0449371
50965 0.0000275 0.0000254 0.0412989 0.0380783 0.0412989 0.0380783 0.0412989 0.0380783
50969 0.0000464 0.0000430 0.0598892 0.0554078 0.0598892 0.0554078 0.0598892 0.0554078
50973 0.0000392 0.0000364 0.0506254 0.0469804 0.0506254 0.0469804 0.0506254 0.0469804
50981 0.0000789 0.0000737 0.1017552 0.0950178 0.1017552 0.0950178 0.1017552 0.0950178
50987 0.0000580 0.0000544 0.0632513 0.0593185 0.0632513 0.0593185 0.0632513 0.0593185
50992 0.0000481 0.0000452 0.0524846 0.0493326 0.0524846 0.0493326 0.0524846 0.0493326
50996 0.0000519 0.0000489 0.0566035 0.0533062 0.0566035 0.0533062 0.0566035 0.0533062
51002 0.0000175 0.0000165 0.0190551 0.0179736 0.0190551 0.0179736 0.0190551 0.0179736
51008 0.0000230 0.0000217 0.0220382 0.0208212 0.0220382 0.0208212 0.0220382 0.0208212
51012 0.0000520 0.0000492 0.0498334 0.0471454 0.0498334 0.0471454 0.0498334 0.0471454
51015 0.0000715 0.0000678 0.0685890 0.0650012 0.0685890 0.0650012 0.0685890 0.0650012
51093 0.0000130 0.0000115 0.0252404 0.0223662 0.0252404 0.0223662 0.0252404 0.0223662
51095 0.0000032 0.0000031 0.0062042 0.0060200 0.0062042 0.0060200 0.0062042 0.0060200
51107 0.0000108 0.0000106 0.0037708 0.0036962 0.0037708 0.0036962 0.0037708 0.0036962
51109 0.0000265 0.0000260 0.0092274 0.0090467 0.0092274 0.0090467 0.0092274 0.0090467
51152 0.0000250 0.0000230 0.0348493 0.0320141 0.0348493 0.0320141 0.0348493 0.0320141
51154 0.0000134 0.0000124 0.0187026 0.0172614 0.0187026 0.0172614 0.0187026 0.0172614
51159 0.0001240 0.0001154 0.1726102 0.1606722 0.1726102 0.1606722 0.1726102 0.1606722
51160 0.0000620 0.0000582 0.0672341 0.0630986 0.0672341 0.0630986 0.0672341 0.0630986
51161 0.0001160 0.0001098 0.1259004 0.1191213 0.1259004 0.1191213 0.1259004 0.1191213
51162 0.0000474 0.0000452 0.0392733 0.0374179 0.0392733 0.0374179 0.0392733 0.0374179
51163 0.0000127 0.0000121 0.0105030 0.0100262 0.0105030 0.0100262 0.0105030 0.0100262
51165 0.0000174 0.0000166 0.0144009 0.0137678 0.0144009 0.0137678 0.0144009 0.0137678
51166 0.0000136 0.0000130 0.0112626 0.0107779 0.0112626 0.0107779 0.0112626 0.0107779
51167 0.0000449 0.0000431 0.0371963 0.0356495 0.0371963 0.0356495 0.0371963 0.0356495
51171 0.0000424 0.0000378 0.0791033 0.0704999 0.0791033 0.0704999 0.0791033 0.0704999
51172 0.0000123 0.0000111 0.0229276 0.0206228 0.0229276 0.0206228 0.0229276 0.0206228
51175 0.0000385 0.0000351 0.0596769 0.0544352 0.0596769 0.0544352 0.0596769 0.0544352
51176 0.0000344 0.0000317 0.0471588 0.0434161 0.0471588 0.0434161 0.0471588 0.0434161
51177 0.0000116 0.0000107 0.0159207 0.0147134 0.0159207 0.0147134 0.0159207 0.0147134
51178 0.0000649 0.0000602 0.0814062 0.0755546 0.0814062 0.0755546 0.0814062 0.0755546
51179 0.0000336 0.0000314 0.0365930 0.0342722 0.0365930 0.0342722 0.0365930 0.0342722
51180 0.0000124 0.0000117 0.0131959 0.0123768 0.0131959 0.0123768 0.0131959 0.0123768
51181 0.0000511 0.0000481 0.0534932 0.0502799 0.0534932 0.0502799 0.0534932 0.0502799
51182 0.0000158 0.0000149 0.0157008 0.0147893 0.0157008 0.0147893 0.0157008 0.0147893
51183 0.0000159 0.0000150 0.0156079 0.0147141 0.0156079 0.0147141 0.0156079 0.0147141
51187 0.0000134 0.0000126 0.0129101 0.0121904 0.0129101 0.0121904 0.0129101 0.0121904
51188 0.0000286 0.0000271 0.0276915 0.0261733 0.0276915 0.0261733 0.0276915 0.0261733
51200 0.0000352 0.0000321 0.0579665 0.0528122 0.0579665 0.0528122 0.0579665 0.0528122
51201 0.0000463 0.0000429 0.0614060 0.0568060 0.0614060 0.0568060 0.0614060 0.0568060
51202 0.0000380 0.0000353 0.0502999 0.0468044 0.0502999 0.0468044 0.0502999 0.0468044
51206 0.0000705 0.0000660 0.0801154 0.0749871 0.0801154 0.0749871 0.0801154 0.0749871
51208 0.0000489 0.0000460 0.0555530 0.0522041 0.0555530 0.0522041 0.0555530 0.0522041
51209 0.0000652 0.0000614 0.0651786 0.0614365 0.0651786 0.0614365 0.0651786 0.0614365
51210 0.0000611 0.0000577 0.0582619 0.0550720 0.0582619 0.0550720 0.0582619 0.0550720
51211 0.0000696 0.0000660 0.0663693 0.0629221 0.0663693 0.0629221 0.0663693 0.0629221
51212 0.0001248 0.0001186 0.1082036 0.1028659 0.1082036 0.1028659 0.1082036 0.1028659
51213 0.0000169 0.0000161 0.0137790 0.0131240 0.0137790 0.0131240 0.0137790 0.0131240
51214 0.0000266 0.0000254 0.0216664 0.0206488 0.0216664 0.0206488 0.0216664 0.0206488
51215 0.0001014 0.0000968 0.0825545 0.0787958 0.0825545 0.0787958 0.0825545 0.0787958
51217 0.0000153 0.0000147 0.0116613 0.0111448 0.0116613 0.0111448 0.0116613 0.0111448
51220 0.0000412 0.0000365 0.0813737 0.0720943 0.0813737 0.0720943 0.0813737 0.0720943
51222 0.0000588 0.0000539 0.0910771 0.0835776 0.0910771 0.0835776 0.0910771 0.0835776
51225 0.0000268 0.0000251 0.0320927 0.0299598 0.0320927 0.0299598 0.0320927 0.0299598
51226 0.0000122 0.0000114 0.0132923 0.0124505 0.0132923 0.0124505 0.0132923 0.0124505
51228 0.0001038 0.0000980 0.1100637 0.1038731 0.1100637 0.1038731 0.1100637 0.1038731
51229 0.0000496 0.0000472 0.0438888 0.0416877 0.0438888 0.0416877 0.0438888 0.0416877
51230 0.0000363 0.0000346 0.0294952 0.0281208 0.0294952 0.0281208 0.0294952 0.0281208
51234 0.0001362 0.0001216 0.2741146 0.2447315 0.2741146 0.2447315 0.2741146 0.2447315
51236 0.0000419 0.0000386 0.0572647 0.0528670 0.0572647 0.0528670 0.0572647 0.0528670
51237 0.0000349 0.0000325 0.0428963 0.0398925 0.0428963 0.0398925 0.0428963 0.0398925
51274 0.0000344 0.0000334 0.0201472 0.0195116 0.0201472 0.0195116 0.0201472 0.0195116
51277 0.0000074 0.0000072 0.0430215 0.0418663 0 0 0.0215108 0.0209332
51279 0.0000060 0.0000058 0.0347809 0.0339387 0.0347809 0.0339387 0.0347809 0.0339387
51281 0.0000053 0.0000052 0.0310432 0.0303365 0.0310432 0.0303365 0.0310432 0.0303365
51282 0.0000131 0.0000128 0.0525227 0.0514132 0.0525227 0.0514132 0.0525227 0.0514132
51283 0.0000085 0.0000083 0.0338861 0.0332153 0.0338861 0.0332153 0.0338861 0.0332153
51284 0.0000117 0.0000115 0.0467666 0.0458915 0.0467666 0.0458915 0.0467666 0.0458915
51285 0.0000047 0.0000046 0.0093559 0.0091870 0.0093559 0.0091870 0.0093559 0.0091870
51286 0.0000043 0.0000042 0.0085122 0.0083606 0.0085122 0.0083606 0.0085122 0.0083606
51297 0.0000088 0.0000086 0.0516879 0.0503204 0.0516879 0.0503204 0.0258439 0.0251602
51298 0.0000101 0.0000098 0.0588654 0.0574626 0.0588654 0.0574626 0.0294327 0.0287313
51300 0.0000074 0.0000073 0.0434686 0.0425244 0.0434686 0.0425244 0.0434686 0.0425244
51301 0.0000091 0.0000089 0.0528891 0.0518128 0.0528891 0.0518128 0.0528891 0.0518128
51334 0.0000039 0.0000037 0.0193452 0.0186807 0.0193452 0.0186807 0.0193452 0.0186807
51335 0.0000090 0.0000087 0.0449489 0.0435446 0.0449489 0.0435446 0.0449489 0.0435446
51336 0.0000018 0.0000018 0.0091197 0.0088585 0.0091197 0.0088585 0.0091197 0.0088585
51337 0.0000133 0.0000130 0.0666149 0.0648443 0.0666149 0.0648443 0.0666149 0.0648443
51338 0.0000120 0.0000117 0.0598546 0.0584167 0.0598546 0.0584167 0.0598546 0.0584167
51339 0.0000110 0.0000108 0.0550568 0.0538411 0.0550568 0.0538411 0.0550568 0.0538411
51370 0.0000081 0.0000081 0.0012937 0.0012901 0.0012937 0.0012901 0.0012937 0.0012901
51374 0.0000092 0.0000091 0.0014679 0.0014629 0.0014679 0.0014629 0.0014679 0.0014629
51395 0.0000181 0.0000178 0.0067588 0.0066325 0.0067588 0.0066325 0.0067588 0.0066325
51396 0.0001112 0.0001092 0.0242512 0.0238087 0.0242512 0.0238087 0.0242512 0.0238087
51487 0.0000373 0.0000363 0.0217424 0.0211551 0 0 0 0
51490 0.0000060 0.0000058 0.0298405 0.0291431 0.0298405 0.0291431 0.0298405 0.0291431
51491 0.0000160 0.0000156 0.0491805 0.0481205 0.0491805 0.0481205 0.0491805 0.0481205
51492 0.0000035 0.0000034 0.0061819 0.0060560 0.0061819 0.0060560 0.0061819 0.0060560
51493 0.0000379 0.0000372 0.0349719 0.0342851 0.0349719 0.0342851 0.0349719 0.0342851
51494 0.0000510 0.0000501 0.0406667 0.0399182 0.0406667 0.0399182 0.0406667 0.0399182
51495 0.0000277 0.0000272 0.0199751 0.0196248 0.0199751 0.0196248 0.0199751 0.0196248
51502 0.0000051 0.0000050 0.0066513 0.0064616 0 0 0 0
51504 0.0000090 0.0000087 0.0203809 0.0198552 0 0 0 0
51505 0.0000229 0.0000224 0.0401917 0.0392628 0 0 0 0
51506 0.0000062 0.0000061 0.0087431 0.0085552 0 0 0 0
51508 0.0000272 0.0000267 0.0374161 0.0366617 0 0 0 0
51509 0.0000200 0.0000196 0.0232627 0.0228215 0 0 0 0
51510 0.0000268 0.0000263 0.0294831 0.0289495 0 0 0 0
51511 0.0000304 0.0000299 0.0309666 0.0304329 0 0 0 0
51512 0.0000188 0.0000184 0.0179176 0.0176196 0 0 0 0
51517 0.0000050 0.0000048 0.0212110 0.0205454 0 0 0 0
51518 0.0000152 0.0000148 0.0646404 0.0628433 0 0 0 0
51520 0.0000084 0.0000082 0.0501322 0.0489619 0 0 0 0
51562 0.0000048 0.0000047 0.0344534 0.0336353 0 0 0 0
51563 0.0000032 0.0000032 0.0162003 0.0158354 0 0 0 0
51564 0.0000110 0.0000107 0.0523367 0.0512371 0 0 0 0
51565 0.0000059 0.0000058 0.0263390 0.0258186 0 0 0 0
51570 0.0000086 0.0000083 0.0162604 0.0157533 0 0 0 0
51572 0.0000022 0.0000021 0.0193059 0.0187655 0 0 0 0
51573 0.0000101 0.0000098 0.0642013 0.0625384 0 0 0 0
51574 0.0000102 0.0000099 0.0585026 0.0571271 0 0 0 0
51575 0.0000044 0.0000043 0.0193727 0.0189415 0 0 0 0
51576 0.0000027 0.0000026 0.0115441 0.0112989 0 0 0 0
51605 0.0000012 0.0000012 0.0116463 0.0112785 0 0 0 0
51607 0.0000014 0.0000014 0 0 0.0281288 0.0273559 0 0
51615 0.0000018 0.0000017 0 0 0.0346426 0.0338185 0 0
51616 0.0000024 0.0000023 0 0 0.0467527 0.0457256 0 0
51618 0.0000024 0.0000023 0 0 0.0467060 0.0458232 0 0
51619 0.0000012 0.0000012 0 0 0.0234969 0.0230735 0 0
51709 0.0000070 0.0000068 0 0 0.0531541 0.0520191 0.0531541 0.0520191
51710 0.0000037 0.0000036 0 0 0.0261445 0.0256172 0.0261445 0.0256172
51711 0.0000037 0.0000036 0 0 0.0249495 0.0244636 0.0249495 0.0244636
51713 0.0000007 0.0000007 0 0 0.0041560 0.0040807 0.0041560 0.0040807
51714 0.0000016 0.0000016 0 0 0.0099752 0.0097967 0.0099752 0.0097967
51715 0.0000012 0.0000012 0 0 0.0073963 0.0072657 0.0073963 0.0072657
51716 0.0000010 0.0000010 0 0 0.0059294 0.0058258 0.0059294 0.0058258
51718 0.0000008 0.0000008 0 0 0.0048140 0.0047310 0.0048140 0.0047310
51719 0.0000006 0.0000006 0 0 0.0037480 0.0036844 0.0037480 0.0036844
51735 0.0000013 0.0000012 0 0 0 0 0 0
51736 0.0000031 0.0000030 0 0 0 0 0 0
51740 0.0000015 0.0000015 0 0 0 0 0 0
51741 0.0000057 0.0000056 0 0 0 0 0 0
51742 0.0000022 0.0000022 0 0 0.0138427 0.0135946 0.0138427 0.0135946
51753 0.0000032 0.0000031 0 0 0.0185363 0.0182272 0.0185363 0.0182272
51754 0.0000036 0.0000035 0 0 0.0202760 0.0199497 0.0202760 0.0199497
51777 0.0000025 0.0000024 0 0 0.0238733 0.0232231 0 0
51778 0.0000006 0.0000006 0 0 0.0054701 0.0053281 0 0
51824 0.0000015 0.0000014 0 0 0.0151741 0.0147439 0 0
51825 0.0000066 0.0000064 0 0 0.0612903 0.0597456 0 0
51826 0.0000034 0.0000033 0 0 0.0278644 0.0272244 0.0278644 0.0272244
51827 0.0000068 0.0000067 0 0 0.0496548 0.0486396 0.0496548 0.0486396
51830 0.0000063 0.0000062 0 0 0.0372095 0.0365825 0.0372095 0.0365825
51837 0.0000062 0.0000061 0 0 0.0632875 0.0616125 0 0
51838 0.0000008 0.0000007 0 0 0.0063413 0.0061899 0.0063413 0.0061899
51839 0.0000046 0.0000045 0 0 0.0375360 0.0366936 0.0375360 0.0366936
51841 0.0000005 0.0000005 0 0 0.0036665 0.0035897 0.0036665 0.0035897
51842 0.0000012 0.0000012 0 0 0.0084562 0.0082822 0.0084562 0.0082822
51843 0.0000010 0.0000010 0 0 0.0070153 0.0068737 0.0070153 0.0068737
51854 0.0000016 0.0000016 0 0 0.0093598 0.0092016 0.0093598 0.0092016
51858 0.0000007 0.0000007 0 0 0.0037261 0.0036657 0.0037261 0.0036657
51860 0.0000015 0.0000014 0 0 0.0076622 0.0075454 0.0076622 0.0075454
51865 0.0000006 0.0000006 0 0 0.0068552 0.0066439 0.0068552 0.0066439
51874 0.0000039 0.0000038 0 0 0.0363568 0.0354464 0.0363568 0.0354464
51878 0.0000012 0.0000012 0 0 0.0096169 0.0093999 0.0096169 0.0093999
51881 0.0000067 0.0000066 0 0 0.0514497 0.0503721 0.0514497 0.0503721
51886 0.0000013 0.0000013 0 0 0.0088564 0.0086838 0.0088564 0.0086838
51900 0.0000052 0.0000051 0 0 0.0271037 0.0267049 0.0271037 0.0267049
51901 0.0000006 0.0000006 0 0 0.0031139 0.0030696 0.0031139 0.0030696
51902 0.0000025 0.0000025 0 0 0.0123582 0.0121845 0.0123582 0.0121845
51905 0.0000043 0.0000042 0 0 0.0557077 0.0538590 0 0
51906 0.0000033 0.0000032 0 0 0.0342304 0.0332405 0.0342304 0.0332405
51907 0.0000033 0.0000032 0 0 0.0294530 0.0287055 0.0294530 0.0287055
51908 0.0000014 0.0000014 0 0 0.0122108 0.0119125 0.0122108 0.0119125
51909 0.0000035 0.0000034 0 0 0.0274636 0.0268522 0.0274636 0.0268522
51914 0.0000018 0.0000017 0 0 0.0218460 0.0211145 0 0
51915 0.0000064 0.0000062 0 0 0.0668797 0.0650710 0 0
51921 0.0000041 0.0000040 0 0 0.0351986 0.0343618 0.0351986 0.0343618
51922 0.0000028 0.0000027 0 0 0.0209070 0.0204643 0.0209070 0.0204643
51924 0.0000036 0.0000036 0 0 0.0250282 0.0245377 0.0250282 0.0245377
51925 0.0000028 0.0000028 0 0 0.0184846 0.0181384 0.0184846 0.0181384
51927 0.0000013 0.0000013 0 0 0.0081263 0.0079803 0.0081263 0.0079803
51928 0.0000070 0.0000069 0 0 0.0391354 0.0385087 0.0391354 0.0385087
51929 0.0000027 0.0000027 0 0 0.0145764 0.0143498 0.0145764 0.0143498
51933 0.0000010 0.0000009 0 0 0.0116200 0.0112304 0 0
51934 0.0000006 0.0000006 0 0 0.0072584 0.0070284 0 0
51940 0.0000011 0.0000010 0 0 0.0105059 0.0102380 0.0105059 0.0102380
51941 0.0000021 0.0000021 0 0 0.0183714 0.0179165 0.0183714 0.0179165
51942 0.0000061 0.0000060 0 0 0.0510780 0.0498917 0.0510780 0.0498917
51943 0.0000015 0.0000015 0 0 0.0112710 0.0110245 0.0112710 0.0110245
51944 0.0000005 0.0000005 0 0 0.0040814 0.0039932 0.0040814 0.0039932
51945 0.0000030 0.0000029 0 0 0.0220674 0.0216000 0.0220674 0.0216000
51946 0.0000033 0.0000033 0 0 0.0239683 0.0234755 0.0239683 0.0234755
51949 0.0000020 0.0000020 0 0 0.0129148 0.0126795 0.0129148 0.0126795
51950 0.0000009 0.0000008 0 0 0.0053254 0.0052297 0.0053254 0.0052297
51952 0.0000009 0.0000009 0 0 0.0054888 0.0053915 0.0054888 0.0053915
51953 0.0000008 0.0000008 0 0 0.0048847 0.0047990 0.0048847 0.0047990
51954 0.0000056 0.0000056 0 0 0.0339855 0.0334033 0.0339855 0.0334033
51955 0.0000015 0.0000015 0 0 0.0088285 0.0086810 0.0088285 0.0086810
51958 0.0000006 0.0000006 0 0 0.0033489 0.0032936 0.0033489 0.0032936
51960 0.0000031 0.0000030 0 0 0.0174440 0.0171602 0.0174440 0.0171602
51977 0.0000010 0.0000009 0 0 0.0072670 0.0071164 0.0072670 0.0071164
51978 0.0000010 0.0000009 0 0 0.0067360 0.0066004 0.0067360 0.0066004
51982 0.0000008 0.0000008 0 0 0.0053947 0.0053011 0.0053947 0.0053011
51983 0.0000008 0.0000008 0 0 0.0047539 0.0046739 0.0047539 0.0046739
51985 0.0000040 0.0000040 0 0 0.0230834 0.0227075 0.0230834 0.0227075
51986 0.0000017 0.0000017 0 0 0.0090616 0.0089211 0.0090616 0.0089211
51987 0.0000023 0.0000023 0 0 0.0122263 0.0120440 0.0122263 0.0120440
51988 0.0000049 0.0000049 0 0 0.0249169 0.0245587 0.0249169 0.0245587
51990 0.0000020 0.0000020 0 0 0.0098184 0.0096803 0.0098184 0.0096803
51997 0.0000013 0.0000012 0 0 0.0144735 0.0140125 0 0
51998 0.0000031 0.0000030 0 0 0.0298801 0.0290712 0 0
51999 0.0000013 0.0000013 0 0 0.0114862 0.0111982 0.0114862 0.0111982
52005 0.0000026 0.0000025 0 0 0.0211417 0.0206542 0.0211417 0.0206542
52015 0.0000050 0.0000048 0 0 0.0377857 0.0369734 0.0377857 0.0369734
52018 0.0000058 0.0000057 0 0 0.0412566 0.0404304 0.0412566 0.0404304
52019 0.0000020 0.0000020 0 0 0.0136280 0.0133665 0.0136280 0.0133665
52022 0.0000047 0.0000046 0 0 0.0283512 0.0278621 0.0283512 0.0278621
52025 0.0000012 0.0000011 0 0 0.0145656 0.0140634 0 0
52026 0.0000040 0.0000039 0 0 0.0458986 0.0444870 0 0
52027 0.0000067 0.0000066 0 0 0.0666238 0.0648247 0.0666238 0.0648247
52030 0.0000038 0.0000038 0 0 0.0305991 0.0299050 0.0305991 0.0299050
52032 0.0000014 0.0000014 0 0 0.0097726 0.0095736 0.0097726 0.0095736
52034 0.0000006 0.0000006 0 0 0.0040851 0.0040056 0.0040851 0.0040056
52035 0.0000016 0.0000016 0 0 0.0109758 0.0107646 0.0109758 0.0107646
52036 0.0000008 0.0000008 0 0 0.0056630 0.0055555 0.0056630 0.0055555
52037 0.0000029 0.0000029 0 0 0.0189418 0.0185880 0.0189418 0.0185880
52038 0.0000009 0.0000009 0 0 0.0056626 0.0055612 0.0056626 0.0055612
52043 0.0000033 0.0000032 0 0 0.0315452 0.0307357 0 0
52044 0.0000007 0.0000007 0 0 0.0060323 0.0058865 0.0060323 0.0058865
52045 0.0000067 0.0000065 0 0 0.0547043 0.0534875 0.0547043 0.0534875
52046 0.0000247 0.0000242 0 0 0.0355063 0.0347943 0.0355063 0.0347943
52047 0.0000261 0.0000256 0 0 0.0341178 0.0334894 0.0341178 0.0334894
52048 0.0000344 0.0000338 0 0 0.0416760 0.0409667 0.0416760 0.0409667
52049 0.0000345 0.0000339 0 0 0.0391361 0.0385136 0.0391361 0.0385136
52050 0.0000130 0.0000128 0 0 0.0137878 0.0135777 0.0137878 0.0135777
52052 0.0000096 0.0000094 0 0 0.0097289 0.0095875 0.0097289 0.0095875
52060 0.0000170 0.0000165 0 0 0.0387725 0.0375582 0 0
52062 0.0000097 0.0000094 0 0 0.0186727 0.0181639 0.0186727 0.0181639
52065 0.0000064 0.0000062 0 0 0.0180032 0.0173076 0 0
52067 0.0000333 0.0000323 0 0 0.0795788 0.0770474 0 0
52068 0.0000085 0.0000082 0 0 0.0168523 0.0163707 0.0168523 0.0163707
52069 0.0000219 0.0000213 0 0 0.0422229 0.0410762 0.0422229 0.0410762
52097 0.0000704 0.0000682 0 0 0 0 0 0
52099 0.0000073 0.0000071 0 0 0.0154924 0.0150390 0 0
52101 0.0000054 0.0000052 0 0 0.0103479 0.0100647 0 0
52102 0.0000173 0.0000169 0 0 0.0333402 0.0324816 0 0
52103 0.0000054 0.0000052 0 0 0.0091696 0.0089448 0.0091696 0.0089448
52104 0.0000048 0.0000047 0 0 0.0078467 0.0076612 0.0078467 0.0076612
52107 0.0000343 0.0000337 0 0 0.0475638 0.0466396 0.0475638 0.0466396
52108 0.0000159 0.0000157 0 0 0.0206855 0.0203013 0.0206855 0.0203013
52110 0.0000035 0.0000034 0 0 0.0042778 0.0042022 0.0042778 0.0042022
52111 0.0000164 0.0000161 0 0 0.0198742 0.0195285 0.0198742 0.0195285
52112 0.0000031 0.0000030 0 0 0.0035776 0.0035180 0.0035776 0.0035180
52144 0.0000030 0.0000030 0 0 0.0047750 0.0046720 0.0047750 0.0046720
52145 0.0000078 0.0000076 0 0 0.0114666 0.0112262 0.0114666 0.0112262
52146 0.0000095 0.0000093 0 0 0.0139242 0.0136430 0.0139242 0.0136430
52265 0.0000097 0.0000094 0 0 0.0228343 0.0220775 0 0
52266 0.0000114 0.0000111 0 0 0.0251118 0.0243317 0.0251118 0.0243317
52268 0.0000206 0.0000200 0 0 0.0422651 0.0410610 0.0422651 0.0410610
52269 0.0000343 0.0000334 0 0 0.0629345 0.0613345 0.0314672 0.0306672
52270 0.0000372 0.0000364 0 0 0.0622465 0.0608112 0.0622465 0.0608112
52271 0.0000344 0.0000336 0 0 0.0522562 0.0511394 0.0522562 0.0511394
52276 0.0000206 0.0000202 0 0 0.0279244 0.0273860 0.0279244 0.0273860
52278 0.0000088 0.0000086 0 0 0.0112611 0.0110534 0.0112611 0.0110534
52286 0.0000314 0.0000305 0 0 0.0693255 0.0673792 0 0
52287 0.0000335 0.0000327 0 0 0.0589349 0.0575227 0.0589349 0.0575227
52288 0.0000288 0.0000282 0 0 0.0446433 0.0436875 0.0446433 0.0436875
52289 0.0000088 0.0000086 0 0 0.0122914 0.0120440 0.0122914 0.0120440
52290 0.0000035 0.0000034 0 0 0.0047471 0.0046532 0.0047471 0.0046532
52291 0.0000087 0.0000085 0 0 0.0117899 0.0115608 0.0117899 0.0115608
52292 0.0000141 0.0000138 0 0 0.0186818 0.0183277 0.0186818 0.0183277
52294 0.0000035 0.0000035 0 0 0.0044912 0.0044085 0.0044912 0.0044085
52295 0.0000049 0.0000048 0 0 0.0062653 0.0061510 0.0062653 0.0061510
52296 0.0000030 0.0000029 0 0 0.0037090 0.0036423 0.0037090 0.0036423
52302 0.0000088 0.0000085 0 0 0.0216482 0.0209206 0 0
52303 0.0000029 0.0000028 0 0 0.0063921 0.0061934 0.0063921 0.0061934
52304 0.0000050 0.0000048 0 0 0.0104809 0.0101656 0.0104809 0.0101656
52308 0.0000030 0.0000029 0 0 0.0056616 0.0055068 0.0056616 0.0055068
52309 0.0000054 0.0000053 0 0 0.0100485 0.0097801 0.0100485 0.0097801
52314 0.0000123 0.0000120 0 0 0.0215829 0.0210426 0.0215829 0.0210426
52317 0.0000032 0.0000032 0 0 0.0054304 0.0053103 0.0054304 0.0053103
52318 0.0000097 0.0000095 0 0 0.0146587 0.0143398 0.0146587 0.0143398
52319 0.0000066 0.0000065 0 0 0.0097974 0.0095888 0.0097974 0.0095888
52323 0.0000299 0.0000293 0 0 0.0411549 0.0403634 0.0411549 0.0403634
52324 0.0000072 0.0000071 0 0 0.0093451 0.0091711 0.0093451 0.0091711
52325 0.0000222 0.0000218 0 0 0.0278628 0.0273630 0.0278628 0.0273630
52326 0.0000109 0.0000107 0 0 0.0132758 0.0130436 0.0132758 0.0130436
52327 0.0000041 0.0000040 0 0 0.0048073 0.0047257 0.0048073 0.0047257
52343 0.0000046 0.0000044 0 0 0.0108729 0.0105213 0.0054365 0.0052607
52344 0.0000086 0.0000083 0 0 0.0202904 0.0196809 0.0101452 0.0098404
52345 0.0000276 0.0000269 0 0 0.0653924 0.0636624 0.0326962 0.0318312
52346 0.0000283 0.0000276 0 0 0.0476142 0.0465039 0.0476142 0.0465039
52347 0.0000047 0.0000046 0 0 0.0072212 0.0070609 0.0072212 0.0070609
52348 0.0000205 0.0000200 0 0 0.0304213 0.0297817 0.0304213 0.0297817
52349 0.0000299 0.0000293 0 0 0.0420458 0.0412133 0.0420458 0.0412133
52357 0.0000036 0.0000036 0 0 0.0046226 0.0045378 0.0046226 0.0045378
52359 0.0000111 0.0000109 0 0 0.0138755 0.0136260 0.0138755 0.0136260
52360 0.0000257 0.0000253 0 0 0.0311077 0.0305716 0.0311077 0.0305716
52361 0.0000342 0.0000336 0 0 0.0398564 0.0391977 0.0398564 0.0391977
52365 0.0000317 0.0000307 0 0 0.0749446 0.0726751 0.0749446 0.0726751
52366 0.0000334 0.0000326 0 0 0.0628761 0.0612729 0.0628761 0.0612729
52367 0.0000049 0.0000048 0 0 0.0081426 0.0079485 0.0081426 0.0079485
52368 0.0000075 0.0000074 0 0 0.0124620 0.0121717 0.0124620 0.0121717
52369 0.0000073 0.0000071 0 0 0.0115671 0.0113043 0.0115671 0.0113043
52370 0.0000349 0.0000342 0 0 0.0528568 0.0517383 0.0528568 0.0517383
52371 0.0000342 0.0000335 0 0 0.0481106 0.0471593 0.0481106 0.0471593
52372 0.0000095 0.0000094 0 0 0.0126228 0.0123834 0.0126228 0.0123834
52378 0.0000041 0.0000040 0 0 0.0050833 0.0049930 0.0050833 0.0049930
52380 0.0000199 0.0000195 0 0 0.0241121 0.0236944 0.0241121 0.0236944
52381 0.0000042 0.0000041 0 0 0.0051009 0.0050142 0.0051009 0.0050142
52382 0.0000141 0.0000139 0 0 0.0165118 0.0162349 0.0165118 0.0162349
52391 0.0000271 0.0000264 0 0 0.0584545 0.0567752 0.0584545 0.0567752
52392 0.0000098 0.0000095 0 0 0.0175914 0.0171415 0.0175914 0.0171415
52393 0.0000081 0.0000079 0 0 0.0137408 0.0134072 0.0137408 0.0134072
52394 0.0000063 0.0000061 0 0 0.0102688 0.0100281 0.0102688 0.0100281
52395 0.0000041 0.0000040 0 0 0.0062026 0.0060681 0.0062026 0.0060681
52396 0.0000043 0.0000042 0 0 0.0065047 0.0063660 0.0065047 0.0063660
52401 0.0000310 0.0000304 0 0 0.0417318 0.0409457 0.0417318 0.0409457
52402 0.0000064 0.0000063 0 0 0.0079638 0.0078215 0.0079638 0.0078215
52403 0.0000154 0.0000152 0 0 0.0191810 0.0188452 0.0191810 0.0188452
52405 0.0000097 0.0000095 0 0 0.0115938 0.0113954 0.0115938 0.0113954
52406 0.0000109 0.0000107 0 0 0.0130610 0.0128410 0.0130610 0.0128410
52410 0.0000086 0.0000084 0 0 0.0197386 0.0191150 0.0197386 0.0191150
52411 0.0000060 0.0000058 0 0 0.0123305 0.0119734 0.0123305 0.0119734
52412 0.0000308 0.0000301 0 0 0.0634132 0.0617879 0.0634132 0.0617879
52413 0.0000339 0.0000331 0 0 0.0553457 0.0541006 0.0553457 0.0541006
52414 0.0000029 0.0000029 0 0 0.0043155 0.0042233 0.0043155 0.0042233
52415 0.0000121 0.0000119 0 0 0.0172887 0.0169367 0.0172887 0.0169367
52417 0.0000067 0.0000066 0 0 0.0092982 0.0091144 0.0092982 0.0091144
52418 0.0000078 0.0000077 0 0 0.0108445 0.0106372 0.0108445 0.0106372
52419 0.0000152 0.0000149 0 0 0.0210298 0.0206387 0.0210298 0.0206387
52420 0.0000265 0.0000260 0 0 0.0366926 0.0360481 0.0366926 0.0360481
52421 0.0000123 0.0000121 0 0 0.0169772 0.0166916 0.0169772 0.0166916
52422 0.0000137 0.0000135 0 0 0.0190120 0.0186989 0.0190120 0.0186989
52423 0.0000083 0.0000082 0 0 0.0115553 0.0113703 0.0115553 0.0113703
52424 0.0000034 0.0000033 0 0 0.0046854 0.0046112 0.0046854 0.0046112
52431 0.0000116 0.0000112 0 0 0.0286220 0.0276840 0.0143110 0.0138420
52432 0.0000030 0.0000029 0 0 0.0073172 0.0070987 0.0036586 0.0035494
52433 0.0000267 0.0000260 0 0 0.0660080 0.0642428 0.0330040 0.0321214
52434 0.0000191 0.0000187 0 0 0.0472655 0.0461465 0.0236328 0.0230733
52436 0.0000057 0.0000055 0 0 0.0139788 0.0136665 0.0069894 0.0068332
52437 0.0000205 0.0000200 0 0 0.0307366 0.0300835 0.0307366 0.0300835
52438 0.0000326 0.0000320 0 0 0.0490128 0.0480262 0.0490128 0.0480262
52440 0.0000046 0.0000045 0 0 0.0061458 0.0060269 0.0061458 0.0060269
52441 0.0000080 0.0000079 0 0 0.0107885 0.0105822 0.0107885 0.0105822
52442 0.0000034 0.0000033 0 0 0.0045197 0.0044344 0.0045197 0.0044344
52443 0.0000080 0.0000078 0 0 0.0103534 0.0101601 0.0103534 0.0101601
52444 0.0000068 0.0000042 0 0 0.0086404 0.0052690 0.0086404 0.0052690
52446 0.0000081 0.0000079 0 0 0.0102403 0.0100582 0.0102403 0.0100582
52447 0.0000029 0.0000028 0 0 0.0036175 0.0035538 0.0036175 0.0035538
52449 0.0000049 0.0000049 0 0 0.0062579 0.0061525 0.0062579 0.0061525
52452 0.0000323 0.0000313 0 0 0.0761183 0.0738011 0 0
52453 0.0000087 0.0000084 0 0 0.0163136 0.0158762 0.0163136 0.0158762
52454 0.0000149 0.0000145 0 0 0.0268450 0.0261622 0.0134226 0.0130811
52455 0.0000059 0.0000057 0 0 0.0105397 0.0102819 0.0052699 0.0051410
52456 0.0000060 0.0000059 0 0 0.0097599 0.0095335 0.0097599 0.0095335
52458 0.0000345 0.0000338 0 0 0.0528066 0.0516747 0.0528066 0.0516747
52459 0.0000278 0.0000272 0 0 0.0395397 0.0387468 0.0395397 0.0387468
52460 0.0000207 0.0000203 0 0 0.0279258 0.0273888 0.0279258 0.0273888
52461 0.0000075 0.0000074 0 0 0.0097599 0.0095768 0.0097599 0.0095768
52462 0.0000129 0.0000127 0 0 0.0163349 0.0160388 0.0163349 0.0160388
52463 0.0000362 0.0000356 0 0 0.0457366 0.0449442 0.0457366 0.0449442
52466 0.0000301 0.0000292 0 0 0.0787073 0.0762072 0 0
52467 0.0000241 0.0000235 0 0 0.0629288 0.0613308 0 0
52468 0.0000160 0.0000157 0 0 0.0419062 0.0409530 0 0
52469 0.0000347 0.0000340 0 0 0.0500413 0.0490325 0.0500413 0.0490325
52470 0.0000193 0.0000189 0 0 0.0278269 0.0272966 0.0278269 0.0272966
52471 0.0000246 0.0000242 0 0 0.0355606 0.0349108 0.0355606 0.0349108
52472 0.0000032 0.0000031 0 0 0.0046148 0.0045339 0.0046148 0.0045339
52474 0.0000348 0.0000343 0 0 0.0413912 0.0406954 0.0413912 0.0406954
52475 0.0000121 0.0000119 0 0 0.0143722 0.0141382 0.0143722 0.0141382
52481 0.0000231 0.0000227 0 0 0.0367439 0.0359916 0 0
52482 0.0000174 0.0000171 0 0 0.0223500 0.0219562 0.0223500 0.0219562
52484 0.0000244 0.0000240 0 0 0.0279245 0.0274835 0.0279245 0.0274835
52485 0.0000133 0.0000131 0 0 0.0138708 0.0136653 0.0138708 0.0136653
52486 0.0000231 0.0000228 0 0 0.0224926 0.0221848 0.0224926 0.0221848
52491 0.0000233 0.0000231 0 0 0.0204743 0.0202232 0.0204743 0.0202232
52492 0.0000083 0.0000082 0 0 0.0069212 0.0068388 0.0069212 0.0068388
52493 0.0000120 0.0000118 0 0 0.0097605 0.0096467 0.0097605 0.0096467
52494 0.0000345 0.0000341 0 0 0.0268174 0.0265246 0.0268174 0.0265246
52495 0.0000211 0.0000208 0 0 0.0155478 0.0153833 0.0155478 0.0153833
52508 0.0000036 0.0000035 0 0 0.0075460 0.0073222 0 0
52518 0.0000332 0.0000323 0 0 0.0680614 0.0661990 0 0
52519 0.0000342 0.0000334 0 0 0.0597453 0.0583096 0 0
52520 0.0000065 0.0000064 0 0 0.0102418 0.0100101 0.0102418 0.0100101
52521 0.0000223 0.0000218 0 0 0.0338269 0.0330996 0.0338269 0.0330996
52522 0.0000284 0.0000278 0 0 0.0410571 0.0402190 0.0410571 0.0402190
52538 0.0000030 0.0000029 0 0 0.0038249 0.0037538 0.0038249 0.0037538
52539 0.0000350 0.0000344 0 0 0.0442526 0.0434612 0.0442526 0.0434612
52540 0.0000279 0.0000275 0 0 0.0335318 0.0329606 0.0335318 0.0329606
52558 0.0000116 0.0000112 0 0 0.0244979 0.0237789 0 0
52575 0.0000267 0.0000261 0 0 0.0482777 0.0472700 0.0482777 0.0472700
52576 0.0000108 0.0000106 0 0 0.0195319 0.0191603 0.0195319 0.0191603
52579 0.0000244 0.0000240 0 0 0.0292051 0.0287287 0.0292051 0.0287287
52580 0.0000142 0.0000139 0 0 0.0169596 0.0166912 0.0169596 0.0166912
52581 0.0000338 0.0000332 0 0 0.0363636 0.0358044 0.0363636 0.0358044
52584 0.0000041 0.0000039 0 0 0.0095954 0.0092795 0 0
52585 0.0000041 0.0000040 0 0 0.0088346 0.0085672 0 0
52586 0.0000333 0.0000325 0 0 0.0627164 0.0611362 0 0
52592 0.0000132 0.0000129 0 0 0.0201558 0.0197175 0 0
52593 0.0000255 0.0000249 0 0 0.0369216 0.0361675 0.0369216 0.0361675
52594 0.0000350 0.0000343 0 0 0.0464280 0.0455565 0.0232139 0.0227781
52595 0.0000071 0.0000069 0 0 0.0089063 0.0087447 0.0089063 0.0087447
52596 0.0000124 0.0000122 0 0 0.0155947 0.0153151 0.0155947 0.0153151
52610 0.0000311 0.0000302 0 0 0.0635454 0.0618269 0 0
52611 0.0000124 0.0000121 0 0 0.0219229 0.0213695 0.0219229 0.0213695
52613 0.0000347 0.0000339 0 0 0.0567881 0.0554873 0 0
52614 0.0000140 0.0000137 0 0 0.0213475 0.0208832 0.0213475 0.0208832
52615 0.0000062 0.0000060 0 0 0.0090958 0.0089024 0.0090958 0.0089024
52616 0.0000172 0.0000168 0 0 0.0245878 0.0240842 0.0245878 0.0240842
52617 0.0000349 0.0000342 0 0 0.0479432 0.0470106 0.0479432 0.0470106
52618 0.0000045 0.0000045 0 0 0.0059378 0.0058256 0.0029689 0.0029128
52619 0.0000133 0.0000131 0 0 0.0170518 0.0167381 0.0170518 0.0167381
52623 0.0000317 0.0000307 0 0 0.0392478 0.0380132 0 0
52624 0.0000265 0.0000258 0 0 0.0328219 0.0319543 0 0
52625 0.0000209 0.0000204 0 0 0.0258836 0.0252721 0 0
52626 0.0000213 0.0000209 0 0 0.0263714 0.0258037 0 0
52627 0.0000198 0.0000194 0 0 0.0244483 0.0239595 0 0
52628 0.0000160 0.0000157 0 0 0.0197699 0.0193991 0 0
52629 0.0000100 0.0000098 0 0 0.0123361 0.0121161 0 0
52637 0.0000324 0.0000315 0 0 0.0663460 0.0645603 0.0663460 0.0645603
52638 0.0000169 0.0000165 0 0 0.0286968 0.0280124 0.0286968 0.0280124
52639 0.0000217 0.0000212 0 0 0.0340169 0.0332659 0.0340169 0.0332659
52640 0.0000339 0.0000333 0 0 0.0492614 0.0482645 0.0246307 0.0241322
52641 0.0000338 0.0000332 0 0 0.0453594 0.0445049 0.0453594 0.0445049
52642 0.0000336 0.0000330 0 0 0.0421254 0.0413819 0.0421254 0.0413819
52643 0.0000295 0.0000290 0 0 0.0334439 0.0329056 0.0334439 0.0329056
52649 0.0000323 0.0000314 0 0 0.0695428 0.0675946 0 0
52650 0.0000338 0.0000329 0 0 0.0593136 0.0578846 0.0593136 0.0578846
52651 0.0000143 0.0000139 0 0 0.0223617 0.0218638 0 0
52652 0.0000341 0.0000334 0 0 0.0501740 0.0491412 0.0501740 0.0491412
52656 0.0000069 0.0000067 0 0 0.0089848 0.0088159 0.0089848 0.0088159
52658 0.0000120 0.0000118 0 0 0.0153484 0.0150668 0.0153484 0.0150668
52659 0.0000348 0.0000342 0 0 0.0427118 0.0419715 0.0427118 0.0419715
52660 0.0000126 0.0000124 0 0 0.0146545 0.0144089 0.0146545 0.0144089
52661 0.0000350 0.0000344 0 0 0.0400299 0.0393802 0.0400299 0.0393802
52662 0.0000122 0.0000120 0 0 0.0133653 0.0131552 0.0133653 0.0131552
52664 0.0000111 0.0000109 0 0 0.0112050 0.0110423 0.0112050 0.0110423
52665 0.0000053 0.0000052 0 0 0.0052352 0.0051598 0.0052352 0.0051598
52677 0.0000155 0.0000151 0 0 0.0291916 0.0284709 0 0
52678 0.0000078 0.0000076 0 0 0.0122513 0.0119779 0 0
52679 0.0000330 0.0000324 0 0 0.0494554 0.0484555 0.0494554 0.0484555
52680 0.0000304 0.0000298 0 0 0.0396117 0.0388956 0.0396117 0.0388956
52682 0.0000034 0.0000033 0 0 0.0037817 0.0037209 0.0037817 0.0037209
52684 0.0000340 0.0000335 0 0 0.0368706 0.0363096 0.0368706 0.0363096
52685 0.0000053 0.0000053 0 0 0.0054566 0.0053764 0.0054566 0.0053764
52690 0.0000172 0.0000169 0 0 0.0164419 0.0162168 0.0164419 0.0162168
52691 0.0000131 0.0000130 0 0 0.0121882 0.0120261 0.0121882 0.0120261
52692 0.0000170 0.0000168 0 0 0.0154356 0.0152346 0.0154356 0.0152346
52702 0.0000303 0.0000295 0 0 0.0687651 0.0668054 0 0
52703 0.0000338 0.0000330 0 0 0.0592342 0.0578212 0.0592342 0.0578212
52704 0.0000039 0.0000038 0 0 0.0060901 0.0059542 0.0060901 0.0059542
52705 0.0000044 0.0000043 0 0 0.0065369 0.0063979 0.0065369 0.0063979
52706 0.0000342 0.0000335 0 0 0.0489108 0.0479309 0.0489108 0.0479309
52707 0.0000076 0.0000075 0 0 0.0101734 0.0099812 0.0101734 0.0099812
52717 0.0000298 0.0000289 0 0 0.0718086 0.0697224 0 0
52718 0.0000041 0.0000040 0 0 0.0075004 0.0073023 0 0
52719 0.0000286 0.0000279 0 0 0.0508649 0.0496147 0.0508649 0.0496147
52721 0.0000348 0.0000341 0 0 0.0534042 0.0522451 0.0534042 0.0522451
52724 0.0000295 0.0000289 0 0 0.0398167 0.0390617 0.0398167 0.0390617
52725 0.0000121 0.0000119 0 0 0.0153468 0.0150666 0.0153468 0.0150666
52726 0.0000076 0.0000074 0 0 0.0094090 0.0092405 0.0094090 0.0092405
52728 0.0000071 0.0000070 0 0 0.0087092 0.0085565 0.0087092 0.0085565
52747 0.0000161 0.0000157 0 0 0.0304035 0.0296073 0.0304035 0.0296073
52749 0.0000338 0.0000330 0 0 0.0566777 0.0553786 0.0566777 0.0553786
52751 0.0000344 0.0000337 0 0 0.0497206 0.0487181 0.0497206 0.0487181
52752 0.0000188 0.0000185 0 0 0.0252741 0.0247916 0.0252741 0.0247916
52753 0.0000057 0.0000056 0 0 0.0073958 0.0072580 0.0073958 0.0072580
52754 0.0000327 0.0000321 0 0 0.0417600 0.0410085 0.0417600 0.0410085
52755 0.0000347 0.0000341 0 0 0.0412556 0.0405618 0.0412556 0.0405618
52756 0.0000253 0.0000249 0 0 0.0286906 0.0282270 0.0286906 0.0282270
52760 0.0000324 0.0000315 0 0 0.0695698 0.0676234 0 0
52761 0.0000178 0.0000173 0 0 0.0303360 0.0296100 0 0
52777 0.0000100 0.0000097 0 0 0.0083287 0.0080508 0 0
52778 0.0000333 0.0000323 0 0 0.0712608 0.0692214 0.0712608 0.0692214
52779 0.0000292 0.0000285 0 0 0.0530824 0.0517564 0.0530824 0.0517564
52780 0.0000111 0.0000108 0 0 0.0179196 0.0175021 0.0179196 0.0175021
52781 0.0000349 0.0000341 0 0 0.0527884 0.0516656 0.0263942 0.0258328
52782 0.0000350 0.0000343 0 0 0.0497577 0.0487571 0.0497577 0.0487571
52783 0.0000055 0.0000054 0 0 0.0074130 0.0072687 0.0074130 0.0072687
52784 0.0000144 0.0000142 0 0 0.0191002 0.0187373 0.0191002 0.0187373
52785 0.0000350 0.0000343 0 0 0.0452997 0.0444685 0.0452997 0.0444685
52786 0.0000113 0.0000111 0 0 0.0140151 0.0137661 0.0140151 0.0137661
52805 0.0000139 0.0000136 0 0 0 0 0 0
52811 0.0000014 0.0000014 0 0 0.0012797 0.0012526 0.0051189 0.0050104
52813 0.0000069 0.0000068 0 0 0 0 0.0138224 0.0135392
52814 0.0000214 0.0000210 0 0 0.0294984 0.0289230 0.0294984 0.0289230
52815 0.0000340 0.0000334 0 0 0.0445317 0.0437183 0.0445317 0.0437183
52816 0.0000161 0.0000158 0 0 0.0195267 0.0191888 0.0195267 0.0191888
52819 0.0000345 0.0000340 0 0 0.0388018 0.0381847 0.0388018 0.0381847
52844 0.0000340 0.0000330 0 0 0.0741867 0.0719810 0 0
52845 0.0000349 0.0000339 0 0 0.0671019 0.0652908 0.0671019 0.0652908
52846 0.0000035 0.0000034 0 0 0.0061858 0.0060255 0.0061858 0.0060255
52847 0.0000351 0.0000343 0 0 0.0614785 0.0599608 0.0614785 0.0599608
52848 0.0000348 0.0000340 0 0 0.0572670 0.0559408 0.0572670 0.0559408
52849 0.0000183 0.0000179 0 0 0.0282249 0.0276010 0.0282249 0.0276010
52850 0.0000354 0.0000346 0 0 0.0527274 0.0516038 0.0527274 0.0516038
52851 0.0000254 0.0000249 0 0 0.0366039 0.0358475 0.0366039 0.0358475
52857 0.0000303 0.0000295 0 0 0.0693089 0.0673789 0 0
52858 0.0000330 0.0000322 0 0 0.0566368 0.0553134 0.0566368 0.0553134
52859 0.0000113 0.0000111 0 0 0.0171834 0.0168155 0.0171834 0.0168155
52873 0.0000318 0.0000310 0 0 0.0617265 0.0601944 0 0
52874 0.0000244 0.0000238 0 0 0.0389920 0.0381238 0.0389920 0.0381238
52875 0.0000137 0.0000134 0 0 0.0201293 0.0197081 0.0100646 0.0098540
52876 0.0000346 0.0000339 0 0 0.0478415 0.0469213 0.0478415 0.0469213
52877 0.0000358 0.0000351 0 0 0.0453040 0.0444986 0.0453040 0.0444986
52878 0.0000215 0.0000211 0 0 0.0256190 0.0251852 0.0256190 0.0251852
52879 0.0000041 0.0000040 0 0 0.0046748 0.0045980 0.0046748 0.0045980
52880 0.0000355 0.0000350 0 0 0.0400063 0.0393685 0.0400063 0.0393685
52881 0.0000171 0.0000168 0 0 0.0184893 0.0182013 0.0184893 0.0182013
52887 0.0000270 0.0000263 0 0 0.0569325 0.0553657 0 0
52888 0.0000328 0.0000320 0 0 0.0572316 0.0558652 0 0
52889 0.0000241 0.0000235 0 0 0.0374229 0.0365994 0.0374229 0.0365994
52890 0.0000256 0.0000251 0 0 0.0371787 0.0364335 0.0371787 0.0364335
52895 0.0000133 0.0000129 0 0 0.0290413 0.0282361 0 0
52896 0.0000118 0.0000115 0 0 0.0258962 0.0252561 0 0
52897 0.0000162 0.0000158 0 0 0.0354384 0.0346326 0 0
52898 0.0000071 0.0000070 0 0 0.0155873 0.0152535 0 0
52900 0.0000066 0.0000064 0 0 0.0094812 0.0092855 0.0094812 0.0092855
52901 0.0000046 0.0000045 0 0 0.0065813 0.0064480 0.0065813 0.0064480
52902 0.0000107 0.0000105 0 0 0.0145552 0.0142701 0.0145552 0.0142701
52905 0.0000037 0.0000035 0 0 0.0089815 0.0086695 0 0
52910 0.0000198 0.0000193 0 0 0.0487000 0.0473670 0 0
52911 0.0000345 0.0000336 0 0 0.0624318 0.0608543 0.0624318 0.0608543
52912 0.0000348 0.0000340 0 0 0.0571574 0.0558340 0.0571574 0.0558340
52917 0.0000141 0.0000137 0 0 0.0230570 0.0225518 0.0230570 0.0225518
53046 0.0000096 0.0000093 0 0 0.0219287 0.0212331 0 0
53047 0.0000335 0.0000325 0 0 0.0696517 0.0677048 0.0696517 0.0677048
53048 0.0000263 0.0000257 0 0 0.0470919 0.0459172 0.0470919 0.0459172
53049 0.0000060 0.0000059 0 0 0.0098232 0.0095925 0.0098232 0.0095925
53050 0.0000354 0.0000347 0 0 0.0556931 0.0544714 0.0556931 0.0544714
53052 0.0000033 0.0000033 0 0 0.0048010 0.0047010 0.0048010 0.0047010
53053 0.0000115 0.0000113 0 0 0.0163634 0.0160289 0.0163634 0.0160289
53054 0.0000286 0.0000280 0 0 0.0397682 0.0389838 0.0397682 0.0389838
53055 0.0000185 0.0000181 0 0 0.0242002 0.0237474 0.0242002 0.0237474
53056 0.0000044 0.0000043 0 0 0.0057531 0.0056474 0.0057531 0.0056474
53057 0.0000062 0.0000061 0 0 0.0081546 0.0080062 0.0081546 0.0080062
53058 0.0000140 0.0000138 0 0 0.0184054 0.0180762 0.0184054 0.0180762
53059 0.0000073 0.0000071 0 0 0.0095207 0.0093546 0.0095207 0.0093546
53062 0.0000058 0.0000056 0 0 0.0124047 0.0120189 0 0
53064 0.0000041 0.0000040 0 0 0.0086854 0.0084499 0 0
53065 0.0000280 0.0000274 0 0 0.0596911 0.0582434 0 0
53066 0.0000241 0.0000236 0 0 0.0513096 0.0502193 0 0
53067 0.0000021 0.0000021 0 0 0.0044796 0.0043927 0 0
53068 0.0000180 0.0000177 0 0 0.0383143 0.0376062 0 0
53069 0.0000100 0.0000098 0 0 0.0123026 0.0120853 0.0123026 0.0120853
53070 0.0000249 0.0000244 0 0 0.0299907 0.0294788 0.0299907 0.0294788
53071 0.0000091 0.0000089 0 0 0.0104330 0.0102608 0.0104330 0.0102608
53073 0.0000055 0.0000054 0 0 0.0060892 0.0059930 0.0060892 0.0059930
53074 0.0000060 0.0000059 0 0 0.0066203 0.0065187 0.0066203 0.0065187
53076 0.0000314 0.0000310 0 0 0.0328068 0.0323211 0.0328068 0.0323211
53079 0.0000297 0.0000289 0 0 0.0656115 0.0638686 0 0
53081 0.0000329 0.0000322 0 0 0.0528967 0.0517623 0.0528967 0.0517623
53082 0.0000086 0.0000084 0 0 0.0118065 0.0115736 0.0118065 0.0115736
53165 0.0000314 0.0000305 0 0 0.0710396 0.0690007 0 0
53166 0.0000197 0.0000192 0 0 0.0354771 0.0345852 0.0354771 0.0345852
53167 0.0000238 0.0000232 0 0 0.0399220 0.0389780 0.0399220 0.0389780
53168 0.0000114 0.0000111 0 0 0.0179662 0.0175616 0.0179662 0.0175616
53169 0.0000333 0.0000326 0 0 0.0525220 0.0514057 0.0525220 0.0514057
53170 0.0000198 0.0000194 0 0 0.0280931 0.0275255 0.0280931 0.0275255
53171 0.0000313 0.0000307 0 0 0.0418188 0.0410252 0.0418188 0.0410252
53172 0.0000222 0.0000218 0 0 0.0282501 0.0277370 0.0282501 0.0277370
53173 0.0000030 0.0000030 0 0 0.0037265 0.0036599 0.0037265 0.0036599
53174 0.0000299 0.0000294 0 0 0.0367066 0.0360652 0.0367066 0.0360652
53194 0.0000314 0.0000307 0 0 0.0503823 0.0492735 0.0503823 0.0492735
53195 0.0000116 0.0000114 0 0 0.0186366 0.0182512 0.0186366 0.0182512
53197 0.0000093 0.0000091 0 0 0.0148670 0.0145834 0.0148670 0.0145834
53198 0.0000035 0.0000035 0 0 0.0056570 0.0055511 0.0056570 0.0055511
53199 0.0000233 0.0000229 0 0 0.0374529 0.0367752 0.0374529 0.0367752
53200 0.0000263 0.0000259 0 0 0.0318693 0.0313304 0.0318693 0.0313304
53201 0.0000033 0.0000032 0 0 0.0037111 0.0036510 0.0037111 0.0036510
53202 0.0000276 0.0000271 0 0 0.0309789 0.0304853 0.0309789 0.0304853
53203 0.0000053 0.0000052 0 0 0.0059801 0.0058868 0.0059801 0.0058868
53204 0.0000087 0.0000086 0 0 0.0093690 0.0092244 0.0093690 0.0092244
53205 0.0000062 0.0000061 0 0 0.0065719 0.0064711 0.0065719 0.0064711
53210 0.0000238 0.0000231 0 0 0.0537768 0.0522107 0 0
53211 0.0000338 0.0000330 0 0 0.0617008 0.0601658 0.0617008 0.0601658
53212 0.0000141 0.0000138 0 0 0.0226338 0.0221156 0.0226338 0.0221156
53213 0.0000221 0.0000217 0 0 0.0338851 0.0331504 0.0338851 0.0331504
53216 0.0000120 0.0000118 0 0 0.0174169 0.0170556 0.0174169 0.0170556
53217 0.0000118 0.0000115 0 0 0.0166572 0.0163200 0.0166572 0.0163200
53218 0.0000137 0.0000135 0 0 0.0194240 0.0190407 0.0194240 0.0190407
53219 0.0000350 0.0000344 0 0 0.0469994 0.0461047 0.0469994 0.0461047
53220 0.0000347 0.0000341 0 0 0.0438643 0.0430801 0.0438643 0.0430801
53221 0.0000065 0.0000063 0 0 0.0077732 0.0076376 0.0077732 0.0076376
53223 0.0000184 0.0000181 0 0 0.0219526 0.0215766 0.0219526 0.0215766
53224 0.0000236 0.0000232 0 0 0.0281572 0.0276874 0.0281572 0.0276874
53225 0.0000077 0.0000075 0 0 0.0086986 0.0085559 0.0086986 0.0085559
53226 0.0000289 0.0000284 0 0 0.0322307 0.0317155 0.0322307 0.0317155
53227 0.0000302 0.0000298 0 0 0.0327950 0.0322880 0.0327950 0.0322880
53236 0.0000057 0.0000056 0 0 0.0126710 0.0122828 0 0
53237 0.0000094 0.0000092 0 0 0.0171864 0.0167494 0.0171864 0.0167494
53239 0.0000132 0.0000129 0 0 0.0239785 0.0234127 0.0239785 0.0234127
53240 0.0000296 0.0000290 0 0 0.0538819 0.0527059 0.0538819 0.0527059
53241 0.0000094 0.0000092 0 0 0.0134389 0.0131636 0.0134389 0.0131636
53242 0.0000340 0.0000333 0 0 0.0464968 0.0456158 0.0464968 0.0456158
53243 0.0000042 0.0000041 0 0 0.0051893 0.0050961 0.0051893 0.0050961
53244 0.0000247 0.0000242 0 0 0.0308195 0.0302760 0.0308195 0.0302760
53246 0.0000185 0.0000182 0 0 0.0220709 0.0216941 0.0220709 0.0216941
53247 0.0000278 0.0000274 0 0 0.0319811 0.0314579 0.0319811 0.0314579
53248 0.0000042 0.0000041 0 0 0.0046240 0.0045505 0.0046240 0.0045505
53249 0.0000111 0.0000109 0 0 0.0122091 0.0120164 0.0122091 0.0120164
53282 0.0000048 0.0000047 0 0 0.0097378 0.0094631 0.0032459 0.0031543
53287 0.0000034 0.0000033 0 0 0.0058176 0.0056739 0.0058176 0.0056739
53289 0.0000153 0.0000150 0 0 0.0263446 0.0257432 0.0263446 0.0257432
53290 0.0000286 0.0000280 0 0 0.0433069 0.0424062 0.0433069 0.0424062
53291 0.0000131 0.0000128 0 0 0.0175451 0.0172100 0.0175451 0.0172100
53292 0.0000027 0.0000027 0 0 0.0036675 0.0035989 0.0036675 0.0035989
53293 0.0000341 0.0000335 0 0 0.0437766 0.0429934 0.0437766 0.0429934
53296 0.0000033 0.0000033 0 0 0.0039185 0.0038519 0.0039185 0.0038519
53297 0.0000286 0.0000282 0 0 0.0337508 0.0331938 0.0337508 0.0331938
53299 0.0000345 0.0000340 0 0 0.0375219 0.0369454 0.0375219 0.0369454
53300 0.0000174 0.0000172 0 0 0.0179673 0.0177022 0.0179673 0.0177022
53301 0.0000077 0.0000076 0 0 0.0077115 0.0075999 0.0077115 0.0075999
53304 0.0000289 0.0000281 0 0 0.0663346 0.0645424 0 0
53305 0.0000325 0.0000319 0 0 0.0513725 0.0502997 0.0513725 0.0502997
53306 0.0000229 0.0000225 0 0 0.0303549 0.0297959 0.0303549 0.0297959
53307 0.0000340 0.0000335 0 0 0.0405464 0.0398753 0.0405464 0.0398753
53308 0.0000155 0.0000152 0 0 0.0169735 0.0167091 0.0169735 0.0167091
53309 0.0000133 0.0000131 0 0 0.0140446 0.0138322 0.0140446 0.0138322
53310 0.0000153 0.0000151 0 0 0.0151899 0.0149735 0.0151899 0.0149735
53311 0.0000060 0.0000059 0 0 0.0057401 0.0056608 0.0057401 0.0056608
53312 0.0000240 0.0000237 0 0 0.0227561 0.0224491 0.0227561 0.0224491
53313 0.0000282 0.0000278 0 0 0.0258071 0.0254698 0.0258071 0.0254698
53314 0.0000324 0.0000320 0 0 0.0288163 0.0284505 0.0288163 0.0284505
53315 0.0000073 0.0000072 0 0 0.0063180 0.0062392 0.0063180 0.0062392
53329 0.0000032 0.0000031 0 0 0.0037099 0.0035931 0 0
53330 0.0000029 0.0000028 0 0 0.0033837 0.0032853 0 0
53331 0.0000055 0.0000053 0 0 0.0063926 0.0062164 0 0
53332 0.0000252 0.0000246 0 0 0.0293833 0.0286828 0 0
53333 0.0000322 0.0000315 0 0 0.0481738 0.0471788 0.0481738 0.0471788
53334 0.0000034 0.0000033 0 0 0.0045589 0.0044695 0.0045589 0.0044695
53335 0.0000043 0.0000042 0 0 0.0058456 0.0057324 0.0058456 0.0057324
53336 0.0000344 0.0000337 0 0 0.0448634 0.0440409 0.0448634 0.0440409
53337 0.0000145 0.0000142 0 0 0.0176986 0.0173883 0.0176986 0.0173883
53338 0.0000064 0.0000063 0 0 0.0078131 0.0076785 0.0078131 0.0076785
53339 0.0000314 0.0000309 0 0 0.0384600 0.0378185 0.0384600 0.0378185
53340 0.0000060 0.0000059 0 0 0.0066876 0.0065794 0.0066876 0.0065794
53341 0.0000346 0.0000341 0 0 0.0379661 0.0373770 0.0379661 0.0373770
53342 0.0000123 0.0000121 0 0 0.0128816 0.0126880 0.0128816 0.0126880
53343 0.0000115 0.0000113 0 0 0.0117900 0.0116161 0.0117900 0.0116161
53346 0.0000287 0.0000279 0 0 0.0328884 0.0320144 0 0
53347 0.0000335 0.0000328 0 0 0.0538043 0.0526319 0.0538043 0.0526319
53348 0.0000101 0.0000099 0 0 0.0143309 0.0140409 0.0143309 0.0140409
53349 0.0000100 0.0000098 0 0 0.0135639 0.0133009 0.0135639 0.0133009
53350 0.0000209 0.0000205 0 0 0.0262530 0.0257837 0.0262530 0.0257837
53364 0.0000065 0.0000063 0 0 0.0142161 0.0137920 0 0
53365 0.0000321 0.0000313 0 0 0.0618114 0.0602699 0.0618114 0.0602699
53366 0.0000201 0.0000197 0 0 0.0314759 0.0307884 0.0314759 0.0307884
53367 0.0000272 0.0000266 0 0 0.0394559 0.0386581 0.0394559 0.0386581
53368 0.0000342 0.0000336 0 0 0.0451304 0.0442994 0.0451304 0.0442994
53369 0.0000041 0.0000040 0 0 0.0050148 0.0049264 0.0050148 0.0049264
53370 0.0000255 0.0000250 0 0 0.0307913 0.0302642 0.0307913 0.0302642
53373 0.0000041 0.0000041 0 0 0.0046070 0.0045327 0.0046070 0.0045327
53374 0.0000028 0.0000028 0 0 0.0030688 0.0030205 0.0030688 0.0030205
53375 0.0000067 0.0000066 0 0 0.0072980 0.0071841 0.0072980 0.0071841
53376 0.0000198 0.0000195 0 0 0.0211969 0.0208735 0.0211969 0.0208735
53377 0.0000024 0.0000024 0 0 0.0025285 0.0024906 0.0025285 0.0024906
53378 0.0000072 0.0000071 0 0 0.0074650 0.0073541 0.0074650 0.0073541
53379 0.0000119 0.0000117 0 0 0.0120971 0.0119200 0.0120971 0.0119200
53383 0.0000247 0.0000241 0 0 0.0540273 0.0525200 0 0
53385 0.0000334 0.0000326 0 0 0.0570412 0.0557253 0.0570412 0.0557253
53386 0.0000258 0.0000252 0 0 0.0383110 0.0375158 0.0383110 0.0375158
53387 0.0000342 0.0000335 0 0 0.0462563 0.0453823 0.0462563 0.0453823
53388 0.0000337 0.0000331 0 0 0.0423570 0.0416100 0.0423570 0.0416100
53389 0.0000172 0.0000169 0 0 0.0202601 0.0199194 0.0202601 0.0199194
53390 0.0000061 0.0000060 0 0 0.0069660 0.0068513 0.0069660 0.0068513
53391 0.0000310 0.0000305 0 0 0.0347572 0.0342056 0.0347572 0.0342056
53392 0.0000135 0.0000133 0 0 0.0144404 0.0142198 0.0144404 0.0142198
53393 0.0000331 0.0000326 0 0 0.0345411 0.0340293 0.0345411 0.0340293
53394 0.0000083 0.0000082 0 0 0.0083737 0.0082529 0.0083737 0.0082529
53397 0.0000345 0.0000340 0 0 0.0336974 0.0332319 0.0336974 0.0332319
53398 0.0000182 0.0000179 0 0 0.0169923 0.0167646 0.0169923 0.0167646
53403 0.0000313 0.0000305 0 0 0.0641347 0.0624696 0.0641347 0.0624696
53404 0.0000337 0.0000330 0 0 0.0545691 0.0533625 0.0545691 0.0533625
53405 0.0000361 0.0000354 0 0 0.0519789 0.0509409 0.0519789 0.0509409
53406 0.0000048 0.0000047 0 0 0.0061701 0.0060550 0.0061701 0.0060550
53407 0.0000344 0.0000338 0 0 0.0439339 0.0431457 0.0439339 0.0431457
53408 0.0000297 0.0000292 0 0 0.0356278 0.0350228 0.0356278 0.0350228
53409 0.0000084 0.0000082 0 0 0.0095662 0.0094088 0.0095662 0.0094088
53410 0.0000306 0.0000301 0 0 0.0341029 0.0335639 0.0341029 0.0335639
53411 0.0000114 0.0000112 0 0 0.0121193 0.0119339 0.0121193 0.0119339
53423 0.0000303 0.0000295 0 0 0.0617418 0.0601951 0.0308709 0.0300975
53424 0.0000057 0.0000056 0 0 0.0088206 0.0086231 0.0088206 0.0086231
53425 0.0000030 0.0000029 0 0 0.0045217 0.0044227 0.0045217 0.0044227
53426 0.0000338 0.0000331 0 0 0.0502657 0.0492382 0.0502657 0.0492382
53427 0.0000038 0.0000038 0 0 0.0050782 0.0049815 0.0050782 0.0049815
53428 0.0000336 0.0000330 0 0 0.0432876 0.0425072 0.0432876 0.0425072
53429 0.0000166 0.0000164 0 0 0.0198316 0.0194939 0.0198316 0.0194939
53435 0.0000204 0.0000201 0 0 0.0228916 0.0225251 0.0228916 0.0225251
53436 0.0000040 0.0000039 0 0 0.0042801 0.0042137 0.0042801 0.0042137
53450 0.0000423 0.0000414 0 0 0.0665150 0.0650778 0.0665150 0.0650778
53451 0.0000129 0.0000126 0 0 0.0178079 0.0174560 0.0178079 0.0174560
53452 0.0000294 0.0000288 0 0 0.0393244 0.0385817 0.0393244 0.0385817
53453 0.0000234 0.0000230 0 0 0.0298781 0.0293357 0.0298781 0.0293357
53454 0.0000101 0.0000099 0 0 0.0123313 0.0121147 0.0123313 0.0121147
53455 0.0000109 0.0000107 0 0 0.0131481 0.0129209 0.0131481 0.0129209
53456 0.0000347 0.0000341 0 0 0.0405830 0.0399119 0.0405830 0.0399119
53457 0.0000291 0.0000287 0 0 0.0325508 0.0320333 0.0325508 0.0320333
53464 0.0000324 0.0000316 0 0 0.0617898 0.0602451 0.0617898 0.0602451
53465 0.0000120 0.0000117 0 0 0.0188959 0.0184747 0.0188959 0.0184747
53466 0.0000321 0.0000315 0 0 0.0482075 0.0472071 0.0482075 0.0472071
53467 0.0000030 0.0000029 0 0 0.0040786 0.0039982 0.0040786 0.0039982
53468 0.0000337 0.0000330 0 0 0.0455137 0.0446686 0.0455137 0.0446686
53469 0.0000080 0.0000078 0 0 0.0098378 0.0096630 0.0098378 0.0096630
53470 0.0000294 0.0000289 0 0 0.0348500 0.0342658 0.0348500 0.0342658
53471 0.0000059 0.0000058 0 0 0.0066935 0.0065845 0.0066935 0.0065845
53472 0.0000345 0.0000340 0 0 0.0380838 0.0374891 0.0380838 0.0374891
53473 0.0000136 0.0000134 0 0 0.0142858 0.0140710 0.0142858 0.0140710
53474 0.0000069 0.0000068 0 0 0.0070891 0.0069840 0.0070891 0.0069840
53475 0.0000033 0.0000033 0 0 0.0034017 0.0033516 0.0034017 0.0033516
53482 0.0000236 0.0000230 0 0 0.0434032 0.0423331 0.0434032 0.0423331
53483 0.0000217 0.0000212 0 0 0.0340452 0.0333024 0.0340452 0.0333024
53488 0.0000068 0.0000067 0 0 0.0094405 0.0092536 0.0094405 0.0092536
53489 0.0000076 0.0000074 0 0 0.0105069 0.0103031 0.0105069 0.0103031
53490 0.0000341 0.0000335 0 0 0.0444460 0.0436372 0.0444460 0.0436372
53491 0.0000303 0.0000298 0 0 0.0367803 0.0361513 0.0367803 0.0361513
53492 0.0000108 0.0000106 0 0 0.0123868 0.0121826 0.0123868 0.0121826
53493 0.0000240 0.0000236 0 0 0.0259929 0.0255918 0.0259929 0.0255918
53494 0.0000086 0.0000084 0 0 0.0089891 0.0088536 0.0089891 0.0088536
53505 0.0000090 0.0000087 0 0 0.0191131 0.0185583 0.0191131 0.0185583
53510 0.0000332 0.0000324 0 0 0.0586915 0.0573165 0.0586915 0.0573165
53511 0.0000170 0.0000166 0 0 0.0249529 0.0244354 0.0249529 0.0244354
53512 0.0000223 0.0000219 0 0 0.0310210 0.0304146 0.0310210 0.0304146
53513 0.0000126 0.0000124 0 0 0.0164384 0.0161379 0.0164384 0.0161379
53514 0.0000165 0.0000162 0 0 0.0204504 0.0200900 0.0204504 0.0200900
53515 0.0000343 0.0000337 0 0 0.0407601 0.0400794 0.0407601 0.0400794
53516 0.0000158 0.0000155 0 0 0.0176224 0.0173411 0.0176224 0.0173411
53517 0.0000046 0.0000045 0 0 0.0049070 0.0048311 0.0049070 0.0048311
53518 0.0000108 0.0000107 0 0 0.0114903 0.0113153 0.0114903 0.0113153
53519 0.0000166 0.0000164 0 0 0.0167862 0.0165432 0.0167862 0.0165432
53520 0.0000029 0.0000029 0 0 0.0028654 0.0028245 0.0028654 0.0028245
53530 0.0000298 0.0000291 0 0 0.0526879 0.0515532 0.0526879 0.0515532
53531 0.0000207 0.0000204 0 0 0.0271591 0.0266668 0.0271591 0.0266668
53532 0.0000118 0.0000116 0 0 0.0141380 0.0138977 0.0141380 0.0138977
53533 0.0000114 0.0000112 0 0 0.0131527 0.0129374 0.0131527 0.0129374
53534 0.0000072 0.0000071 0 0 0.0076793 0.0075620 0.0076793 0.0075620
53536 0.0000340 0.0000335 0 0 0.0327991 0.0323564 0.0327991 0.0323564
53537 0.0000176 0.0000174 0 0 0.0158394 0.0156367 0.0158394 0.0156367
53538 0.0000149 0.0000147 0 0 0.0135285 0.0133508 0.0135285 0.0133508
53539 0.0000181 0.0000178 0 0 0.0161996 0.0159917 0.0161996 0.0159917
53540 0.0000264 0.0000261 0 0 0.0231457 0.0228573 0.0231457 0.0228573
53547 0.0000061 0.0000059 0 0 0.0107829 0.0105139 0.0107829 0.0105139
53550 0.0000338 0.0000331 0 0 0.0498951 0.0488837 0.0498951 0.0488837
53551 0.0000207 0.0000203 0 0 0.0274651 0.0269468 0.0274651 0.0269468
53552 0.0000118 0.0000115 0 0 0.0157175 0.0154150 0.0157175 0.0154150
53553 0.0000118 0.0000116 0 0 0.0154950 0.0152016 0.0154950 0.0152016
53554 0.0000198 0.0000194 0 0 0.0255321 0.0250616 0.0255321 0.0250616
53555 0.0000063 0.0000062 0 0 0.0078859 0.0077440 0.0078859 0.0077440
53556 0.0000306 0.0000300 0 0 0.0377350 0.0370746 0.0377350 0.0370746
53557 0.0000068 0.0000067 0 0 0.0080553 0.0079185 0.0080553 0.0079185
53558 0.0000345 0.0000340 0 0 0.0397830 0.0391333 0.0397830 0.0391333
53559 0.0000100 0.0000099 0 0 0.0115506 0.0113670 0.0115506 0.0113670
53571 0.0000221 0.0000216 0 0 0.0436490 0.0425286 0.0145497 0.0141762
53578 0.0000302 0.0000294 0 0 0.0652256 0.0634945 0 0
53579 0.0000332 0.0000325 0 0 0.0536770 0.0525027 0.0536770 0.0525027
53580 0.0000230 0.0000225 0 0 0.0323671 0.0317298 0.0323671 0.0317298
53581 0.0000322 0.0000316 0 0 0.0416114 0.0408604 0.0416114 0.0408604
53582 0.0000343 0.0000337 0 0 0.0413396 0.0406408 0.0413396 0.0406408
53583 0.0000051 0.0000050 0 0 0.0057719 0.0056780 0.0057719 0.0056780
53585 0.0000038 0.0000038 0 0 0.0040178 0.0039568 0.0040178 0.0039568
53586 0.0000345 0.0000340 0 0 0.0361662 0.0356299 0.0361662 0.0356299
53587 0.0000068 0.0000067 0 0 0.0068576 0.0067583 0.0068576 0.0067583
53590 0.0000044 0.0000043 0 0 0.0087497 0.0085119 0.0043749 0.0042560
53592 0.0000228 0.0000223 0 0 0.0450209 0.0440422 0.0225105 0.0220211
53593 0.0000105 0.0000103 0 0 0.0146732 0.0143816 0.0146732 0.0143816
53594 0.0000129 0.0000127 0 0 0.0180986 0.0177688 0.0180986 0.0177688
53595 0.0000343 0.0000337 0 0 0.0417433 0.0410321 0.0417433 0.0410321
53596 0.0000339 0.0000334 0 0 0.0385835 0.0379657 0.0385835 0.0379657
53600 0.0000138 0.0000136 0 0 0.0147824 0.0145585 0.0147824 0.0145585
53601 0.0000340 0.0000335 0 0 0.0347603 0.0342559 0.0347603 0.0342559
53603 0.0000195 0.0000192 0 0 0.0190138 0.0187479 0.0190138 0.0187479
53616 0.0000036 0.0000036 0 0 0.0053837 0.0052827 0.0053837 0.0052827
53617 0.0000042 0.0000042 0 0 0.0053587 0.0052610 0.0053587 0.0052610
53618 0.0000102 0.0000100 0 0 0.0128117 0.0125835 0.0128117 0.0125835
53619 0.0000191 0.0000187 0 0 0.0228287 0.0224397 0.0228287 0.0224397
53620 0.0000329 0.0000324 0 0 0.0394140 0.0387788 0.0394140 0.0387788
53622 0.0000042 0.0000041 0 0 0.0045502 0.0044796 0.0045502 0.0044796
53623 0.0000133 0.0000131 0 0 0.0144271 0.0142068 0.0144271 0.0142068
53624 0.0000290 0.0000286 0 0 0.0299123 0.0294748 0.0299123 0.0294748
53625 0.0000106 0.0000104 0 0 0.0103545 0.0102086 0.0103545 0.0102086
53630 0.0000188 0.0000182 0 0 0.0417201 0.0404772 0 0
53631 0.0000121 0.0000118 0 0 0.0223997 0.0218129 0.0223997 0.0218129
53632 0.0000144 0.0000141 0 0 0.0249255 0.0243147 0.0249255 0.0243147
53634 0.0000075 0.0000073 0 0 0.0122905 0.0120010 0.0122905 0.0120010
53636 0.0000081 0.0000079 0 0 0.0128594 0.0125669 0.0128594 0.0125669
53637 0.0000114 0.0000111 0 0 0.0173579 0.0169778 0.0173579 0.0169778
53638 0.0000121 0.0000119 0 0 0.0180481 0.0176628 0.0180481 0.0176628
53639 0.0000220 0.0000216 0 0 0.0309941 0.0303708 0.0309941 0.0303708
53640 0.0000241 0.0000237 0 0 0.0327822 0.0321478 0.0327822 0.0321478
53646 0.0000085 0.0000082 0 0 0.0188776 0.0182953 0 0
53647 0.0000127 0.0000123 0 0 0.0257728 0.0250399 0.0085909 0.0083466
53648 0.0000339 0.0000330 0 0 0.0634993 0.0618718 0.0634993 0.0618718
53649 0.0000096 0.0000094 0 0 0.0162175 0.0158272 0.0162175 0.0158272
53650 0.0000105 0.0000103 0 0 0.0171801 0.0167766 0.0171801 0.0167766
53651 0.0000043 0.0000042 0 0 0.0070642 0.0069011 0.0070642 0.0069011
53652 0.0000319 0.0000312 0 0 0.0498100 0.0487102 0.0498100 0.0487102
53667 0.0000134 0.0000131 0 0 0.0189838 0.0185984 0.0189838 0.0185984
53668 0.0000298 0.0000292 0 0 0.0423509 0.0415224 0.0423509 0.0415224
53669 0.0000078 0.0000076 0 0 0.0102054 0.0100123 0.0102054 0.0100123
53670 0.0000041 0.0000040 0 0 0.0051486 0.0050543 0.0051486 0.0050543
53671 0.0000135 0.0000133 0 0 0.0164980 0.0162095 0.0164980 0.0162095
53672 0.0000112 0.0000110 0 0 0.0132938 0.0130659 0.0132938 0.0130659
53673 0.0000031 0.0000030 0 0 0.0035728 0.0035126 0.0035728 0.0035126
53680 0.0000317 0.0000308 0 0 0.0690974 0.0671756 0 0
53681 0.0000339 0.0000331 0 0 0.0587226 0.0573289 0.0587226 0.0573289
53685 0.0000092 0.0000090 0 0 0.0137842 0.0134894 0.0137842 0.0134894
53686 0.0000235 0.0000230 0 0 0.0338023 0.0331148 0.0338023 0.0331148
53705 0.0000285 0.0000277 0 0 0.0717098 0.0696144 0 0
53706 0.0000025 0.0000025 0 0 0.0063465 0.0061869 0 0
53707 0.0000332 0.0000324 0 0 0.0568254 0.0555219 0.0568254 0.0555219
53708 0.0000051 0.0000050 0 0 0.0075145 0.0073562 0.0075145 0.0073562
53709 0.0000131 0.0000129 0 0 0.0192742 0.0188814 0.0192742 0.0188814
53710 0.0000344 0.0000337 0 0 0.0462471 0.0453823 0.0462471 0.0453823
53711 0.0000039 0.0000038 0 0 0.0048034 0.0047181 0.0048034 0.0047181
53712 0.0000341 0.0000335 0 0 0.0419951 0.0412770 0.0419951 0.0412770
53713 0.0000142 0.0000139 0 0 0.0162491 0.0159824 0.0162491 0.0159824
53714 0.0000146 0.0000143 0 0 0.0161089 0.0158517 0.0161089 0.0158517
53716 0.0000064 0.0000063 0 0 0.0069440 0.0068356 0.0069440 0.0068356
53717 0.0000295 0.0000291 0 0 0.0320754 0.0315867 0.0320754 0.0315867
53719 0.0000126 0.0000124 0 0 0.0137277 0.0135248 0.0137277 0.0135248
53720 0.0000037 0.0000036 0 0 0.0037068 0.0036527 0.0037068 0.0036527
53722 0.0000185 0.0000183 0 0 0.0185403 0.0182746 0.0185403 0.0182746
53723 0.0000068 0.0000067 0 0 0.0066209 0.0065274 0.0066209 0.0065274
53724 0.0000262 0.0000258 0 0 0.0256437 0.0252915 0.0256437 0.0252915
53735 0.0000311 0.0000302 0 0 0.0692789 0.0673231 0 0
53736 0.0000342 0.0000334 0 0 0.0611416 0.0596333 0.0611416 0.0596333
53737 0.0000122 0.0000119 0 0 0.0197871 0.0193283 0.0197871 0.0193283
53738 0.0000346 0.0000338 0 0 0.0532416 0.0520938 0.0532416 0.0520938
53739 0.0000347 0.0000340 0 0 0.0497764 0.0487694 0.0497764 0.0487694
53740 0.0000188 0.0000185 0 0 0.0255375 0.0250422 0.0255375 0.0250422
53741 0.0000032 0.0000032 0 0 0.0042209 0.0041414 0.0042209 0.0041414
53742 0.0000033 0.0000032 0 0 0.0042474 0.0041678 0.0042474 0.0041678
53743 0.0000249 0.0000244 0 0 0.0319935 0.0314056 0.0319935 0.0314056
53744 0.0000307 0.0000302 0 0 0.0383118 0.0376309 0.0383118 0.0376309
53752 0.0000304 0.0000295 0 0 0.0730583 0.0709026 0 0
53753 0.0000158 0.0000154 0 0 0.0291120 0.0283556 0.0291120 0.0283556
53754 0.0000224 0.0000219 0 0 0.0412714 0.0402641 0.0412714 0.0402641
53755 0.0000203 0.0000198 0 0 0.0328829 0.0321254 0.0328829 0.0321254
53756 0.0000171 0.0000168 0 0 0.0262422 0.0256690 0.0262422 0.0256690
53757 0.0000104 0.0000102 0 0 0.0153467 0.0150209 0.0153467 0.0150209
53758 0.0000342 0.0000335 0 0 0.0504498 0.0494194 0.0504498 0.0494194
53759 0.0000314 0.0000308 0 0 0.0430856 0.0422477 0.0430856 0.0422477
53761 0.0000260 0.0000256 0 0 0.0325355 0.0319544 0.0325355 0.0319544
53768 0.0000120 0.0000117 0 0 0.0275668 0.0267081 0 0
53769 0.0000320 0.0000311 0 0 0.0655775 0.0637623 0.0655775 0.0637623
53770 0.0000188 0.0000183 0 0 0.0336577 0.0328055 0.0336577 0.0328055
53771 0.0000345 0.0000337 0 0 0.0584929 0.0571092 0.0584929 0.0571092
53772 0.0000348 0.0000340 0 0 0.0538441 0.0526720 0.0538441 0.0526720
53773 0.0000200 0.0000196 0 0 0.0290416 0.0284387 0.0290416 0.0284387
53774 0.0000348 0.0000341 0 0 0.0486252 0.0476634 0.0486252 0.0476634
53775 0.0000147 0.0000144 0 0 0.0193765 0.0190100 0.0193765 0.0190100
53776 0.0000056 0.0000055 0 0 0.0072465 0.0071124 0.0072465 0.0071124
53780 0.0000263 0.0000254 0 0 0.0649385 0.0628641 0 0
53781 0.0000340 0.0000331 0 0 0.0683210 0.0664464 0.0341604 0.0332231
53782 0.0000292 0.0000285 0 0 0.0520017 0.0507062 0.0520017 0.0507062
53783 0.0000150 0.0000146 0 0 0.0244867 0.0239145 0.0244867 0.0239145
53784 0.0000338 0.0000330 0 0 0.0551799 0.0539489 0.0551799 0.0539489
53785 0.0000028 0.0000027 0 0 0.0041114 0.0040227 0.0041114 0.0040227
53786 0.0000347 0.0000340 0 0 0.0517906 0.0507036 0.0517906 0.0507036
53787 0.0000062 0.0000060 0 0 0.0087150 0.0085370 0.0087150 0.0085370
53788 0.0000109 0.0000107 0 0 0.0153932 0.0150876 0.0153932 0.0150876
53789 0.0000038 0.0000037 0 0 0.0053169 0.0052125 0.0053169 0.0052125
53790 0.0000054 0.0000053 0 0 0.0076576 0.0075082 0.0076576 0.0075082
53791 0.0000379 0.0000371 0 0 0.0506490 0.0496864 0.0506490 0.0496864
53793 0.0000079 0.0000077 0 0 0.0105627 0.0103676 0.0105627 0.0103676
53794 0.0000274 0.0000269 0 0 0.0367219 0.0360569 0.0367219 0.0360569
53795 0.0000152 0.0000150 0 0 0.0187021 0.0183714 0.0187021 0.0183714
53827 0.0000322 0.0000312 0 0 0.0813873 0.0787335 0 0
53828 0.0000342 0.0000332 0 0 0.0701899 0.0682054 0.0701899 0.0682054
53829 0.0000346 0.0000337 0 0 0.0640085 0.0623565 0.0640085 0.0623565
53830 0.0000306 0.0000299 0 0 0.0515625 0.0503323 0.0515625 0.0503323
53831 0.0000138 0.0000135 0 0 0.0221505 0.0216410 0.0221505 0.0216410
53832 0.0000343 0.0000336 0 0 0.0549331 0.0537131 0.0549331 0.0537131
53833 0.0000038 0.0000037 0 0 0.0056157 0.0054943 0.0056157 0.0054943
53834 0.0000344 0.0000337 0 0 0.0513271 0.0502594 0.0513271 0.0502594
53835 0.0000042 0.0000041 0 0 0.0063062 0.0061781 0.0063062 0.0061781
53836 0.0000158 0.0000155 0 0 0.0236123 0.0231393 0.0236123 0.0231393
53852 0.0000161 0.0000156 0 0 0.0382082 0.0370258 0 0
53853 0.0000097 0.0000095 0 0 0.0197114 0.0191502 0.0197114 0.0191502
53854 0.0000343 0.0000334 0 0 0.0657850 0.0640426 0.0657850 0.0640426
53855 0.0000247 0.0000241 0 0 0.0429222 0.0418681 0.0429222 0.0418681
53856 0.0000096 0.0000094 0 0 0.0155960 0.0152314 0.0155960 0.0152314
53857 0.0000078 0.0000076 0 0 0.0127262 0.0124353 0.0127262 0.0124353
53860 0.0000343 0.0000336 0 0 0.0528423 0.0517114 0.0528423 0.0517114
53861 0.0000206 0.0000201 0 0 0.0295356 0.0289276 0.0295356 0.0289276
53862 0.0000351 0.0000344 0 0 0.0485818 0.0476242 0.0485818 0.0476242
53864 0.0000208 0.0000204 0 0 0.0277672 0.0272384 0.0277672 0.0272384
RN   Bit10Corr  Bit10UC   Bit18Corr  Bit18UC   Bit22Corr  Bit22UC (units pb^-1)UC   Bit30Corr  Bit30UC (units pb^-1)

Totals: 0.07417 0.07028 45.63190 42.51759 65.26324 61.72030 60.58080 57.17356 pb^-1
(int) 0

Processing get_luminosity_182630.C("fullgoodrunlist_v3.list",5,1)...
RN   Bit10Corr  Bit10UC   Bit18Corr  Bit18UC   Bit22Corr  Bit22UC (units pb^-1)UC   Bit30Corr  Bit30
47289 0.0000803 0.0000747 0.0335708 0.0312447 0.0335708 0.0312447 0.0335708 0.0312447
47291 0.0000553 0.0000516 0.0231175 0.0215516 0.0231175 0.0215516 0.0231175 0.0215516
47293 0.0000608 0.0000567 0.0254049 0.0237167 0.0254049 0.0237167 0.0254049 0.0237167
47306 0.0000754 0.0000707 0.0273719 0.0256648 0.0273719 0.0256648 0.0273719 0.0256648
47310 0.0002150 0.0002023 0.0752611 0.0707924 0.0752611 0.0707924 0.0752611 0.0707924
47313 0.0004150 0.0003926 0.1315626 0.1244431 0.1315626 0.1244431 0.1315626 0.1244431
47314 0.0003010 0.0002857 0.0891019 0.0845580 0.0891019 0.0845580 0.0891019 0.0845580
47315 0.0001086 0.0001032 0.0218263 0.0207434 0.0218263 0.0207434 0.0218263 0.0207434
47316 0.0002640 0.0002511 0.0398585 0.0379197 0.0398585 0.0379197 0.0398585 0.0379197
47333 0.0000758 0.0000716 0.0247809 0.0234229 0.0247809 0.0234229 0.0247809 0.0234229
47334 0.0001564 0.0001481 0.0511520 0.0484432 0.0511520 0.0484432 0.0511520 0.0484432
47352 0.0006570 0.0006257 0.0860613 0.0819636 0.0860613 0.0819636 0.0860613 0.0819636
47357 0.0001573 0.0001501 0.0206052 0.0196578 0.0206052 0.0196578 0.0206052 0.0196578
47360 0.0006562 0.0006272 0.0754657 0.0721225 0.0754657 0.0721225 0.0754657 0.0721225
47363 0.0009864 0.0009453 0.1025887 0.0983127 0.1025887 0.0983127 0.1025887 0.0983127
47376 0.0003966 0.0003740 0.0749529 0.0706884 0.0749529 0.0706884 0.0749529 0.0706884
47377 0.0001613 0.0001525 0.0264463 0.0250095 0.0264463 0.0250095 0.0264463 0.0250095
47378 0.0008151 0.0007738 0.1255243 0.1191604 0.1255243 0.1191604 0.1255243 0.1191604
47379 0.0002263 0.0002153 0.0298710 0.0284192 0.0298710 0.0284192 0.0298710 0.0284192
47380 0.0000880 0.0000838 0.0112685 0.0107283 0.0112685 0.0107283 0.0112685 0.0107283
47381 0.0002598 0.0002475 0.0327320 0.0311844 0.0327320 0.0311844 0.0327320 0.0311844
47382 0.0001641 0.0001566 0.0195250 0.0186372 0.0195250 0.0186372 0.0195250 0.0186372
47391 0.0004008 0.0003770 0.0625301 0.0588101 0.0625301 0.0588101 0.0625301 0.0588101
47393 0.0000901 0.0000850 0.0165783 0.0156381 0.0165783 0.0156381 0.0165783 0.0156381
47394 0.0000846 0.0000799 0.0155691 0.0147018 0.0155691 0.0147018 0.0155691 0.0147018
47395 0.0003265 0.0003088 0.0551719 0.0521943 0.0551719 0.0521943 0.0551719 0.0521943
47396 0.0004361 0.0004138 0.0737094 0.0699260 0.0737094 0.0699260 0.0737094 0.0699260
47440 0.0009025 0.0008492 0.1462015 0.1375784 0.1462015 0.1375784 0.1462015 0.1375784
47443 0.0003174 0.0002999 0.0514187 0.0485874 0.0514187 0.0485874 0.0514187 0.0485874
47454 0.0004924 0.0004643 0.1088208 0.1026123 0.1088208 0.1026123 0.1088208 0.1026123
47455 0.0000665 0.0000630 0.0103806 0.0098239 0.0103806 0.0098239 0.0103806 0.0098239
47457 0.0003891 0.0003691 0.0607056 0.0575791 0.0607056 0.0575791 0.0607056 0.0575791
47458 0.0007872 0.0007489 0.1227964 0.1168255 0.1227964 0.1168255 0.1227964 0.1168255
47459 0.0000751 0.0000716 0.0117162 0.0111686 0.0117162 0.0111686 0.0117162 0.0111686
47461 0.0009596 0.0009167 0.1103503 0.1054229 0.1103503 0.1054229 0.1103503 0.1054229
47462 0.0001865 0.0001784 0.0197661 0.0189131 0.0197661 0.0189131 0.0197661 0.0189131
47463 0.0008983 0.0008608 0.0925291 0.0886623 0.0925291 0.0886623 0.0925291 0.0886623
47464 0.0003745 0.0003594 0.0385715 0.0370147 0.0385715 0.0370147 0.0385715 0.0370147
47474 0.0002716 0.0002535 0.0540399 0.0504491 0.0540399 0.0504491 0.0540399 0.0504491
47478 0.0007130 0.0006751 0.1319106 0.1249010 0.1319106 0.1249010 0.1319106 0.1249010
47480 0.0003443 0.0003281 0.0447576 0.0426587 0.0447576 0.0426587 0.0447576 0.0426587
47481 0.0000935 0.0000893 0.0104719 0.0100040 0.0104719 0.0100040 0.0104719 0.0100040
47482 0.0001580 0.0001511 0.0170596 0.0163158 0.0170596 0.0163158 0.0170596 0.0163158
47484 0.0001469 0.0001407 0.0149843 0.0143531 0.0149843 0.0143531 0.0149843 0.0143531
47485 0.0001661 0.0001596 0.0151167 0.0145195 0.0151167 0.0145195 0.0151167 0.0145195
47489 0.0010464 0.0010086 0.0889481 0.0857283 0.0889481 0.0857283 0.0889481 0.0857283
47491 0.0011222 0.0010849 0.0819216 0.0791956 0.0819216 0.0791956 0.0819216 0.0791956
47492 0.0003303 0.0003197 0.0221285 0.0214203 0.0221285 0.0214203 0.0221285 0.0214203
47494 0.0001219 0.0001181 0.0079265 0.0076771 0.0079265 0.0076771 0.0079265 0.0076771
47495 0.0008447 0.0008189 0.0549038 0.0532315 0.0549038 0.0532315 0.0549038 0.0532315
47497 0.0001034 0.0001004 0.0067235 0.0065250 0.0067235 0.0065250 0.0067235 0.0065250
47501 0.0007530 0.0007012 0.1724463 0.1605676 0.1724463 0.1605676 0.1724463 0.1605676
47502 0.0006770 0.0006356 0.1550258 0.1455537 0.1550258 0.1455537 0.1550258 0.1455537
47503 0.0005802 0.0005473 0.1061838 0.1001600 0.1061838 0.1001600 0.1061838 0.1001600
47505 0.0001420 0.0001345 0.0217235 0.0205748 0.0217235 0.0205748 0.0217235 0.0205748
47506 0.0008188 0.0007772 0.1252802 0.1189144 0.1252802 0.1189144 0.1252802 0.1189144
47507 0.0003676 0.0003497 0.0562406 0.0535060 0.0562406 0.0535060 0.0562406 0.0535060
47509 0.0005243 0.0004997 0.0655384 0.0624627 0.0655384 0.0624627 0.0655384 0.0624627
47513 0.0001626 0.0001477 0.0622776 0.0565565 0.0622776 0.0565565 0.0622776 0.0565565
47514 0.0002471 0.0002292 0.0662272 0.0614290 0.0662272 0.0614290 0.0662272 0.0614290
47516 0.0005956 0.0005578 0.1596294 0.1494883 0.1596294 0.1494883 0.1596294 0.1494883
47517 0.0007323 0.0006905 0.1178968 0.1111738 0.1178968 0.1111738 0.1178968 0.1111738
47519 0.0004200 0.0003975 0.0566959 0.0536606 0.0566959 0.0536606 0.0566959 0.0536606
47521 0.0010160 0.0009663 0.1209011 0.1149929 0.1209011 0.1149929 0.1209011 0.1149929
47522 0.0003662 0.0003491 0.0388192 0.0370098 0.0388192 0.0370098 0.0388192 0.0370098
47524 0.0007700 0.0007354 0.0777695 0.0742722 0.0777695 0.0742722 0.0777695 0.0742722
47525 0.0002494 0.0002385 0.0236915 0.0226578 0.0236915 0.0226578 0.0236915 0.0226578
47540 0.0007560 0.0007096 0.1398651 0.1312806 0.1398651 0.1312806 0.1398651 0.1312806
47547 0.0000784 0.0000743 0.0111372 0.0105545 0.0111372 0.0105545 0.0111372 0.0105545
47548 0.0001370 0.0001299 0.0172600 0.0163660 0.0172600 0.0163660 0.0172600 0.0163660
47549 0.0006514 0.0006185 0.0820714 0.0779360 0.0820714 0.0779360 0.0820714 0.0779360
47552 0.0010274 0.0009783 0.1294535 0.1232688 0.1294535 0.1232688 0.1294535 0.1232688
47557 0.0003348 0.0003035 0.1252280 0.1135088 0.1252280 0.1135088 0.1252280 0.1135088
47568 0.0003622 0.0003371 0.0630220 0.0586527 0.0630220 0.0586527 0.0630220 0.0586527
47582 0.0001944 0.0001743 0.1197316 0.1073795 0.1197316 0.1073795 0.1197316 0.1073795
47588 0.0003694 0.0003360 0.2127848 0.1935246 0.2127848 0.1935246 0.2127848 0.1935246
47601 0.0001198 0.0001106 0.0277991 0.0256543 0.0277991 0.0256543 0.0277991 0.0256543
47619 0.0000814 0.0000758 0.0990863 0.0922877 0.0990863 0.0922877 0.0990863 0.0922877
47628 0.0000158 0.0000147 0.0191785 0.0179077 0.0191785 0.0179077 0.0191785 0.0179077
47634 0.0000745 0.0000698 0.0809011 0.0758185 0.0809011 0.0758185 0.0809011 0.0758185
47635 0.0001193 0.0001123 0.1218926 0.1147431 0.1218926 0.1147431 0.1218926 0.1147431
47636 0.0000373 0.0000352 0.0381619 0.0359977 0.0381619 0.0359977 0.0381619 0.0359977
47637 0.0001332 0.0001259 0.1361745 0.1287110 0.1361745 0.1287110 0.1361745 0.1287110
47638 0.0000361 0.0000342 0.0327845 0.0310462 0.0327845 0.0310462 0.0327845 0.0310462
47650 0.0000457 0.0000410 0.0815998 0.0731546 0.0815998 0.0731546 0.0815998 0.0731546
47657 0.0000462 0.0000420 0.0749098 0.0679995 0.0749098 0.0679995 0.0749098 0.0679995
47658 0.0001051 0.0000965 0.1525449 0.1400248 0.1525449 0.1400248 0.1525449 0.1400248
47659 0.0000249 0.0000229 0.0329112 0.0303551 0.0329112 0.0303551 0.0329112 0.0303551
47661 0.0000643 0.0000595 0.0831681 0.0769692 0.0831681 0.0769692 0.0831681 0.0769692
47662 0.0000419 0.0000389 0.0517147 0.0479903 0.0517147 0.0479903 0.0517147 0.0479903
47664 0.0000827 0.0000770 0.0983980 0.0916184 0.0983980 0.0916184 0.0983980 0.0916184
47666 0.0000462 0.0000432 0.0508259 0.0475583 0.0508259 0.0475583 0.0508259 0.0475583
47667 0.0000541 0.0000507 0.0582110 0.0545757 0.0582110 0.0545757 0.0582110 0.0545757
47714 0.0000642 0.0000574 0.1211879 0.1083200 0.1211879 0.1083200 0.1211879 0.1083200
47715 0.0000209 0.0000189 0.0351393 0.0316745 0.0351393 0.0316745 0.0351393 0.0316745
47716 0.0000246 0.0000223 0.0394167 0.0357145 0.0394167 0.0357145 0.0394167 0.0357145
47719 0.0000350 0.0000321 0.0507390 0.0464895 0.0507390 0.0464895 0.0507390 0.0464895
47720 0.0000998 0.0000920 0.1371958 0.1265362 0.1371958 0.1265362 0.1371958 0.1265362
47721 0.0000131 0.0000121 0.0164842 0.0152660 0.0164842 0.0152660 0.0164842 0.0152660
47722 0.0000811 0.0000753 0.1006797 0.0934941 0.1006797 0.0934941 0.1006797 0.0934941
47723 0.0000881 0.0000822 0.1033499 0.0963686 0.1033499 0.0963686 0.1033499 0.0963686
47724 0.0001012 0.0000947 0.1129494 0.1056963 0.1129494 0.1056963 0.1129494 0.1056963
47725 0.0000293 0.0000275 0.0310974 0.0291752 0.0310974 0.0291752 0.0310974 0.0291752
47726 0.0001417 0.0001333 0.1466170 0.1379351 0.1466170 0.1379351 0.1466170 0.1379351
47727 0.0000700 0.0000661 0.0685653 0.0646663 0.0685653 0.0646663 0.0342826 0.0323331
47729 0.0000175 0.0000166 0.0167325 0.0158023 0.0167325 0.0158023 0.0167325 0.0158023
47730 0.0000211 0.0000199 0.0198258 0.0187348 0.0198258 0.0187348 0.0198258 0.0187348
47732 0.0001421 0.0001346 0.1314697 0.1244842 0.1314697 0.1244842 0.1314697 0.1244842
47733 0.0001417 0.0001345 0.1251479 0.1187945 0.1251479 0.1187945 0.1251479 0.1187945
47783 0.0000125 0.0000116 0.0163786 0.0151713 0.0163786 0.0151713 0.0163786 0.0151713
47791 0.0000586 0.0000546 0.0766572 0.0714573 0.0766572 0.0714573 0.0766572 0.0714573
47810 0.0001147 0.0001067 0.1404483 0.1306494 0.1404483 0.1306494 0.1404483 0.1306494
47824 0.0000733 0.0000684 0.0833685 0.0778788 0.0833685 0.0778788 0.0833685 0.0778788
47831 0.0000200 0.0000187 0.0218506 0.0204509 0.0218506 0.0204509 0.0218506 0.0204509
47834 0.0000479 0.0000449 0.0517207 0.0484850 0.0517207 0.0484850 0.0517207 0.0484850
47836 0.0000317 0.0000297 0.0331284 0.0311039 0.0331284 0.0311039 0.0331284 0.0311039
47852 0.0000184 0.0000174 0.0186259 0.0175388 0.0186259 0.0175388 0.0186259 0.0175388
47856 0.0000236 0.0000222 0.0238429 0.0224672 0.0238429 0.0224672 0.0238429 0.0224672
47869 0.0000253 0.0000239 0.0244889 0.0231132 0.0244889 0.0231132 0.0244889 0.0231132
47873 0.0000731 0.0000690 0.0706506 0.0667549 0.0706506 0.0667549 0.0706506 0.0667549
47889 0.0001074 0.0000978 0.1679018 0.1527833 0.1679018 0.1527833 0.1679018 0.1527833
47890 0.0000363 0.0000332 0.0532297 0.0486404 0.0532297 0.0486404 0.0532297 0.0486404
47892 0.0000679 0.0000622 0.0971799 0.0890643 0.0971799 0.0890643 0.0971799 0.0890643
47893 0.0000347 0.0000319 0.0463984 0.0427678 0.0463984 0.0427678 0.0463984 0.0427678
47940 0.0000043 0.0000038 0.0078460 0.0070043 0.0078460 0.0070043 0.0078460 0.0070043
47944 0.0000043 0.0000039 0.0070108 0.0063695 0.0070108 0.0063695 0.0070108 0.0063695
47946 0.0000032 0.0000029 0.0045445 0.0041607 0.0045445 0.0041607 0.0045445 0.0041607
47966 0.0000202 0.0000189 0.0249822 0.0234773 0.0249822 0.0234773 0.0249822 0.0234773
47972 0.0000955 0.0000907 0.0847065 0.0804870 0.0847065 0.0804870 0.0847065 0.0804870
47973 0.0000232 0.0000221 0.0187555 0.0178747 0.0187555 0.0178747 0.0187555 0.0178747
47975 0.0000100 0.0000095 0.0078768 0.0075138 0.0078768 0.0075138 0.0078768 0.0075138
47976 0.0000520 0.0000497 0.0396493 0.0379073 0.0396493 0.0379073 0.0396493 0.0379073
47977 0.0000131 0.0000125 0.0095093 0.0091067 0.0095093 0.0091067 0.0095093 0.0091067
47978 0.0000704 0.0000675 0.0504154 0.0483297 0.0504154 0.0483297 0.0504154 0.0483297
47979 0.0000517 0.0000496 0.0361677 0.0347036 0.0361677 0.0347036 0.0361677 0.0347036
47982 0.0000436 0.0000419 0.0293744 0.0282281 0.0293744 0.0282281 0.0293744 0.0282281
47998 0.0000274 0.0000247 0.0483391 0.0434392 0.0483391 0.0434392 0.0483391 0.0434392
47999 0.0000390 0.0000355 0.0612542 0.0557438 0.0612542 0.0557438 0.0612542 0.0557438
48001 0.0000334 0.0000306 0.0483156 0.0442850 0.0483156 0.0442850 0.0483156 0.0442850
48002 0.0000854 0.0000787 0.1234638 0.1137391 0.1234638 0.1137391 0.1234638 0.1137391
48008 0.0000619 0.0000576 0.0755793 0.0703798 0.0755793 0.0703798 0.0755793 0.0703798
48011 0.0000670 0.0000627 0.0742076 0.0694471 0.0742076 0.0694471 0.0742076 0.0694471
48023 0.0000036 0.0000034 0.0039534 0.0037118 0.0039534 0.0037118 0.0039534 0.0037118
48073 0.0000108 0.0000100 0.0187400 0.0173381 0.0187400 0.0173381 0.0187400 0.0173381
48076 0.0000467 0.0000436 0.0811956 0.0757390 0.0811956 0.0757390 0.0811956 0.0757390
48079 0.0000183 0.0000172 0.0197522 0.0185244 0.0197522 0.0185244 0.0197522 0.0185244
48082 0.0000206 0.0000194 0.0213503 0.0200594 0.0213503 0.0200594 0.0213503 0.0200594
48084 0.0000769 0.0000724 0.0781093 0.0735295 0.0781093 0.0735295 0.0781093 0.0735295
48085 0.0000302 0.0000285 0.0286720 0.0270836 0.0286720 0.0270836 0.0286720 0.0270836
48086 0.0000531 0.0000502 0.0487069 0.0461138 0.0487069 0.0461138 0.0487069 0.0461138
48088 0.0000570 0.0000526 0.0837475 0.0771961 0.0837475 0.0771961 0.0837475 0.0771961
48089 0.0000479 0.0000446 0.0580320 0.0540212 0.0580320 0.0540212 0.0580320 0.0540212
48097 0.0000269 0.0000255 0.0279846 0.0264820 0.0279846 0.0264820 0.0279846 0.0264820
48099 0.0000497 0.0000471 0.0451702 0.0427961 0.0451702 0.0427961 0.0451702 0.0427961
48166 0.0000738 0.0000699 0 0 0 0 0 0
48172 0.0003146 0.0002893 0 0 0 0 0 0
48176 0.0000570 0.0000530 0.0720651 0.0671006 0.0720651 0.0671006 0.0720651 0.0671006
48177 0.0000597 0.0000559 0.0669322 0.0626520 0.0669322 0.0626520 0.0669322 0.0626520
48179 0.0000504 0.0000473 0.0531558 0.0499497 0.0531558 0.0499497 0.0531558 0.0499497
48181 0.0000486 0.0000459 0.0512639 0.0484104 0.0512639 0.0484104 0.0512639 0.0484104
48185 0.0000206 0.0000195 0.0217631 0.0206185 0.0217631 0.0206185 0.0217631 0.0206185
48230 0.0000509 0.0000467 0.0141692 0.0130091 0.0071215 0.0065384 0.0070115 0.0064374
48233 0.0000191 0.0000178 0.0451343 0.0420591 0.0451343 0.0420591 0.0451343 0.0420591
48236 0.0000263 0.0000247 0.0561413 0.0526773 0.0561413 0.0526773 0.0561413 0.0526773
48237 0.0000366 0.0000345 0.0745359 0.0701657 0.0745359 0.0701657 0.0745359 0.0701657
48238 0.0000295 0.0000279 0.0564693 0.0533437 0.0564693 0.0533437 0.0564693 0.0533437
48239 0.0000277 0.0000262 0.0529840 0.0501345 0.0529840 0.0501345 0.0529840 0.0501345
48240 0.0000281 0.0000267 0.0538577 0.0510440 0.0538577 0.0510440 0.0538577 0.0510440
48244 0.0001424 0.0001352 0 0 0 0 0 0
48245 0.0000122 0.0000116 0.0209072 0.0198638 0.0209072 0.0198638 0.0209072 0.0198638
48246 0.0000341 0.0000325 0.0583838 0.0555247 0.0583838 0.0555247 0.0583838 0.0555247
48253 0.0000122 0.0000113 0.0316346 0.0293139 0.0316346 0.0293139 0.0158172 0.0146569
48255 0.0000338 0.0000316 0.0809423 0.0756675 0.0809423 0.0756675 0.0404711 0.0378337
48256 0.0000312 0.0000294 0.0746687 0.0702402 0.0746687 0.0702402 0.0373344 0.0351201
48257 0.0000291 0.0000274 0.0694973 0.0656412 0.0694973 0.0656412 0.0347486 0.0328206
48258 0.0000276 0.0000261 0.0659419 0.0624723 0.0659419 0.0624723 0.0329709 0.0312362
48259 0.0000166 0.0000157 0.0396783 0.0376696 0.0396783 0.0376696 0.0198391 0.0188348
48260 0.0000251 0.0000239 0.0600834 0.0572057 0.0600834 0.0572057 0.0300417 0.0286028
48261 0.0000073 0.0000070 0.0174428 0.0166279 0.0174428 0.0166279 0.0087214 0.0083139
48262 0.0000234 0.0000223 0.0559351 0.0534349 0.0559351 0.0534349 0.0279676 0.0267175
48263 0.0000172 0.0000165 0.0411544 0.0393639 0.0411544 0.0393639 0.0205772 0.0196820
48265 0.0000220 0.0000211 0.0525977 0.0503909 0.0525977 0.0503909 0.0262989 0.0251955
48290 0.0000406 0.0000379 0.0912106 0.0852944 0.0912106 0.0852944 0.0912106 0.0852944
48291 0.0000363 0.0000341 0.0763257 0.0716777 0.0763257 0.0716777 0.0763257 0.0716777
48293 0.0000358 0.0000337 0.0726063 0.0683435 0.0726063 0.0683435 0.0726063 0.0683435
48294 0.0000365 0.0000344 0.0716394 0.0675638 0.0716394 0.0675638 0.0716394 0.0675638
48295 0.0000183 0.0000172 0.0348349 0.0328955 0.0348349 0.0328955 0.0348349 0.0328955
48307 0.0000054 0.0000050 0.0126828 0.0118207 0.0126828 0.0118207 0.0126828 0.0118207
48312 0.0000379 0.0000356 0.0799061 0.0751393 0.0799061 0.0751393 0.0799061 0.0751393
48313 0.0000187 0.0000176 0.0366395 0.0345656 0.0366395 0.0345656 0.0366395 0.0345656
48318 0.0000062 0.0000059 0.0112761 0.0106837 0.0112761 0.0106837 0.0112761 0.0106837
48320 0.0000178 0.0000169 0.0314810 0.0298583 0.0314810 0.0298583 0.0314810 0.0298583
48323 0.0000361 0.0000344 0.0605129 0.0576004 0.0605129 0.0576004 0.0605129 0.0576004
48324 0.0000321 0.0000306 0.0516995 0.0493079 0.0516995 0.0493079 0.0516995 0.0493079
48325 0.0000343 0.0000327 0.0551838 0.0527149 0.0551838 0.0527149 0.0551838 0.0527149
48326 0.0000187 0.0000179 0.0301326 0.0288181 0.0301326 0.0288181 0.0301326 0.0288181
48327 0.0000046 0.0000044 0.0073878 0.0070829 0.0073878 0.0070829 0.0073878 0.0070829
48336 0.0000155 0.0000144 0.0366269 0.0341078 0.0366269 0.0341078 0.0366269 0.0341078
48337 0.0000069 0.0000065 0.0163411 0.0152498 0.0163411 0.0152498 0.0163411 0.0152498
48341 0.0000057 0.0000053 0.0133671 0.0125091 0.0133671 0.0125091 0.0133671 0.0125091
48342 0.0000255 0.0000239 0.0543989 0.0510304 0.0543989 0.0510304 0.0543989 0.0510304
48343 0.0000098 0.0000092 0.0200299 0.0188293 0.0200299 0.0188293 0.0200299 0.0188293
48346 0.0000331 0.0000313 0.0652640 0.0615447 0.0652640 0.0615447 0.0652640 0.0615447
48347 0.0000064 0.0000060 0.0298790 0.0282152 0.0298790 0.0282152 0.0298790 0.0282152
48348 0.0000344 0.0000325 0.0638172 0.0603860 0.0638172 0.0603860 0.0638172 0.0603860
48349 0.0000087 0.0000083 0.0157933 0.0149592 0.0157933 0.0149592 0.0157933 0.0149592
48352 0.0000313 0.0000297 0.0548527 0.0520614 0.0548527 0.0520614 0.0548527 0.0520614
48356 0.0000348 0.0000324 0.0891233 0.0827953 0.0891233 0.0827953 0.0891233 0.0827953
48358 0.0000349 0.0000328 0.0741583 0.0696610 0.0741583 0.0696610 0.0741583 0.0696610
48359 0.0000350 0.0000330 0.0702022 0.0661601 0.0702022 0.0661601 0.0702022 0.0661601
48366 0.0000332 0.0000316 0.0572382 0.0543946 0.0572382 0.0543946 0.0572382 0.0543946
48367 0.0000354 0.0000337 0.0589712 0.0561339 0.0589712 0.0561339 0.0589712 0.0561339
48368 0.0000347 0.0000331 0.0577491 0.0550445 0.0577491 0.0550445 0.0577491 0.0550445
48369 0.0000285 0.0000272 0.0474741 0.0453016 0.0474741 0.0453016 0.0474741 0.0453016
48398 0.0000113 0.0000105 0.0279949 0.0259886 0.0279949 0.0259886 0.0279949 0.0259886
48409 0.0000342 0.0000321 0.0735894 0.0690436 0.0735894 0.0690436 0.0735894 0.0690436
48410 0.0000368 0.0000346 0.0792081 0.0745507 0.0792081 0.0745507 0.0792081 0.0745507
48412 0.0000305 0.0000288 0.0657386 0.0621273 0.0657386 0.0621273 0.0657386 0.0621273
48416 0.0000183 0.0000173 0.0393410 0.0372337 0.0393410 0.0372337 0.0393410 0.0372337
48417 0.0000283 0.0000268 0.0609339 0.0577866 0.0609339 0.0577866 0.0609339 0.0577866
48418 0.0000060 0.0000057 0.0129261 0.0122716 0.0129261 0.0122716 0.0129261 0.0122716
48421 0.0000255 0.0000243 0.0432435 0.0411197 0.0432435 0.0411197 0.0432435 0.0411197
48423 0.0000089 0.0000085 0.0151632 0.0144349 0.0151632 0.0144349 0.0151632 0.0144349
48455 0.0000178 0.0000164 0.0501510 0.0461454 0.0501510 0.0461454 0.0501510 0.0461454
48456 0.0000073 0.0000067 0.0190109 0.0175648 0.0190109 0.0175648 0.0190109 0.0175648
48461 0.0000288 0.0000268 0.0698232 0.0649719 0.0698232 0.0649719 0.0698232 0.0649719
48462 0.0000299 0.0000280 0.0724721 0.0677472 0.0724721 0.0677472 0.0724721 0.0677472
48463 0.0000324 0.0000304 0.0692746 0.0650070 0.0692746 0.0650070 0.0692746 0.0650070
48469 0.0000318 0.0000301 0.0621523 0.0586786 0.0621523 0.0586786 0.0621523 0.0586786
48471 0.0000055 0.0000052 0.0102175 0.0096607 0.0102175 0.0096607 0.0102175 0.0096607
48510 0.0000126 0.0000115 0.0388988 0.0354267 0.0388988 0.0354267 0.0388988 0.0354267
48511 0.0000125 0.0000114 0.0385141 0.0351486 0.0385141 0.0351486 0.0385141 0.0351486
48512 0.0000140 0.0000128 0.0431573 0.0395110 0.0431573 0.0395110 0.0431573 0.0395110
48513 0.0000319 0.0000294 0.0988144 0.0908319 0.0988144 0.0908319 0.0988144 0.0908319
48514 0.0000185 0.0000171 0.0572321 0.0527962 0.0572321 0.0527962 0.0572321 0.0527962
48516 0.0000175 0.0000162 0.0541942 0.0501505 0.0541942 0.0501505 0.0541942 0.0501505
48518 0.0000318 0.0000295 0.0782920 0.0726957 0.0782920 0.0726957 0.0782920 0.0726957
48519 0.0000200 0.0000186 0.0491681 0.0457434 0.0491681 0.0457434 0.0491681 0.0457434
48520 0.0000336 0.0000313 0.0826473 0.0771481 0.0826473 0.0771481 0.0826473 0.0771481
48521 0.0000337 0.0000315 0.0829237 0.0775414 0.0829237 0.0775414 0.0829237 0.0775414
48522 0.0000345 0.0000323 0.0848620 0.0794972 0.0848620 0.0794972 0.0848620 0.0794972
48527 0.0000041 0.0000039 0.0101080 0.0094892 0.0101080 0.0094892 0.0101080 0.0094892
48529 0.0000124 0.0000117 0.0306511 0.0288033 0.0306511 0.0288033 0.0306511 0.0288033
48530 0.0000291 0.0000274 0.0716175 0.0674216 0.0716175 0.0674216 0.0716175 0.0674216
48531 0.0000280 0.0000264 0.0689203 0.0649599 0.0689203 0.0649599 0.0689203 0.0649599
48532 0.0000265 0.0000250 0.0653365 0.0616500 0.0653365 0.0616500 0.0653365 0.0616500
48533 0.0000193 0.0000182 0.0475475 0.0449061 0.0475475 0.0449061 0.0475475 0.0449061
48536 0.0000089 0.0000084 0.0219547 0.0207616 0.0219547 0.0207616 0.0219547 0.0207616
48635 0.0000359 0.0000331 0.0961060 0.0886731 0.0961060 0.0886731 0.0961060 0.0886731
48636 0.0000330 0.0000306 0.0883525 0.0818555 0.0883525 0.0818555 0.0883525 0.0818555
48638 0.0000214 0.0000199 0.0574395 0.0533841 0.0574395 0.0533841 0.0574395 0.0533841
48639 0.0000230 0.0000214 0.0616450 0.0574324 0.0616450 0.0574324 0.0616450 0.0574324
48640 0.0000298 0.0000279 0.0797880 0.0746866 0.0797880 0.0746866 0.0797880 0.0746866
48645 0.0000274 0.0000258 0.0734086 0.0689945 0.0734086 0.0689945 0.0734086 0.0689945
48656 0.0000091 0.0000085 0.0242588 0.0228828 0.0242588 0.0228828 0.0242588 0.0228828
48657 0.0000259 0.0000245 0.0694121 0.0655489 0.0694121 0.0655489 0.0694121 0.0655489
48658 0.0000246 0.0000233 0.0658718 0.0622931 0.0658718 0.0622931 0.0658718 0.0622931
48660 0.0000170 0.0000161 0.0455767 0.0431651 0.0455767 0.0431651 0.0455767 0.0431651
48701 0.0000210 0.0000190 0.0702201 0.0635849 0.0702201 0.0635849 0.0702201 0.0635849
48706 0.0000052 0.0000045 0.0217590 0.0190752 0.0217590 0.0190752 0.0217590 0.0190752
48720 0.0000251 0.0000231 0.0702436 0.0646685 0.0702436 0.0646685 0.0702436 0.0646685
48721 0.0000163 0.0000151 0.0392839 0.0365295 0.0392839 0.0365295 0.0392839 0.0365295
48722 0.0000514 0.0000481 0.1240906 0.1160669 0.1240906 0.1160669 0.1240906 0.1160669
48725 0.0000360 0.0000339 0.0868574 0.0817311 0.0868574 0.0817311 0.0868574 0.0817311
48726 0.0000407 0.0000385 0.0983095 0.0928218 0.0983095 0.0928218 0.0983095 0.0928218
48727 0.0000523 0.0000496 0.1262423 0.1197253 0.1262423 0.1197253 0.1262423 0.1197253
48730 0.0000052 0.0000045 0.0210952 0.0185683 0.0210952 0.0185683 0.0210952 0.0185683
48731 0.0000327 0.0000291 0.1297528 0.1152333 0.1297528 0.1152333 0.1297528 0.1152333
48732 0.0000068 0.0000061 0.0234773 0.0211609 0.0234773 0.0211609 0.0234773 0.0211609
48734 0.0000471 0.0000428 0.0761173 0.0690997 0.0761173 0.0690997 0.0761173 0.0690997
48735 0.0000545 0.0000499 0.0786946 0.0721737 0.0786946 0.0721737 0.0786946 0.0721737
48736 0.0000201 0.0000185 0.0262621 0.0242606 0.0262621 0.0242606 0.0262621 0.0242606
48742 0.0000386 0.0000358 0.0477482 0.0443216 0.0477482 0.0443216 0.0477482 0.0443216
48743 0.0000301 0.0000282 0.0338811 0.0316810 0.0338811 0.0316810 0.0338811 0.0316810
48745 0.0000155 0.0000145 0.0166939 0.0156451 0.0166939 0.0156451 0.0166939 0.0156451
48746 0.0000115 0.0000108 0.0122077 0.0114841 0.0122077 0.0114841 0.0122077 0.0114841
48801 0.0000708 0.0000648 0.1143317 0.1046088 0.1143317 0.1046088 0.1143317 0.1046088
48803 0.0000366 0.0000339 0.0480262 0.0444452 0.0480262 0.0444452 0.0480262 0.0444452
48805 0.0000523 0.0000486 0.0685564 0.0637895 0.0685564 0.0637895 0.0685564 0.0637895
48806 0.0000118 0.0000110 0.0154394 0.0144181 0.0154394 0.0144181 0.0154394 0.0144181
48807 0.0000749 0.0000701 0.0982059 0.0920184 0.0982059 0.0920184 0.0982059 0.0920184
48810 0.0000175 0.0000165 0.0229758 0.0217062 0.0229758 0.0217062 0.0229758 0.0217062
48811 0.0000133 0.0000126 0.0174529 0.0165086 0.0174529 0.0165086 0.0174529 0.0165086
48812 0.0000313 0.0000296 0.0410448 0.0388902 0.0410448 0.0388902 0.0410448 0.0388902
48813 0.0000436 0.0000415 0.0572116 0.0544074 0.0572116 0.0544074 0.0572116 0.0544074
48814 0.0000842 0.0000803 0.1105157 0.1053955 0.1105157 0.1053955 0.1105157 0.1053955
48824 0.0000378 0.0000337 0.0719886 0.0641129 0.0719886 0.0641129 0.0719886 0.0641129
48826 0.0000546 0.0000518 0.0509882 0.0484003 0.0509882 0.0484003 0.0509882 0.0484003
48828 0.0001111 0.0001031 0.1461408 0.1355243 0.1461408 0.1355243 0.1461408 0.1355243
48829 0.0000282 0.0000263 0.0321186 0.0299925 0.0321186 0.0299925 0.0321186 0.0299925
48830 0.0000197 0.0000184 0.0218324 0.0204198 0.0218324 0.0204198 0.0218324 0.0204198
48832 0.0000821 0.0000771 0.0882944 0.0829137 0.0882944 0.0829137 0.0882944 0.0829137
48836 0.0001007 0.0000953 0.0939461 0.0889489 0.0939461 0.0889489 0.0939461 0.0889489
48838 0.0000707 0.0000673 0.0604717 0.0575012 0.0604717 0.0575012 0.0604717 0.0575012
48839 0.0000758 0.0000722 0.0648226 0.0617579 0.0648226 0.0617579 0.0648226 0.0617579
48863 0.0000207 0.0000188 0.0331049 0.0300733 0.0331049 0.0300733 0.0331049 0.0300733
48864 0.0000637 0.0000583 0.1020425 0.0933559 0.1020425 0.0933559 0.1020425 0.0933559
48865 0.0000419 0.0000387 0.0671569 0.0619614 0.0671569 0.0619614 0.0671569 0.0619614
48867 0.0000245 0.0000227 0.0310760 0.0288514 0.0310760 0.0288514 0.0310760 0.0288514
48883 0.0000179 0.0000159 0.0334310 0.0297305 0.0334310 0.0297305 0.0334310 0.0297305
48884 0.0000184 0.0000164 0.0343805 0.0307509 0.0343805 0.0307509 0.0343805 0.0307509
48885 0.0000117 0.0000105 0.0219043 0.0196742 0.0219043 0.0196742 0.0219043 0.0196742
48888 0.0000430 0.0000391 0.0724405 0.0658839 0.0724405 0.0658839 0.0724405 0.0658839
48891 0.0000813 0.0000752 0.1075741 0.0995006 0.1075741 0.0995006 0.1075741 0.0995006
48892 0.0000300 0.0000279 0.0365206 0.0339317 0.0365206 0.0339317 0.0365206 0.0339317
48893 0.0000246 0.0000229 0.0291763 0.0271589 0.0291763 0.0271589 0.0291763 0.0271589
48894 0.0000173 0.0000162 0.0200558 0.0186978 0.0200558 0.0186978 0.0200558 0.0186978
48895 0.0000559 0.0000522 0.0636372 0.0594521 0.0636372 0.0594521 0.0636372 0.0594521
48897 0.0000562 0.0000527 0.0602403 0.0565100 0.0602403 0.0565100 0.0602403 0.0565100
48899 0.0000723 0.0000681 0.0741477 0.0698257 0.0741477 0.0698257 0.0741477 0.0698257
48900 0.0000275 0.0000260 0.0265489 0.0250575 0.0265489 0.0250575 0.0265489 0.0250575
48901 0.0000221 0.0000209 0.0209390 0.0197825 0.0209390 0.0197825 0.0209390 0.0197825
48902 0.0001071 0.0001014 0.0998194 0.0945228 0.0998194 0.0945228 0.0998194 0.0945228
48903 0.0000930 0.0000881 0.0867926 0.0821582 0.0867926 0.0821582 0.0867926 0.0821582
48935 0.0000343 0.0000304 0.0679289 0.0602467 0.0679289 0.0602467 0.0679289 0.0602467
48938 0.0000319 0.0000290 0.0500629 0.0455413 0.0500629 0.0455413 0.0500629 0.0455413
48940 0.0000262 0.0000240 0.0381329 0.0349668 0.0381329 0.0349668 0.0381329 0.0349668
48943 0.0001243 0.0001152 0.1808499 0.1676525 0.1808499 0.1676525 0.1808499 0.1676525
48946 0.0000688 0.0000644 0.1001223 0.0936516 0.1001223 0.0936516 0.1001223 0.0936516
48947 0.0000533 0.0000501 0.0775598 0.0728445 0.0775598 0.0728445 0.0775598 0.0728445
48949 0.0000808 0.0000763 0.1175718 0.1109711 0.1175718 0.1109711 0.1175718 0.1109711
48951 0.0000307 0.0000291 0.0447083 0.0423468 0.0447083 0.0423468 0.0447083 0.0423468
48952 0.0001009 0.0000959 0.1468798 0.1395500 0.1468798 0.1395500 0.1468798 0.1395500
48971 0.0000335 0.0000297 0.0662102 0.0586954 0.0662102 0.0586954 0.0662102 0.0586954
48976 0.0000174 0.0000157 0.0317865 0.0285625 0.0317865 0.0285625 0.0317865 0.0285625
48982 0.0000317 0.0000289 0.0577614 0.0527895 0.0577614 0.0527895 0.0577614 0.0527895
48983 0.0000973 0.0000897 0.1775573 0.1636469 0.1775573 0.1636469 0.1775573 0.1636469
48984 0.0000374 0.0000347 0.0681988 0.0632938 0.0681988 0.0632938 0.0681988 0.0632938
48985 0.0000924 0.0000863 0.1686982 0.1574259 0.1686982 0.1574259 0.1686982 0.1574259
48986 0.0000500 0.0000469 0.0540318 0.0506586 0.0540318 0.0506586 0.0540318 0.0506586
48987 0.0000197 0.0000185 0.0212510 0.0199880 0.0212510 0.0199880 0.0212510 0.0199880
48988 0.0001068 0.0001007 0.1154449 0.1088369 0.1154449 0.1088369 0.1154449 0.1088369
48989 0.0001229 0.0001163 0.1329029 0.1257700 0.1329029 0.1257700 0.1329029 0.1257700
48990 0.0000395 0.0000375 0.0349275 0.0331347 0.0349275 0.0331347 0.0349275 0.0331347
48991 0.0001086 0.0001032 0.0940728 0.0894126 0.0940728 0.0894126 0.0940728 0.0894126
49019 0.0000754 0.0000672 0.1466454 0.1305807 0.1466454 0.1305807 0.1466454 0.1305807
49023 0.0000364 0.0000335 0.0707598 0.0651220 0.0707598 0.0651220 0.0707598 0.0651220
49026 0.0000235 0.0000214 0.0349899 0.0319721 0.0349899 0.0319721 0.0349899 0.0319721
49027 0.0000206 0.0000189 0.0292197 0.0267984 0.0292197 0.0267984 0.0292197 0.0267984
49029 0.0000228 0.0000210 0.0307325 0.0283166 0.0307325 0.0283166 0.0307325 0.0283166
49030 0.0000307 0.0000284 0.0396174 0.0366404 0.0396174 0.0366404 0.0396174 0.0366404
49031 0.0000296 0.0000275 0.0370935 0.0343907 0.0370935 0.0343907 0.0370935 0.0343907
49033 0.0000040 0.0000039 0.0048140 0.0046893 0.0048140 0.0046893 0.0048140 0.0046893
49034 0.0000216 0.0000212 0.0075480 0.0073967 0.0075480 0.0073967 0.0075480 0.0073967
49035 0.0000268 0.0000263 0.0089908 0.0088179 0.0089908 0.0088179 0.0089908 0.0088179
49038 0.0000376 0.0000369 0.0123247 0.0120944 0.0123247 0.0120944 0.0123247 0.0120944
49042 0.0000441 0.0000433 0.0140254 0.0137695 0.0140254 0.0137695 0.0140254 0.0137695
49043 0.0000271 0.0000266 0.0082800 0.0081351 0.0082800 0.0081351 0.0082800 0.0081351
49045 0.0000547 0.0000538 0.0158070 0.0155473 0.0158070 0.0155473 0.0158070 0.0155473
49048 0.0000110 0.0000108 0.0031863 0.0031355 0.0031863 0.0031355 0.0031863 0.0031355
49050 0.0000097 0.0000096 0.0028120 0.0027676 0.0028120 0.0027676 0.0028120 0.0027676
49053 0.0000585 0.0000576 0.0151465 0.0149221 0.0151465 0.0149221 0.0151465 0.0149221
49054 0.0000513 0.0000505 0.0132752 0.0130833 0.0132752 0.0130833 0.0132752 0.0130833
49057 0.0000881 0.0000794 0.1564017 0.1410211 0.1564017 0.1410211 0.1564017 0.1410211
49059 0.0000136 0.0000124 0.0241621 0.0220450 0.0241621 0.0220450 0.0241621 0.0220450
49060 0.0000209 0.0000191 0.0371061 0.0339848 0.0371061 0.0339848 0.0371061 0.0339848
49061 0.0000159 0.0000146 0.0219628 0.0202034 0.0219628 0.0202034 0.0219628 0.0202034
49062 0.0000591 0.0000552 0.0685500 0.0639877 0.0685500 0.0639877 0.0685500 0.0639877
49063 0.0000272 0.0000255 0.0315346 0.0295202 0.0315346 0.0295202 0.0315346 0.0295202
49064 0.0000661 0.0000622 0.0700417 0.0658569 0.0700417 0.0658569 0.0700417 0.0658569
49065 0.0000860 0.0000811 0.0910444 0.0858472 0.0910444 0.0858472 0.0910444 0.0858472
49066 0.0000449 0.0000424 0.0420782 0.0397929 0.0420782 0.0397929 0.0420782 0.0397929
49067 0.0000512 0.0000485 0.0480127 0.0454804 0.0480127 0.0454804 0.0480127 0.0454804
49068 0.0000383 0.0000363 0.0336209 0.0319068 0.0336209 0.0319068 0.0336209 0.0319068
49069 0.0001021 0.0000972 0.0896545 0.0853396 0.0896545 0.0853396 0.0896545 0.0853396
49070 0.0000511 0.0000487 0.0448843 0.0427900 0.0448843 0.0427900 0.0448843 0.0427900
49071 0.0000503 0.0000480 0.0396039 0.0378023 0.0396039 0.0378023 0.0396039 0.0378023
49072 0.0000438 0.0000419 0.0344770 0.0329450 0.0344770 0.0329450 0.0344770 0.0329450
49073 0.0000288 0.0000275 0.0213553 0.0204357 0.0213553 0.0204357 0.0213553 0.0204357
49098 0.0000122 0.0000109 0.0218624 0.0195235 0.0218624 0.0195235 0.0218624 0.0195235
49099 0.0000727 0.0000655 0.1279252 0.1152117 0.1279252 0.1152117 0.1279252 0.1152117
49100 0.0000372 0.0000338 0.0589200 0.0535664 0.0589200 0.0535664 0.0589200 0.0535664
49110 0.0000873 0.0000809 0.1220002 0.1131011 0.1220002 0.1131011 0.1220002 0.1131011
49111 0.0000601 0.0000561 0.0689283 0.0643609 0.0689283 0.0643609 0.0689283 0.0643609
49113 0.0000447 0.0000421 0.0471001 0.0442815 0.0471001 0.0442815 0.0471001 0.0442815
49114 0.0000558 0.0000526 0.0552701 0.0520980 0.0552701 0.0520980 0.0552701 0.0520980
49116 0.0001213 0.0001147 0.1163440 0.1099806 0.1163440 0.1099806 0.1163440 0.1099806
49117 0.0000659 0.0000625 0.0598719 0.0567348 0.0598719 0.0567348 0.0598719 0.0567348
49118 0.0000451 0.0000429 0.0385431 0.0366382 0.0385431 0.0366382 0.0385431 0.0366382
49121 0.0000748 0.0000664 0.1522293 0.1352031 0.1522293 0.1352031 0.1522293 0.1352031
49125 0.0000952 0.0000868 0.1567280 0.1429583 0.1567280 0.1429583 0.1567280 0.1429583
49126 0.0000520 0.0000480 0.0708591 0.0653080 0.0708591 0.0653080 0.0708591 0.0653080
49127 0.0001332 0.0001237 0.1814247 0.1685220 0.1814247 0.1685220 0.1814247 0.1685220
49128 0.0000198 0.0000185 0.0225169 0.0210242 0.0225169 0.0210242 0.0225169 0.0210242
49132 0.0000204 0.0000191 0.0216336 0.0203303 0.0216336 0.0203303 0.0216336 0.0203303
49133 0.0000431 0.0000407 0.0419123 0.0395484 0.0419123 0.0395484 0.0419123 0.0395484
49134 0.0000795 0.0000752 0.0773123 0.0731118 0.0773123 0.0731118 0.0773123 0.0731118
49135 0.0000485 0.0000460 0.0439234 0.0416227 0.0439234 0.0416227 0.0439234 0.0416227
49136 0.0001306 0.0001241 0.1182101 0.1123102 0.1182101 0.1123102 0.1182101 0.1123102
49137 0.0000703 0.0000669 0.0578190 0.0550773 0.0578190 0.0550773 0.0578190 0.0550773
49138 0.0000435 0.0000415 0.0336475 0.0321377 0.0336475 0.0321377 0.0336475 0.0321377
49139 0.0000381 0.0000364 0.0283341 0.0271112 0.0283341 0.0271112 0.0283341 0.0271112
49140 0.0000483 0.0000463 0.0346667 0.0332262 0.0346667 0.0332262 0.0346667 0.0332262
49141 0.0001048 0.0001006 0.0737970 0.0708259 0.0737970 0.0708259 0.0737970 0.0708259
49142 0.0000281 0.0000270 0.0189438 0.0182023 0.0189438 0.0182023 0.0189438 0.0182023
49143 0.0000244 0.0000235 0.0158587 0.0152597 0.0158587 0.0152597 0.0158587 0.0152597
49144 0.0000100 0.0000097 0.0065293 0.0062848 0.0065293 0.0062848 0.0065293 0.0062848
49148 0.0000314 0.0000302 0.0204160 0.0196608 0.0204160 0.0196608 0.0204160 0.0196608
49155 0.0000236 0.0000227 0.0153160 0.0147712 0.0153160 0.0147712 0.0153160 0.0147712
49157 0.0000359 0.0000346 0.0215825 0.0208307 0.0215825 0.0208307 0.0215825 0.0208307
49158 0.0000496 0.0000480 0.0286345 0.0276809 0.0286345 0.0276809 0.0286345 0.0276809
49159 0.0000815 0.0000788 0.0470069 0.0454893 0.0470069 0.0454893 0.0470069 0.0454893
49165 0.0000367 0.0000356 0.0200199 0.0193912 0.0200199 0.0193912 0.0200199 0.0193912
49168 0.0000367 0.0000355 0.0199913 0.0193723 0.0199913 0.0193723 0.0199913 0.0193723
49217 0.0000384 0.0000343 0.0736188 0.0657145 0.0736188 0.0657145 0.0736188 0.0657145
49218 0.0000217 0.0000195 0.0375783 0.0338123 0.0375783 0.0338123 0.0375783 0.0338123
49219 0.0001061 0.0000971 0.1666827 0.1524799 0.1666827 0.1524799 0.1666827 0.1524799
49224 0.0000240 0.0000222 0.0295443 0.0274137 0.0295443 0.0274137 0.0295443 0.0274137
49226 0.0000432 0.0000402 0.0532085 0.0495060 0.0532085 0.0495060 0.0532085 0.0495060
49227 0.0000642 0.0000599 0.0791284 0.0738601 0.0791284 0.0738601 0.0791284 0.0738601
49228 0.0000833 0.0000781 0.0918397 0.0860973 0.0918397 0.0860973 0.0918397 0.0860973
49229 0.0000322 0.0000303 0.0333025 0.0312976 0.0333025 0.0312976 0.0333025 0.0312976
49230 0.0000332 0.0000314 0.0320114 0.0302154 0.0320114 0.0302154 0.0320114 0.0302154
49232 0.0001067 0.0001010 0.1027838 0.0972267 0.1027838 0.0972267 0.1027838 0.0972267
49233 0.0000123 0.0000116 0.0110370 0.0104572 0.0110370 0.0104572 0.0110370 0.0104572
49240 0.0000485 0.0000433 0.0966543 0.0862492 0.0966543 0.0862492 0.0966543 0.0862492
49241 0.0000318 0.0000287 0.0633624 0.0571603 0.0633624 0.0571603 0.0633624 0.0571603
49244 0.0000663 0.0000604 0.1050860 0.0957468 0.1050860 0.0957468 0.1050860 0.0957468
49245 0.0000327 0.0000300 0.0461407 0.0423590 0.0461407 0.0423590 0.0461407 0.0423590
49246 0.0000303 0.0000279 0.0407882 0.0375920 0.0407882 0.0375920 0.0407882 0.0375920
49247 0.0000344 0.0000318 0.0464218 0.0429222 0.0464218 0.0429222 0.0464218 0.0429222
49248 0.0001132 0.0001053 0.1396012 0.1298831 0.1396012 0.1298831 0.1396012 0.1298831
49249 0.0000226 0.0000212 0.0250030 0.0233918 0.0250030 0.0233918 0.0250030 0.0233918
49250 0.0000206 0.0000193 0.0210570 0.0197980 0.0210570 0.0197980 0.0210570 0.0197980
49251 0.0000293 0.0000276 0.0286997 0.0270604 0.0286997 0.0270604 0.0286997 0.0270604
49253 0.0000709 0.0000670 0.0695054 0.0656654 0.0695054 0.0656654 0.0695054 0.0656654
49254 0.0000361 0.0000342 0.0353548 0.0334677 0.0353548 0.0334677 0.0353548 0.0334677
49262 0.0000435 0.0000404 0.0546374 0.0507796 0.0546374 0.0507796 0.0546374 0.0507796
49263 0.0000503 0.0000469 0.0586148 0.0546679 0.0586148 0.0546679 0.0586148 0.0546679
49264 0.0000856 0.0000801 0.0997669 0.0934362 0.0997669 0.0934362 0.0997669 0.0934362
49265 0.0000640 0.0000601 0.0666622 0.0626609 0.0666622 0.0626609 0.0666622 0.0626609
49266 0.0000493 0.0000466 0.0464502 0.0439181 0.0464502 0.0439181 0.0464502 0.0439181
49267 0.0000558 0.0000528 0.0529721 0.0500676 0.0529721 0.0500676 0.0529721 0.0500676
49268 0.0000512 0.0000485 0.0450701 0.0427671 0.0450701 0.0427671 0.0450701 0.0427671
49270 0.0000294 0.0000280 0.0252757 0.0240236 0.0252757 0.0240236 0.0252757 0.0240236
49307 0.0000902 0.0000832 0.1211751 0.1118630 0.1211751 0.1118630 0.1211751 0.1118630
49308 0.0000278 0.0000257 0.0373366 0.0345986 0.0373366 0.0345986 0.0373366 0.0345986
49309 0.0000432 0.0000402 0.0529259 0.0491513 0.0529259 0.0491513 0.0529259 0.0491513
49310 0.0000451 0.0000420 0.0551538 0.0513570 0.0551538 0.0513570 0.0551538 0.0513570
49311 0.0000159 0.0000149 0.0180835 0.0168782 0.0180835 0.0168782 0.0180835 0.0168782
49312 0.0001036 0.0000969 0.1163296 0.1088487 0.1163296 0.1088487 0.1163296 0.1088487
49313 0.0000206 0.0000193 0.0217935 0.0204424 0.0217935 0.0204424 0.0217935 0.0204424
49314 0.0000856 0.0000804 0.0906390 0.0851835 0.0906390 0.0851835 0.0906390 0.0851835
49316 0.0000352 0.0000332 0.0351632 0.0331350 0.0351632 0.0331350 0.0351632 0.0331350
49317 0.0000160 0.0000151 0.0150621 0.0142304 0.0150621 0.0142304 0.0150621 0.0142304
49324 0.0000650 0.0000587 0.1190009 0.1074345 0.1190009 0.1074345 0.1190009 0.1074345
49329 0.0000417 0.0000388 0.0494871 0.0460725 0.0494871 0.0460725 0.0494871 0.0460725
49330 0.0000350 0.0000327 0.0402378 0.0375436 0.0402378 0.0375436 0.0402378 0.0375436
49331 0.0001423 0.0001336 0.1545375 0.1450465 0.1545375 0.1450465 0.1545375 0.1450465
49332 0.0000156 0.0000147 0.0154178 0.0145372 0.0154178 0.0145372 0.0154178 0.0145372
49337 0.0000581 0.0000523 0.1131839 0.1019026 0.1131839 0.1019026 0.1131839 0.1019026
49339 0.0000162 0.0000148 0.0246560 0.0225675 0.0246560 0.0225675 0.0246560 0.0225675
49340 0.0000259 0.0000238 0.0394570 0.0362060 0.0394570 0.0362060 0.0394570 0.0362060
49341 0.0000272 0.0000250 0.0413892 0.0381202 0.0413892 0.0381202 0.0413892 0.0381202
49342 0.0000416 0.0000385 0.0633990 0.0585726 0.0633990 0.0585726 0.0633990 0.0585726
49345 0.0000657 0.0000613 0.0771487 0.0719271 0.0771487 0.0719271 0.0771487 0.0719271
49346 0.0000220 0.0000206 0.0258439 0.0241554 0.0258439 0.0241554 0.0258439 0.0241554
49347 0.0000197 0.0000185 0.0212563 0.0199236 0.0212563 0.0199236 0.0212563 0.0199236
49348 0.0000481 0.0000451 0.0517873 0.0486229 0.0517873 0.0486229 0.0517873 0.0486229
49349 0.0000383 0.0000360 0.0384398 0.0361939 0.0384398 0.0361939 0.0384398 0.0361939
49351 0.0000192 0.0000181 0.0192905 0.0182003 0.0192905 0.0182003 0.0192905 0.0182003
49352 0.0000929 0.0000879 0.0876876 0.0829341 0.0876876 0.0829341 0.0876876 0.0829341
49353 0.0000501 0.0000475 0.0450125 0.0426671 0.0450125 0.0426671 0.0450125 0.0426671
49356 0.0000834 0.0000741 0.1638799 0.1455631 0.1638799 0.1455631 0.1638799 0.1455631
49358 0.0000407 0.0000369 0.0677507 0.0613697 0.0677507 0.0613697 0.0677507 0.0613697
49359 0.0000850 0.0000783 0.1183393 0.1090203 0.1183393 0.1090203 0.1183393 0.1090203
49360 0.0000611 0.0000567 0.0771650 0.0715634 0.0771650 0.0715634 0.0771650 0.0715634
49361 0.0000202 0.0000188 0.0241361 0.0224538 0.0241361 0.0224538 0.0241361 0.0224538
49362 0.0000247 0.0000231 0.0269961 0.0252744 0.0269961 0.0252744 0.0269961 0.0252744
49365 0.0000884 0.0000832 0.0919425 0.0865140 0.0919425 0.0865140 0.0919425 0.0865140
49366 0.0000725 0.0000685 0.0693362 0.0655293 0.0693362 0.0655293 0.0693362 0.0655293
49367 0.0001087 0.0001031 0.0992702 0.0941243 0.0992702 0.0941243 0.0992702 0.0941243
49368 0.0000286 0.0000272 0.0244010 0.0231878 0.0244010 0.0231878 0.0244010 0.0231878
49369 0.0000296 0.0000282 0.0248634 0.0236526 0.0248634 0.0236526 0.0248634 0.0236526
49373 0.0000808 0.0000730 0.1457616 0.1317198 0.1457616 0.1317198 0.1457616 0.1317198
49374 0.0000064 0.0000058 0.0115296 0.0105115 0.0115296 0.0105115 0.0115296 0.0105115
49376 0.0000539 0.0000495 0.0734648 0.0675286 0.0734648 0.0675286 0.0734648 0.0675286
49377 0.0000434 0.0000400 0.0591355 0.0545437 0.0591355 0.0545437 0.0591355 0.0545437
49378 0.0000702 0.0000650 0.0957230 0.0885922 0.0957230 0.0885922 0.0957230 0.0885922
49379 0.0000338 0.0000315 0.0403079 0.0374946 0.0403079 0.0374946 0.0403079 0.0374946
49380 0.0000666 0.0000621 0.0793627 0.0739668 0.0793627 0.0739668 0.0793627 0.0739668
49381 0.0000485 0.0000453 0.0546204 0.0510299 0.0546204 0.0510299 0.0546204 0.0510299
49382 0.0000633 0.0000592 0.0697414 0.0652738 0.0697414 0.0652738 0.0697414 0.0652738
49383 0.0000223 0.0000209 0.0237757 0.0222866 0.0237757 0.0222866 0.0237757 0.0222866
49384 0.0000208 0.0000195 0.0213361 0.0200510 0.0213361 0.0200510 0.0213361 0.0200510
49385 0.0000505 0.0000477 0.0485637 0.0458475 0.0485637 0.0458475 0.0485637 0.0458475
49389 0.0000169 0.0000159 0.0156581 0.0148156 0.0156581 0.0148156 0.0156581 0.0148156
49390 0.0000496 0.0000471 0.0460653 0.0437274 0.0460653 0.0437274 0.0460653 0.0437274
49432 0.0000255 0.0000231 0.0417992 0.0378862 0.0417992 0.0378862 0.0417992 0.0378862
49433 0.0001066 0.0000978 0.1573814 0.1443913 0.1573814 0.1443913 0.1573814 0.1443913
49434 0.0001384 0.0001284 0.1770985 0.1643668 0.1770985 0.1643668 0.1770985 0.1643668
49435 0.0000269 0.0000251 0.0311441 0.0290423 0.0311441 0.0290423 0.0311441 0.0290423
49437 0.0000235 0.0000220 0.0248411 0.0233132 0.0248411 0.0233132 0.0248411 0.0233132
49438 0.0001067 0.0001004 0.1129354 0.1062407 0.1129354 0.1062407 0.1129354 0.1062407
49439 0.0000222 0.0000209 0.0213686 0.0201646 0.0213686 0.0201646 0.0213686 0.0201646
49440 0.0000234 0.0000221 0.0225102 0.0212732 0.0225102 0.0212732 0.0225102 0.0212732
49445 0.0000159 0.0000142 0.0308967 0.0275507 0.0308967 0.0275507 0.0308967 0.0275507
49446 0.0000319 0.0000287 0.0618632 0.0556217 0.0618632 0.0556217 0.0618632 0.0556217
49447 0.0000753 0.0000683 0.1225586 0.1112497 0.1225586 0.1112497 0.1225586 0.1112497
49448 0.0000527 0.0000484 0.0744725 0.0683573 0.0744725 0.0683573 0.0744725 0.0683573
49449 0.0000169 0.0000156 0.0225086 0.0207458 0.0225086 0.0207458 0.0225086 0.0207458
49451 0.0000787 0.0000728 0.1045663 0.0967054 0.1045663 0.0967054 0.1045663 0.0967054
49452 0.0000553 0.0000515 0.0657721 0.0612312 0.0657721 0.0612312 0.0657721 0.0612312
49453 0.0000616 0.0000574 0.0707952 0.0660625 0.0707952 0.0660625 0.0707952 0.0660625
49454 0.0000392 0.0000366 0.0450545 0.0421261 0.0450545 0.0421261 0.0450545 0.0421261
49455 0.0000145 0.0000136 0.0158154 0.0148030 0.0158154 0.0148030 0.0158154 0.0148030
49456 0.0000378 0.0000354 0.0412135 0.0386130 0.0412135 0.0386130 0.0412135 0.0386130
49457 0.0000574 0.0000540 0.0583971 0.0549474 0.0583971 0.0549474 0.0583971 0.0549474
49464 0.0000629 0.0000560 0.1189275 0.1059492 0.1189275 0.1059492 0.1189275 0.1059492
49466 0.0000411 0.0000371 0.0687767 0.0621967 0.0687767 0.0621967 0.0687767 0.0621967
49468 0.0000588 0.0000538 0.0862506 0.0789393 0.0862506 0.0789393 0.0862506 0.0789393
49652 0.0000209 0.0000185 0.0444886 0.0392822 0.0444886 0.0392822 0.0444886 0.0392822
49653 0.0000373 0.0000331 0.0712489 0.0632461 0.0712489 0.0632461 0.0712489 0.0632461
49655 0.0001268 0.0001146 0.2424061 0.2190240 0.2424061 0.2190240 0.2424061 0.2190240
49656 0.0000739 0.0000675 0.1111153 0.1015248 0.1111153 0.1015248 0.1111153 0.1015248
49657 0.0000119 0.0000109 0.0178726 0.0164008 0.0178726 0.0164008 0.0178726 0.0164008
49658 0.0000171 0.0000157 0.0256652 0.0235770 0.0256652 0.0235770 0.0256652 0.0235770
49659 0.0000675 0.0000621 0.1014132 0.0934044 0.1014132 0.0934044 0.1014132 0.0934044
49660 0.0000356 0.0000329 0.0535083 0.0494246 0.0535083 0.0494246 0.0535083 0.0494246
49661 0.0000511 0.0000473 0.0767302 0.0711353 0.0767302 0.0711353 0.0767302 0.0711353
49662 0.0000347 0.0000323 0.0421018 0.0391117 0.0421018 0.0391117 0.0421018 0.0391117
49664 0.0000340 0.0000317 0.0412663 0.0384066 0.0412663 0.0384066 0.0412663 0.0384066
49665 0.0000954 0.0000890 0.1109885 0.1035284 0.1109885 0.1035284 0.1109885 0.1035284
49666 0.0000602 0.0000564 0.0658258 0.0616425 0.0658258 0.0616425 0.0658258 0.0616425
49736 0.0000121 0.0000110 0.0197328 0.0178454 0.0197328 0.0178454 0.0197328 0.0178454
49737 0.0000236 0.0000214 0.0383366 0.0348148 0.0383366 0.0348148 0.0383366 0.0348148
49742 0.0000278 0.0000256 0.0392224 0.0360772 0.0392224 0.0360772 0.0392224 0.0360772
49743 0.0000338 0.0000312 0.0476752 0.0439586 0.0476752 0.0439586 0.0476752 0.0439586
49749 0.0000394 0.0000367 0.0469835 0.0437393 0.0469835 0.0437393 0.0469835 0.0437393
49751 0.0001030 0.0000967 0.1110243 0.1042023 0.1110243 0.1042023 0.1110243 0.1042023
49752 0.0000250 0.0000235 0.0250976 0.0236236 0.0250976 0.0236236 0.0250976 0.0236236
49756 0.0000229 0.0000200 0.0536899 0.0469070 0.0536899 0.0469070 0.0536899 0.0469070
49758 0.0000431 0.0000381 0.0845839 0.0748489 0.0845839 0.0748489 0.0845839 0.0748489
49760 0.0000509 0.0000459 0.0860643 0.0776262 0.0860643 0.0776262 0.0860643 0.0776262
49761 0.0000167 0.0000151 0.0282091 0.0255314 0.0282091 0.0255314 0.0282091 0.0255314
49762 0.0000131 0.0000119 0.0222120 0.0201412 0.0222120 0.0201412 0.0222120 0.0201412
49763 0.0000580 0.0000527 0.0980865 0.0892175 0.0980865 0.0892175 0.0980865 0.0892175
49910 0.0000529 0.0000456 0.1245449 0.1073887 0.1245449 0.1073887 0.1245449 0.1073887
49914 0.0000506 0.0000446 0.1192780 0.1051454 0.1192780 0.1051454 0.1192780 0.1051454
49919 0.0000397 0.0000358 0.0686466 0.0619162 0.0686466 0.0619162 0.0686466 0.0619162
49921 0.0000143 0.0000129 0.0225482 0.0204530 0.0225482 0.0204530 0.0225482 0.0204530
49922 0.0000959 0.0000875 0.1468852 0.1339730 0.1468852 0.1339730 0.1468852 0.1339730
49923 0.0001331 0.0001224 0.1881311 0.1729176 0.1881311 0.1729176 0.1881311 0.1729176
49925 0.0000299 0.0000276 0.0393250 0.0362881 0.0393250 0.0362881 0.0393250 0.0362881
49926 0.0000485 0.0000448 0.0637867 0.0589649 0.0637867 0.0589649 0.0637867 0.0589649
49928 0.0000110 0.0000102 0.0144955 0.0134251 0.0144955 0.0134251 0.0144955 0.0134251
49929 0.0000111 0.0000103 0.0146409 0.0135683 0.0146409 0.0135683 0.0146409 0.0135683
49930 0.0000112 0.0000104 0.0156915 0.0145561 0.0156915 0.0145561 0.0156915 0.0145561
49932 0.0000224 0.0000209 0.0272271 0.0253473 0.0272271 0.0253473 0.0272271 0.0253473
49934 0.0000707 0.0000660 0.0808339 0.0754696 0.0808339 0.0754696 0.0808339 0.0754696
49959 0.0000277 0.0000248 0.0481556 0.0432373 0.0481556 0.0432373 0.0481556 0.0432373
49960 0.0000299 0.0000270 0.0520910 0.0469505 0.0520910 0.0469505 0.0520910 0.0469505
49961 0.0000960 0.0000871 0.1670402 0.1514733 0.1670402 0.1514733 0.1670402 0.1514733
49962 0.0000380 0.0000347 0.0572155 0.0521594 0.0572155 0.0521594 0.0572155 0.0521594
49964 0.0000420 0.0000384 0.0631504 0.0577484 0.0631504 0.0577484 0.0631504 0.0577484
49965 0.0000493 0.0000452 0.0742447 0.0680754 0.0742447 0.0680754 0.0742447 0.0680754
49966 0.0000475 0.0000437 0.0654476 0.0601669 0.0654476 0.0601669 0.0654476 0.0601669
49967 0.0000356 0.0000328 0.0490448 0.0451961 0.0490448 0.0451961 0.0490448 0.0451961
49968 0.0000877 0.0000810 0.1208107 0.1116578 0.1208107 0.1116578 0.1208107 0.1116578
49969 0.0001456 0.0001355 0.1773931 0.1649956 0.1773931 0.1649956 0.1773931 0.1649956
49970 0.0001403 0.0001311 0.1612260 0.1505916 0.1612260 0.1505916 0.1612260 0.1505916
50033 0.0000114 0.0000100 0.0248270 0.0219782 0.0248270 0.0219782 0.0248270 0.0219782
50034 0.0000844 0.0000762 0.1467924 0.1325681 0.1467924 0.1325681 0.1467924 0.1325681
50036 0.0000379 0.0000347 0.0544762 0.0499001 0.0544762 0.0499001 0.0544762 0.0499001
50045 0.0000875 0.0000815 0.1051339 0.0979273 0.1051339 0.0979273 0.1051339 0.0979273
50046 0.0000429 0.0000401 0.0474614 0.0444000 0.0474614 0.0444000 0.0474614 0.0444000
50047 0.0000496 0.0000464 0.0548187 0.0513613 0.0548187 0.0513613 0.0548187 0.0513613
50048 0.0001330 0.0001250 0.1471355 0.1382113 0.1471355 0.1382113 0.1471355 0.1382113
50067 0.0000405 0.0000363 0.0745553 0.0667101 0.0745553 0.0667101 0.0745553 0.0667101
50068 0.0000444 0.0000400 0.0750087 0.0676720 0.0750087 0.0676720 0.0750087 0.0676720
50070 0.0000289 0.0000262 0.0460775 0.0418262 0.0460775 0.0418262 0.0460775 0.0418262
50073 0.0000257 0.0000235 0.0391980 0.0358870 0.0391980 0.0358870 0.0391980 0.0358870
50074 0.0000256 0.0000235 0.0360271 0.0330497 0.0360271 0.0330497 0.0360271 0.0330497
50075 0.0000457 0.0000420 0.0628606 0.0578070 0.0628606 0.0578070 0.0628606 0.0578070
50076 0.0000334 0.0000309 0.0433492 0.0400545 0.0433492 0.0400545 0.0433492 0.0400545
50077 0.0000116 0.0000108 0.0147130 0.0136245 0.0147130 0.0136245 0.0147130 0.0136245
50232 0.0000484 0.0000444 0.0697887 0.0639760 0.0697887 0.0639760 0.0697887 0.0639760
50253 0.0000212 0.0000196 0.0270461 0.0250173 0.0270461 0.0250173 0.0270461 0.0250173
50262 0.0001051 0.0000976 0.1343358 0.1247544 0.1343358 0.1247544 0.1343358 0.1247544
50283 0.0001402 0.0001313 0.1619614 0.1516110 0.1619614 0.1516110 0.1619614 0.1516110
50313 0.0000973 0.0000915 0.1020599 0.0959532 0.1020599 0.0959532 0.1020599 0.0959532
50330 0.0000677 0.0000638 0.0673046 0.0634150 0.0673046 0.0634150 0.0673046 0.0634150
50343 0.0000885 0.0000836 0.0858895 0.0810787 0.0858895 0.0810787 0.0858895 0.0810787
50356 0.0000417 0.0000394 0.0391785 0.0370343 0.0391785 0.0370343 0.0391785 0.0370343
50376 0.0000854 0.0000809 0.0783153 0.0741932 0.0783153 0.0741932 0.0783153 0.0741932
50377 0.0000459 0.0000435 0.0399502 0.0379182 0.0399502 0.0379182 0.0399502 0.0379182
50380 0.0000173 0.0000164 0.0144985 0.0137885 0.0144985 0.0137885 0.0144985 0.0137885
50417 0.0000238 0.0000229 0.0159933 0.0153847 0.0159933 0.0153847 0.0159933 0.0153847
50424 0.0000734 0.0000709 0.0493985 0.0477184 0.0493985 0.0477184 0.0493985 0.0477184
50463 0.0000562 0.0000515 0.0855346 0.0783318 0.0855346 0.0783318 0.0855346 0.0783318
50464 0.0001409 0.0001305 0.1888016 0.1748883 0.1888016 0.1748883 0.1888016 0.1748883
50465 0.0000423 0.0000395 0.0485996 0.0453529 0.0485996 0.0453529 0.0485996 0.0453529
50466 0.0001308 0.0001230 0.1371597 0.1290265 0.1371597 0.1290265 0.1371597 0.1290265
50467 0.0000298 0.0000281 0.0288675 0.0272348 0.0288675 0.0272348 0.0288675 0.0272348
50468 0.0000474 0.0000448 0.0459445 0.0433974 0.0459445 0.0433974 0.0459445 0.0433974
50470 0.0000285 0.0000269 0.0275788 0.0260824 0.0275788 0.0260824 0.0275788 0.0260824
50471 0.0000135 0.0000128 0.0130637 0.0123625 0.0130637 0.0123625 0.0130637 0.0123625
50483 0.0000225 0.0000214 0.0218117 0.0207035 0.0218117 0.0207035 0.0218117 0.0207035
50491 0.0000457 0.0000418 0.0682760 0.0624403 0.0682760 0.0624403 0.0682760 0.0624403
50492 0.0000909 0.0000836 0.1279255 0.1176481 0.1279255 0.1176481 0.1279255 0.1176481
50493 0.0000413 0.0000382 0.0540828 0.0499600 0.0540828 0.0499600 0.0540828 0.0499600
50496 0.0001387 0.0001288 0.1814125 0.1685224 0.1814125 0.1685224 0.1814125 0.1685224
50497 0.0001083 0.0001012 0.1237332 0.1156212 0.1237332 0.1156212 0.1237332 0.1156212
50500 0.0001299 0.0001221 0.1377259 0.1294540 0.1377259 0.1294540 0.1377259 0.1294540
50501 0.0001066 0.0001005 0.1051782 0.0992301 0.1051782 0.0992301 0.1051782 0.0992301
50517 0.0000093 0.0000085 0.0127014 0.0116741 0.0127014 0.0116741 0.0127014 0.0116741
50520 0.0000477 0.0000440 0.0654366 0.0603866 0.0654366 0.0603866 0.0654366 0.0603866
50522 0.0000238 0.0000221 0.0326898 0.0302964 0.0326898 0.0302964 0.0326898 0.0302964
50526 0.0000485 0.0000450 0.0594556 0.0552536 0.0594556 0.0552536 0.0594556 0.0552536
50527 0.0000247 0.0000230 0.0290044 0.0270069 0.0290044 0.0270069 0.0290044 0.0270069
50528 0.0000404 0.0000377 0.0475144 0.0443225 0.0475144 0.0443225 0.0475144 0.0443225
50529 0.0000840 0.0000785 0.0941991 0.0880753 0.0941991 0.0880753 0.0941991 0.0880753
50530 0.0000234 0.0000219 0.0254024 0.0237918 0.0254024 0.0237918 0.0254024 0.0237918
50531 0.0000131 0.0000123 0.0142539 0.0133593 0.0142539 0.0133593 0.0142539 0.0133593
50535 0.0000229 0.0000215 0.0242563 0.0227624 0.0242563 0.0227624 0.0242563 0.0227624
50536 0.0000918 0.0000863 0.0972579 0.0914480 0.0972579 0.0914480 0.0972579 0.0914480
50545 0.0000354 0.0000317 0.0666779 0.0598018 0.0666779 0.0598018 0.0666779 0.0598018
50546 0.0000311 0.0000281 0.0515599 0.0466090 0.0515599 0.0466090 0.0515599 0.0466090
50548 0.0000476 0.0000433 0.0747587 0.0679994 0.0747587 0.0679994 0.0747587 0.0679994
50549 0.0000494 0.0000454 0.0687001 0.0631700 0.0687001 0.0631700 0.0687001 0.0631700
50550 0.0000666 0.0000614 0.0925112 0.0853957 0.0925112 0.0853957 0.0925112 0.0853957
50551 0.0000416 0.0000386 0.0525588 0.0486853 0.0525588 0.0486853 0.0525588 0.0486853
50552 0.0001378 0.0001284 0.1739540 0.1619849 0.1739540 0.1619849 0.1739540 0.1619849
50553 0.0000345 0.0000323 0.0382001 0.0357322 0.0382001 0.0357322 0.0382001 0.0357322
50554 0.0000665 0.0000623 0.0735032 0.0688727 0.0735032 0.0688727 0.0735032 0.0688727
50558 0.0000706 0.0000625 0.1411995 0.1249763 0.1411995 0.1249763 0.1411995 0.1249763
50560 0.0000681 0.0000617 0.1190476 0.1078315 0.1190476 0.1078315 0.1190476 0.1078315
50561 0.0000373 0.0000340 0.0559150 0.0510374 0.0559150 0.0510374 0.0559150 0.0510374
50562 0.0000356 0.0000326 0.0534107 0.0489416 0.0534107 0.0489416 0.0534107 0.0489416
50563 0.0000200 0.0000183 0.0276583 0.0254074 0.0276583 0.0254074 0.0276583 0.0254074
50564 0.0000162 0.0000149 0.0224295 0.0206380 0.0224295 0.0206380 0.0224295 0.0206380
50565 0.0000545 0.0000503 0.0754757 0.0696375 0.0754757 0.0696375 0.0754757 0.0696375
50569 0.0000209 0.0000193 0.0266789 0.0247087 0.0266789 0.0247087 0.0266789 0.0247087
50570 0.0000311 0.0000289 0.0379960 0.0352805 0.0379960 0.0352805 0.0379960 0.0352805
50596 0.0001144 0.0001011 0.2361692 0.2088616 0.2361692 0.2088616 0.2361692 0.2088616
50597 0.0000231 0.0000209 0.0365694 0.0331170 0.0365694 0.0331170 0.0365694 0.0331170
50598 0.0000339 0.0000308 0.0533168 0.0484352 0.0533168 0.0484352 0.0533168 0.0484352
50599 0.0000876 0.0000800 0.1376909 0.1258352 0.1376909 0.1258352 0.1376909 0.1258352
50600 0.0000450 0.0000413 0.0627604 0.0576604 0.0627604 0.0576604 0.0627604 0.0576604
50601 0.0000300 0.0000277 0.0418637 0.0385821 0.0418637 0.0385821 0.0418637 0.0385821
50602 0.0000447 0.0000413 0.0623622 0.0576486 0.0623622 0.0576486 0.0623622 0.0576486
50603 0.0001244 0.0001158 0.1735362 0.1615329 0.1735362 0.1615329 0.1735362 0.1615329
50604 0.0000116 0.0000108 0.0130331 0.0121704 0.0130331 0.0121704 0.0130331 0.0121704
50605 0.0000446 0.0000417 0.0502851 0.0470131 0.0502851 0.0470131 0.0502851 0.0470131
50606 0.0000854 0.0000800 0.0962042 0.0901304 0.0962042 0.0901304 0.0962042 0.0901304
50607 0.0000232 0.0000218 0.0261671 0.0245764 0.0261671 0.0245764 0.0261671 0.0245764
50613 0.0000645 0.0000571 0.1312843 0.1160564 0.1312843 0.1160564 0.1312843 0.1160564
50614 0.0000335 0.0000301 0.0626068 0.0562054 0.0626068 0.0562054 0.0626068 0.0562054
50615 0.0000226 0.0000205 0.0421720 0.0382153 0.0421720 0.0382153 0.0421720 0.0382153
50616 0.0000319 0.0000291 0.0595141 0.0542627 0.0595141 0.0542627 0.0595141 0.0542627
50617 0.0000239 0.0000219 0.0446206 0.0409118 0.0446206 0.0409118 0.0446206 0.0409118
50650 0.0000103 0.0000094 0.0165143 0.0149951 0.0165143 0.0149951 0.0165143 0.0149951
50654 0.0000351 0.0000323 0.0507458 0.0466728 0.0507458 0.0466728 0.0507458 0.0466728
50655 0.0000219 0.0000203 0.0273115 0.0253209 0.0273115 0.0253209 0.0273115 0.0253209
50656 0.0000774 0.0000720 0.0964914 0.0897295 0.0964914 0.0897295 0.0964914 0.0897295
50658 0.0000964 0.0000900 0.1113315 0.1040008 0.1113315 0.1040008 0.1113315 0.1040008
50660 0.0000223 0.0000209 0.0235361 0.0220939 0.0235361 0.0220939 0.0235361 0.0220939
50661 0.0000115 0.0000108 0.0121221 0.0113875 0.0121221 0.0113875 0.0121221 0.0113875
50662 0.0000252 0.0000237 0.0265998 0.0250052 0.0265998 0.0250052 0.0265998 0.0250052
50663 0.0000502 0.0000473 0.0530617 0.0499563 0.0530617 0.0499563 0.0530617 0.0499563
50664 0.0000506 0.0000478 0.0535322 0.0504736 0.0535322 0.0504736 0.0535322 0.0504736
50665 0.0000163 0.0000153 0.0171888 0.0162226 0.0171888 0.0162226 0.0171888 0.0162226
50666 0.0000140 0.0000132 0.0148289 0.0140050 0.0148289 0.0140050 0.0148289 0.0140050
50667 0.0000837 0.0000792 0.0884762 0.0836650 0.0884762 0.0836650 0.0884762 0.0836650
50668 0.0000901 0.0000854 0.0952728 0.0902793 0.0952728 0.0902793 0.0952728 0.0902793
50669 0.0000618 0.0000587 0.0541690 0.0514157 0.0541690 0.0514157 0.0541690 0.0514157
50670 0.0000151 0.0000144 0.0132692 0.0126222 0.0132692 0.0126222 0.0132692 0.0126222
50671 0.0000440 0.0000418 0.0385103 0.0366567 0.0385103 0.0366567 0.0385103 0.0366567
50672 0.0000108 0.0000103 0.0085053 0.0081140 0.0085053 0.0081140 0.0085053 0.0081140
50673 0.0000331 0.0000316 0.0260628 0.0248735 0.0260628 0.0248735 0.0260628 0.0248735
50674 0.0000447 0.0000427 0.0337425 0.0322615 0.0337425 0.0322615 0.0337425 0.0322615
50675 0.0000624 0.0000597 0.0470969 0.0450625 0.0470969 0.0450625 0.0470969 0.0450625
50676 0.0000197 0.0000189 0.0149113 0.0142755 0.0149113 0.0142755 0.0149113 0.0142755
50677 0.0000232 0.0000222 0.0166099 0.0159160 0.0166099 0.0159160 0.0166099 0.0159160
50678 0.0000213 0.0000205 0.0152987 0.0146651 0.0152987 0.0146651 0.0152987 0.0146651
50679 0.0000491 0.0000471 0.0351959 0.0337555 0.0351959 0.0337555 0.0351959 0.0337555
50853 0.0000317 0.0000293 0.0416079 0.0385419 0.0416079 0.0385419 0.0416079 0.0385419
50854 0.0000113 0.0000105 0.0149074 0.0138600 0.0149074 0.0138600 0.0149074 0.0138600
50857 0.0001253 0.0001174 0.1427270 0.1336772 0.1427270 0.1336772 0.1427270 0.1336772
50862 0.0000588 0.0000556 0.0600617 0.0567584 0.0600617 0.0567584 0.0600617 0.0567584
50863 0.0000164 0.0000155 0.0167466 0.0158426 0.0167466 0.0158426 0.0167466 0.0158426
50874 0.0000616 0.0000564 0.0906818 0.0829716 0.0906818 0.0829716 0.0906818 0.0829716
50875 0.0000442 0.0000406 0.0650075 0.0597454 0.0650075 0.0597454 0.0650075 0.0597454
50876 0.0000490 0.0000452 0.0720969 0.0664764 0.0720969 0.0664764 0.0720969 0.0664764
50885 0.0000469 0.0000414 0.0946561 0.0835450 0.0946561 0.0835450 0.0946561 0.0835450
50886 0.0000333 0.0000296 0.0671194 0.0597296 0.0671194 0.0597296 0.0671194 0.0597296
50887 0.0000167 0.0000150 0.0335949 0.0303397 0.0335949 0.0303397 0.0335949 0.0303397
50889 0.0000098 0.0000089 0.0197009 0.0178700 0.0197009 0.0178700 0.0197009 0.0178700
50897 0.0000222 0.0000203 0.0313735 0.0287672 0.0313735 0.0287672 0.0313735 0.0287672
50962 0.0000328 0.0000301 0.0492152 0.0452242 0.0492152 0.0452242 0.0492152 0.0452242
50965 0.0000277 0.0000255 0.0415565 0.0383159 0.0415565 0.0383159 0.0415565 0.0383159
50969 0.0000467 0.0000432 0.0602435 0.0557356 0.0602435 0.0557356 0.0602435 0.0557356
50973 0.0000395 0.0000366 0.0509140 0.0472482 0.0509140 0.0472482 0.0509140 0.0472482
50981 0.0000793 0.0000741 0.1023050 0.0955312 0.1023050 0.0955312 0.1023050 0.0955312
50987 0.0000583 0.0000546 0.0635754 0.0596224 0.0635754 0.0596224 0.0635754 0.0596224
50992 0.0000483 0.0000454 0.0527419 0.0495744 0.0527419 0.0495744 0.0527419 0.0495744
50996 0.0000521 0.0000491 0.0568697 0.0535570 0.0568697 0.0535570 0.0568697 0.0535570
51002 0.0000175 0.0000165 0.0191406 0.0180543 0.0191406 0.0180543 0.0191406 0.0180543
51008 0.0000231 0.0000218 0.0221367 0.0209144 0.0221367 0.0209144 0.0221367 0.0209144
51012 0.0000522 0.0000494 0.0500582 0.0473581 0.0500582 0.0473581 0.0500582 0.0473581
51015 0.0000718 0.0000681 0.0688840 0.0652808 0.0688840 0.0652808 0.0688840 0.0652808
51093 0.0000131 0.0000116 0.0254974 0.0225940 0.0254974 0.0225940 0.0254974 0.0225940
51095 0.0000032 0.0000031 0.0062281 0.0060431 0.0062281 0.0060431 0.0062281 0.0060431
51107 0.0000109 0.0000106 0.0037790 0.0037042 0.0037790 0.0037042 0.0037790 0.0037042
51109 0.0000266 0.0000260 0.0092464 0.0090653 0.0092464 0.0090653 0.0092464 0.0090653
51152 0.0000252 0.0000231 0.0350709 0.0322177 0.0350709 0.0322177 0.0350709 0.0322177
51154 0.0000135 0.0000125 0.0188130 0.0173633 0.0188130 0.0173633 0.0188130 0.0173633
51159 0.0001247 0.0001161 0.1735772 0.1615724 0.1735772 0.1615724 0.1735772 0.1615724
51160 0.0000623 0.0000584 0.0675689 0.0634128 0.0675689 0.0634128 0.0675689 0.0634128
51161 0.0001166 0.0001103 0.1264584 0.1196492 0.1264584 0.1196492 0.1264584 0.1196492
51162 0.0000476 0.0000454 0.0394227 0.0375603 0.0394227 0.0375603 0.0394227 0.0375603
51163 0.0000127 0.0000122 0.0105439 0.0100653 0.0105439 0.0100653 0.0105439 0.0100653
51165 0.0000175 0.0000167 0.0144527 0.0138173 0.0144527 0.0138173 0.0144527 0.0138173
51166 0.0000137 0.0000131 0.0113029 0.0108165 0.0113029 0.0108165 0.0113029 0.0108165
51167 0.0000451 0.0000432 0.0373268 0.0357746 0.0373268 0.0357746 0.0373268 0.0357746
51171 0.0000428 0.0000381 0.0797676 0.0710919 0.0797676 0.0710919 0.0797676 0.0710919
51172 0.0000124 0.0000111 0.0231149 0.0207913 0.0231149 0.0207913 0.0231149 0.0207913
51175 0.0000387 0.0000353 0.0600971 0.0548185 0.0600971 0.0548185 0.0600971 0.0548185
51176 0.0000347 0.0000319 0.0474638 0.0436969 0.0474638 0.0436969 0.0474638 0.0436969
51177 0.0000117 0.0000108 0.0160147 0.0148004 0.0160147 0.0148004 0.0160147 0.0148004
51178 0.0000652 0.0000605 0.0818704 0.0759855 0.0818704 0.0759855 0.0818704 0.0759855
51179 0.0000337 0.0000316 0.0367762 0.0344438 0.0367762 0.0344438 0.0367762 0.0344438
51180 0.0000125 0.0000117 0.0132635 0.0124402 0.0132635 0.0124402 0.0132635 0.0124402
51181 0.0000514 0.0000483 0.0537498 0.0505211 0.0537498 0.0505211 0.0537498 0.0505211
51182 0.0000159 0.0000150 0.0157781 0.0148622 0.0157781 0.0148622 0.0157781 0.0148622
51183 0.0000160 0.0000151 0.0156831 0.0147850 0.0156831 0.0147850 0.0156831 0.0147850
51187 0.0000134 0.0000127 0.0129695 0.0122464 0.0129695 0.0122464 0.0129695 0.0122464
51188 0.0000288 0.0000272 0.0278164 0.0262914 0.0278164 0.0262914 0.0278164 0.0262914
51200 0.0000355 0.0000323 0.0584671 0.0532683 0.0584671 0.0532683 0.0584671 0.0532683
51201 0.0000467 0.0000432 0.0618507 0.0572174 0.0618507 0.0572174 0.0618507 0.0572174
51202 0.0000382 0.0000356 0.0506450 0.0471256 0.0506450 0.0471256 0.0506450 0.0471256
51206 0.0000710 0.0000664 0.0806141 0.0754539 0.0806141 0.0754539 0.0806141 0.0754539
51208 0.0000492 0.0000462 0.0558757 0.0525073 0.0558757 0.0525073 0.0558757 0.0525073
51209 0.0000655 0.0000618 0.0655342 0.0617716 0.0655342 0.0617716 0.0655342 0.0617716
51210 0.0000614 0.0000580 0.0585666 0.0553600 0.0585666 0.0553600 0.0585666 0.0553600
51211 0.0000699 0.0000663 0.0666971 0.0632328 0.0666971 0.0632328 0.0666971 0.0632328
51212 0.0001254 0.0001192 0.1087155 0.1033525 0.1087155 0.1033525 0.1087155 0.1033525
51213 0.0000170 0.0000162 0.0138430 0.0131850 0.0138430 0.0131850 0.0138430 0.0131850
51214 0.0000267 0.0000255 0.0217659 0.0207437 0.0217659 0.0207437 0.0217659 0.0207437
51215 0.0001019 0.0000972 0.0829158 0.0791407 0.0829158 0.0791407 0.0829158 0.0791407
51217 0.0000154 0.0000147 0.0117103 0.0111916 0.0117103 0.0111916 0.0117103 0.0111916
51220 0.0000430 0.0000381 0.0849765 0.0752862 0.0849765 0.0752862 0.0849765 0.0752862
51222 0.0000611 0.0000561 0.0947151 0.0869160 0.0947151 0.0869160 0.0947151 0.0869160
51225 0.0000278 0.0000260 0.0332532 0.0310432 0.0332532 0.0310432 0.0332532 0.0310432
51226 0.0000126 0.0000118 0.0137628 0.0128912 0.0137628 0.0128912 0.0137628 0.0128912
51228 0.0001073 0.0001013 0.1137840 0.1073841 0.1137840 0.1073841 0.1137840 0.1073841
51229 0.0000513 0.0000487 0.0453234 0.0430504 0.0453234 0.0430504 0.0453234 0.0430504
51230 0.0000367 0.0000350 0.0297891 0.0284010 0.0297891 0.0284010 0.0297891 0.0284010
51234 0.0001373 0.0001226 0.2763803 0.2467543 0.2763803 0.2467543 0.2763803 0.2467543
51236 0.0000421 0.0000389 0.0576176 0.0531928 0.0576176 0.0531928 0.0576176 0.0531928
51237 0.0000351 0.0000327 0.0431267 0.0401068 0.0431267 0.0401068 0.0431267 0.0401068
51274 0.0000347 0.0000336 0.0202779 0.0196382 0.0202779 0.0196382 0.0202779 0.0196382
51277 0.0000074 0.0000072 0.0432190 0.0420585 0 0 0.0216095 0.0210292
51279 0.0000060 0.0000058 0.0349274 0.0340817 0.0349274 0.0340817 0.0349274 0.0340817
51281 0.0000053 0.0000052 0.0311585 0.0304491 0.0311585 0.0304491 0.0311585 0.0304491
51282 0.0000132 0.0000129 0.0527047 0.0515914 0.0527047 0.0515914 0.0527047 0.0515914
51283 0.0000085 0.0000083 0.0340019 0.0333288 0.0340019 0.0333288 0.0340019 0.0333288
51284 0.0000117 0.0000115 0.0469048 0.0460270 0.0469048 0.0460270 0.0469048 0.0460270
51285 0.0000047 0.0000046 0.0093826 0.0092132 0.0093826 0.0092132 0.0093826 0.0092132
51286 0.0000043 0.0000042 0.0085371 0.0083850 0.0085371 0.0083850 0.0085371 0.0083850
51297 0.0000089 0.0000087 0.0519341 0.0505601 0.0519341 0.0505601 0.0259670 0.0252800
51298 0.0000101 0.0000099 0.0591186 0.0577097 0.0591186 0.0577097 0.0295593 0.0288548
51300 0.0000075 0.0000073 0.0436411 0.0426932 0.0436411 0.0426932 0.0436411 0.0426932
51301 0.0000091 0.0000089 0.0531030 0.0520224 0.0531030 0.0520224 0.0531030 0.0520224
51334 0.0000039 0.0000038 0.0194281 0.0187607 0.0194281 0.0187607 0.0194281 0.0187607
51335 0.0000090 0.0000087 0.0451130 0.0437036 0.0451130 0.0437036 0.0451130 0.0437036
51336 0.0000018 0.0000018 0.0091884 0.0089252 0.0091884 0.0089252 0.0091884 0.0089252
51337 0.0000134 0.0000130 0.0670229 0.0652414 0.0670229 0.0652414 0.0670229 0.0652414
51338 0.0000120 0.0000117 0.0601706 0.0587251 0.0601706 0.0587251 0.0601706 0.0587251
51339 0.0000111 0.0000108 0.0553121 0.0540908 0.0553121 0.0540908 0.0553121 0.0540908
51370 0.0000109 0.0000109 0.0017502 0.0017453 0.0017502 0.0017453 0.0017502 0.0017453
51374 0.0000092 0.0000091 0.0014686 0.0014636 0.0014686 0.0014636 0.0014686 0.0014636
51395 0.0000181 0.0000178 0.0067699 0.0066433 0.0067699 0.0066433 0.0067699 0.0066433
51396 0.0001114 0.0001094 0.0242899 0.0238467 0.0242899 0.0238467 0.0242899 0.0238467
51487 0.0000410 0.0000399 0.0239275 0.0232812 0 0 0 0
51490 0.0000065 0.0000064 0.0326617 0.0318983 0.0326617 0.0318983 0.0326617 0.0318983
51491 0.0000175 0.0000171 0.0537775 0.0526184 0.0537775 0.0526184 0.0537775 0.0526184
51492 0.0000038 0.0000037 0.0067531 0.0066155 0.0067531 0.0066155 0.0067531 0.0066155
51493 0.0000415 0.0000407 0.0382374 0.0374864 0.0382374 0.0374864 0.0382374 0.0374864
51494 0.0000557 0.0000547 0.0444101 0.0435926 0.0444101 0.0435926 0.0444101 0.0435926
51495 0.0000302 0.0000297 0.0217964 0.0214141 0.0217964 0.0214141 0.0217964 0.0214141
51502 0.0000053 0.0000051 0.0068679 0.0066720 0 0 0 0
51504 0.0000092 0.0000090 0.0209074 0.0203682 0 0 0 0
51505 0.0000234 0.0000229 0.0410448 0.0400962 0 0 0 0
51506 0.0000063 0.0000062 0.0088978 0.0087066 0 0 0 0
51508 0.0000277 0.0000271 0.0380685 0.0373010 0 0 0 0
51509 0.0000203 0.0000199 0.0236277 0.0231796 0 0 0 0
51510 0.0000272 0.0000267 0.0299235 0.0293819 0 0 0 0
51511 0.0000309 0.0000303 0.0314074 0.0308661 0 0 0 0
51512 0.0000190 0.0000187 0.0181608 0.0178588 0 0 0 0
51517 0.0000054 0.0000052 0.0229706 0.0222497 0 0 0 0
51518 0.0000163 0.0000159 0.0696172 0.0676818 0 0 0 0
51520 0.0000090 0.0000088 0.0538309 0.0525742 0 0 0 0
51562 0.0000048 0.0000047 0.0345254 0.0337055 0 0 0 0
51563 0.0000032 0.0000032 0.0162284 0.0158629 0 0 0 0
51564 0.0000110 0.0000108 0.0524371 0.0513354 0 0 0 0
51565 0.0000059 0.0000058 0.0263808 0.0258596 0 0 0 0
51570 0.0000087 0.0000085 0.0165240 0.0160086 0 0 0 0
51572 0.0000022 0.0000022 0.0195453 0.0189982 0 0 0 0
51573 0.0000102 0.0000099 0.0648998 0.0632187 0 0 0 0
51574 0.0000103 0.0000100 0.0590257 0.0576379 0 0 0 0
51575 0.0000044 0.0000043 0.0195317 0.0190970 0 0 0 0
51576 0.0000027 0.0000027 0.0116344 0.0113873 0 0 0 0
51605 0.0000012 0.0000012 0.0118196 0.0114464 0 0 0 0
51607 0.0000015 0.0000014 0 0 0.0284437 0.0276621 0 0
51615 0.0000018 0.0000017 0 0 0.0349252 0.0340944 0 0
51616 0.0000024 0.0000024 0 0 0.0471548 0.0461188 0 0
51618 0.0000024 0.0000024 0 0 0.0470284 0.0461395 0 0
51619 0.0000012 0.0000012 0 0 0.0236393 0.0232134 0 0
51709 0.0000070 0.0000068 0 0 0.0532582 0.0521209 0.0532582 0.0521209
51710 0.0000037 0.0000036 0 0 0.0261911 0.0256628 0.0261911 0.0256628
51711 0.0000037 0.0000036 0 0 0.0249937 0.0245069 0.0249937 0.0245069
51713 0.0000007 0.0000007 0 0 0.0041636 0.0040882 0.0041636 0.0040882
51714 0.0000016 0.0000016 0 0 0.0099908 0.0098119 0.0099908 0.0098119
51715 0.0000012 0.0000012 0 0 0.0074069 0.0072762 0.0074069 0.0072762
51716 0.0000010 0.0000010 0 0 0.0059399 0.0058361 0.0059399 0.0058361
51718 0.0000008 0.0000008 0 0 0.0048222 0.0047390 0.0048222 0.0047390
51719 0.0000006 0.0000006 0 0 0.0037534 0.0036897 0.0037534 0.0036897
51735 0.0000014 0.0000013 0 0 0 0 0 0
51736 0.0000033 0.0000032 0 0 0 0 0 0
51740 0.0000015 0.0000015 0 0 0 0 0 0
51741 0.0000058 0.0000057 0 0 0 0 0 0
51742 0.0000022 0.0000022 0 0 0.0139199 0.0136704 0.0139199 0.0136704
51753 0.0000032 0.0000031 0 0 0.0186435 0.0183327 0.0186435 0.0183327
51754 0.0000036 0.0000036 0 0 0.0203823 0.0200543 0.0203823 0.0200543
51777 0.0000025 0.0000024 0 0 0.0240239 0.0233696 0 0
51778 0.0000006 0.0000006 0 0 0.0055042 0.0053614 0 0
51824 0.0000015 0.0000015 0 0 0.0156214 0.0151785 0 0
51825 0.0000067 0.0000066 0 0 0.0627823 0.0612000 0 0
51826 0.0000035 0.0000034 0 0 0.0284936 0.0278392 0.0284936 0.0278392
51827 0.0000069 0.0000068 0 0 0.0507241 0.0496871 0.0507241 0.0496871
51830 0.0000064 0.0000063 0 0 0.0379879 0.0373478 0.0379879 0.0373478
51837 0.0000065 0.0000063 0 0 0.0656202 0.0638835 0 0
51838 0.0000008 0.0000008 0 0 0.0065575 0.0064009 0.0065575 0.0064009
51839 0.0000048 0.0000047 0 0 0.0387851 0.0379146 0.0387851 0.0379146
51841 0.0000005 0.0000005 0 0 0.0037839 0.0037047 0.0037839 0.0037047
51842 0.0000012 0.0000012 0 0 0.0087337 0.0085540 0.0087337 0.0085540
51843 0.0000010 0.0000010 0 0 0.0072355 0.0070894 0.0072355 0.0070894
51854 0.0000016 0.0000016 0 0 0.0096398 0.0094769 0.0096398 0.0094769
51858 0.0000007 0.0000007 0 0 0.0038520 0.0037895 0.0038520 0.0037895
51860 0.0000015 0.0000015 0 0 0.0079047 0.0077841 0.0079047 0.0077841
51865 0.0000006 0.0000006 0 0 0.0069746 0.0067596 0.0069746 0.0067596
51874 0.0000040 0.0000039 0 0 0.0367612 0.0358406 0.0367612 0.0358406
51878 0.0000012 0.0000012 0 0 0.0097113 0.0094922 0.0097113 0.0094922
51881 0.0000068 0.0000066 0 0 0.0518691 0.0507827 0.0518691 0.0507827
51886 0.0000013 0.0000013 0 0 0.0089276 0.0087536 0.0089276 0.0087536
51900 0.0000054 0.0000053 0 0 0.0280612 0.0276484 0.0280612 0.0276484
51901 0.0000007 0.0000006 0 0 0.0032292 0.0031833 0.0032292 0.0031833
51902 0.0000026 0.0000026 0 0 0.0127824 0.0126027 0.0127824 0.0126027
51905 0.0000043 0.0000042 0 0 0.0558830 0.0540285 0 0
51906 0.0000033 0.0000032 0 0 0.0343137 0.0333215 0.0343137 0.0333215
51907 0.0000033 0.0000032 0 0 0.0295180 0.0287688 0.0295180 0.0287688
51908 0.0000014 0.0000014 0 0 0.0122426 0.0119436 0.0122426 0.0119436
51909 0.0000035 0.0000034 0 0 0.0275180 0.0269054 0.0275180 0.0269054
51914 0.0000018 0.0000018 0 0 0.0221232 0.0213824 0 0
51915 0.0000064 0.0000062 0 0 0.0674098 0.0655867 0 0
51921 0.0000042 0.0000041 0 0 0.0354042 0.0345625 0.0354042 0.0345625
51922 0.0000028 0.0000028 0 0 0.0210249 0.0205798 0.0210249 0.0205798
51924 0.0000036 0.0000036 0 0 0.0251690 0.0246758 0.0251690 0.0246758
51925 0.0000028 0.0000028 0 0 0.0185698 0.0182219 0.0185698 0.0182219
51927 0.0000013 0.0000013 0 0 0.0081643 0.0080176 0.0081643 0.0080176
51928 0.0000070 0.0000069 0 0 0.0393022 0.0386729 0.0393022 0.0386729
51929 0.0000027 0.0000027 0 0 0.0146380 0.0144105 0.0146380 0.0144105
51933 0.0000010 0.0000010 0 0 0.0116574 0.0112666 0 0
51934 0.0000006 0.0000006 0 0 0.0072774 0.0070467 0 0
51940 0.0000011 0.0000010 0 0 0.0105326 0.0102641 0.0105326 0.0102641
51941 0.0000021 0.0000021 0 0 0.0184058 0.0179500 0.0184058 0.0179500
51942 0.0000061 0.0000060 0 0 0.0511812 0.0499926 0.0511812 0.0499926
51943 0.0000015 0.0000015 0 0 0.0112914 0.0110444 0.0112914 0.0110444
51944 0.0000005 0.0000005 0 0 0.0040890 0.0040006 0.0040890 0.0040006
51945 0.0000030 0.0000029 0 0 0.0221115 0.0216431 0.0221115 0.0216431
51946 0.0000033 0.0000033 0 0 0.0240078 0.0235142 0.0240078 0.0235142
51949 0.0000022 0.0000022 0 0 0.0139275 0.0136737 0.0139275 0.0136737
51950 0.0000009 0.0000009 0 0 0.0057377 0.0056345 0.0057377 0.0056345
51952 0.0000010 0.0000009 0 0 0.0059127 0.0058079 0.0059127 0.0058079
51953 0.0000009 0.0000009 0 0 0.0052647 0.0051724 0.0052647 0.0051724
51954 0.0000061 0.0000060 0 0 0.0365858 0.0359591 0.0365858 0.0359591
51955 0.0000016 0.0000016 0 0 0.0095051 0.0093463 0.0095051 0.0093463
51958 0.0000006 0.0000006 0 0 0.0036093 0.0035497 0.0036093 0.0035497
51960 0.0000033 0.0000033 0 0 0.0187781 0.0184726 0.0187781 0.0184726
51977 0.0000010 0.0000010 0 0 0.0074543 0.0072998 0.0074543 0.0072998
51978 0.0000010 0.0000010 0 0 0.0069079 0.0067688 0.0069079 0.0067688
51982 0.0000008 0.0000008 0 0 0.0055290 0.0054331 0.0055290 0.0054331
51983 0.0000008 0.0000008 0 0 0.0048638 0.0047818 0.0048638 0.0047818
51985 0.0000041 0.0000040 0 0 0.0236262 0.0232415 0.0236262 0.0232415
51986 0.0000017 0.0000017 0 0 0.0092782 0.0091343 0.0092782 0.0091343
51987 0.0000024 0.0000024 0 0 0.0124929 0.0123067 0.0124929 0.0123067
51988 0.0000050 0.0000050 0 0 0.0254648 0.0250988 0.0254648 0.0250988
51990 0.0000020 0.0000020 0 0 0.0100361 0.0098949 0.0100361 0.0098949
51997 0.0000015 0.0000014 0 0 0.0167437 0.0162103 0 0
51998 0.0000035 0.0000034 0 0 0.0343040 0.0333753 0 0
51999 0.0000015 0.0000015 0 0 0.0131970 0.0128661 0.0131970 0.0128661
52005 0.0000030 0.0000029 0 0 0.0242004 0.0236423 0.0242004 0.0236423
52015 0.0000057 0.0000056 0 0 0.0433087 0.0423778 0.0433087 0.0423778
52018 0.0000067 0.0000065 0 0 0.0472110 0.0462656 0.0472110 0.0462656
52019 0.0000023 0.0000023 0 0 0.0156029 0.0153035 0.0156029 0.0153035
52022 0.0000053 0.0000052 0 0 0.0324504 0.0318905 0.0324504 0.0318905
52025 0.0000012 0.0000011 0 0 0.0148187 0.0143078 0 0
52026 0.0000041 0.0000040 0 0 0.0465255 0.0450946 0 0
52027 0.0000068 0.0000066 0 0 0.0673811 0.0655615 0.0673811 0.0655615
52030 0.0000039 0.0000038 0 0 0.0308870 0.0301864 0.0308870 0.0301864
52032 0.0000014 0.0000014 0 0 0.0098510 0.0096505 0.0098510 0.0096505
52034 0.0000006 0.0000006 0 0 0.0041172 0.0040371 0.0041172 0.0040371
52035 0.0000016 0.0000016 0 0 0.0110588 0.0108460 0.0110588 0.0108460
52036 0.0000008 0.0000008 0 0 0.0057079 0.0055996 0.0057079 0.0055996
52037 0.0000029 0.0000029 0 0 0.0190836 0.0187272 0.0190836 0.0187272
52038 0.0000009 0.0000009 0 0 0.0057076 0.0056054 0.0057076 0.0056054
52043 0.0000033 0.0000033 0 0 0.0321431 0.0313183 0 0
52044 0.0000007 0.0000007 0 0 0.0061276 0.0059795 0.0061276 0.0059795
52045 0.0000068 0.0000066 0 0 0.0555691 0.0543331 0.0555691 0.0543331
52046 0.0000251 0.0000246 0 0 0.0359922 0.0352704 0.0359922 0.0352704
52047 0.0000264 0.0000260 0 0 0.0345410 0.0339048 0.0345410 0.0339048
52048 0.0000348 0.0000342 0 0 0.0421516 0.0414343 0.0421516 0.0414343
52049 0.0000349 0.0000343 0 0 0.0395573 0.0389280 0.0395573 0.0389280
52050 0.0000131 0.0000129 0 0 0.0139301 0.0137178 0.0139301 0.0137178
52052 0.0000097 0.0000095 0 0 0.0098258 0.0096830 0.0098258 0.0096830
52060 0.0000172 0.0000166 0 0 0.0391934 0.0379659 0 0
52062 0.0000098 0.0000095 0 0 0.0188509 0.0183372 0.0188509 0.0183372
52065 0.0000065 0.0000062 0 0 0.0180765 0.0173781 0 0
52067 0.0000334 0.0000323 0 0 0.0798015 0.0772630 0 0
52068 0.0000085 0.0000082 0 0 0.0168961 0.0164132 0.0168961 0.0164132
52069 0.0000219 0.0000213 0 0 0.0423229 0.0411735 0.0423229 0.0411735
52097 0.0000712 0.0000689 0 0 0 0 0 0
52099 0.0000074 0.0000072 0 0 0.0156479 0.0151899 0 0
52101 0.0000054 0.0000053 0 0 0.0104464 0.0101605 0 0
52102 0.0000175 0.0000171 0 0 0.0336587 0.0327920 0 0
52103 0.0000054 0.0000053 0 0 0.0092538 0.0090268 0.0092538 0.0090268
52104 0.0000048 0.0000047 0 0 0.0079171 0.0077299 0.0079171 0.0077299
52107 0.0000346 0.0000339 0 0 0.0479745 0.0470423 0.0479745 0.0470423
52108 0.0000161 0.0000158 0 0 0.0208662 0.0204786 0.0208662 0.0204786
52110 0.0000035 0.0000035 0 0 0.0043141 0.0042379 0.0043141 0.0042379
52111 0.0000165 0.0000162 0 0 0.0200413 0.0196927 0.0200413 0.0196927
52112 0.0000031 0.0000031 0 0 0.0036070 0.0035469 0.0036070 0.0035469
52144 0.0000031 0.0000030 0 0 0.0048189 0.0047150 0.0048189 0.0047150
52145 0.0000079 0.0000077 0 0 0.0115726 0.0113299 0.0115726 0.0113299
52146 0.0000096 0.0000094 0 0 0.0140494 0.0137655 0.0140494 0.0137655
52265 0.0000097 0.0000094 0 0 0.0229028 0.0221438 0 0
52266 0.0000115 0.0000111 0 0 0.0251803 0.0243981 0.0251803 0.0243981
52268 0.0000207 0.0000201 0 0 0.0423769 0.0411696 0.0423769 0.0411696
52269 0.0000344 0.0000335 0 0 0.0630767 0.0614730 0.0315383 0.0307365
52270 0.0000373 0.0000364 0 0 0.0623683 0.0609302 0.0623683 0.0609302
52271 0.0000344 0.0000337 0 0 0.0523576 0.0512386 0.0523576 0.0512386
52276 0.0000206 0.0000202 0 0 0.0279718 0.0274324 0.0279718 0.0274324
52278 0.0000088 0.0000086 0 0 0.0112803 0.0110723 0.0112803 0.0110723
52286 0.0000315 0.0000306 0 0 0.0695143 0.0675627 0 0
52287 0.0000336 0.0000328 0 0 0.0590730 0.0576574 0.0590730 0.0576574
52288 0.0000289 0.0000283 0 0 0.0447343 0.0437765 0.0447343 0.0437765
52289 0.0000088 0.0000086 0 0 0.0123156 0.0120676 0.0123156 0.0120676
52290 0.0000035 0.0000034 0 0 0.0047546 0.0046606 0.0047546 0.0046606
52291 0.0000087 0.0000085 0 0 0.0118123 0.0115827 0.0118123 0.0115827
52292 0.0000141 0.0000139 0 0 0.0187113 0.0183566 0.0187113 0.0183566
52294 0.0000035 0.0000035 0 0 0.0044984 0.0044156 0.0044984 0.0044156
52295 0.0000049 0.0000048 0 0 0.0062746 0.0061602 0.0062746 0.0061602
52296 0.0000030 0.0000029 0 0 0.0037160 0.0036492 0.0037160 0.0036492
52302 0.0000088 0.0000085 0 0 0.0217148 0.0209851 0 0
52303 0.0000029 0.0000029 0 0 0.0064088 0.0062095 0.0064088 0.0062095
52304 0.0000050 0.0000048 0 0 0.0105058 0.0101898 0.0105058 0.0101898
52308 0.0000030 0.0000029 0 0 0.0056763 0.0055211 0.0056763 0.0055211
52309 0.0000054 0.0000053 0 0 0.0100707 0.0098017 0.0100707 0.0098017
52314 0.0000123 0.0000120 0 0 0.0216299 0.0210884 0.0216299 0.0210884
52317 0.0000033 0.0000032 0 0 0.0054414 0.0053210 0.0054414 0.0053210
52318 0.0000097 0.0000095 0 0 0.0146886 0.0143690 0.0146886 0.0143690
52319 0.0000066 0.0000065 0 0 0.0098147 0.0096058 0.0098147 0.0096058
52323 0.0000299 0.0000293 0 0 0.0412207 0.0404279 0.0412207 0.0404279
52324 0.0000072 0.0000071 0 0 0.0093590 0.0091848 0.0093590 0.0091848
52325 0.0000222 0.0000218 0 0 0.0279061 0.0274055 0.0279061 0.0274055
52326 0.0000109 0.0000108 0 0 0.0132970 0.0130643 0.0132970 0.0130643
52327 0.0000041 0.0000040 0 0 0.0048150 0.0047333 0.0048150 0.0047333
52343 0.0000046 0.0000045 0 0 0.0109091 0.0105564 0.0054546 0.0052782
52344 0.0000086 0.0000083 0 0 0.0203499 0.0197386 0.0101750 0.0098693
52345 0.0000277 0.0000270 0 0 0.0655415 0.0638076 0.0327707 0.0319037
52346 0.0000284 0.0000277 0 0 0.0477103 0.0465977 0.0477103 0.0465977
52347 0.0000047 0.0000046 0 0 0.0072359 0.0070752 0.0072359 0.0070752
52348 0.0000205 0.0000201 0 0 0.0304737 0.0298331 0.0304737 0.0298331
52349 0.0000299 0.0000293 0 0 0.0421160 0.0412821 0.0421160 0.0412821
52357 0.0000036 0.0000036 0 0 0.0046297 0.0045448 0.0046297 0.0045448
52359 0.0000111 0.0000109 0 0 0.0138972 0.0136473 0.0138972 0.0136473
52360 0.0000257 0.0000253 0 0 0.0311534 0.0306165 0.0311534 0.0306165
52361 0.0000342 0.0000336 0 0 0.0399146 0.0392549 0.0399146 0.0392549
52365 0.0000318 0.0000308 0 0 0.0751474 0.0728718 0.0751474 0.0728718
52366 0.0000335 0.0000327 0 0 0.0630141 0.0614073 0.0630141 0.0614073
52367 0.0000049 0.0000048 0 0 0.0081596 0.0079652 0.0081596 0.0079652
52368 0.0000076 0.0000074 0 0 0.0124869 0.0121961 0.0124869 0.0121961
52369 0.0000073 0.0000072 0 0 0.0115892 0.0113259 0.0115892 0.0113259
52370 0.0000350 0.0000343 0 0 0.0529555 0.0518349 0.0529555 0.0518349
52371 0.0000343 0.0000336 0 0 0.0481929 0.0472399 0.0481929 0.0472399
52372 0.0000096 0.0000094 0 0 0.0126437 0.0124039 0.0126437 0.0124039
52378 0.0000041 0.0000040 0 0 0.0050913 0.0050008 0.0050913 0.0050008
52380 0.0000199 0.0000196 0 0 0.0241489 0.0237306 0.0241489 0.0237306
52381 0.0000042 0.0000041 0 0 0.0051096 0.0050228 0.0051096 0.0050228
52382 0.0000142 0.0000139 0 0 0.0165370 0.0162597 0.0165370 0.0162597
52391 0.0000272 0.0000264 0 0 0.0586027 0.0569190 0.0586027 0.0569190
52392 0.0000098 0.0000096 0 0 0.0176303 0.0171793 0.0176303 0.0171793
52393 0.0000081 0.0000079 0 0 0.0137670 0.0134327 0.0137670 0.0134327
52394 0.0000063 0.0000062 0 0 0.0102890 0.0100478 0.0102890 0.0100478
52395 0.0000041 0.0000040 0 0 0.0062131 0.0060784 0.0062131 0.0060784
52396 0.0000043 0.0000042 0 0 0.0065160 0.0063770 0.0065160 0.0063770
52401 0.0000310 0.0000304 0 0 0.0417998 0.0410125 0.0417998 0.0410125
52402 0.0000064 0.0000063 0 0 0.0079774 0.0078348 0.0079774 0.0078348
52403 0.0000155 0.0000152 0 0 0.0192104 0.0188741 0.0192104 0.0188741
52405 0.0000097 0.0000096 0 0 0.0116117 0.0114130 0.0116117 0.0114130
52406 0.0000109 0.0000108 0 0 0.0130822 0.0128619 0.0130822 0.0128619
52410 0.0000087 0.0000084 0 0 0.0197973 0.0191720 0.0197973 0.0191720
52411 0.0000060 0.0000058 0 0 0.0123631 0.0120051 0.0123631 0.0120051
52412 0.0000309 0.0000301 0 0 0.0635556 0.0619266 0.0635556 0.0619266
52413 0.0000339 0.0000332 0 0 0.0554551 0.0542075 0.0554551 0.0542075
52414 0.0000029 0.0000029 0 0 0.0043229 0.0042305 0.0043229 0.0042305
52415 0.0000121 0.0000119 0 0 0.0173197 0.0169671 0.0173197 0.0169671
52417 0.0000067 0.0000066 0 0 0.0093150 0.0091308 0.0093150 0.0091308
52418 0.0000078 0.0000077 0 0 0.0108613 0.0106536 0.0108613 0.0106536
52419 0.0000152 0.0000149 0 0 0.0210621 0.0206703 0.0210621 0.0206703
52420 0.0000266 0.0000261 0 0 0.0367468 0.0361014 0.0367468 0.0361014
52421 0.0000123 0.0000121 0 0 0.0170016 0.0167156 0.0170016 0.0167156
52422 0.0000138 0.0000135 0 0 0.0190390 0.0187255 0.0190390 0.0187255
52423 0.0000084 0.0000082 0 0 0.0115710 0.0113858 0.0115710 0.0113858
52424 0.0000034 0.0000033 0 0 0.0046919 0.0046175 0.0046919 0.0046175
52431 0.0000116 0.0000112 0 0 0.0287119 0.0277709 0.0143559 0.0138855
52432 0.0000030 0.0000029 0 0 0.0073383 0.0071191 0.0036692 0.0035596
52433 0.0000268 0.0000261 0 0 0.0661605 0.0643912 0.0330803 0.0321956
52434 0.0000192 0.0000187 0 0 0.0473637 0.0462424 0.0236819 0.0231213
52436 0.0000057 0.0000055 0 0 0.0140062 0.0136933 0.0070031 0.0068467
52437 0.0000205 0.0000201 0 0 0.0307932 0.0301389 0.0307932 0.0301389
52438 0.0000327 0.0000320 0 0 0.0490998 0.0481114 0.0490998 0.0481114
52440 0.0000046 0.0000045 0 0 0.0061559 0.0060367 0.0061559 0.0060367
52441 0.0000080 0.0000079 0 0 0.0108062 0.0105996 0.0108062 0.0105996
52442 0.0000034 0.0000033 0 0 0.0045272 0.0044418 0.0045272 0.0044418
52443 0.0000080 0.0000078 0 0 0.0103692 0.0101756 0.0103692 0.0101756
52444 0.0000068 0.0000042 0 0 0.0086530 0.0052767 0.0086530 0.0052767
52446 0.0000081 0.0000080 0 0 0.0102572 0.0100749 0.0102572 0.0100749
52447 0.0000029 0.0000028 0 0 0.0036228 0.0035590 0.0036228 0.0035590
52449 0.0000050 0.0000049 0 0 0.0062680 0.0061624 0.0062680 0.0061624
52452 0.0000325 0.0000315 0 0 0.0764814 0.0741531 0 0
52453 0.0000087 0.0000085 0 0 0.0163867 0.0159474 0.0163867 0.0159474
52454 0.0000150 0.0000146 0 0 0.0269635 0.0262777 0.0134818 0.0131389
52455 0.0000059 0.0000057 0 0 0.0105852 0.0103263 0.0052926 0.0051632
52456 0.0000061 0.0000059 0 0 0.0098025 0.0095751 0.0098025 0.0095751
52458 0.0000346 0.0000339 0 0 0.0530162 0.0518799 0.0530162 0.0518799
52459 0.0000279 0.0000273 0 0 0.0396965 0.0389005 0.0396965 0.0389005
52460 0.0000208 0.0000204 0 0 0.0280263 0.0274874 0.0280263 0.0274874
52461 0.0000075 0.0000074 0 0 0.0097941 0.0096105 0.0097941 0.0096105
52462 0.0000130 0.0000127 0 0 0.0163951 0.0160980 0.0163951 0.0160980
52463 0.0000362 0.0000356 0 0 0.0458049 0.0450113 0.0458049 0.0450113
52466 0.0000302 0.0000292 0 0 0.0789505 0.0764427 0 0
52467 0.0000241 0.0000235 0 0 0.0630782 0.0614764 0 0
52468 0.0000161 0.0000157 0 0 0.0419935 0.0410383 0 0
52469 0.0000347 0.0000340 0 0 0.0501303 0.0491197 0.0501303 0.0491197
52470 0.0000193 0.0000190 0 0 0.0278789 0.0273476 0.0278789 0.0273476
52471 0.0000247 0.0000242 0 0 0.0356137 0.0349630 0.0356137 0.0349630
52472 0.0000032 0.0000031 0 0 0.0046216 0.0045406 0.0046216 0.0045406
52474 0.0000349 0.0000343 0 0 0.0414526 0.0407558 0.0414526 0.0407558
52475 0.0000121 0.0000119 0 0 0.0143920 0.0141577 0.0143920 0.0141577
52481 0.0000232 0.0000227 0 0 0.0368148 0.0360611 0 0
52482 0.0000175 0.0000172 0 0 0.0223866 0.0219921 0.0223866 0.0219921
52484 0.0000244 0.0000240 0 0 0.0279655 0.0275238 0.0279655 0.0275238
52485 0.0000133 0.0000131 0 0 0.0138903 0.0136846 0.0138903 0.0136846
52486 0.0000231 0.0000228 0 0 0.0225203 0.0222121 0.0225203 0.0222121
52491 0.0000234 0.0000231 0 0 0.0204972 0.0202458 0.0204972 0.0202458
52492 0.0000083 0.0000082 0 0 0.0069292 0.0068467 0.0069292 0.0068467
52493 0.0000120 0.0000118 0 0 0.0097713 0.0096573 0.0097713 0.0096573
52494 0.0000345 0.0000342 0 0 0.0268444 0.0265513 0.0268444 0.0265513
52495 0.0000211 0.0000209 0 0 0.0155631 0.0153985 0.0155631 0.0153985
52508 0.0000036 0.0000035 0 0 0.0075679 0.0073434 0 0
52518 0.0000332 0.0000323 0 0 0.0682221 0.0663553 0 0
52519 0.0000343 0.0000334 0 0 0.0598719 0.0584331 0 0
52520 0.0000065 0.0000064 0 0 0.0102627 0.0100304 0.0102627 0.0100304
52521 0.0000223 0.0000218 0 0 0.0338896 0.0331610 0.0338896 0.0331610
52522 0.0000284 0.0000279 0 0 0.0411300 0.0402904 0.0411300 0.0402904
52538 0.0000030 0.0000029 0 0 0.0038314 0.0037602 0.0038314 0.0037602
52539 0.0000351 0.0000345 0 0 0.0443213 0.0435288 0.0443213 0.0435288
52540 0.0000280 0.0000275 0 0 0.0335815 0.0330094 0.0335815 0.0330094
52558 0.0000116 0.0000113 0 0 0.0245678 0.0238467 0 0
52575 0.0000267 0.0000262 0 0 0.0483644 0.0473548 0.0483644 0.0473548
52576 0.0000108 0.0000106 0 0 0.0195661 0.0191939 0.0195661 0.0191939
52579 0.0000244 0.0000240 0 0 0.0292471 0.0287700 0.0292471 0.0287700
52580 0.0000142 0.0000140 0 0 0.0169834 0.0167146 0.0169834 0.0167146
52581 0.0000338 0.0000333 0 0 0.0364140 0.0358540 0.0364140 0.0358540
52584 0.0000041 0.0000039 0 0 0.0096246 0.0093077 0 0
52585 0.0000041 0.0000040 0 0 0.0088600 0.0085918 0 0
52586 0.0000334 0.0000326 0 0 0.0628576 0.0612738 0 0
52592 0.0000132 0.0000130 0 0 0.0201924 0.0197533 0 0
52593 0.0000255 0.0000250 0 0 0.0369872 0.0362318 0.0369872 0.0362318
52594 0.0000350 0.0000344 0 0 0.0465037 0.0456308 0.0232517 0.0228153
52595 0.0000071 0.0000070 0 0 0.0089207 0.0087588 0.0089207 0.0087588
52596 0.0000124 0.0000122 0 0 0.0156196 0.0153395 0.0156196 0.0153395
52610 0.0000312 0.0000303 0 0 0.0636972 0.0619746 0 0
52611 0.0000124 0.0000121 0 0 0.0219686 0.0214141 0.0219686 0.0214141
52613 0.0000348 0.0000340 0 0 0.0569000 0.0555966 0 0
52614 0.0000141 0.0000138 0 0 0.0213848 0.0209197 0.0213848 0.0209197
52615 0.0000062 0.0000061 0 0 0.0091131 0.0089194 0.0091131 0.0089194
52616 0.0000172 0.0000169 0 0 0.0246298 0.0241254 0.0246298 0.0241254
52617 0.0000350 0.0000343 0 0 0.0480256 0.0470913 0.0480256 0.0470913
52618 0.0000046 0.0000045 0 0 0.0059486 0.0058362 0.0029743 0.0029181
52619 0.0000133 0.0000131 0 0 0.0170781 0.0167639 0.0170781 0.0167639
52623 0.0000318 0.0000308 0 0 0.0393592 0.0381211 0 0
52624 0.0000266 0.0000259 0 0 0.0328946 0.0320251 0 0
52625 0.0000210 0.0000205 0 0 0.0259356 0.0253228 0 0
52626 0.0000214 0.0000209 0 0 0.0264202 0.0258514 0 0
52627 0.0000198 0.0000194 0 0 0.0244930 0.0240032 0 0
52628 0.0000160 0.0000157 0 0 0.0198038 0.0194324 0 0
52629 0.0000100 0.0000098 0 0 0.0123539 0.0121336 0 0
52637 0.0000325 0.0000316 0 0 0.0665063 0.0647162 0.0665063 0.0647162
52638 0.0000169 0.0000165 0 0 0.0287581 0.0280723 0.0287581 0.0280723
52639 0.0000218 0.0000213 0 0 0.0340802 0.0333278 0.0340802 0.0333278
52640 0.0000340 0.0000333 0 0 0.0493513 0.0483526 0.0246756 0.0241763
52641 0.0000339 0.0000332 0 0 0.0454327 0.0445768 0.0454327 0.0445768
52642 0.0000336 0.0000330 0 0 0.0421890 0.0414443 0.0421890 0.0414443
52643 0.0000296 0.0000291 0 0 0.0334896 0.0329505 0.0334896 0.0329505
52649 0.0000324 0.0000315 0 0 0.0697278 0.0677744 0 0
52650 0.0000338 0.0000330 0 0 0.0594412 0.0580092 0.0594412 0.0580092
52651 0.0000143 0.0000140 0 0 0.0224039 0.0219050 0 0
52652 0.0000342 0.0000335 0 0 0.0502628 0.0492281 0.0502628 0.0492281
52656 0.0000069 0.0000067 0 0 0.0089992 0.0088301 0.0089992 0.0088301
52658 0.0000120 0.0000118 0 0 0.0153728 0.0150908 0.0153728 0.0150908
52659 0.0000349 0.0000343 0 0 0.0427762 0.0420349 0.0427762 0.0420349
52660 0.0000126 0.0000124 0 0 0.0146768 0.0144308 0.0146768 0.0144308
52661 0.0000350 0.0000344 0 0 0.0400891 0.0394385 0.0400891 0.0394385
52662 0.0000122 0.0000120 0 0 0.0133848 0.0131744 0.0133848 0.0131744
52664 0.0000111 0.0000109 0 0 0.0112193 0.0110564 0.0112193 0.0110564
52665 0.0000053 0.0000052 0 0 0.0052416 0.0051661 0.0052416 0.0051661
52677 0.0000156 0.0000152 0 0 0.0292634 0.0285409 0 0
52678 0.0000078 0.0000076 0 0 0.0122761 0.0120022 0 0
52679 0.0000331 0.0000324 0 0 0.0495456 0.0485438 0.0495456 0.0485438
52680 0.0000304 0.0000299 0 0 0.0396737 0.0389564 0.0396737 0.0389564
52682 0.0000034 0.0000033 0 0 0.0037876 0.0037268 0.0037876 0.0037268
52684 0.0000341 0.0000336 0 0 0.0369186 0.0363568 0.0369186 0.0363568
52685 0.0000054 0.0000053 0 0 0.0054635 0.0053833 0.0054635 0.0053833
52690 0.0000172 0.0000169 0 0 0.0164622 0.0162368 0.0164622 0.0162368
52691 0.0000132 0.0000130 0 0 0.0122026 0.0120403 0.0122026 0.0120403
52692 0.0000170 0.0000168 0 0 0.0154539 0.0152527 0.0154539 0.0152527
52702 0.0000304 0.0000296 0 0 0.0689468 0.0669819 0 0
52703 0.0000339 0.0000331 0 0 0.0593581 0.0579421 0.0593581 0.0579421
52704 0.0000039 0.0000038 0 0 0.0061026 0.0059665 0.0061026 0.0059665
52705 0.0000044 0.0000043 0 0 0.0065475 0.0064083 0.0065475 0.0064083
52706 0.0000343 0.0000336 0 0 0.0489970 0.0480153 0.0489970 0.0480153
52707 0.0000076 0.0000075 0 0 0.0101916 0.0099991 0.0101916 0.0099991
52717 0.0000299 0.0000290 0 0 0.0719929 0.0699014 0 0
52718 0.0000041 0.0000040 0 0 0.0075172 0.0073187 0 0
52719 0.0000286 0.0000279 0 0 0.0509730 0.0497202 0.0509730 0.0497202
52721 0.0000349 0.0000341 0 0 0.0535027 0.0523414 0.0535027 0.0523414
52724 0.0000295 0.0000290 0 0 0.0398827 0.0391265 0.0398827 0.0391265
52725 0.0000121 0.0000119 0 0 0.0153713 0.0150907 0.0153713 0.0150907
52726 0.0000076 0.0000074 0 0 0.0094236 0.0092549 0.0094236 0.0092549
52728 0.0000071 0.0000070 0 0 0.0087220 0.0085691 0.0087220 0.0085691
52747 0.0000162 0.0000158 0 0 0.0304734 0.0296754 0.0304734 0.0296754
52749 0.0000338 0.0000330 0 0 0.0567930 0.0554912 0.0567930 0.0554912
52751 0.0000345 0.0000338 0 0 0.0498113 0.0488070 0.0498113 0.0488070
52752 0.0000189 0.0000185 0 0 0.0253173 0.0248339 0.0253173 0.0248339
52753 0.0000057 0.0000056 0 0 0.0074078 0.0072698 0.0074078 0.0072698
52754 0.0000328 0.0000322 0 0 0.0418279 0.0410752 0.0418279 0.0410752
52755 0.0000348 0.0000342 0 0 0.0413167 0.0406219 0.0413167 0.0406219
52756 0.0000254 0.0000250 0 0 0.0287339 0.0282696 0.0287339 0.0282696
52760 0.0000325 0.0000316 0 0 0.0697596 0.0678078 0 0
52761 0.0000178 0.0000174 0 0 0.0304025 0.0296749 0 0
52777 0.0000100 0.0000097 0 0 0.0083535 0.0080748 0 0
52778 0.0000333 0.0000324 0 0 0.0714397 0.0693953 0.0714397 0.0693953
52779 0.0000293 0.0000285 0 0 0.0531957 0.0518668 0.0531957 0.0518668
52780 0.0000111 0.0000109 0 0 0.0179584 0.0175400 0.0179584 0.0175400
52781 0.0000349 0.0000342 0 0 0.0528878 0.0517629 0.0264439 0.0258815
52782 0.0000351 0.0000344 0 0 0.0498427 0.0488403 0.0498427 0.0488403
52783 0.0000055 0.0000054 0 0 0.0074264 0.0072818 0.0074264 0.0072818
52784 0.0000145 0.0000142 0 0 0.0191328 0.0187692 0.0191328 0.0187692
52785 0.0000350 0.0000344 0 0 0.0453725 0.0445400 0.0453725 0.0445400
52786 0.0000114 0.0000112 0 0 0.0140378 0.0137884 0.0140378 0.0137884
52805 0.0000140 0.0000136 0 0 0 0 0 0
52811 0.0000014 0.0000014 0 0 0.0012824 0.0012552 0.0051294 0.0050207
52813 0.0000069 0.0000068 0 0 0 0 0.0138435 0.0135598
52814 0.0000214 0.0000210 0 0 0.0295487 0.0289723 0.0295487 0.0289723
52815 0.0000341 0.0000335 0 0 0.0446013 0.0437867 0.0446013 0.0437867
52816 0.0000161 0.0000159 0 0 0.0195560 0.0192176 0.0195560 0.0192176
52819 0.0000346 0.0000340 0 0 0.0388550 0.0382370 0.0388550 0.0382370
52844 0.0000341 0.0000331 0 0 0.0743856 0.0721739 0 0
52845 0.0000350 0.0000340 0 0 0.0672647 0.0654493 0.0672647 0.0654493
52846 0.0000035 0.0000034 0 0 0.0061979 0.0060372 0.0061979 0.0060372
52847 0.0000352 0.0000343 0 0 0.0616054 0.0600845 0.0616054 0.0600845
52848 0.0000349 0.0000341 0 0 0.0573815 0.0560527 0.0573815 0.0560527
52849 0.0000183 0.0000179 0 0 0.0282794 0.0276543 0.0282794 0.0276543
52850 0.0000354 0.0000347 0 0 0.0528272 0.0517014 0.0528272 0.0517014
52851 0.0000254 0.0000249 0 0 0.0366724 0.0359146 0.0366724 0.0359146
52857 0.0000304 0.0000295 0 0 0.0694847 0.0675498 0 0
52858 0.0000331 0.0000323 0 0 0.0567526 0.0554264 0.0567526 0.0554264
52859 0.0000114 0.0000111 0 0 0.0172154 0.0168468 0.0172154 0.0168468
52873 0.0000319 0.0000311 0 0 0.0618592 0.0603238 0 0
52874 0.0000244 0.0000239 0 0 0.0390732 0.0382031 0.0390732 0.0382031
52875 0.0000137 0.0000134 0 0 0.0201655 0.0197436 0.0100827 0.0098718
52876 0.0000346 0.0000340 0 0 0.0479161 0.0469945 0.0479161 0.0469945
52877 0.0000358 0.0000352 0 0 0.0453709 0.0445643 0.0453709 0.0445643
52878 0.0000215 0.0000212 0 0 0.0256582 0.0252237 0.0256582 0.0252237
52879 0.0000041 0.0000040 0 0 0.0046824 0.0046055 0.0046824 0.0046055
52880 0.0000356 0.0000350 0 0 0.0400591 0.0394204 0.0400591 0.0394204
52881 0.0000171 0.0000168 0 0 0.0185130 0.0182246 0.0185130 0.0182246
52887 0.0000271 0.0000263 0 0 0.0570753 0.0555046 0 0
52888 0.0000329 0.0000321 0 0 0.0573589 0.0559895 0 0
52889 0.0000241 0.0000236 0 0 0.0374974 0.0366723 0.0374974 0.0366723
52890 0.0000257 0.0000251 0 0 0.0372441 0.0364976 0.0372441 0.0364976
52895 0.0000133 0.0000129 0 0 0.0291192 0.0283118 0 0
52896 0.0000119 0.0000116 0 0 0.0259556 0.0253140 0 0
52897 0.0000162 0.0000159 0 0 0.0355113 0.0347039 0 0
52898 0.0000071 0.0000070 0 0 0.0156134 0.0152792 0 0
52900 0.0000066 0.0000065 0 0 0.0094985 0.0093025 0.0094985 0.0093025
52901 0.0000046 0.0000045 0 0 0.0065945 0.0064609 0.0065945 0.0064609
52902 0.0000107 0.0000105 0 0 0.0145800 0.0142943 0.0145800 0.0142943
52905 0.0000037 0.0000035 0 0 0.0090138 0.0087006 0 0
52910 0.0000199 0.0000193 0 0 0.0488073 0.0474714 0 0
52911 0.0000346 0.0000337 0 0 0.0625678 0.0609868 0.0625678 0.0609868
52912 0.0000349 0.0000341 0 0 0.0572667 0.0559408 0.0572667 0.0559408
52917 0.0000141 0.0000138 0 0 0.0231031 0.0225969 0.0231031 0.0225969
53046 0.0000096 0.0000093 0 0 0.0219918 0.0212942 0 0
53047 0.0000336 0.0000326 0 0 0.0698224 0.0678708 0.0698224 0.0678708
53048 0.0000264 0.0000257 0 0 0.0471882 0.0460110 0.0471882 0.0460110
53049 0.0000060 0.0000059 0 0 0.0098439 0.0096127 0.0098439 0.0096127
53050 0.0000355 0.0000347 0 0 0.0557962 0.0545723 0.0557962 0.0545723
53052 0.0000033 0.0000033 0 0 0.0048114 0.0047111 0.0048114 0.0047111
53053 0.0000115 0.0000113 0 0 0.0163906 0.0160555 0.0163906 0.0160555
53054 0.0000286 0.0000281 0 0 0.0398385 0.0390528 0.0398385 0.0390528
53055 0.0000185 0.0000182 0 0 0.0242416 0.0237880 0.0242416 0.0237880
53056 0.0000044 0.0000043 0 0 0.0057623 0.0056565 0.0057623 0.0056565
53057 0.0000062 0.0000061 0 0 0.0081684 0.0080198 0.0081684 0.0080198
53058 0.0000141 0.0000138 0 0 0.0184341 0.0181044 0.0184341 0.0181044
53059 0.0000073 0.0000072 0 0 0.0095332 0.0093669 0.0095332 0.0093669
53062 0.0000058 0.0000057 0 0 0.0124460 0.0120589 0 0
53064 0.0000041 0.0000040 0 0 0.0087059 0.0084699 0 0
53065 0.0000281 0.0000274 0 0 0.0598200 0.0583692 0 0
53066 0.0000241 0.0000236 0 0 0.0514049 0.0503126 0 0
53067 0.0000021 0.0000021 0 0 0.0044880 0.0044010 0 0
53068 0.0000180 0.0000177 0 0 0.0383778 0.0376686 0 0
53069 0.0000100 0.0000098 0 0 0.0123229 0.0121052 0.0123229 0.0121052
53070 0.0000249 0.0000245 0 0 0.0300384 0.0295257 0.0300384 0.0295257
53071 0.0000091 0.0000090 0 0 0.0104491 0.0102766 0.0104491 0.0102766
53073 0.0000055 0.0000055 0 0 0.0060971 0.0060008 0.0060971 0.0060008
53074 0.0000060 0.0000059 0 0 0.0066289 0.0065272 0.0066289 0.0065272
53076 0.0000315 0.0000310 0 0 0.0328514 0.0323651 0.0328514 0.0323651
53079 0.0000298 0.0000290 0 0 0.0657799 0.0640325 0 0
53081 0.0000329 0.0000322 0 0 0.0529947 0.0518582 0.0529947 0.0518582
53082 0.0000086 0.0000085 0 0 0.0118281 0.0115948 0.0118281 0.0115948
53165 0.0000314 0.0000305 0 0 0.0712162 0.0691722 0 0
53166 0.0000198 0.0000193 0 0 0.0355492 0.0346555 0.0355492 0.0346555
53167 0.0000238 0.0000233 0 0 0.0400060 0.0390600 0.0400060 0.0390600
53168 0.0000114 0.0000112 0 0 0.0180035 0.0175981 0.0180035 0.0175981
53169 0.0000334 0.0000327 0 0 0.0526143 0.0514961 0.0526143 0.0514961
53170 0.0000198 0.0000194 0 0 0.0281428 0.0275743 0.0281428 0.0275743
53171 0.0000314 0.0000308 0 0 0.0418871 0.0410922 0.0418871 0.0410922
53172 0.0000223 0.0000219 0 0 0.0282925 0.0277787 0.0282925 0.0277787
53173 0.0000030 0.0000030 0 0 0.0037323 0.0036656 0.0037323 0.0036656
53174 0.0000299 0.0000294 0 0 0.0367604 0.0361179 0.0367604 0.0361179
53194 0.0000314 0.0000307 0 0 0.0504759 0.0493650 0.0504759 0.0493650
53195 0.0000116 0.0000114 0 0 0.0186702 0.0182841 0.0186702 0.0182841
53197 0.0000093 0.0000091 0 0 0.0148925 0.0146084 0.0148925 0.0146084
53198 0.0000035 0.0000035 0 0 0.0056653 0.0055592 0.0056653 0.0055592
53199 0.0000234 0.0000229 0 0 0.0375134 0.0368346 0.0375134 0.0368346
53200 0.0000264 0.0000259 0 0 0.0319153 0.0313756 0.0319153 0.0313756
53201 0.0000033 0.0000033 0 0 0.0037160 0.0036559 0.0037160 0.0036559
53202 0.0000276 0.0000272 0 0 0.0310242 0.0305299 0.0310242 0.0305299
53203 0.0000053 0.0000052 0 0 0.0059885 0.0058951 0.0059885 0.0058951
53204 0.0000088 0.0000086 0 0 0.0093812 0.0092365 0.0093812 0.0092365
53205 0.0000062 0.0000061 0 0 0.0065807 0.0064797 0.0065807 0.0064797
53210 0.0000239 0.0000232 0 0 0.0539235 0.0523531 0 0
53211 0.0000339 0.0000331 0 0 0.0618355 0.0602971 0.0618355 0.0602971
53212 0.0000141 0.0000138 0 0 0.0226800 0.0221607 0.0226800 0.0221607
53213 0.0000222 0.0000217 0 0 0.0339493 0.0332132 0.0339493 0.0332132
53216 0.0000121 0.0000118 0 0 0.0174673 0.0171049 0.0174673 0.0171049
53217 0.0000118 0.0000116 0 0 0.0166880 0.0163502 0.0166880 0.0163502
53218 0.0000138 0.0000135 0 0 0.0194569 0.0190730 0.0194569 0.0190730
53219 0.0000351 0.0000344 0 0 0.0470756 0.0461795 0.0470756 0.0461795
53220 0.0000348 0.0000342 0 0 0.0439308 0.0431454 0.0439308 0.0431454
53221 0.0000065 0.0000063 0 0 0.0077823 0.0076466 0.0077823 0.0076466
53223 0.0000185 0.0000181 0 0 0.0219855 0.0216090 0.0219855 0.0216090
53224 0.0000237 0.0000233 0 0 0.0281972 0.0277267 0.0281972 0.0277267
53225 0.0000077 0.0000076 0 0 0.0087122 0.0085692 0.0087122 0.0085692
53226 0.0000289 0.0000284 0 0 0.0322754 0.0317595 0.0322754 0.0317595
53227 0.0000303 0.0000298 0 0 0.0328396 0.0323319 0.0328396 0.0323319
53236 0.0000058 0.0000056 0 0 0.0127083 0.0123190 0 0
53237 0.0000095 0.0000092 0 0 0.0172292 0.0167911 0.0172292 0.0167911
53239 0.0000132 0.0000129 0 0 0.0240272 0.0234603 0.0240272 0.0234603
53240 0.0000297 0.0000290 0 0 0.0539900 0.0528116 0.0539900 0.0528116
53241 0.0000094 0.0000092 0 0 0.0134625 0.0131867 0.0134625 0.0131867
53242 0.0000340 0.0000334 0 0 0.0465761 0.0456937 0.0465761 0.0456937
53243 0.0000042 0.0000041 0 0 0.0051974 0.0051041 0.0051974 0.0051041
53244 0.0000247 0.0000243 0 0 0.0308648 0.0303205 0.0308648 0.0303205
53246 0.0000185 0.0000182 0 0 0.0221033 0.0217259 0.0221033 0.0217259
53247 0.0000279 0.0000274 0 0 0.0320271 0.0315032 0.0320271 0.0315032
53248 0.0000042 0.0000041 0 0 0.0046306 0.0045570 0.0046306 0.0045570
53249 0.0000111 0.0000109 0 0 0.0122267 0.0120337 0.0122267 0.0120337
53282 0.0000048 0.0000047 0 0 0.0097631 0.0094877 0.0032543 0.0031625
53287 0.0000034 0.0000033 0 0 0.0058309 0.0056868 0.0058309 0.0056868
53289 0.0000153 0.0000150 0 0 0.0263989 0.0257963 0.0263989 0.0257963
53290 0.0000287 0.0000281 0 0 0.0433877 0.0424853 0.0433877 0.0424853
53291 0.0000131 0.0000129 0 0 0.0175756 0.0172399 0.0175756 0.0172399
53292 0.0000027 0.0000027 0 0 0.0036736 0.0036049 0.0036736 0.0036049
53293 0.0000342 0.0000336 0 0 0.0438438 0.0430593 0.0438438 0.0430593
53296 0.0000033 0.0000033 0 0 0.0039248 0.0038581 0.0039248 0.0038581
53297 0.0000287 0.0000282 0 0 0.0337999 0.0332421 0.0337999 0.0332421
53299 0.0000345 0.0000340 0 0 0.0375729 0.0369956 0.0375729 0.0369956
53300 0.0000174 0.0000172 0 0 0.0179913 0.0177258 0.0179913 0.0177258
53301 0.0000077 0.0000076 0 0 0.0077213 0.0076095 0.0077213 0.0076095
53304 0.0000290 0.0000282 0 0 0.0665085 0.0647116 0 0
53305 0.0000326 0.0000319 0 0 0.0514727 0.0503977 0.0514727 0.0503977
53306 0.0000230 0.0000225 0 0 0.0304093 0.0298493 0.0304093 0.0298493
53307 0.0000341 0.0000335 0 0 0.0406056 0.0399335 0.0406056 0.0399335
53308 0.0000155 0.0000153 0 0 0.0169996 0.0167348 0.0169996 0.0167348
53309 0.0000133 0.0000131 0 0 0.0140627 0.0138500 0.0140627 0.0138500
53310 0.0000153 0.0000151 0 0 0.0152100 0.0149932 0.0152100 0.0149932
53311 0.0000060 0.0000059 0 0 0.0057486 0.0056691 0.0057486 0.0056691
53312 0.0000241 0.0000237 0 0 0.0227828 0.0224754 0.0227828 0.0224754
53313 0.0000282 0.0000278 0 0 0.0258371 0.0254995 0.0258371 0.0254995
53314 0.0000325 0.0000320 0 0 0.0288524 0.0284862 0.0288524 0.0284862
53315 0.0000073 0.0000072 0 0 0.0063251 0.0062462 0.0063251 0.0062462
53329 0.0000032 0.0000031 0 0 0.0037227 0.0036056 0 0
53330 0.0000029 0.0000028 0 0 0.0033932 0.0032945 0 0
53331 0.0000055 0.0000053 0 0 0.0064105 0.0062338 0 0
53332 0.0000252 0.0000246 0 0 0.0294448 0.0287428 0 0
53333 0.0000322 0.0000316 0 0 0.0482591 0.0472623 0.0482591 0.0472623
53334 0.0000034 0.0000033 0 0 0.0045669 0.0044774 0.0045669 0.0044774
53335 0.0000043 0.0000042 0 0 0.0058555 0.0057421 0.0058555 0.0057421
53336 0.0000344 0.0000338 0 0 0.0449334 0.0441095 0.0449334 0.0441095
53337 0.0000145 0.0000142 0 0 0.0177268 0.0174160 0.0177268 0.0174160
53338 0.0000064 0.0000063 0 0 0.0078259 0.0076910 0.0078259 0.0076910
53339 0.0000315 0.0000310 0 0 0.0385164 0.0378739 0.0385164 0.0378739
53340 0.0000060 0.0000059 0 0 0.0066973 0.0065889 0.0066973 0.0065889
53341 0.0000347 0.0000341 0 0 0.0380177 0.0374278 0.0380177 0.0374278
53342 0.0000123 0.0000121 0 0 0.0128986 0.0127047 0.0128986 0.0127047
53343 0.0000115 0.0000113 0 0 0.0118061 0.0116321 0.0118061 0.0116321
53346 0.0000288 0.0000280 0 0 0.0329723 0.0320961 0 0
53347 0.0000336 0.0000329 0 0 0.0539072 0.0527326 0.0539072 0.0527326
53348 0.0000101 0.0000099 0 0 0.0143564 0.0140659 0.0143564 0.0140659
53349 0.0000100 0.0000098 0 0 0.0135871 0.0133237 0.0135871 0.0133237
53350 0.0000209 0.0000206 0 0 0.0262938 0.0258237 0.0262938 0.0258237
53364 0.0000066 0.0000064 0 0 0.0142541 0.0138288 0 0
53365 0.0000322 0.0000314 0 0 0.0619502 0.0604052 0.0619502 0.0604052
53366 0.0000202 0.0000197 0 0 0.0315369 0.0308481 0.0315369 0.0308481
53367 0.0000272 0.0000267 0 0 0.0395292 0.0387298 0.0395292 0.0387298
53368 0.0000343 0.0000337 0 0 0.0452027 0.0443703 0.0452027 0.0443703
53369 0.0000041 0.0000040 0 0 0.0050228 0.0049342 0.0050228 0.0049342
53370 0.0000255 0.0000251 0 0 0.0308350 0.0303071 0.0308350 0.0303071
53373 0.0000041 0.0000041 0 0 0.0046133 0.0045389 0.0046133 0.0045389
53374 0.0000028 0.0000028 0 0 0.0030736 0.0030252 0.0030736 0.0030252
53375 0.0000067 0.0000066 0 0 0.0073086 0.0071946 0.0073086 0.0071946
53376 0.0000199 0.0000196 0 0 0.0212252 0.0209013 0.0212252 0.0209013
53377 0.0000024 0.0000024 0 0 0.0025325 0.0024945 0.0025325 0.0024945
53378 0.0000073 0.0000071 0 0 0.0074751 0.0073640 0.0074751 0.0073640
53379 0.0000119 0.0000117 0 0 0.0121119 0.0119346 0.0121119 0.0119346
53383 0.0000248 0.0000241 0 0 0.0541654 0.0526542 0 0
53385 0.0000334 0.0000327 0 0 0.0571586 0.0558399 0.0571586 0.0558399
53386 0.0000258 0.0000253 0 0 0.0383781 0.0375815 0.0383781 0.0375815
53387 0.0000342 0.0000336 0 0 0.0463314 0.0454560 0.0463314 0.0454560
53388 0.0000338 0.0000332 0 0 0.0424192 0.0416710 0.0424192 0.0416710
53389 0.0000172 0.0000169 0 0 0.0202895 0.0199484 0.0202895 0.0199484
53390 0.0000061 0.0000060 0 0 0.0069765 0.0068617 0.0069765 0.0068617
53391 0.0000310 0.0000306 0 0 0.0348053 0.0342530 0.0348053 0.0342530
53392 0.0000136 0.0000134 0 0 0.0144584 0.0142374 0.0144584 0.0142374
53393 0.0000331 0.0000326 0 0 0.0345857 0.0340732 0.0345857 0.0340732
53394 0.0000084 0.0000082 0 0 0.0083842 0.0082632 0.0083842 0.0082632
53397 0.0000345 0.0000340 0 0 0.0337409 0.0332747 0.0337409 0.0332747
53398 0.0000182 0.0000179 0 0 0.0170119 0.0167840 0.0170119 0.0167840
53403 0.0000314 0.0000306 0 0 0.0642850 0.0626161 0.0642850 0.0626161
53404 0.0000338 0.0000330 0 0 0.0546712 0.0534623 0.0546712 0.0534623
53405 0.0000362 0.0000354 0 0 0.0520716 0.0510317 0.0520716 0.0510317
53406 0.0000048 0.0000047 0 0 0.0061792 0.0060639 0.0061792 0.0060639
53407 0.0000344 0.0000338 0 0 0.0440032 0.0432137 0.0440032 0.0432137
53408 0.0000297 0.0000292 0 0 0.0356841 0.0350781 0.0356841 0.0350781
53409 0.0000084 0.0000082 0 0 0.0095799 0.0094222 0.0095799 0.0094222
53410 0.0000307 0.0000302 0 0 0.0341529 0.0336132 0.0341529 0.0336132
53411 0.0000114 0.0000112 0 0 0.0121359 0.0119503 0.0121359 0.0119503
53423 0.0000303 0.0000296 0 0 0.0618864 0.0603361 0.0309432 0.0301680
53424 0.0000057 0.0000056 0 0 0.0088370 0.0086392 0.0088370 0.0086392
53425 0.0000030 0.0000029 0 0 0.0045295 0.0044303 0.0045295 0.0044303
53426 0.0000339 0.0000332 0 0 0.0503525 0.0493232 0.0503525 0.0493232
53427 0.0000039 0.0000038 0 0 0.0050873 0.0049905 0.0050873 0.0049905
53428 0.0000337 0.0000331 0 0 0.0433539 0.0425723 0.0433539 0.0425723
53429 0.0000167 0.0000164 0 0 0.0198612 0.0195230 0.0198612 0.0195230
53435 0.0000204 0.0000201 0 0 0.0229232 0.0225563 0.0229232 0.0225563
53436 0.0000040 0.0000039 0 0 0.0042852 0.0042187 0.0042852 0.0042187
53450 0.0000424 0.0000415 0 0 0.0666433 0.0652033 0.0666433 0.0652033
53451 0.0000129 0.0000126 0 0 0.0178387 0.0174863 0.0178387 0.0174863
53452 0.0000294 0.0000289 0 0 0.0393881 0.0386442 0.0393881 0.0386442
53453 0.0000235 0.0000230 0 0 0.0299282 0.0293849 0.0299282 0.0293849
53454 0.0000101 0.0000099 0 0 0.0123490 0.0121321 0.0123490 0.0121321
53455 0.0000110 0.0000108 0 0 0.0131661 0.0129386 0.0131661 0.0129386
53456 0.0000348 0.0000342 0 0 0.0406370 0.0399650 0.0406370 0.0399650
53457 0.0000292 0.0000287 0 0 0.0325972 0.0320791 0.0325972 0.0320791
53464 0.0000325 0.0000317 0 0 0.0619360 0.0603876 0.0619360 0.0603876
53465 0.0000120 0.0000118 0 0 0.0189329 0.0185110 0.0189329 0.0185110
53466 0.0000322 0.0000315 0 0 0.0482990 0.0472968 0.0482990 0.0472968
53467 0.0000030 0.0000029 0 0 0.0040853 0.0040047 0.0040853 0.0040047
53468 0.0000337 0.0000331 0 0 0.0455918 0.0447452 0.0455918 0.0447452
53469 0.0000080 0.0000078 0 0 0.0098530 0.0096779 0.0098530 0.0096779
53470 0.0000295 0.0000290 0 0 0.0348996 0.0343145 0.0348996 0.0343145
53471 0.0000059 0.0000058 0 0 0.0067023 0.0065931 0.0067023 0.0065931
53472 0.0000345 0.0000340 0 0 0.0381350 0.0375395 0.0381350 0.0375395
53473 0.0000136 0.0000134 0 0 0.0143051 0.0140899 0.0143051 0.0140899
53474 0.0000069 0.0000068 0 0 0.0070986 0.0069933 0.0070986 0.0069933
53475 0.0000033 0.0000033 0 0 0.0034069 0.0033568 0.0034069 0.0033568
53482 0.0000236 0.0000230 0 0 0.0435026 0.0424300 0.0435026 0.0424300
53483 0.0000217 0.0000212 0 0 0.0341125 0.0333682 0.0341125 0.0333682
53488 0.0000068 0.0000067 0 0 0.0094572 0.0092700 0.0094572 0.0092700
53489 0.0000076 0.0000074 0 0 0.0105241 0.0103199 0.0105241 0.0103199
53490 0.0000342 0.0000336 0 0 0.0445200 0.0437098 0.0445200 0.0437098
53491 0.0000304 0.0000299 0 0 0.0368376 0.0362076 0.0368376 0.0362076
53492 0.0000108 0.0000106 0 0 0.0124041 0.0121996 0.0124041 0.0121996
53493 0.0000240 0.0000237 0 0 0.0260301 0.0256284 0.0260301 0.0256284
53494 0.0000086 0.0000085 0 0 0.0090020 0.0088663 0.0090020 0.0088663
53505 0.0000090 0.0000087 0 0 0.0191680 0.0186116 0.0191680 0.0186116
53510 0.0000333 0.0000325 0 0 0.0588164 0.0574385 0.0588164 0.0574385
53511 0.0000170 0.0000166 0 0 0.0249995 0.0244811 0.0249995 0.0244811
53512 0.0000223 0.0000219 0 0 0.0310767 0.0304693 0.0310767 0.0304693
53513 0.0000126 0.0000124 0 0 0.0164648 0.0161638 0.0164648 0.0161638
53514 0.0000166 0.0000163 0 0 0.0204829 0.0201219 0.0204829 0.0201219
53515 0.0000343 0.0000337 0 0 0.0408221 0.0401403 0.0408221 0.0401403
53516 0.0000158 0.0000155 0 0 0.0176468 0.0173651 0.0176468 0.0173651
53517 0.0000046 0.0000045 0 0 0.0049141 0.0048381 0.0049141 0.0048381
53518 0.0000108 0.0000107 0 0 0.0115058 0.0113305 0.0115058 0.0113305
53519 0.0000166 0.0000164 0 0 0.0168072 0.0165639 0.0168072 0.0165639
53520 0.0000029 0.0000029 0 0 0.0028696 0.0028287 0.0028696 0.0028287
53530 0.0000298 0.0000292 0 0 0.0528017 0.0516646 0.0528017 0.0516646
53531 0.0000208 0.0000204 0 0 0.0272014 0.0267084 0.0272014 0.0267084
53532 0.0000118 0.0000116 0 0 0.0141579 0.0139172 0.0141579 0.0139172
53533 0.0000114 0.0000113 0 0 0.0131725 0.0129569 0.0131725 0.0129569
53534 0.0000072 0.0000071 0 0 0.0076908 0.0075733 0.0076908 0.0075733
53536 0.0000340 0.0000336 0 0 0.0328414 0.0323981 0.0328414 0.0323981
53537 0.0000177 0.0000174 0 0 0.0158587 0.0156558 0.0158587 0.0156558
53538 0.0000149 0.0000147 0 0 0.0135434 0.0133656 0.0135434 0.0133656
53539 0.0000181 0.0000178 0 0 0.0162185 0.0160103 0.0162185 0.0160103
53540 0.0000265 0.0000261 0 0 0.0231714 0.0228827 0.0231714 0.0228827
53547 0.0000061 0.0000059 0 0 0.0108107 0.0105410 0.0108107 0.0105410
53550 0.0000339 0.0000332 0 0 0.0499794 0.0489662 0.0499794 0.0489662
53551 0.0000207 0.0000203 0 0 0.0275115 0.0269923 0.0275115 0.0269923
53552 0.0000118 0.0000116 0 0 0.0157437 0.0154408 0.0157437 0.0154408
53553 0.0000118 0.0000116 0 0 0.0155211 0.0152273 0.0155211 0.0152273
53554 0.0000198 0.0000194 0 0 0.0255734 0.0251022 0.0255734 0.0251022
53555 0.0000063 0.0000062 0 0 0.0078980 0.0077558 0.0078980 0.0077558
53556 0.0000306 0.0000301 0 0 0.0377948 0.0371334 0.0377948 0.0371334
53557 0.0000068 0.0000067 0 0 0.0080671 0.0079302 0.0080671 0.0079302
53558 0.0000346 0.0000340 0 0 0.0398406 0.0391900 0.0398406 0.0391900
53559 0.0000100 0.0000099 0 0 0.0115681 0.0113842 0.0115681 0.0113842
53571 0.0000222 0.0000216 0 0 0.0437600 0.0426367 0.0145867 0.0142122
53578 0.0000303 0.0000295 0 0 0.0653961 0.0636605 0 0
53579 0.0000333 0.0000326 0 0 0.0537830 0.0526064 0.0537830 0.0526064
53580 0.0000230 0.0000226 0 0 0.0324265 0.0317879 0.0324265 0.0317879
53581 0.0000322 0.0000316 0 0 0.0416765 0.0409243 0.0416765 0.0409243
53582 0.0000344 0.0000338 0 0 0.0414009 0.0407010 0.0414009 0.0407010
53583 0.0000051 0.0000050 0 0 0.0057794 0.0056854 0.0057794 0.0056854
53585 0.0000038 0.0000038 0 0 0.0040229 0.0039618 0.0040229 0.0039618
53586 0.0000346 0.0000340 0 0 0.0362141 0.0356770 0.0362141 0.0356770
53587 0.0000068 0.0000067 0 0 0.0068662 0.0067668 0.0068662 0.0067668
53590 0.0000044 0.0000043 0 0 0.0087743 0.0085358 0.0043871 0.0042679
53592 0.0000229 0.0000224 0 0 0.0451077 0.0441271 0.0225539 0.0220635
53593 0.0000105 0.0000103 0 0 0.0147019 0.0144097 0.0147019 0.0144097
53594 0.0000130 0.0000127 0 0 0.0181292 0.0177988 0.0181292 0.0177988
53595 0.0000344 0.0000338 0 0 0.0418091 0.0410967 0.0418091 0.0410967
53596 0.0000340 0.0000334 0 0 0.0386375 0.0380188 0.0386375 0.0380188
53600 0.0000138 0.0000136 0 0 0.0148007 0.0145765 0.0148007 0.0145765
53601 0.0000341 0.0000336 0 0 0.0348054 0.0343003 0.0348054 0.0343003
53603 0.0000195 0.0000192 0 0 0.0190384 0.0187721 0.0190384 0.0187721
53616 0.0000036 0.0000036 0 0 0.0053932 0.0052920 0.0053932 0.0052920
53617 0.0000043 0.0000042 0 0 0.0053678 0.0052699 0.0053678 0.0052699
53618 0.0000102 0.0000100 0 0 0.0128307 0.0126022 0.0128307 0.0126022
53619 0.0000191 0.0000188 0 0 0.0228636 0.0224740 0.0228636 0.0224740
53620 0.0000329 0.0000324 0 0 0.0394726 0.0388365 0.0394726 0.0388365
53622 0.0000042 0.0000041 0 0 0.0045567 0.0044860 0.0045567 0.0044860
53623 0.0000133 0.0000131 0 0 0.0144471 0.0142265 0.0144471 0.0142265
53624 0.0000291 0.0000286 0 0 0.0299523 0.0295142 0.0299523 0.0295142
53625 0.0000106 0.0000104 0 0 0.0103671 0.0102210 0.0103671 0.0102210
53630 0.0000188 0.0000183 0 0 0.0418316 0.0405854 0 0
53631 0.0000122 0.0000118 0 0 0.0224485 0.0218603 0.0224485 0.0218603
53632 0.0000145 0.0000141 0 0 0.0249799 0.0243677 0.0249799 0.0243677
53634 0.0000075 0.0000073 0 0 0.0123159 0.0120257 0.0123159 0.0120257
53636 0.0000081 0.0000079 0 0 0.0128835 0.0125904 0.0128835 0.0125904
53637 0.0000114 0.0000111 0 0 0.0173906 0.0170098 0.0173906 0.0170098
53638 0.0000122 0.0000119 0 0 0.0180816 0.0176955 0.0180816 0.0176955
53639 0.0000221 0.0000216 0 0 0.0310494 0.0304250 0.0310494 0.0304250
53640 0.0000242 0.0000237 0 0 0.0328338 0.0321983 0.0328338 0.0321983
53646 0.0000085 0.0000082 0 0 0.0189326 0.0183485 0 0
53647 0.0000127 0.0000124 0 0 0.0258409 0.0251061 0.0086136 0.0083687
53648 0.0000340 0.0000331 0 0 0.0636410 0.0620099 0.0636410 0.0620099
53649 0.0000097 0.0000094 0 0 0.0162513 0.0158602 0.0162513 0.0158602
53650 0.0000105 0.0000103 0 0 0.0172139 0.0168096 0.0172139 0.0168096
53651 0.0000043 0.0000042 0 0 0.0070768 0.0069134 0.0070768 0.0069134
53652 0.0000320 0.0000313 0 0 0.0499056 0.0488037 0.0499056 0.0488037
53667 0.0000134 0.0000131 0 0 0.0190192 0.0186331 0.0190192 0.0186331
53668 0.0000299 0.0000293 0 0 0.0424226 0.0415926 0.0424226 0.0415926
53669 0.0000078 0.0000076 0 0 0.0102238 0.0100304 0.0102238 0.0100304
53670 0.0000041 0.0000040 0 0 0.0051572 0.0050627 0.0051572 0.0050627
53671 0.0000136 0.0000133 0 0 0.0165242 0.0162352 0.0165242 0.0162352
53672 0.0000112 0.0000110 0 0 0.0133129 0.0130847 0.0133129 0.0130847
53673 0.0000031 0.0000030 0 0 0.0035781 0.0035179 0.0035781 0.0035179
53680 0.0000318 0.0000309 0 0 0.0692799 0.0673531 0 0
53681 0.0000340 0.0000331 0 0 0.0588432 0.0574467 0.0588432 0.0574467
53685 0.0000093 0.0000091 0 0 0.0138088 0.0135134 0.0138088 0.0135134
53686 0.0000236 0.0000231 0 0 0.0338617 0.0331730 0.0338617 0.0331730
53705 0.0000286 0.0000278 0 0 0.0719193 0.0698178 0 0
53706 0.0000025 0.0000025 0 0 0.0063626 0.0062026 0 0
53707 0.0000333 0.0000325 0 0 0.0569443 0.0556381 0.0569443 0.0556381
53708 0.0000051 0.0000050 0 0 0.0075285 0.0073699 0.0075285 0.0073699
53709 0.0000132 0.0000129 0 0 0.0193106 0.0189170 0.0193106 0.0189170
53710 0.0000344 0.0000338 0 0 0.0463231 0.0454569 0.0463231 0.0454569
53711 0.0000039 0.0000038 0 0 0.0048112 0.0047257 0.0048112 0.0047257
53712 0.0000341 0.0000335 0 0 0.0420568 0.0413378 0.0420568 0.0413378
53713 0.0000142 0.0000140 0 0 0.0162730 0.0160059 0.0162730 0.0160059
53714 0.0000146 0.0000144 0 0 0.0161301 0.0158725 0.0161301 0.0158725
53716 0.0000064 0.0000063 0 0 0.0069535 0.0068450 0.0069535 0.0068450
53717 0.0000295 0.0000291 0 0 0.0321182 0.0316288 0.0321182 0.0316288
53719 0.0000126 0.0000125 0 0 0.0137454 0.0135423 0.0137454 0.0135423
53720 0.0000037 0.0000036 0 0 0.0037126 0.0036585 0.0037126 0.0036585
53722 0.0000186 0.0000183 0 0 0.0185640 0.0182980 0.0185640 0.0182980
53723 0.0000068 0.0000067 0 0 0.0066303 0.0065367 0.0066303 0.0065367
53724 0.0000262 0.0000259 0 0 0.0256734 0.0253208 0.0256734 0.0253208
53735 0.0000311 0.0000303 0 0 0.0694617 0.0675008 0 0
53736 0.0000343 0.0000334 0 0 0.0612782 0.0597665 0.0612782 0.0597665
53737 0.0000122 0.0000119 0 0 0.0198269 0.0193672 0.0198269 0.0193672
53738 0.0000346 0.0000339 0 0 0.0533424 0.0521925 0.0533424 0.0521925
53739 0.0000347 0.0000340 0 0 0.0498603 0.0488516 0.0498603 0.0488516
53740 0.0000189 0.0000185 0 0 0.0255798 0.0250836 0.0255798 0.0250836
53741 0.0000032 0.0000032 0 0 0.0042282 0.0041486 0.0042282 0.0041486
53742 0.0000033 0.0000032 0 0 0.0042546 0.0041749 0.0042546 0.0041749
53743 0.0000249 0.0000244 0 0 0.0320443 0.0314555 0.0320443 0.0314555
53744 0.0000307 0.0000302 0 0 0.0383726 0.0376906 0.0383726 0.0376906
53752 0.0000305 0.0000296 0 0 0.0732581 0.0710965 0 0
53753 0.0000158 0.0000154 0 0 0.0291766 0.0284185 0.0291766 0.0284185
53754 0.0000225 0.0000219 0 0 0.0413596 0.0403501 0.0413596 0.0403501
53755 0.0000203 0.0000198 0 0 0.0329493 0.0321903 0.0329493 0.0321903
53756 0.0000172 0.0000168 0 0 0.0262938 0.0257194 0.0262938 0.0257194
53757 0.0000104 0.0000102 0 0 0.0153742 0.0150478 0.0153742 0.0150478
53758 0.0000342 0.0000335 0 0 0.0505338 0.0495018 0.0505338 0.0495018
53759 0.0000315 0.0000309 0 0 0.0431563 0.0423169 0.0431563 0.0423169
53761 0.0000261 0.0000256 0 0 0.0325835 0.0320015 0.0325835 0.0320015
53768 0.0000121 0.0000117 0 0 0.0276487 0.0267875 0 0
53769 0.0000321 0.0000312 0 0 0.0657433 0.0639235 0.0657433 0.0639235
53770 0.0000188 0.0000183 0 0 0.0337300 0.0328760 0.0337300 0.0328760
53771 0.0000346 0.0000338 0 0 0.0586127 0.0572262 0.0586127 0.0572262
53772 0.0000349 0.0000341 0 0 0.0539492 0.0527748 0.0539492 0.0527748
53773 0.0000200 0.0000196 0 0 0.0290950 0.0284910 0.0290950 0.0284910
53774 0.0000349 0.0000342 0 0 0.0487082 0.0477448 0.0487082 0.0477448
53775 0.0000147 0.0000145 0 0 0.0194085 0.0190414 0.0194085 0.0190414
53776 0.0000057 0.0000055 0 0 0.0072577 0.0071233 0.0072577 0.0071233
53780 0.0000263 0.0000255 0 0 0.0651361 0.0630554 0 0
53781 0.0000341 0.0000331 0 0 0.0684838 0.0666048 0.0342418 0.0333023
53782 0.0000293 0.0000286 0 0 0.0521134 0.0508151 0.0521134 0.0508151
53783 0.0000150 0.0000147 0 0 0.0245339 0.0239606 0.0245339 0.0239606
53784 0.0000338 0.0000331 0 0 0.0552831 0.0540498 0.0552831 0.0540498
53785 0.0000028 0.0000027 0 0 0.0041188 0.0040299 0.0041188 0.0040299
53786 0.0000348 0.0000340 0 0 0.0518815 0.0507926 0.0518815 0.0507926
53787 0.0000062 0.0000061 0 0 0.0087291 0.0085508 0.0087291 0.0085508
53788 0.0000109 0.0000107 0 0 0.0154201 0.0151139 0.0154201 0.0151139
53789 0.0000038 0.0000037 0 0 0.0053253 0.0052207 0.0053253 0.0052207
53790 0.0000054 0.0000053 0 0 0.0076709 0.0075213 0.0076709 0.0075213
53791 0.0000379 0.0000372 0 0 0.0507306 0.0497665 0.0507306 0.0497665
53793 0.0000079 0.0000078 0 0 0.0105796 0.0103841 0.0105796 0.0103841
53794 0.0000275 0.0000270 0 0 0.0367784 0.0361124 0.0367784 0.0361124
53795 0.0000153 0.0000150 0 0 0.0187298 0.0183986 0.0187298 0.0183986
53827 0.0000323 0.0000313 0 0 0.0816259 0.0789644 0 0
53828 0.0000343 0.0000333 0 0 0.0703685 0.0683790 0.0703685 0.0683790
53829 0.0000347 0.0000338 0 0 0.0641510 0.0624953 0.0641510 0.0624953
53830 0.0000307 0.0000299 0 0 0.0516676 0.0504349 0.0516676 0.0504349
53831 0.0000139 0.0000136 0 0 0.0221908 0.0216804 0.0221908 0.0216804
53832 0.0000344 0.0000336 0 0 0.0550329 0.0538107 0.0550329 0.0538107
53833 0.0000038 0.0000037 0 0 0.0056265 0.0055049 0.0056265 0.0055049
53834 0.0000344 0.0000337 0 0 0.0514204 0.0503508 0.0514204 0.0503508
53835 0.0000042 0.0000041 0 0 0.0063171 0.0061889 0.0063171 0.0061889
53836 0.0000158 0.0000155 0 0 0.0236528 0.0231790 0.0236528 0.0231790
53852 0.0000162 0.0000157 0 0 0.0383189 0.0371330 0 0
53853 0.0000098 0.0000095 0 0 0.0197612 0.0191986 0.0197612 0.0191986
53854 0.0000344 0.0000335 0 0 0.0659342 0.0641878 0.0659342 0.0641878
53855 0.0000248 0.0000242 0 0 0.0430108 0.0419545 0.0430108 0.0419545
53856 0.0000096 0.0000094 0 0 0.0156311 0.0152657 0.0156311 0.0152657
53857 0.0000078 0.0000077 0 0 0.0127514 0.0124599 0.0127514 0.0124599
53860 0.0000344 0.0000336 0 0 0.0529385 0.0518055 0.0529385 0.0518055
53861 0.0000206 0.0000202 0 0 0.0295890 0.0289798 0.0295890 0.0289798
53862 0.0000351 0.0000344 0 0 0.0486631 0.0477039 0.0486631 0.0477039
53864 0.0000209 0.0000205 0 0 0.0278133 0.0272837 0.0278133 0.0272837
RN   Bit10Corr  Bit10UC   Bit18Corr  Bit18UC   Bit22Corr  Bit22UC (units pb^-1)UC   Bit30Corr  Bit30UC (units pb^-1)

Totals: 0.07536 0.07139 46.89305 43.68835 66.60343 62.96845 61.89380 58.39534 pb^-1
(int) 0
