runnumber,scaledown00,scaledown01,scaledown02,scaledown03,scaledown04,scaledown05,scaledown06,scaledown07,scaledown08,scaledown09,scaledown10,scaledown11,scaledown12,scaledown13,scaledown14,scaledown15,scaledown16,scaledown17,scaledown18,scaledown19,scaledown20,scaledown21,scaledown22,scaledown23,scaledown24,scaledown25,scaledown26,scaledown27,scaledown28,scaledown29,scaledown30,scaledown31,scaledown32,scaledown33,scaledown34,scaledown35,scaledown36,scaledown37,scaledown38,scaledown39,scaledown40,scaledown41,scaledown42,scaledown43,scaledown44,scaledown45,scaledown46,scaledown47,scaledown48,scaledown49,scaledown50,scaledown51,scaledown52,scaledown53,scaledown54,scaledown55,scaledown56,scaledown57,scaledown58,scaledown59,scaledown60,scaledown61,scaledown62,scaledown63
47289,-1,-1,-1,-1,-1,-1,-1,-1,-1,-1,417,-1,-1,-1,-1,-1,1,0,0,0,-1,0,0,0,-1,1,0,0,-1,1,0,0,-1,-1,-1,-1,-1,-1,-1,-1,-1,-1,-1,-1,-1,-1,-1,-1,-1,-1,-1,-1,-1,-1,-1,-1,-1,-1,-1,-1,-1,-1,-1,-1
47291,-1,-1,-1,-1,-1,-1,-1,-1,-1,-1,417,-1,-1,-1,-1,-1,1,0,0,0,-1,0,0,0,-1,1,0,0,-1,1,0,0,-1,-1,-1,-1,-1,-1,-1,-1,-1,-1,-1,-1,-1,-1,-1,-1,-1,-1,-1,-1,-1,-1,-1,-1,-1,-1,-1,-1,-1,-1,-1,-1
47293,-1,-1,-1,-1,-1,-1,-1,-1,-1,-1,417,-1,-1,-1,-1,-1,1,0,0,0,-1,0,0,0,-1,1,0,0,-1,1,0,0,-1,-1,-1,-1,-1,-1,-1,-1,-1,-1,-1,-1,-1,-1,-1,-1,-1,-1,-1,-1,-1,-1,-1,-1,-1,-1,-1,-1,-1,-1,-1,-1
47306,-1,-1,-1,79,-1,-1,-1,-1,-1,-1,362,-1,-1,-1,-1,-1,-1,0,0,0,-1,0,0,0,-1,0,0,0,-1,1,0,0,-1,-1,-1,-1,-1,-1,-1,-1,-1,-1,-1,-1,-1,-1,-1,-1,-1,-1,-1,-1,-1,-1,-1,-1,-1,-1,-1,-1,-1,-1,-1,-1
47310,-1,-1,-1,75,-1,-1,-1,-1,-1,-1,349,-1,-1,-1,-1,-1,-1,0,0,0,-1,0,0,0,-1,1,0,0,-1,1,0,0,-1,-1,-1,-1,-1,-1,-1,-1,-1,-1,-1,-1,-1,-1,-1,-1,-1,-1,-1,-1,-1,-1,-1,-1,-1,-1,-1,-1,-1,-1,-1,-1
47313,-1,-1,-1,64,-1,-1,-1,-1,-1,-1,316,-1,-1,-1,-1,-1,-1,0,0,0,-1,0,0,0,-1,0,0,0,-1,0,0,0,-1,-1,-1,-1,-1,-1,-1,-1,-1,-1,-1,-1,-1,-1,-1,-1,-1,-1,-1,-1,-1,-1,-1,-1,-1,-1,-1,-1,-1,-1,-1,-1
47314,-1,-1,-1,59,-1,-1,-1,-1,-1,-1,295,-1,-1,-1,-1,-1,-1,0,0,0,-1,0,0,0,-1,0,0,0,-1,0,0,0,-1,-1,-1,-1,-1,-1,-1,-1,-1,-1,-1,-1,-1,-1,-1,-1,-1,-1,-1,-1,-1,-1,-1,-1,-1,-1,-1,-1,-1,-1,-1,-1
47315,-1,-1,-1,56,-1,-1,-1,-1,-1,-1,200,-1,-1,-1,-1,-1,-1,0,0,0,-1,0,0,0,-1,0,0,0,-1,0,0,0,-1,-1,-1,-1,-1,-1,-1,-1,-1,-1,-1,-1,-1,-1,-1,-1,-1,-1,-1,-1,-1,-1,-1,-1,-1,-1,-1,-1,-1,-1,-1,-1
47316,-1,-1,-1,54,-1,-1,-1,-1,-1,-1,150,-1,-1,-1,-1,-1,-1,0,0,0,-1,0,0,0,-1,0,0,0,-1,0,0,0,-1,-1,-1,-1,-1,-1,-1,-1,-1,-1,-1,-1,-1,-1,-1,-1,-1,-1,-1,-1,-1,-1,-1,-1,-1,-1,-1,-1,-1,-1,-1,-1
47333,-1,-1,-1,68,-1,-1,-1,-1,-1,-1,326,-1,-1,-1,-1,-1,-1,0,0,0,-1,0,0,0,-1,0,0,0,-1,0,0,0,-1,-1,-1,-1,-1,-1,-1,-1,-1,-1,-1,-1,-1,-1,-1,-1,-1,-1,-1,-1,-1,-1,-1,-1,-1,-1,-1,-1,-1,-1,-1,-1
47334,-1,-1,-1,68,-1,-1,-1,-1,-1,-1,326,-1,-1,-1,-1,-1,-1,0,0,0,-1,0,0,0,-1,0,0,0,-1,0,0,0,-1,-1,-1,-1,-1,-1,-1,-1,-1,-1,-1,-1,-1,-1,-1,-1,-1,-1,-1,-1,-1,-1,-1,-1,-1,-1,-1,-1,-1,-1,-1,-1
47352,-1,-1,-1,54,-1,-1,-1,-1,-1,-1,130,-1,-1,-1,-1,-1,-1,0,0,0,-1,0,0,0,-1,0,0,0,-1,0,0,0,-1,-1,-1,-1,-1,-1,-1,-1,-1,-1,-1,-1,-1,-1,-1,-1,-1,-1,-1,-1,-1,-1,-1,-1,-1,-1,-1,-1,-1,-1,-1,-1
47357,-1,-1,-1,54,-1,-1,-1,-1,-1,-1,130,-1,-1,-1,-1,-1,-1,0,0,0,-1,0,0,0,-1,0,0,0,-1,0,0,0,-1,-1,-1,-1,-1,-1,-1,-1,-1,-1,-1,-1,-1,-1,-1,-1,-1,-1,-1,-1,-1,-1,-1,-1,-1,-1,-1,-1,-1,-1,-1,-1
47360,-1,-1,-1,49,-1,-1,-1,-1,-1,-1,114,-1,-1,-1,-1,-1,-1,0,0,0,-1,0,0,0,-1,0,0,0,-1,0,0,0,-1,-1,-1,-1,-1,-1,-1,-1,-1,-1,-1,-1,-1,-1,-1,-1,-1,-1,-1,-1,-1,-1,-1,-1,-1,-1,-1,-1,-1,-1,-1,-1
47363,-1,-1,-1,45,-1,-1,-1,-1,-1,-1,103,-1,-1,-1,-1,-1,-1,0,0,0,-1,0,0,0,-1,0,0,0,-1,0,0,0,-1,-1,-1,-1,-1,-1,-1,-1,-1,-1,-1,-1,-1,-1,-1,-1,-1,-1,-1,-1,-1,-1,-1,-1,-1,-1,-1,-1,-1,-1,-1,-1
47376,-1,-1,-1,69,-1,-1,-1,-1,-1,-1,188,-1,-1,-1,-1,-1,-1,0,0,0,-1,0,0,0,-1,0,0,0,-1,0,0,0,-1,-1,-1,-1,-1,-1,-1,-1,-1,-1,-1,-1,-1,-1,-1,-1,-1,-1,-1,-1,-1,-1,-1,-1,-1,-1,-1,-1,-1,-1,-1,-1
47377,93831,-1,-1,31,-1,-1,-1,-1,-1,-1,163,-1,-1,-1,-1,-1,-1,0,0,0,-1,0,0,0,-1,0,0,0,-1,0,0,0,-1,-1,-1,-1,-1,-1,-1,-1,-1,-1,-1,-1,-1,-1,-1,-1,-1,-1,-1,-1,-1,-1,-1,-1,-1,-1,-1,-1,-1,-1,-1,-1
47378,93831,-1,-1,29,-1,-1,-1,-1,-1,-1,153,-1,-1,-1,-1,-1,-1,0,0,0,-1,0,0,0,-1,0,0,0,-1,0,0,0,-1,-1,-1,-1,-1,-1,-1,-1,-1,-1,-1,-1,-1,-1,-1,-1,-1,-1,-1,-1,-1,-1,-1,-1,-1,-1,-1,-1,-1,-1,-1,-1
47379,93831,-1,-1,27,-1,-1,-1,-1,-1,-1,131,-1,-1,-1,-1,-1,-1,0,0,0,-1,0,0,0,-1,0,0,0,-1,0,0,0,-1,-1,-1,-1,-1,-1,-1,-1,-1,-1,-1,-1,-1,-1,-1,-1,-1,-1,-1,-1,-1,-1,-1,-1,-1,-1,-1,-1,-1,-1,-1,-1
47380,93831,-1,-1,26,-1,-1,-1,-1,-1,-1,127,-1,-1,-1,-1,-1,-1,0,0,0,-1,0,0,0,-1,0,0,0,-1,0,0,0,-1,-1,-1,-1,-1,-1,-1,-1,-1,-1,-1,-1,-1,-1,-1,-1,-1,-1,-1,-1,-1,-1,-1,-1,-1,-1,-1,-1,-1,-1,-1,-1
47381,93831,-1,-1,26,-1,-1,-1,-1,-1,-1,125,-1,-1,-1,-1,-1,-1,0,0,0,-1,0,0,0,-1,0,0,0,-1,0,0,0,-1,-1,-1,-1,-1,-1,-1,-1,-1,-1,-1,-1,-1,-1,-1,-1,-1,-1,-1,-1,-1,-1,-1,-1,-1,-1,-1,-1,-1,-1,-1,-1
47382,93831,-1,-1,25,-1,-1,-1,-1,-1,-1,118,-1,-1,-1,-1,-1,-1,0,0,0,-1,0,0,0,-1,0,0,0,-1,0,0,0,-1,-1,-1,-1,-1,-1,-1,-1,-1,-1,-1,-1,-1,-1,-1,-1,-1,-1,-1,-1,-1,-1,-1,-1,-1,-1,-1,-1,-1,-1,-1,-1
47391,93831,-1,-1,37,-1,-1,-1,-1,-1,-1,155,-1,-1,-1,-1,-1,-1,0,0,0,-1,0,0,0,-1,1,0,0,-1,1,0,0,-1,-1,-1,-1,-1,-1,-1,-1,-1,-1,-1,-1,-1,-1,-1,-1,-1,-1,-1,-1,-1,-1,-1,-1,-1,-1,-1,-1,-1,-1,-1,-1
47393,93831,-1,-1,33,-1,-1,-1,-1,-1,-1,183,-1,-1,-1,-1,-1,-1,0,0,0,-1,0,0,0,-1,0,0,0,-1,0,0,0,-1,-1,-1,-1,-1,-1,-1,-1,-1,-1,-1,-1,-1,-1,-1,-1,-1,-1,-1,-1,-1,-1,-1,-1,-1,-1,-1,-1,-1,-1,-1,-1
47394,93831,-1,-1,33,-1,-1,-1,-1,-1,-1,183,-1,-1,-1,-1,-1,-1,0,0,0,-1,0,0,0,-1,0,0,0,-1,0,0,0,-1,-1,-1,-1,-1,-1,-1,-1,-1,-1,-1,-1,-1,-1,-1,-1,-1,-1,-1,-1,-1,-1,-1,-1,-1,-1,-1,-1,-1,-1,-1,-1
47395,93831,-1,-1,32,-1,-1,-1,-1,-1,-1,168,-1,-1,-1,-1,-1,-1,0,0,0,-1,0,0,0,-1,0,0,0,-1,0,0,0,-1,-1,-1,-1,-1,-1,-1,-1,-1,-1,-1,-1,-1,-1,-1,-1,-1,-1,-1,-1,-1,-1,-1,-1,-1,-1,-1,-1,-1,-1,-1,-1
47396,93831,-1,-1,32,-1,-1,-1,-1,-1,-1,168,-1,-1,-1,-1,-1,-1,0,0,0,-1,0,0,0,-1,0,0,0,-1,0,0,0,-1,-1,-1,-1,-1,-1,-1,-1,-1,-1,-1,-1,-1,-1,-1,-1,-1,-1,-1,-1,-1,-1,-1,-1,-1,-1,-1,-1,-1,-1,-1,-1
47440,93831,-1,-1,39,-1,-1,-1,-1,-1,-1,161,-1,-1,-1,-1,-1,-1,0,0,0,-1,0,0,0,-1,1,0,0,-1,1,0,0,-1,-1,-1,-1,-1,-1,-1,-1,-1,-1,-1,-1,-1,-1,-1,-1,-1,-1,-1,-1,-1,-1,-1,-1,-1,-1,-1,-1,-1,-1,-1,-1
47454,93831,-1,-1,44,-1,-1,-1,-1,-1,-1,220,-1,-1,-1,-1,-1,-1,0,0,0,-1,0,0,0,-1,1,0,0,-1,1,0,0,-1,-1,-1,-1,-1,-1,-1,-1,-1,-1,-1,-1,-1,-1,-1,-1,-1,-1,-1,-1,-1,-1,-1,-1,-1,-1,-1,-1,-1,-1,-1,-1
47457,93831,-1,-1,31,-1,-1,-1,-1,-1,-1,155,-1,-1,-1,-1,-1,-1,0,0,0,-1,0,0,0,-1,0,0,0,-1,0,0,0,-1,-1,-1,-1,-1,-1,-1,-1,-1,-1,-1,-1,-1,-1,-1,-1,-1,-1,-1,-1,-1,-1,-1,-1,-1,-1,-1,-1,-1,-1,-1,-1
47458,93831,-1,-1,31,-1,-1,-1,-1,-1,-1,155,-1,-1,-1,-1,-1,-1,0,0,0,-1,0,0,0,-1,0,0,0,-1,0,0,0,-1,-1,-1,-1,-1,-1,-1,-1,-1,-1,-1,-1,-1,-1,-1,-1,-1,-1,-1,-1,-1,-1,-1,-1,-1,-1,-1,-1,-1,-1,-1,-1
47459,93831,-1,-1,31,-1,-1,-1,-1,-1,-1,155,-1,-1,-1,-1,-1,-1,0,0,0,-1,0,0,0,-1,0,0,0,-1,0,0,0,-1,-1,-1,-1,-1,-1,-1,-1,-1,-1,-1,-1,-1,-1,-1,-1,-1,-1,-1,-1,-1,-1,-1,-1,-1,-1,-1,-1,-1,-1,-1,-1
47461,93831,-1,-1,25,-1,-1,-1,-1,-1,-1,114,-1,-1,-1,-1,-1,-1,0,0,0,-1,0,0,0,-1,0,0,0,-1,0,0,0,-1,-1,-1,-1,-1,-1,-1,-1,-1,-1,-1,-1,-1,-1,-1,-1,-1,-1,-1,-1,-1,-1,-1,-1,-1,-1,-1,-1,-1,-1,-1,-1
47462,93831,-1,-1,25,-1,-1,-1,-1,-1,-1,105,-1,-1,-1,-1,-1,-1,0,0,0,-1,0,0,0,-1,0,0,0,-1,0,0,0,-1,-1,-1,-1,-1,-1,-1,-1,-1,-1,-1,-1,-1,-1,-1,-1,-1,-1,-1,-1,-1,-1,-1,-1,-1,-1,-1,-1,-1,-1,-1,-1
47463,93831,-1,-1,22,-1,-1,-1,-1,-1,-1,102,-1,-1,-1,-1,-1,-1,0,0,0,-1,0,0,0,-1,0,0,0,-1,0,0,0,-1,-1,-1,-1,-1,-1,-1,-1,-1,-1,-1,-1,-1,-1,-1,-1,-1,-1,-1,-1,-1,-1,-1,-1,-1,-1,-1,-1,-1,-1,-1,-1
47464,93831,-1,-1,22,-1,-1,-1,-1,-1,-1,102,-1,-1,-1,-1,-1,-1,0,0,0,-1,0,0,0,-1,0,0,0,-1,0,0,0,-1,-1,-1,-1,-1,-1,-1,-1,-1,-1,-1,-1,-1,-1,-1,-1,-1,-1,-1,-1,-1,-1,-1,-1,-1,-1,-1,-1,-1,-1,-1,-1
47474,93831,-1,-1,45,-1,-1,-1,-1,-1,-1,198,-1,-1,-1,-1,-1,-1,0,0,0,-1,0,0,0,-1,1,0,0,-1,1,0,0,-1,-1,-1,-1,-1,-1,-1,-1,-1,-1,-1,-1,-1,-1,-1,-1,-1,-1,-1,-1,-1,-1,-1,-1,-1,-1,-1,-1,-1,-1,-1,-1
47478,93831,-1,-1,34,-1,-1,-1,-1,-1,-1,184,-1,-1,-1,-1,-1,-1,0,0,0,-1,0,0,0,-1,0,0,0,-1,0,0,0,-1,-1,-1,-1,-1,-1,-1,-1,-1,-1,-1,-1,-1,-1,-1,-1,-1,-1,-1,-1,-1,-1,-1,-1,-1,-1,-1,-1,-1,-1,-1,-1
47480,93831,-1,-1,27,-1,-1,-1,-1,-1,-1,129,-1,-1,-1,-1,-1,-1,0,0,0,-1,0,0,0,-1,0,0,0,-1,0,0,0,-1,-1,-1,-1,-1,-1,-1,-1,-1,-1,-1,-1,-1,-1,-1,-1,-1,-1,-1,-1,-1,-1,-1,-1,-1,-1,-1,-1,-1,-1,-1,-1
47481,93831,-1,-1,24,-1,-1,-1,-1,-1,-1,111,-1,-1,-1,-1,-1,-1,0,0,0,-1,0,0,0,-1,0,0,0,-1,0,0,0,-1,-1,-1,-1,-1,-1,-1,-1,-1,-1,-1,-1,-1,-1,-1,-1,-1,-1,-1,-1,-1,-1,-1,-1,-1,-1,-1,-1,-1,-1,-1,-1
47482,93831,-1,-1,24,-1,-1,-1,-1,-1,-1,107,-1,-1,-1,-1,-1,-1,0,0,0,-1,0,0,0,-1,0,0,0,-1,0,0,0,-1,-1,-1,-1,-1,-1,-1,-1,-1,-1,-1,-1,-1,-1,-1,-1,-1,-1,-1,-1,-1,-1,-1,-1,-1,-1,-1,-1,-1,-1,-1,-1
47484,93831,-1,-1,22,-1,-1,-1,-1,-1,-1,101,-1,-1,-1,-1,-1,-1,0,0,0,-1,0,0,0,-1,0,0,0,-1,0,0,0,-1,-1,-1,-1,-1,-1,-1,-1,-1,-1,-1,-1,-1,-1,-1,-1,-1,-1,-1,-1,-1,-1,-1,-1,-1,-1,-1,-1,-1,-1,-1,-1
47485,93831,-1,-1,20,-1,-1,-1,-1,-1,-1,90,-1,-1,-1,-1,-1,-1,0,0,0,-1,0,0,0,-1,0,0,0,-1,0,0,0,-1,-1,-1,-1,-1,-1,-1,-1,-1,-1,-1,-1,-1,-1,-1,-1,-1,-1,-1,-1,-1,-1,-1,-1,-1,-1,-1,-1,-1,-1,-1,-1
47489,93831,-1,-1,19,-1,-1,-1,-1,-1,-1,84,-1,-1,-1,-1,-1,-1,0,0,0,-1,0,0,0,-1,0,0,0,-1,0,0,0,-1,-1,-1,-1,-1,-1,-1,-1,-1,-1,-1,-1,-1,-1,-1,-1,-1,-1,-1,-1,-1,-1,-1,-1,-1,-1,-1,-1,-1,-1,-1,-1
47491,93831,-1,-1,16,-1,-1,-1,-1,-1,-1,72,-1,-1,-1,-1,-1,-1,0,0,0,-1,0,0,0,-1,0,0,0,-1,0,0,0,-1,-1,-1,-1,-1,-1,-1,-1,-1,-1,-1,-1,-1,-1,-1,-1,-1,-1,-1,-1,-1,-1,-1,-1,-1,-1,-1,-1,-1,-1,-1,-1
47492,93831,-1,-1,15,-1,-1,-1,-1,-1,-1,66,-1,-1,-1,-1,-1,-1,0,0,0,-1,0,0,0,-1,0,0,0,-1,0,0,0,-1,-1,-1,-1,-1,-1,-1,-1,-1,-1,-1,-1,-1,-1,-1,-1,-1,-1,-1,-1,-1,-1,-1,-1,-1,-1,-1,-1,-1,-1,-1,-1
47494,93831,-1,-1,15,-1,-1,-1,-1,-1,-1,64,-1,-1,-1,-1,-1,-1,0,0,0,-1,0,0,0,-1,0,0,0,-1,0,0,0,-1,-1,-1,-1,-1,-1,-1,-1,-1,-1,-1,-1,-1,-1,-1,-1,-1,-1,-1,-1,-1,-1,-1,-1,-1,-1,-1,-1,-1,-1,-1,-1
47495,93831,-1,-1,15,-1,-1,-1,-1,-1,-1,64,-1,-1,-1,-1,-1,-1,0,0,0,-1,0,0,0,-1,0,0,0,-1,0,0,0,-1,-1,-1,-1,-1,-1,-1,-1,-1,-1,-1,-1,-1,-1,-1,-1,-1,-1,-1,-1,-1,-1,-1,-1,-1,-1,-1,-1,-1,-1,-1,-1
47497,93831,-1,-1,15,-1,-1,-1,-1,-1,-1,64,-1,-1,-1,-1,-1,-1,0,0,0,-1,0,0,0,-1,0,0,0,-1,0,0,0,-1,-1,-1,-1,-1,-1,-1,-1,-1,-1,-1,-1,-1,-1,-1,-1,-1,-1,-1,-1,-1,-1,-1,-1,-1,-1,-1,-1,-1,-1,-1,-1
47501,93831,-1,-1,51,-1,-1,-1,-1,-1,-1,228,-1,-1,-1,-1,-1,-1,0,0,0,-1,0,0,0,-1,1,0,0,-1,1,0,0,-1,-1,-1,-1,-1,-1,-1,-1,-1,-1,-1,-1,-1,-1,-1,-1,-1,-1,-1,-1,-1,-1,-1,-1,-1,-1,-1,-1,-1,-1,-1,-1
47502,93831,-1,-1,51,-1,-1,-1,-1,-1,-1,228,-1,-1,-1,-1,-1,-1,0,0,0,-1,0,0,0,-1,1,0,0,-1,1,0,0,-1,-1,-1,-1,-1,-1,-1,-1,-1,-1,-1,-1,-1,-1,-1,-1,-1,-1,-1,-1,-1,-1,-1,-1,-1,-1,-1,-1,-1,-1,-1,-1
47503,93831,-1,-1,34,-1,-1,-1,-1,-1,-1,182,-1,-1,-1,-1,-1,-1,0,0,0,-1,0,0,0,-1,0,0,0,-1,0,0,0,-1,-1,-1,-1,-1,-1,-1,-1,-1,-1,-1,-1,-1,-1,-1,-1,-1,-1,-1,-1,-1,-1,-1,-1,-1,-1,-1,-1,-1,-1,-1,-1
47506,93831,-1,-1,30,-1,-1,-1,-1,-1,-1,152,-1,-1,-1,-1,-1,-1,0,0,0,-1,0,0,0,-1,0,0,0,-1,0,0,0,-1,-1,-1,-1,-1,-1,-1,-1,-1,-1,-1,-1,-1,-1,-1,-1,-1,-1,-1,-1,-1,-1,-1,-1,-1,-1,-1,-1,-1,-1,-1,-1
47507,93831,-1,-1,30,-1,-1,-1,-1,-1,-1,152,-1,-1,-1,-1,-1,-1,0,0,0,-1,0,0,0,-1,0,0,0,-1,0,0,0,-1,-1,-1,-1,-1,-1,-1,-1,-1,-1,-1,-1,-1,-1,-1,-1,-1,-1,-1,-1,-1,-1,-1,-1,-1,-1,-1,-1,-1,-1,-1,-1
47509,93831,-1,-1,27,-1,-1,-1,-1,-1,-1,124,-1,-1,-1,-1,-1,-1,0,0,0,-1,0,0,0,-1,0,0,0,-1,0,0,0,-1,-1,-1,-1,-1,-1,-1,-1,-1,-1,-1,-1,-1,-1,-1,-1,-1,-1,-1,-1,-1,-1,-1,-1,-1,-1,-1,-1,-1,-1,-1,-1
47513,93831,-1,-1,75,-1,-1,-1,-1,-1,-1,382,-1,-1,-1,-1,-1,-1,0,0,0,-1,0,0,0,-1,1,0,0,-1,1,0,0,-1,-1,-1,-1,-1,-1,-1,-1,-1,-1,-1,-1,-1,-1,-1,-1,-1,-1,-1,-1,-1,-1,-1,-1,-1,-1,-1,-1,-1,-1,-1,-1
47514,93831,-1,-1,56,-1,-1,-1,-1,-1,-1,267,-1,-1,-1,-1,-1,-1,0,0,0,-1,0,0,0,-1,1,0,0,-1,1,0,0,-1,-1,-1,-1,-1,-1,-1,-1,-1,-1,-1,-1,-1,-1,-1,-1,-1,-1,-1,-1,-1,-1,-1,-1,-1,-1,-1,-1,-1,-1,-1,-1
47516,93831,-1,-1,56,-1,-1,-1,-1,-1,-1,267,-1,-1,-1,-1,-1,-1,0,0,0,-1,0,0,0,-1,1,0,0,-1,1,0,0,-1,-1,-1,-1,-1,-1,-1,-1,-1,-1,-1,-1,-1,-1,-1,-1,-1,-1,-1,-1,-1,-1,-1,-1,-1,-1,-1,-1,-1,-1,-1,-1
47517,93831,-1,-1,36,-1,-1,-1,-1,-1,-1,160,-1,-1,-1,-1,-1,-1,0,0,0,-1,0,0,0,-1,0,0,0,-1,0,0,0,-1,-1,-1,-1,-1,-1,-1,-1,-1,-1,-1,-1,-1,-1,-1,-1,-1,-1,-1,-1,-1,-1,-1,-1,-1,-1,-1,-1,-1,-1,-1,-1
47519,93831,-1,-1,32,-1,-1,-1,-1,-1,-1,134,-1,-1,-1,-1,-1,-1,0,0,0,-1,0,0,0,-1,0,0,0,-1,0,0,0,-1,-1,-1,-1,-1,-1,-1,-1,-1,-1,-1,-1,-1,-1,-1,-1,-1,-1,-1,-1,-1,-1,-1,-1,-1,-1,-1,-1,-1,-1,-1,-1
47521,93831,-1,-1,29,-1,-1,-1,-1,-1,-1,118,-1,-1,-1,-1,-1,-1,0,0,0,-1,0,0,0,-1,0,0,0,-1,0,0,0,-1,-1,-1,-1,-1,-1,-1,-1,-1,-1,-1,-1,-1,-1,-1,-1,-1,-1,-1,-1,-1,-1,-1,-1,-1,-1,-1,-1,-1,-1,-1,-1
47522,93831,-1,-1,26,-1,-1,-1,-1,-1,-1,105,-1,-1,-1,-1,-1,-1,0,0,0,-1,0,0,0,-1,0,0,0,-1,0,0,0,-1,-1,-1,-1,-1,-1,-1,-1,-1,-1,-1,-1,-1,-1,-1,-1,-1,-1,-1,-1,-1,-1,-1,-1,-1,-1,-1,-1,-1,-1,-1,-1
47524,93831,-1,-1,26,-1,-1,-1,-1,-1,-1,100,-1,-1,-1,-1,-1,-1,0,0,0,-1,0,0,0,-1,0,0,0,-1,0,0,0,-1,-1,-1,-1,-1,-1,-1,-1,-1,-1,-1,-1,-1,-1,-1,-1,-1,-1,-1,-1,-1,-1,-1,-1,-1,-1,-1,-1,-1,-1,-1,-1
47525,93831,-1,-1,24,-1,-1,-1,-1,-1,-1,94,-1,-1,-1,-1,-1,-1,0,0,0,-1,0,0,0,-1,0,0,0,-1,0,0,0,-1,-1,-1,-1,-1,-1,-1,-1,-1,-1,-1,-1,-1,-1,-1,-1,-1,-1,-1,-1,-1,-1,-1,-1,-1,-1,-1,-1,-1,-1,-1,-1
47540,93831,-1,-1,40,-1,-1,-1,-1,-1,-1,184,-1,-1,-1,-1,-1,-1,0,0,0,-1,0,0,0,-1,0,0,0,-1,0,0,0,-1,-1,-1,-1,-1,-1,-1,-1,-1,-1,-1,-1,-1,-1,-1,-1,-1,-1,-1,-1,-1,-1,-1,-1,-1,-1,-1,-1,-1,-1,-1,-1
47547,93831,-1,-1,33,-1,-1,-1,-1,-1,-1,141,-1,-1,-1,-1,-1,-1,0,0,0,-1,0,0,0,-1,0,0,0,-1,0,0,0,-1,-1,-1,-1,-1,-1,-1,-1,-1,-1,-1,-1,-1,-1,-1,-1,-1,-1,-1,-1,-1,-1,-1,-1,-1,-1,-1,-1,-1,-1,-1,-1
47549,93831,-1,-1,30,-1,-1,-1,-1,-1,-1,125,-1,-1,-1,-1,-1,-1,0,0,0,-1,0,0,0,-1,0,0,0,-1,0,0,0,-1,-1,-1,-1,-1,-1,-1,-1,-1,-1,-1,-1,-1,-1,-1,-1,-1,-1,-1,-1,-1,-1,-1,-1,-1,-1,-1,-1,-1,-1,-1,-1
47552,93831,-1,-1,30,-1,-1,-1,-1,-1,-1,125,-1,-1,-1,-1,-1,-1,0,0,0,-1,0,0,0,-1,0,0,0,-1,0,0,0,-1,-1,-1,-1,-1,-1,-1,-1,-1,-1,-1,-1,-1,-1,-1,-1,-1,-1,-1,-1,-1,-1,-1,-1,-1,-1,-1,-1,-1,-1,-1,-1
47557,93831,-1,-1,78,-1,-1,-1,-1,-1,-1,373,-1,-1,-1,-1,-1,-1,0,0,0,-1,0,0,0,-1,1,0,0,-1,1,0,0,-1,-1,-1,-1,-1,-1,-1,-1,-1,-1,-1,-1,-1,-1,-1,-1,-1,-1,-1,-1,-1,-1,-1,-1,-1,-1,-1,-1,-1,-1,-1,-1
47568,93831,-1,-1,47,-1,-1,-1,-1,-1,-1,173,-1,-1,-1,-1,-1,-1,0,0,0,-1,0,0,0,-1,1,0,0,-1,1,0,0,-1,-1,-1,-1,-1,-1,-1,-1,-1,-1,-1,-1,-1,-1,-1,-1,-1,-1,-1,-1,-1,-1,-1,-1,-1,-1,-1,-1,-1,-1,-1,-1
47582,93831,-1,-1,94,-1,-1,-1,-1,-1,-1,615,-1,-1,-1,-1,-1,-1,0,0,0,-1,0,0,0,-1,1,0,0,-1,1,0,0,-1,-1,-1,-1,-1,-1,-1,-1,-1,-1,-1,-1,-1,-1,-1,-1,-1,-1,-1,-1,-1,-1,-1,-1,-1,-1,-1,-1,-1,-1,-1,-1
47588,93831,-1,-1,94,-1,-1,-1,-1,-1,-1,575,-1,-1,-1,-1,-1,-1,0,0,0,-1,0,0,0,-1,1,0,0,-1,1,0,0,-1,-1,-1,-1,-1,-1,-1,-1,-1,-1,-1,-1,-1,-1,-1,-1,-1,-1,-1,-1,-1,-1,-1,-1,-1,-1,-1,-1,-1,-1,-1,-1
47601,93831,-1,-1,57,-1,-1,-1,-1,-1,-1,231,-1,-1,-1,-1,-1,-1,0,0,0,-1,0,0,0,-1,1,0,0,-1,1,0,0,-1,-1,-1,-1,-1,-1,-1,-1,-1,-1,-1,-1,-1,-1,-1,-1,-1,-1,-1,-1,-1,-1,-1,-1,-1,-1,-1,-1,-1,-1,-1,-1
47619,93831,-1,-1,48,-1,-1,-1,-1,-1,-1,1216,-1,31,-1,-1,-1,-1,0,0,0,-1,0,0,0,-1,1,0,0,-1,1,0,0,-1,-1,-1,-1,-1,-1,-1,-1,-1,-1,-1,-1,-1,-1,-1,-1,-1,-1,-1,-1,-1,-1,-1,-1,-1,-1,-1,-1,-1,-1,-1,-1
47628,93831,-1,-1,48,-1,-1,-1,-1,-1,-1,1216,-1,31,-1,-1,-1,-1,0,0,0,-1,0,0,0,-1,1,0,0,-1,1,0,0,-1,-1,-1,-1,-1,-1,-1,-1,-1,-1,-1,-1,-1,-1,-1,-1,-1,-1,-1,-1,-1,-1,-1,-1,-1,-1,-1,-1,-1,-1,-1,-1
47634,93831,-1,-1,40,-1,-1,-1,-1,-1,-1,1085,-1,35,-1,-1,-1,-1,0,0,0,-1,0,0,0,-1,0,0,0,-1,0,0,0,-1,-1,-1,-1,-1,-1,-1,-1,-1,-1,-1,-1,-1,-1,-1,-1,-1,-1,-1,-1,-1,-1,-1,-1,-1,-1,-1,-1,-1,-1,-1,-1
47635,93831,-1,-1,37,-1,-1,-1,-1,-1,-1,1021,-1,30,-1,-1,-1,-1,0,0,0,-1,0,0,0,-1,0,0,0,-1,0,0,0,-1,-1,-1,-1,-1,-1,-1,-1,-1,-1,-1,-1,-1,-1,-1,-1,-1,-1,-1,-1,-1,-1,-1,-1,-1,-1,-1,-1,-1,-1,-1,-1
47636,93831,-1,-1,37,-1,-1,-1,-1,-1,-1,1021,-1,30,-1,-1,-1,-1,0,0,0,-1,0,0,0,-1,0,0,0,-1,0,0,0,-1,-1,-1,-1,-1,-1,-1,-1,-1,-1,-1,-1,-1,-1,-1,-1,-1,-1,-1,-1,-1,-1,-1,-1,-1,-1,-1,-1,-1,-1,-1,-1
47637,93831,-1,-1,37,-1,-1,-1,-1,-1,-1,1021,-1,30,-1,-1,-1,-1,0,0,0,-1,0,0,0,-1,0,0,0,-1,0,0,0,-1,-1,-1,-1,-1,-1,-1,-1,-1,-1,-1,-1,-1,-1,-1,-1,-1,-1,-1,-1,-1,-1,-1,-1,-1,-1,-1,-1,-1,-1,-1,-1
47638,93831,-1,-1,31,-1,-1,-1,-1,-1,-1,908,-1,22,-1,-1,-1,-1,0,0,0,-1,0,0,0,-1,0,0,0,-1,0,0,0,-1,-1,-1,-1,-1,-1,-1,-1,-1,-1,-1,-1,-1,-1,-1,-1,-1,-1,-1,-1,-1,-1,-1,-1,-1,-1,-1,-1,-1,-1,-1,-1
47650,93831,-1,-1,82,-1,-1,-1,-1,-1,-1,1785,-1,117,-1,-1,-1,-1,0,0,0,-1,0,0,0,-1,1,0,0,-1,1,0,0,-1,-1,-1,-1,-1,-1,-1,-1,-1,-1,-1,-1,-1,-1,-1,-1,-1,-1,-1,-1,-1,-1,-1,-1,-1,-1,-1,-1,-1,-1,-1,-1
47657,93831,-1,-1,70,-1,-1,-1,-1,-1,-1,1619,-1,69,-1,-1,-1,-1,0,0,0,-1,0,0,0,-1,1,0,0,-1,1,0,0,-1,-1,-1,-1,-1,-1,-1,-1,-1,-1,-1,-1,-1,-1,-1,-1,-1,-1,-1,-1,-1,-1,-1,-1,-1,-1,-1,-1,-1,-1,-1,-1
47658,93831,-1,-1,59,-1,-1,-1,-1,-1,-1,1450,-1,51,-1,-1,-1,-1,0,0,0,-1,0,0,0,-1,1,0,0,-1,1,0,0,-1,-1,-1,-1,-1,-1,-1,-1,-1,-1,-1,-1,-1,-1,-1,-1,-1,-1,-1,-1,-1,-1,-1,-1,-1,-1,-1,-1,-1,-1,-1,-1
47659,93831,-1,-1,51,-1,-1,-1,-1,-1,-1,1323,-1,39,-1,-1,-1,-1,0,0,0,-1,0,0,0,-1,1,0,0,-1,1,0,0,-1,-1,-1,-1,-1,-1,-1,-1,-1,-1,-1,-1,-1,-1,-1,-1,-1,-1,-1,-1,-1,-1,-1,-1,-1,-1,-1,-1,-1,-1,-1,-1
47661,93831,-1,-1,50,-1,-1,-1,-1,-1,-1,1293,-1,36,-1,-1,-1,-1,0,0,0,-1,0,0,0,-1,1,0,0,-1,1,0,0,-1,-1,-1,-1,-1,-1,-1,-1,-1,-1,-1,-1,-1,-1,-1,-1,-1,-1,-1,-1,-1,-1,-1,-1,-1,-1,-1,-1,-1,-1,-1,-1
47662,93831,-1,-1,46,-1,-1,-1,-1,-1,-1,1232,-1,32,-1,-1,-1,-1,0,0,0,-1,0,0,0,-1,1,0,0,-1,1,0,0,-1,-1,-1,-1,-1,-1,-1,-1,-1,-1,-1,-1,-1,-1,-1,-1,-1,-1,-1,-1,-1,-1,-1,-1,-1,-1,-1,-1,-1,-1,-1,-1
47664,93831,-1,-1,46,-1,-1,-1,-1,-1,-1,1189,-1,30,-1,-1,-1,-1,0,0,0,-1,0,0,0,-1,1,0,0,-1,1,0,0,-1,-1,-1,-1,-1,-1,-1,-1,-1,-1,-1,-1,-1,-1,-1,-1,-1,-1,-1,-1,-1,-1,-1,-1,-1,-1,-1,-1,-1,-1,-1,-1
47666,93831,-1,-1,40,-1,-1,-1,-1,-1,-1,1100,-1,25,-1,-1,-1,-1,0,0,0,-1,0,0,0,-1,0,0,0,-1,1,0,0,-1,-1,-1,-1,-1,-1,-1,-1,-1,-1,-1,-1,-1,-1,-1,-1,-1,-1,-1,-1,-1,-1,-1,-1,-1,-1,-1,-1,-1,-1,-1,-1
47667,93831,-1,-1,39,-1,-1,-1,-1,-1,-1,1075,-1,24,-1,-1,-1,-1,0,0,0,-1,0,0,0,-1,0,0,0,-1,1,0,0,-1,-1,-1,-1,-1,-1,-1,-1,-1,-1,-1,-1,-1,-1,-1,-1,-1,-1,-1,-1,-1,-1,-1,-1,-1,-1,-1,-1,-1,-1,-1,-1
47714,93831,-1,-1,92,-1,-1,-1,-1,-1,-1,1886,-1,126,-1,-1,-1,-1,0,0,0,-1,0,0,0,-1,1,0,0,-1,1,0,0,-1,-1,-1,-1,-1,-1,-1,-1,-1,-1,-1,-1,-1,-1,-1,-1,-1,-1,-1,-1,-1,-1,-1,-1,-1,-1,-1,-1,-1,-1,-1,-1
47715,93831,-1,-1,74,-1,-1,-1,-1,-1,-1,1678,-1,60,-1,-1,-1,-1,0,0,0,-1,0,0,0,-1,1,0,0,-1,1,0,0,-1,-1,-1,-1,-1,-1,-1,-1,-1,-1,-1,-1,-1,-1,-1,-1,-1,-1,-1,-1,-1,-1,-1,-1,-1,-1,-1,-1,-1,-1,-1,-1
47716,93831,-1,-1,69,-1,-1,-1,-1,-1,-1,1604,-1,52,-1,-1,-1,-1,0,0,0,-1,0,0,0,-1,1,0,0,-1,1,0,0,-1,-1,-1,-1,-1,-1,-1,-1,-1,-1,-1,-1,-1,-1,-1,-1,-1,-1,-1,-1,-1,-1,-1,-1,-1,-1,-1,-1,-1,-1,-1,-1
47719,93831,-1,-1,59,-1,-1,-1,-1,-1,-1,1449,-1,40,-1,-1,-1,-1,0,0,0,-1,0,0,0,-1,1,0,0,-1,1,0,0,-1,-1,-1,-1,-1,-1,-1,-1,-1,-1,-1,-1,-1,-1,-1,-1,-1,-1,-1,-1,-1,-1,-1,-1,-1,-1,-1,-1,-1,-1,-1,-1
47720,93831,-1,-1,55,-1,-1,-1,-1,-1,-1,1374,-1,37,-1,-1,-1,-1,0,0,0,-1,0,0,0,-1,1,0,0,-1,1,0,0,-1,-1,-1,-1,-1,-1,-1,-1,-1,-1,-1,-1,-1,-1,-1,-1,-1,-1,-1,-1,-1,-1,-1,-1,-1,-1,-1,-1,-1,-1,-1,-1
47721,93831,-1,-1,50,-1,-1,-1,-1,-1,-1,1257,-1,43,-1,-1,-1,-1,0,0,0,-1,0,0,0,-1,0,0,0,-1,0,0,0,-1,-1,-1,-1,-1,-1,-1,-1,-1,-1,-1,-1,-1,-1,-1,-1,-1,-1,-1,-1,-1,-1,-1,-1,-1,-1,-1,-1,-1,-1,-1,-1
47722,93831,-1,-1,48,-1,-1,-1,-1,-1,-1,1241,-1,41,-1,-1,-1,-1,0,0,0,-1,0,0,0,-1,0,0,0,-1,0,0,0,-1,-1,-1,-1,-1,-1,-1,-1,-1,-1,-1,-1,-1,-1,-1,-1,-1,-1,-1,-1,-1,-1,-1,-1,-1,-1,-1,-1,-1,-1,-1,-1
47723,93831,-1,-1,46,-1,-1,-1,-1,-1,-1,1172,-1,35,-1,-1,-1,-1,0,0,0,-1,0,0,0,-1,0,0,0,-1,0,0,0,-1,-1,-1,-1,-1,-1,-1,-1,-1,-1,-1,-1,-1,-1,-1,-1,-1,-1,-1,-1,-1,-1,-1,-1,-1,-1,-1,-1,-1,-1,-1,-1
47724,93831,-1,-1,41,-1,-1,-1,-1,-1,-1,1115,-1,30,-1,-1,-1,-1,0,0,0,-1,0,0,0,-1,0,0,0,-1,0,0,0,-1,-1,-1,-1,-1,-1,-1,-1,-1,-1,-1,-1,-1,-1,-1,-1,-1,-1,-1,-1,-1,-1,-1,-1,-1,-1,-1,-1,-1,-1,-1,-1
47725,93831,-1,-1,39,-1,-1,-1,-1,-1,-1,1061,-1,27,-1,-1,-1,-1,0,0,0,-1,0,0,0,-1,0,0,0,-1,0,0,0,-1,-1,-1,-1,-1,-1,-1,-1,-1,-1,-1,-1,-1,-1,-1,-1,-1,-1,-1,-1,-1,-1,-1,-1,-1,-1,-1,-1,-1,-1,-1,-1
47726,93831,-1,-1,37,-1,-1,-1,-1,-1,-1,1034,-1,25,-1,-1,-1,-1,0,0,0,-1,0,0,0,-1,0,0,0,-1,0,0,0,-1,-1,-1,-1,-1,-1,-1,-1,-1,-1,-1,-1,-1,-1,-1,-1,-1,-1,-1,-1,-1,-1,-1,-1,-1,-1,-1,-1,-1,-1,-1,-1
47727,93831,-1,-1,34,-1,-1,-1,-1,-1,-1,978,-1,126,-1,-1,-1,-1,0,0,0,-1,0,0,0,-1,0,0,0,-1,1,1,0,-1,-1,-1,-1,-1,-1,-1,-1,-1,-1,-1,-1,-1,-1,-1,-1,-1,-1,-1,-1,-1,-1,-1,-1,-1,-1,-1,-1,-1,-1,-1,-1
47730,93831,-1,-1,32,-1,-1,-1,-1,-1,-1,940,-1,21,-1,-1,-1,-1,0,0,0,-1,0,0,0,-1,0,0,0,-1,0,0,0,-1,-1,-1,-1,-1,-1,-1,-1,-1,-1,-1,-1,-1,-1,-1,-1,-1,-1,-1,-1,-1,-1,-1,-1,-1,-1,-1,-1,-1,-1,-1,-1
47732,93831,-1,-1,32,-1,-1,-1,-1,-1,-1,924,-1,20,-1,-1,-1,-1,0,0,0,-1,0,0,0,-1,0,0,0,-1,0,0,0,-1,-1,-1,-1,-1,-1,-1,-1,-1,-1,-1,-1,-1,-1,-1,-1,-1,-1,-1,-1,-1,-1,-1,-1,-1,-1,-1,-1,-1,-1,-1,-1
47733,93831,-1,-1,30,-1,-1,-1,-1,-1,-1,882,-1,18,-1,-1,-1,-1,0,0,0,-1,0,0,0,-1,0,0,0,-1,0,0,0,-1,-1,-1,-1,-1,-1,-1,-1,-1,-1,-1,-1,-1,-1,-1,-1,-1,-1,-1,-1,-1,-1,-1,-1,-1,-1,-1,-1,-1,-1,-1,-1
47783,93831,-1,-1,70,-1,-1,-1,-1,-1,-1,1307,-1,47,-1,-1,-1,-1,0,0,0,-1,0,0,0,-1,0,0,0,-1,0,0,0,-1,-1,-1,-1,-1,-1,-1,-1,-1,-1,-1,-1,-1,-1,-1,-1,-1,-1,-1,-1,-1,-1,-1,-1,-1,-1,-1,-1,-1,-1,-1,-1
47791,93831,-1,-1,70,-1,-1,-1,-1,-1,-1,1307,-1,47,-1,-1,-1,-1,0,0,0,-1,0,0,0,-1,0,0,0,-1,0,0,0,-1,-1,-1,-1,-1,-1,-1,-1,-1,-1,-1,-1,-1,-1,-1,-1,-1,-1,-1,-1,-1,-1,-1,-1,-1,-1,-1,-1,-1,-1,-1,-1
47810,93831,-1,-1,48,-1,-1,-1,-1,-1,-1,1223,-1,28,-1,-1,-1,-1,0,0,0,-1,0,0,0,-1,0,0,0,-1,0,0,0,-1,-1,-1,-1,-1,-1,-1,-1,-1,-1,-1,-1,-1,-1,-1,-1,-1,-1,-1,-1,-1,-1,-1,-1,-1,-1,-1,-1,-1,-1,-1,-1
47824,93831,-1,-1,42,-1,-1,-1,-1,-1,-1,1137,-1,24,-1,-1,-1,-1,0,0,0,-1,0,0,0,-1,0,0,0,-1,0,0,0,-1,-1,-1,-1,-1,-1,-1,-1,-1,-1,-1,-1,-1,-1,-1,-1,-1,-1,-1,-1,-1,-1,-1,-1,-1,-1,-1,-1,-1,-1,-1,-1
47831,93831,-1,-1,40,-1,-1,-1,-1,-1,-1,1091,-1,21,-1,-1,-1,-1,0,0,0,-1,0,0,0,-1,0,0,0,-1,0,0,0,-1,-1,-1,-1,-1,-1,-1,-1,-1,-1,-1,-1,-1,-1,-1,-1,-1,-1,-1,-1,-1,-1,-1,-1,-1,-1,-1,-1,-1,-1,-1,-1
47834,93831,-1,-1,39,-1,-1,-1,-1,-1,-1,1078,-1,21,-1,-1,-1,-1,0,0,0,-1,0,0,0,-1,0,0,0,-1,0,0,0,-1,-1,-1,-1,-1,-1,-1,-1,-1,-1,-1,-1,-1,-1,-1,-1,-1,-1,-1,-1,-1,-1,-1,-1,-1,-1,-1,-1,-1,-1,-1,-1
47836,93831,-1,-1,37,-1,-1,-1,-1,-1,-1,1045,-1,20,-1,-1,-1,-1,0,0,0,-1,0,0,0,-1,0,0,0,-1,0,0,0,-1,-1,-1,-1,-1,-1,-1,-1,-1,-1,-1,-1,-1,-1,-1,-1,-1,-1,-1,-1,-1,-1,-1,-1,-1,-1,-1,-1,-1,-1,-1,-1
47852,93831,-1,-1,34,-1,-1,-1,-1,-1,-1,1009,-1,19,-1,-1,-1,-1,0,0,0,-1,0,0,0,-1,0,0,0,-1,0,0,0,-1,-1,-1,-1,-1,-1,-1,-1,-1,-1,-1,-1,-1,-1,-1,-1,-1,-1,-1,-1,-1,-1,-1,-1,-1,-1,-1,-1,-1,-1,-1,-1
47856,93831,-1,-1,34,-1,-1,-1,-1,-1,-1,1009,-1,19,-1,-1,-1,-1,0,0,0,-1,0,0,0,-1,0,0,0,-1,0,0,0,-1,-1,-1,-1,-1,-1,-1,-1,-1,-1,-1,-1,-1,-1,-1,-1,-1,-1,-1,-1,-1,-1,-1,-1,-1,-1,-1,-1,-1,-1,-1,-1
47869,93831,-1,-1,32,-1,-1,-1,-1,-1,-1,966,-1,18,-1,-1,-1,-1,0,0,0,-1,0,0,0,-1,0,0,0,-1,0,0,0,-1,-1,-1,-1,-1,-1,-1,-1,-1,-1,-1,-1,-1,-1,-1,-1,-1,-1,-1,-1,-1,-1,-1,-1,-1,-1,-1,-1,-1,-1,-1,-1
47873,93831,-1,-1,32,-1,-1,-1,-1,-1,-1,966,-1,18,-1,-1,-1,-1,0,0,0,-1,0,0,0,-1,0,0,0,-1,0,0,0,-1,-1,-1,-1,-1,-1,-1,-1,-1,-1,-1,-1,-1,-1,-1,-1,-1,-1,-1,-1,-1,-1,-1,-1,-1,-1,-1,-1,-1,-1,-1,-1
47889,93831,-1,-1,66,-1,-1,-1,-1,-1,-1,1562,-1,52,-1,-1,-1,-1,0,0,0,-1,0,0,0,-1,0,0,0,-1,0,0,0,-1,-1,-1,-1,-1,-1,-1,-1,-1,-1,-1,-1,-1,-1,-1,-1,-1,-1,-1,-1,-1,-1,-1,-1,-1,-1,-1,-1,-1,-1,-1,-1
47890,93831,-1,-1,61,-1,-1,-1,-1,-1,-1,1465,-1,42,-1,-1,-1,-1,0,0,0,-1,0,0,0,-1,0,0,0,-1,0,0,0,-1,-1,-1,-1,-1,-1,-1,-1,-1,-1,-1,-1,-1,-1,-1,-1,-1,-1,-1,-1,-1,-1,-1,-1,-1,-1,-1,-1,-1,-1,-1,-1
47892,93831,-1,-1,57,-1,-1,-1,-1,-1,-1,1430,-1,39,-1,-1,-1,-1,0,0,0,-1,0,0,0,-1,0,0,0,-1,0,0,0,-1,-1,-1,-1,-1,-1,-1,-1,-1,-1,-1,-1,-1,-1,-1,-1,-1,-1,-1,-1,-1,-1,-1,-1,-1,-1,-1,-1,-1,-1,-1,-1
47893,93831,-1,-1,51,-1,-1,-1,-1,-1,-1,1338,-1,33,-1,-1,-1,-1,0,0,0,-1,0,0,0,-1,0,0,0,-1,0,0,0,-1,-1,-1,-1,-1,-1,-1,-1,-1,-1,-1,-1,-1,-1,-1,-1,-1,-1,-1,-1,-1,-1,-1,-1,-1,-1,-1,-1,-1,-1,-1,-1
47940,93831,-1,-1,93,-1,-1,-1,-1,-1,-1,1839,-1,224,-1,-1,-1,-1,0,0,0,-1,0,0,0,-1,1,0,0,-1,1,0,0,-1,-1,-1,-1,-1,-1,-1,-1,-1,-1,-1,-1,-1,-1,-1,-1,-1,-1,-1,-1,-1,-1,-1,-1,-1,-1,-1,-1,-1,-1,-1,-1
47944,93831,-1,-1,76,-1,-1,-1,-1,-1,-1,1641,-1,94,-1,-1,-1,-1,0,0,0,-1,0,0,0,-1,1,0,0,-1,1,0,0,-1,-1,-1,-1,-1,-1,-1,-1,-1,-1,-1,-1,-1,-1,-1,-1,-1,-1,-1,-1,-1,-1,-1,-1,-1,-1,-1,-1,-1,-1,-1,-1
47946,93831,-1,-1,61,-1,-1,-1,-1,-1,-1,1428,-1,53,-1,-1,-1,-1,0,0,0,-1,0,0,0,-1,1,0,0,-1,4,0,0,-1,-1,-1,-1,-1,-1,-1,-1,-1,-1,-1,-1,-1,-1,-1,-1,-1,-1,-1,-1,-1,-1,-1,-1,-1,-1,-1,-1,-1,-1,-1,-1
47972,93831,-1,-1,32,-1,-1,-1,-1,-1,-1,886,-1,49,-1,-1,-1,-1,0,0,0,-1,0,0,0,-1,0,0,0,-1,1,0,0,-1,-1,-1,-1,-1,-1,-1,-1,-1,-1,-1,-1,-1,-1,-1,-1,-1,-1,-1,-1,-1,-1,-1,-1,-1,-1,-1,-1,-1,-1,-1,-1
47973,93831,-1,-1,27,-1,-1,-1,-1,-1,-1,807,-1,22,-1,-1,-1,-1,0,0,0,-1,0,0,0,-1,0,0,0,-1,1,0,0,-1,-1,-1,-1,-1,-1,-1,-1,-1,-1,-1,-1,-1,-1,-1,-1,-1,-1,-1,-1,-1,-1,-1,-1,-1,-1,-1,-1,-1,-1,-1,-1
47975,93831,-1,-1,26,-1,-1,-1,-1,-1,-1,790,-1,20,-1,-1,-1,-1,0,0,0,-1,0,0,0,-1,0,0,0,-1,1,0,0,-1,-1,-1,-1,-1,-1,-1,-1,-1,-1,-1,-1,-1,-1,-1,-1,-1,-1,-1,-1,-1,-1,-1,-1,-1,-1,-1,-1,-1,-1,-1,-1
47976,93831,-1,-1,25,-1,-1,-1,-1,-1,-1,761,-1,17,-1,-1,-1,-1,0,0,0,-1,0,0,0,-1,0,0,0,-1,1,0,0,-1,-1,-1,-1,-1,-1,-1,-1,-1,-1,-1,-1,-1,-1,-1,-1,-1,-1,-1,-1,-1,-1,-1,-1,-1,-1,-1,-1,-1,-1,-1,-1
47977,93831,-1,-1,23,-1,-1,-1,-1,-1,-1,726,-1,20,-1,-1,-1,-1,0,0,0,-1,0,0,0,-1,0,0,0,-1,0,0,0,-1,-1,-1,-1,-1,-1,-1,-1,-1,-1,-1,-1,-1,-1,-1,-1,-1,-1,-1,-1,-1,-1,-1,-1,-1,-1,-1,-1,-1,-1,-1,-1
47978,93831,-1,-1,22,-1,-1,-1,-1,-1,-1,715,-1,19,-1,-1,-1,-1,0,0,0,-1,0,0,0,-1,0,0,0,-1,0,0,0,-1,-1,-1,-1,-1,-1,-1,-1,-1,-1,-1,-1,-1,-1,-1,-1,-1,-1,-1,-1,-1,-1,-1,-1,-1,-1,-1,-1,-1,-1,-1,-1
47979,93831,-1,-1,21,-1,-1,-1,-1,-1,-1,698,-1,17,-1,-1,-1,-1,0,0,0,-1,0,0,0,-1,0,0,0,-1,0,0,0,-1,-1,-1,-1,-1,-1,-1,-1,-1,-1,-1,-1,-1,-1,-1,-1,-1,-1,-1,-1,-1,-1,-1,-1,-1,-1,-1,-1,-1,-1,-1,-1
47982,93831,-1,-1,21,-1,-1,-1,-1,-1,-1,672,-1,15,-1,-1,-1,-1,0,0,0,-1,0,0,0,-1,0,0,0,-1,0,0,0,-1,-1,-1,-1,-1,-1,-1,-1,-1,-1,-1,-1,-1,-1,-1,-1,-1,-1,-1,-1,-1,-1,-1,-1,-1,-1,-1,-1,-1,-1,-1,-1
47999,93831,-1,-1,66,-1,-1,-1,-1,-1,-1,1570,-1,80,-1,-1,-1,-1,0,0,0,-1,0,0,0,-1,1,0,0,-1,3,0,0,-1,-1,-1,-1,-1,-1,-1,-1,-1,-1,-1,-1,-1,-1,-1,-1,-1,-1,-1,-1,-1,-1,-1,-1,-1,-1,-1,-1,-1,-1,-1,-1
48001,93831,-1,-1,58,-1,-1,-1,-1,-1,-1,1445,-1,56,-1,-1,-1,-1,0,0,0,-1,0,0,0,-1,1,0,0,-1,1,0,0,-1,-1,-1,-1,-1,-1,-1,-1,-1,-1,-1,-1,-1,-1,-1,-1,-1,-1,-1,-1,-1,-1,-1,-1,-1,-1,-1,-1,-1,-1,-1,-1
48002,93831,-1,-1,58,-1,-1,-1,-1,-1,-1,1445,-1,56,-1,-1,-1,-1,0,0,0,-1,0,0,0,-1,1,0,0,-1,1,0,0,-1,-1,-1,-1,-1,-1,-1,-1,-1,-1,-1,-1,-1,-1,-1,-1,-1,-1,-1,-1,-1,-1,-1,-1,-1,-1,-1,-1,-1,-1,-1,-1
48008,93831,-1,-1,45,-1,-1,-1,-1,-1,-1,1220,-1,39,-1,-1,-1,-1,0,0,0,-1,0,0,0,-1,1,0,0,-1,3,0,0,-1,-1,-1,-1,-1,-1,-1,-1,-1,-1,-1,-1,-1,-1,-1,-1,-1,-1,-1,-1,-1,-1,-1,-1,-1,-1,-1,-1,-1,-1,-1,-1
48011,93831,-1,-1,39,-1,-1,-1,-1,-1,-1,1107,-1,27,-1,-1,-1,-1,0,0,0,-1,0,0,0,-1,0,0,0,-1,1,0,0,-1,-1,-1,-1,-1,-1,-1,-1,-1,-1,-1,-1,-1,-1,-1,-1,-1,-1,-1,-1,-1,-1,-1,-1,-1,-1,-1,-1,-1,-1,-1,-1
48023,93831,-1,-1,39,-1,-1,-1,-1,-1,-1,1107,-1,27,-1,-1,-1,-1,0,0,0,-1,0,0,0,-1,0,0,0,-1,1,0,0,-1,-1,-1,-1,-1,-1,-1,-1,-1,-1,-1,-1,-1,-1,-1,-1,-1,-1,-1,-1,-1,-1,-1,-1,-1,-1,-1,-1,-1,-1,-1,-1
48073,93831,-1,-1,80,-1,-1,-1,-1,-1,-1,1738,-1,106,-1,-1,-1,-1,0,0,0,-1,0,0,0,-1,2,0,0,-1,4,0,0,-1,-1,-1,-1,-1,-1,-1,-1,-1,-1,-1,-1,-1,-1,-1,-1,-1,-1,-1,-1,-1,-1,-1,-1,-1,-1,-1,-1,-1,-1,-1,-1
48076,93831,-1,-1,80,-1,-1,-1,-1,-1,-1,1738,-1,106,-1,-1,-1,-1,0,0,0,-1,0,0,0,-1,2,0,0,-1,4,0,0,-1,-1,-1,-1,-1,-1,-1,-1,-1,-1,-1,-1,-1,-1,-1,-1,-1,-1,-1,-1,-1,-1,-1,-1,-1,-1,-1,-1,-1,-1,-1,-1
48079,93831,-1,-1,43,-1,-1,-1,-1,-1,-1,1076,-1,35,-1,-1,-1,-1,0,0,0,-1,0,0,0,-1,1,0,0,-1,4,0,0,-1,-1,-1,-1,-1,-1,-1,-1,-1,-1,-1,-1,-1,-1,-1,-1,-1,-1,-1,-1,-1,-1,-1,-1,-1,-1,-1,-1,-1,-1,-1,-1
48082,93831,-1,-1,41,-1,-1,-1,-1,-1,-1,1033,-1,26,-1,-1,-1,-1,0,0,0,-1,0,0,0,-1,0,0,0,-1,1,0,0,-1,-1,-1,-1,-1,-1,-1,-1,-1,-1,-1,-1,-1,-1,-1,-1,-1,-1,-1,-1,-1,-1,-1,-1,-1,-1,-1,-1,-1,-1,-1,-1
48084,93831,-1,-1,40,-1,-1,-1,-1,-1,-1,1015,-1,36,-1,-1,-1,-1,0,0,0,-1,0,0,0,-1,0,0,0,-1,0,0,0,-1,-1,-1,-1,-1,-1,-1,-1,-1,-1,-1,-1,-1,-1,-1,-1,-1,-1,-1,-1,-1,-1,-1,-1,-1,-1,-1,-1,-1,-1,-1,-1
48085,93831,-1,-1,37,-1,-1,-1,-1,-1,-1,949,-1,30,-1,-1,-1,-1,0,0,0,-1,0,0,0,-1,0,0,0,-1,0,0,0,-1,-1,-1,-1,-1,-1,-1,-1,-1,-1,-1,-1,-1,-1,-1,-1,-1,-1,-1,-1,-1,-1,-1,-1,-1,-1,-1,-1,-1,-1,-1,-1
48086,93831,-1,-1,36,-1,-1,-1,-1,-1,-1,917,-1,27,-1,-1,-1,-1,0,0,0,-1,0,0,0,-1,0,0,0,-1,0,0,0,-1,-1,-1,-1,-1,-1,-1,-1,-1,-1,-1,-1,-1,-1,-1,-1,-1,-1,-1,-1,-1,-1,-1,-1,-1,-1,-1,-1,-1,-1,-1,-1
48088,93831,-1,-1,65,-1,-1,-1,-1,-1,-1,1467,-1,84,-1,-1,-1,-1,0,0,0,-1,0,0,0,-1,1,0,0,-1,1,0,0,-1,-1,-1,-1,-1,-1,-1,-1,-1,-1,-1,-1,-1,-1,-1,-1,-1,-1,-1,-1,-1,-1,-1,-1,-1,-1,-1,-1,-1,-1,-1,-1
48089,93831,-1,-1,49,-1,-1,-1,-1,-1,-1,1211,-1,37,-1,-1,-1,-1,0,0,0,-1,0,0,0,-1,0,0,0,-1,1,0,0,-1,-1,-1,-1,-1,-1,-1,-1,-1,-1,-1,-1,-1,-1,-1,-1,-1,-1,-1,-1,-1,-1,-1,-1,-1,-1,-1,-1,-1,-1,-1,-1
48097,93831,-1,-1,40,-1,-1,-1,-1,-1,-1,1038,-1,37,-1,-1,-1,-1,0,0,0,-1,0,0,0,-1,0,0,0,-1,0,0,0,-1,-1,-1,-1,-1,-1,-1,-1,-1,-1,-1,-1,-1,-1,-1,-1,-1,-1,-1,-1,-1,-1,-1,-1,-1,-1,-1,-1,-1,-1,-1,-1
48099,93831,-1,-1,31,-1,-1,-1,-1,-1,-1,907,-1,23,-1,-1,-1,-1,0,0,0,-1,0,0,0,-1,0,0,0,-1,0,0,0,-1,-1,-1,-1,-1,-1,-1,-1,-1,-1,-1,-1,-1,-1,-1,-1,-1,-1,-1,-1,-1,-1,-1,-1,-1,-1,-1,-1,-1,-1,-1,-1
48166,-1,-1,-1,-1,-1,-1,-1,-1,-1,-1,150,-1,-1,-1,-1,-1,-1,-1,-1,-1,-1,-1,-1,-1,-1,-1,-1,-1,-1,-1,-1,-1,-1,-1,-1,-1,-1,-1,-1,-1,-1,-1,-1,-1,-1,-1,-1,-1,-1,-1,-1,-1,-1,-1,-1,-1,-1,-1,-1,-1,-1,-1,-1,-1
48172,-1,-1,-1,-1,-1,-1,-1,-1,-1,-1,150,-1,-1,-1,-1,-1,-1,-1,-1,-1,-1,-1,-1,-1,-1,-1,-1,-1,-1,-1,-1,-1,-1,-1,-1,-1,-1,-1,-1,-1,-1,-1,-1,-1,-1,-1,-1,-1,-1,-1,-1,-1,-1,-1,-1,-1,-1,-1,-1,-1,-1,-1,-1,-1
48179,93831,-1,-1,41,-1,-1,-1,-1,-1,-1,1054,-1,356,-1,-1,-1,-1,0,0,0,-1,0,0,0,-1,2,0,0,-1,6,0,0,-1,-1,-1,-1,-1,-1,-1,-1,-1,-1,-1,-1,-1,-1,-1,-1,-1,-1,-1,-1,-1,-1,-1,-1,-1,-1,-1,-1,-1,-1,-1,-1
48181,93831,-1,-1,41,-1,-1,-1,-1,-1,-1,1054,-1,356,-1,-1,-1,-1,0,0,0,-1,0,0,0,-1,2,0,0,-1,6,0,0,-1,-1,-1,-1,-1,-1,-1,-1,-1,-1,-1,-1,-1,-1,-1,-1,-1,-1,-1,-1,-1,-1,-1,-1,-1,-1,-1,-1,-1,-1,-1,-1
48185,93831,-1,-1,41,-1,-1,-1,-1,-1,-1,1054,-1,356,-1,-1,-1,-1,0,0,0,-1,0,0,0,-1,2,0,0,-1,6,0,0,-1,-1,-1,-1,-1,-1,-1,-1,-1,-1,-1,-1,-1,-1,-1,-1,-1,-1,-1,-1,-1,-1,-1,-1,-1,-1,-1,-1,-1,-1,-1,-1
48230,93831,-1,-1,64,-1,-1,-1,-1,-1,-1,4691,-1,7470,-1,-1,-1,-1,0,0,0,-1,3,1,0,-1,3,0,0,-1,9,1,0,-1,-1,-1,-1,-1,-1,-1,-1,-1,-1,-1,-1,-1,-1,-1,-1,-1,-1,-1,-1,-1,-1,-1,-1,-1,-1,-1,-1,-1,-1,-1,-1
48233,93831,-1,-1,47,-1,-1,-1,-1,-1,-1,2359,-1,146,-1,-1,-1,-1,0,0,0,-1,1,0,0,-1,3,0,0,-1,9,0,0,-1,-1,-1,-1,-1,-1,-1,-1,-1,-1,-1,-1,-1,-1,-1,-1,-1,-1,-1,-1,-1,-1,-1,-1,-1,-1,-1,-1,-1,-1,-1,-1
48236,93831,-1,-1,41,-1,-1,-1,-1,-1,-1,2132,-1,192,-1,-1,-1,-1,0,0,0,-1,0,0,0,-1,2,0,0,-1,8,0,0,-1,-1,-1,-1,-1,-1,-1,-1,-1,-1,-1,-1,-1,-1,-1,-1,-1,-1,-1,-1,-1,-1,-1,-1,-1,-1,-1,-1,-1,-1,-1,-1
48237,93831,-1,-1,39,-1,-1,-1,-1,-1,-1,2034,-1,156,-1,-1,-1,-1,0,0,0,-1,0,0,0,-1,2,0,0,-1,8,0,0,-1,-1,-1,-1,-1,-1,-1,-1,-1,-1,-1,-1,-1,-1,-1,-1,-1,-1,-1,-1,-1,-1,-1,-1,-1,-1,-1,-1,-1,-1,-1,-1
48238,93831,-1,-1,37,-1,-1,-1,-1,-1,-1,1913,-1,122,-1,-1,-1,-1,0,0,0,-1,0,0,0,-1,2,0,0,-1,8,0,0,-1,-1,-1,-1,-1,-1,-1,-1,-1,-1,-1,-1,-1,-1,-1,-1,-1,-1,-1,-1,-1,-1,-1,-1,-1,-1,-1,-1,-1,-1,-1,-1
48239,93831,-1,-1,37,-1,-1,-1,-1,-1,-1,1913,-1,122,-1,-1,-1,-1,0,0,0,-1,0,0,0,-1,2,0,0,-1,8,0,0,-1,-1,-1,-1,-1,-1,-1,-1,-1,-1,-1,-1,-1,-1,-1,-1,-1,-1,-1,-1,-1,-1,-1,-1,-1,-1,-1,-1,-1,-1,-1,-1
48240,93831,-1,-1,37,-1,-1,-1,-1,-1,-1,1913,-1,122,-1,-1,-1,-1,0,0,0,-1,0,0,0,-1,2,0,0,-1,8,0,0,-1,-1,-1,-1,-1,-1,-1,-1,-1,-1,-1,-1,-1,-1,-1,-1,-1,-1,-1,-1,-1,-1,-1,-1,-1,-1,-1,-1,-1,-1,-1,-1
48244,-1,-1,-1,-1,-1,-1,-1,-1,-1,-1,150,-1,-1,-1,-1,-1,-1,-1,-1,-1,-1,-1,-1,-1,-1,-1,-1,-1,-1,-1,-1,-1,-1,-1,-1,-1,-1,-1,-1,-1,-1,-1,-1,-1,-1,-1,-1,-1,-1,-1,-1,-1,-1,-1,-1,-1,-1,-1,-1,-1,-1,-1,-1,-1
48245,93831,-1,-1,33,-1,-1,-1,-1,-1,-1,1709,-1,87,-1,-1,-1,-1,0,0,0,-1,0,0,0,-1,2,0,0,-1,8,0,0,-1,-1,-1,-1,-1,-1,-1,-1,-1,-1,-1,-1,-1,-1,-1,-1,-1,-1,-1,-1,-1,-1,-1,-1,-1,-1,-1,-1,-1,-1,-1,-1
48246,93831,-1,-1,33,-1,-1,-1,-1,-1,-1,1709,-1,87,-1,-1,-1,-1,0,0,0,-1,0,0,0,-1,2,0,0,-1,8,0,0,-1,-1,-1,-1,-1,-1,-1,-1,-1,-1,-1,-1,-1,-1,-1,-1,-1,-1,-1,-1,-1,-1,-1,-1,-1,-1,-1,-1,-1,-1,-1,-1
48253,93831,-1,-1,53,-1,-1,-1,-1,-1,-1,2586,-1,443,-1,-1,-1,-1,0,0,0,-1,2,0,0,-1,3,0,0,-1,6,1,0,-1,-1,-1,-1,-1,-1,-1,-1,-1,-1,-1,-1,-1,-1,-1,-1,-1,-1,-1,-1,-1,-1,-1,-1,-1,-1,-1,-1,-1,-1,-1,-1
48255,93831,-1,-1,47,-1,-1,-1,-1,-1,-1,2391,-1,303,-1,-1,-1,-1,0,0,0,-1,1,0,0,-1,2,0,0,-1,6,1,0,-1,-1,-1,-1,-1,-1,-1,-1,-1,-1,-1,-1,-1,-1,-1,-1,-1,-1,-1,-1,-1,-1,-1,-1,-1,-1,-1,-1,-1,-1,-1,-1
48256,93831,-1,-1,47,-1,-1,-1,-1,-1,-1,2391,-1,303,-1,-1,-1,-1,0,0,0,-1,1,0,0,-1,2,0,0,-1,6,1,0,-1,-1,-1,-1,-1,-1,-1,-1,-1,-1,-1,-1,-1,-1,-1,-1,-1,-1,-1,-1,-1,-1,-1,-1,-1,-1,-1,-1,-1,-1,-1,-1
48257,93831,-1,-1,47,-1,-1,-1,-1,-1,-1,2391,-1,303,-1,-1,-1,-1,0,0,0,-1,1,0,0,-1,2,0,0,-1,6,1,0,-1,-1,-1,-1,-1,-1,-1,-1,-1,-1,-1,-1,-1,-1,-1,-1,-1,-1,-1,-1,-1,-1,-1,-1,-1,-1,-1,-1,-1,-1,-1,-1
48258,93831,-1,-1,47,-1,-1,-1,-1,-1,-1,2391,-1,303,-1,-1,-1,-1,0,0,0,-1,1,0,0,-1,2,0,0,-1,6,1,0,-1,-1,-1,-1,-1,-1,-1,-1,-1,-1,-1,-1,-1,-1,-1,-1,-1,-1,-1,-1,-1,-1,-1,-1,-1,-1,-1,-1,-1,-1,-1,-1
48259,93831,-1,-1,47,-1,-1,-1,-1,-1,-1,2391,-1,303,-1,-1,-1,-1,0,0,0,-1,1,0,0,-1,2,0,0,-1,6,1,0,-1,-1,-1,-1,-1,-1,-1,-1,-1,-1,-1,-1,-1,-1,-1,-1,-1,-1,-1,-1,-1,-1,-1,-1,-1,-1,-1,-1,-1,-1,-1,-1
48260,93831,-1,-1,47,-1,-1,-1,-1,-1,-1,2391,-1,303,-1,-1,-1,-1,0,0,0,-1,1,0,0,-1,2,0,0,-1,6,1,0,-1,-1,-1,-1,-1,-1,-1,-1,-1,-1,-1,-1,-1,-1,-1,-1,-1,-1,-1,-1,-1,-1,-1,-1,-1,-1,-1,-1,-1,-1,-1,-1
48261,93831,-1,-1,47,-1,-1,-1,-1,-1,-1,2391,-1,303,-1,-1,-1,-1,0,0,0,-1,1,0,0,-1,2,0,0,-1,6,1,0,-1,-1,-1,-1,-1,-1,-1,-1,-1,-1,-1,-1,-1,-1,-1,-1,-1,-1,-1,-1,-1,-1,-1,-1,-1,-1,-1,-1,-1,-1,-1,-1
48262,93831,-1,-1,47,-1,-1,-1,-1,-1,-1,2391,-1,303,-1,-1,-1,-1,0,0,0,-1,1,0,0,-1,2,0,0,-1,6,1,0,-1,-1,-1,-1,-1,-1,-1,-1,-1,-1,-1,-1,-1,-1,-1,-1,-1,-1,-1,-1,-1,-1,-1,-1,-1,-1,-1,-1,-1,-1,-1,-1
48263,93831,-1,-1,47,-1,-1,-1,-1,-1,-1,2391,-1,303,-1,-1,-1,-1,0,0,0,-1,1,0,0,-1,2,0,0,-1,6,1,0,-1,-1,-1,-1,-1,-1,-1,-1,-1,-1,-1,-1,-1,-1,-1,-1,-1,-1,-1,-1,-1,-1,-1,-1,-1,-1,-1,-1,-1,-1,-1,-1
48265,93831,-1,-1,47,-1,-1,-1,-1,-1,-1,2391,-1,303,-1,-1,-1,-1,0,0,0,-1,1,0,0,-1,2,0,0,-1,6,1,0,-1,-1,-1,-1,-1,-1,-1,-1,-1,-1,-1,-1,-1,-1,-1,-1,-1,-1,-1,-1,-1,-1,-1,-1,-1,-1,-1,-1,-1,-1,-1,-1
48290,93831,-1,-1,40,-1,-1,-1,-1,-1,-1,2248,-1,129,-1,-1,-1,-1,0,0,0,-1,0,0,0,-1,2,0,0,-1,8,0,0,-1,-1,-1,-1,-1,-1,-1,-1,-1,-1,-1,-1,-1,-1,-1,-1,-1,-1,-1,-1,-1,-1,-1,-1,-1,-1,-1,-1,-1,-1,-1,-1
48291,93831,-1,-1,36,-1,-1,-1,-1,-1,-1,2100,-1,123,-1,-1,-1,-1,0,0,0,-1,0,0,0,-1,2,0,0,-1,7,0,0,-1,-1,-1,-1,-1,-1,-1,-1,-1,-1,-1,-1,-1,-1,-1,-1,-1,-1,-1,-1,-1,-1,-1,-1,-1,-1,-1,-1,-1,-1,-1,-1
48293,93831,-1,-1,34,-1,-1,-1,-1,-1,-1,2028,-1,92,-1,-1,-1,-1,0,0,0,-1,0,0,0,-1,2,0,0,-1,7,0,0,-1,-1,-1,-1,-1,-1,-1,-1,-1,-1,-1,-1,-1,-1,-1,-1,-1,-1,-1,-1,-1,-1,-1,-1,-1,-1,-1,-1,-1,-1,-1,-1
48294,93831,-1,-1,33,-1,-1,-1,-1,-1,-1,1961,-1,92,-1,-1,-1,-1,0,0,0,-1,0,0,0,-1,2,0,0,-1,8,0,0,-1,-1,-1,-1,-1,-1,-1,-1,-1,-1,-1,-1,-1,-1,-1,-1,-1,-1,-1,-1,-1,-1,-1,-1,-1,-1,-1,-1,-1,-1,-1,-1
48295,93831,-1,-1,32,-1,-1,-1,-1,-1,-1,1906,-1,105,-1,-1,-1,-1,0,0,0,-1,0,0,0,-1,2,0,0,-1,7,0,0,-1,-1,-1,-1,-1,-1,-1,-1,-1,-1,-1,-1,-1,-1,-1,-1,-1,-1,-1,-1,-1,-1,-1,-1,-1,-1,-1,-1,-1,-1,-1,-1
48307,93831,-1,-1,43,-1,-1,-1,-1,-1,-1,2347,-1,185,-1,-1,-1,-1,0,0,0,-1,1,0,0,-1,2,0,0,-1,7,0,0,-1,-1,-1,-1,-1,-1,-1,-1,-1,-1,-1,-1,-1,-1,-1,-1,-1,-1,-1,-1,-1,-1,-1,-1,-1,-1,-1,-1,-1,-1,-1,-1
48312,93831,-1,-1,37,-1,-1,-1,-1,-1,-1,2110,-1,957,-1,-1,-1,-1,0,0,0,-1,0,0,0,-1,1,0,0,-1,1,0,0,-1,-1,-1,-1,-1,-1,-1,-1,-1,-1,-1,-1,-1,-1,-1,-1,-1,-1,-1,-1,-1,-1,-1,-1,-1,-1,-1,-1,-1,-1,-1,-1
48313,93831,-1,-1,33,-1,-1,-1,-1,-1,-1,1958,-1,155,-1,-1,-1,-1,0,0,0,-1,0,0,0,-1,1,0,0,-1,1,0,0,-1,-1,-1,-1,-1,-1,-1,-1,-1,-1,-1,-1,-1,-1,-1,-1,-1,-1,-1,-1,-1,-1,-1,-1,-1,-1,-1,-1,-1,-1,-1,-1
48318,93831,-1,-1,30,-1,-1,-1,-1,-1,-1,1807,-1,76,-1,-1,-1,-1,0,0,0,-1,0,0,0,-1,2,0,0,-1,9,0,0,-1,-1,-1,-1,-1,-1,-1,-1,-1,-1,-1,-1,-1,-1,-1,-1,-1,-1,-1,-1,-1,-1,-1,-1,-1,-1,-1,-1,-1,-1,-1,-1
48320,93831,-1,-1,29,-1,-1,-1,-1,-1,-1,1771,-1,84,-1,-1,-1,-1,0,0,0,-1,0,0,0,-1,1,0,0,-1,1,0,0,-1,-1,-1,-1,-1,-1,-1,-1,-1,-1,-1,-1,-1,-1,-1,-1,-1,-1,-1,-1,-1,-1,-1,-1,-1,-1,-1,-1,-1,-1,-1,-1
48323,93831,-1,-1,27,-1,-1,-1,-1,-1,-1,1675,-1,66,-1,-1,-1,-1,0,0,0,-1,0,0,0,-1,1,0,0,-1,1,0,0,-1,-1,-1,-1,-1,-1,-1,-1,-1,-1,-1,-1,-1,-1,-1,-1,-1,-1,-1,-1,-1,-1,-1,-1,-1,-1,-1,-1,-1,-1,-1,-1
48324,93831,-1,-1,25,-1,-1,-1,-1,-1,-1,1610,-1,20,-1,-1,-1,-1,0,0,0,-1,0,0,0,-1,1,0,0,-1,1,0,0,-1,-1,-1,-1,-1,-1,-1,-1,-1,-1,-1,-1,-1,-1,-1,-1,-1,-1,-1,-1,-1,-1,-1,-1,-1,-1,-1,-1,-1,-1,-1,-1
48325,93831,-1,-1,25,-1,-1,-1,-1,-1,-1,1610,-1,20,-1,-1,-1,-1,0,0,0,-1,0,0,0,-1,1,0,0,-1,1,0,0,-1,-1,-1,-1,-1,-1,-1,-1,-1,-1,-1,-1,-1,-1,-1,-1,-1,-1,-1,-1,-1,-1,-1,-1,-1,-1,-1,-1,-1,-1,-1,-1
48326,93831,-1,-1,25,-1,-1,-1,-1,-1,-1,1610,-1,20,-1,-1,-1,-1,0,0,0,-1,0,0,0,-1,1,0,0,-1,1,0,0,-1,-1,-1,-1,-1,-1,-1,-1,-1,-1,-1,-1,-1,-1,-1,-1,-1,-1,-1,-1,-1,-1,-1,-1,-1,-1,-1,-1,-1,-1,-1,-1
48327,93831,-1,-1,25,-1,-1,-1,-1,-1,-1,1610,-1,20,-1,-1,-1,-1,0,0,0,-1,0,0,0,-1,1,0,0,-1,1,0,0,-1,-1,-1,-1,-1,-1,-1,-1,-1,-1,-1,-1,-1,-1,-1,-1,-1,-1,-1,-1,-1,-1,-1,-1,-1,-1,-1,-1,-1,-1,-1,-1
48336,93831,-1,-1,45,-1,-1,-1,-1,-1,-1,2360,-1,153,-1,-1,-1,-1,0,0,0,-1,0,0,0,-1,2,0,0,-1,6,0,0,-1,-1,-1,-1,-1,-1,-1,-1,-1,-1,-1,-1,-1,-1,-1,-1,-1,-1,-1,-1,-1,-1,-1,-1,-1,-1,-1,-1,-1,-1,-1,-1
48337,93831,-1,-1,45,-1,-1,-1,-1,-1,-1,2360,-1,153,-1,-1,-1,-1,0,0,0,-1,0,0,0,-1,2,0,0,-1,6,0,0,-1,-1,-1,-1,-1,-1,-1,-1,-1,-1,-1,-1,-1,-1,-1,-1,-1,-1,-1,-1,-1,-1,-1,-1,-1,-1,-1,-1,-1,-1,-1,-1
48341,93831,-1,-1,45,-1,-1,-1,-1,-1,-1,2360,-1,153,-1,-1,-1,-1,0,0,0,-1,0,0,0,-1,2,0,0,-1,6,0,0,-1,-1,-1,-1,-1,-1,-1,-1,-1,-1,-1,-1,-1,-1,-1,-1,-1,-1,-1,-1,-1,-1,-1,-1,-1,-1,-1,-1,-1,-1,-1,-1
48342,93831,-1,-1,37,-1,-1,-1,-1,-1,-1,2131,-1,132,-1,-1,-1,-1,0,0,0,-1,0,0,0,-1,2,0,0,-1,8,0,0,-1,-1,-1,-1,-1,-1,-1,-1,-1,-1,-1,-1,-1,-1,-1,-1,-1,-1,-1,-1,-1,-1,-1,-1,-1,-1,-1,-1,-1,-1,-1,-1
48343,93831,-1,-1,34,-1,-1,-1,-1,-1,-1,2049,-1,111,-1,-1,-1,-1,0,0,0,-1,0,0,0,-1,2,0,0,-1,8,0,0,-1,-1,-1,-1,-1,-1,-1,-1,-1,-1,-1,-1,-1,-1,-1,-1,-1,-1,-1,-1,-1,-1,-1,-1,-1,-1,-1,-1,-1,-1,-1,-1
48346,93831,-1,-1,33,-1,-1,-1,-1,-1,-1,1968,-1,102,-1,-1,-1,-1,0,0,0,-1,0,0,0,-1,2,0,0,-1,8,0,0,-1,-1,-1,-1,-1,-1,-1,-1,-1,-1,-1,-1,-1,-1,-1,-1,-1,-1,-1,-1,-1,-1,-1,-1,-1,-1,-1,-1,-1,-1,-1,-1
48347,93831,-1,-1,31,-1,-1,-1,-1,-1,-1,4691,-1,2909,-1,-1,-1,-1,0,0,0,-1,0,0,0,-1,2,0,0,-1,8,0,0,-1,-1,-1,-1,-1,-1,-1,-1,-1,-1,-1,-1,-1,-1,-1,-1,-1,-1,-1,-1,-1,-1,-1,-1,-1,-1,-1,-1,-1,-1,-1,-1
48348,93831,-1,-1,30,-1,-1,-1,-1,-1,-1,1855,-1,87,-1,-1,-1,-1,0,0,0,-1,0,0,0,-1,2,0,0,-1,8,0,0,-1,-1,-1,-1,-1,-1,-1,-1,-1,-1,-1,-1,-1,-1,-1,-1,-1,-1,-1,-1,-1,-1,-1,-1,-1,-1,-1,-1,-1,-1,-1,-1
48349,93831,-1,-1,29,-1,-1,-1,-1,-1,-1,1806,-1,81,-1,-1,-1,-1,0,0,0,-1,0,0,0,-1,2,0,0,-1,8,0,0,-1,-1,-1,-1,-1,-1,-1,-1,-1,-1,-1,-1,-1,-1,-1,-1,-1,-1,-1,-1,-1,-1,-1,-1,-1,-1,-1,-1,-1,-1,-1,-1
48352,93831,-1,-1,28,-1,-1,-1,-1,-1,-1,1750,-1,70,-1,-1,-1,-1,0,0,0,-1,0,0,0,-1,2,0,0,-1,8,0,0,-1,-1,-1,-1,-1,-1,-1,-1,-1,-1,-1,-1,-1,-1,-1,-1,-1,-1,-1,-1,-1,-1,-1,-1,-1,-1,-1,-1,-1,-1,-1,-1
48356,93831,-1,-1,48,-1,-1,-1,-1,-1,-1,2557,-1,251,-1,-1,-1,-1,0,0,0,-1,1,0,0,-1,3,0,0,-1,11,0,0,-1,-1,-1,-1,-1,-1,-1,-1,-1,-1,-1,-1,-1,-1,-1,-1,-1,-1,-1,-1,-1,-1,-1,-1,-1,-1,-1,-1,-1,-1,-1,-1
48358,93831,-1,-1,36,-1,-1,-1,-1,-1,-1,2121,-1,160,-1,-1,-1,-1,0,0,0,-1,0,0,0,-1,2,0,0,-1,10,0,0,-1,-1,-1,-1,-1,-1,-1,-1,-1,-1,-1,-1,-1,-1,-1,-1,-1,-1,-1,-1,-1,-1,-1,-1,-1,-1,-1,-1,-1,-1,-1,-1
48359,93831,-1,-1,33,-1,-1,-1,-1,-1,-1,2003,-1,117,-1,-1,-1,-1,0,0,0,-1,0,0,0,-1,2,0,0,-1,11,0,0,-1,-1,-1,-1,-1,-1,-1,-1,-1,-1,-1,-1,-1,-1,-1,-1,-1,-1,-1,-1,-1,-1,-1,-1,-1,-1,-1,-1,-1,-1,-1,-1
48366,93831,-1,-1,27,-1,-1,-1,-1,-1,-1,1721,-1,50,-1,-1,-1,-1,0,0,0,-1,0,0,0,-1,1,0,0,-1,1,0,0,-1,-1,-1,-1,-1,-1,-1,-1,-1,-1,-1,-1,-1,-1,-1,-1,-1,-1,-1,-1,-1,-1,-1,-1,-1,-1,-1,-1,-1,-1,-1,-1
48367,93831,-1,-1,26,-1,-1,-1,-1,-1,-1,1663,-1,27,-1,-1,-1,-1,0,0,0,-1,0,0,0,-1,1,0,0,-1,1,0,0,-1,-1,-1,-1,-1,-1,-1,-1,-1,-1,-1,-1,-1,-1,-1,-1,-1,-1,-1,-1,-1,-1,-1,-1,-1,-1,-1,-1,-1,-1,-1,-1
48368,93831,-1,-1,26,-1,-1,-1,-1,-1,-1,1663,-1,27,-1,-1,-1,-1,0,0,0,-1,0,0,0,-1,1,0,0,-1,1,0,0,-1,-1,-1,-1,-1,-1,-1,-1,-1,-1,-1,-1,-1,-1,-1,-1,-1,-1,-1,-1,-1,-1,-1,-1,-1,-1,-1,-1,-1,-1,-1,-1
48369,93831,-1,-1,26,-1,-1,-1,-1,-1,-1,1663,-1,27,-1,-1,-1,-1,0,0,0,-1,0,0,0,-1,1,0,0,-1,1,0,0,-1,-1,-1,-1,-1,-1,-1,-1,-1,-1,-1,-1,-1,-1,-1,-1,-1,-1,-1,-1,-1,-1,-1,-1,-1,-1,-1,-1,-1,-1,-1,-1
48398,93831,-1,-1,48,-1,-1,-1,-1,-1,-1,2481,-1,31,-1,-1,-1,-1,0,0,0,-1,1,0,0,-1,2,0,0,-1,50,0,0,-1,-1,-1,-1,-1,-1,-1,-1,-1,-1,-1,-1,-1,-1,-1,-1,-1,-1,-1,-1,-1,-1,-1,-1,-1,-1,-1,-1,-1,-1,-1,-1
48409,93831,-1,-1,39,-1,-1,-1,-1,-1,-1,2153,-1,37,-1,-1,-1,-1,0,0,0,-1,0,0,0,-1,1,0,0,-1,2,0,0,-1,-1,-1,-1,-1,-1,-1,-1,-1,-1,-1,-1,-1,-1,-1,-1,-1,-1,-1,-1,-1,-1,-1,-1,-1,-1,-1,-1,-1,-1,-1,-1
48410,93831,-1,-1,39,-1,-1,-1,-1,-1,-1,2153,-1,37,-1,-1,-1,-1,0,0,0,-1,0,0,0,-1,1,0,0,-1,2,0,0,-1,-1,-1,-1,-1,-1,-1,-1,-1,-1,-1,-1,-1,-1,-1,-1,-1,-1,-1,-1,-1,-1,-1,-1,-1,-1,-1,-1,-1,-1,-1,-1
48412,93831,-1,-1,39,-1,-1,-1,-1,-1,-1,2153,-1,37,-1,-1,-1,-1,0,0,0,-1,0,0,0,-1,1,0,0,-1,2,0,0,-1,-1,-1,-1,-1,-1,-1,-1,-1,-1,-1,-1,-1,-1,-1,-1,-1,-1,-1,-1,-1,-1,-1,-1,-1,-1,-1,-1,-1,-1,-1,-1
48416,93831,-1,-1,39,-1,-1,-1,-1,-1,-1,2153,-1,37,-1,-1,-1,-1,0,0,0,-1,0,0,0,-1,1,0,0,-1,2,0,0,-1,-1,-1,-1,-1,-1,-1,-1,-1,-1,-1,-1,-1,-1,-1,-1,-1,-1,-1,-1,-1,-1,-1,-1,-1,-1,-1,-1,-1,-1,-1,-1
48417,93831,-1,-1,39,-1,-1,-1,-1,-1,-1,2153,-1,37,-1,-1,-1,-1,0,0,0,-1,0,0,0,-1,1,0,0,-1,2,0,0,-1,-1,-1,-1,-1,-1,-1,-1,-1,-1,-1,-1,-1,-1,-1,-1,-1,-1,-1,-1,-1,-1,-1,-1,-1,-1,-1,-1,-1,-1,-1,-1
48418,93831,-1,-1,39,-1,-1,-1,-1,-1,-1,2153,-1,37,-1,-1,-1,-1,0,0,0,-1,0,0,0,-1,1,0,0,-1,2,0,0,-1,-1,-1,-1,-1,-1,-1,-1,-1,-1,-1,-1,-1,-1,-1,-1,-1,-1,-1,-1,-1,-1,-1,-1,-1,-1,-1,-1,-1,-1,-1,-1
48421,93831,-1,-1,26,-1,-1,-1,-1,-1,-1,1694,-1,22,-1,-1,-1,-1,0,0,0,-1,0,0,0,-1,1,0,0,-1,2,0,0,-1,-1,-1,-1,-1,-1,-1,-1,-1,-1,-1,-1,-1,-1,-1,-1,-1,-1,-1,-1,-1,-1,-1,-1,-1,-1,-1,-1,-1,-1,-1,-1
48423,93831,-1,-1,26,-1,-1,-1,-1,-1,-1,1694,-1,22,-1,-1,-1,-1,0,0,0,-1,0,0,0,-1,1,0,0,-1,2,0,0,-1,-1,-1,-1,-1,-1,-1,-1,-1,-1,-1,-1,-1,-1,-1,-1,-1,-1,-1,-1,-1,-1,-1,-1,-1,-1,-1,-1,-1,-1,-1,-1
48455,93831,-1,-1,59,-1,-1,-1,-1,-1,-1,2814,-1,56,-1,-1,-1,-1,0,0,0,-1,1,0,0,-1,2,0,0,-1,4,0,0,-1,-1,-1,-1,-1,-1,-1,-1,-1,-1,-1,-1,-1,-1,-1,-1,-1,-1,-1,-1,-1,-1,-1,-1,-1,-1,-1,-1,-1,-1,-1,-1
48456,93831,-1,-1,52,-1,-1,-1,-1,-1,-1,2609,-1,48,-1,-1,-1,-1,0,0,0,-1,1,0,0,-1,2,0,0,-1,3,0,0,-1,-1,-1,-1,-1,-1,-1,-1,-1,-1,-1,-1,-1,-1,-1,-1,-1,-1,-1,-1,-1,-1,-1,-1,-1,-1,-1,-1,-1,-1,-1,-1
48461,93831,-1,-1,47,-1,-1,-1,-1,-1,-1,2421,-1,44,-1,-1,-1,-1,0,0,0,-1,0,0,0,-1,2,0,0,-1,3,0,0,-1,-1,-1,-1,-1,-1,-1,-1,-1,-1,-1,-1,-1,-1,-1,-1,-1,-1,-1,-1,-1,-1,-1,-1,-1,-1,-1,-1,-1,-1,-1,-1
48462,93831,-1,-1,47,-1,-1,-1,-1,-1,-1,2421,-1,44,-1,-1,-1,-1,0,0,0,-1,0,0,0,-1,2,0,0,-1,3,0,0,-1,-1,-1,-1,-1,-1,-1,-1,-1,-1,-1,-1,-1,-1,-1,-1,-1,-1,-1,-1,-1,-1,-1,-1,-1,-1,-1,-1,-1,-1,-1,-1
48463,93831,-1,-1,39,-1,-1,-1,-1,-1,-1,2137,-1,25,-1,-1,-1,-1,0,0,0,-1,0,0,0,-1,1,0,0,-1,11,0,0,-1,-1,-1,-1,-1,-1,-1,-1,-1,-1,-1,-1,-1,-1,-1,-1,-1,-1,-1,-1,-1,-1,-1,-1,-1,-1,-1,-1,-1,-1,-1,-1
48469,93831,-1,-1,33,-1,-1,-1,-1,-1,-1,1951,-1,21,-1,-1,-1,-1,0,0,0,-1,0,0,0,-1,1,0,0,-1,10,0,0,-1,-1,-1,-1,-1,-1,-1,-1,-1,-1,-1,-1,-1,-1,-1,-1,-1,-1,-1,-1,-1,-1,-1,-1,-1,-1,-1,-1,-1,-1,-1,-1
48471,93831,-1,-1,32,-1,-1,-1,-1,-1,-1,1860,-1,20,-1,-1,-1,-1,0,0,0,-1,0,0,0,-1,1,0,0,-1,9,0,0,-1,-1,-1,-1,-1,-1,-1,-1,-1,-1,-1,-1,-1,-1,-1,-1,-1,-1,-1,-1,-1,-1,-1,-1,-1,-1,-1,-1,-1,-1,-1,-1
48510,93831,-1,-1,70,-1,-1,-1,-1,-1,-1,3092,-1,73,-1,-1,-1,-1,0,0,0,-1,0,0,0,-1,2,0,0,-1,17,0,0,-1,-1,-1,-1,-1,-1,-1,-1,-1,-1,-1,-1,-1,-1,-1,-1,-1,-1,-1,-1,-1,-1,-1,-1,-1,-1,-1,-1,-1,-1,-1,-1
48511,93831,-1,-1,70,-1,-1,-1,-1,-1,-1,3092,-1,73,-1,-1,-1,-1,0,0,0,-1,0,0,0,-1,2,0,0,-1,17,0,0,-1,-1,-1,-1,-1,-1,-1,-1,-1,-1,-1,-1,-1,-1,-1,-1,-1,-1,-1,-1,-1,-1,-1,-1,-1,-1,-1,-1,-1,-1,-1,-1
48512,93831,-1,-1,70,-1,-1,-1,-1,-1,-1,3092,-1,73,-1,-1,-1,-1,0,0,0,-1,0,0,0,-1,2,0,0,-1,17,0,0,-1,-1,-1,-1,-1,-1,-1,-1,-1,-1,-1,-1,-1,-1,-1,-1,-1,-1,-1,-1,-1,-1,-1,-1,-1,-1,-1,-1,-1,-1,-1,-1
48513,93831,-1,-1,70,-1,-1,-1,-1,-1,-1,3092,-1,73,-1,-1,-1,-1,0,0,0,-1,0,0,0,-1,2,0,0,-1,17,0,0,-1,-1,-1,-1,-1,-1,-1,-1,-1,-1,-1,-1,-1,-1,-1,-1,-1,-1,-1,-1,-1,-1,-1,-1,-1,-1,-1,-1,-1,-1,-1,-1
48514,93831,-1,-1,70,-1,-1,-1,-1,-1,-1,3092,-1,73,-1,-1,-1,-1,0,0,0,-1,0,0,0,-1,2,0,0,-1,17,0,0,-1,-1,-1,-1,-1,-1,-1,-1,-1,-1,-1,-1,-1,-1,-1,-1,-1,-1,-1,-1,-1,-1,-1,-1,-1,-1,-1,-1,-1,-1,-1,-1
48516,93831,-1,-1,70,-1,-1,-1,-1,-1,-1,3092,-1,73,-1,-1,-1,-1,0,0,0,-1,0,0,0,-1,2,0,0,-1,17,0,0,-1,-1,-1,-1,-1,-1,-1,-1,-1,-1,-1,-1,-1,-1,-1,-1,-1,-1,-1,-1,-1,-1,-1,-1,-1,-1,-1,-1,-1,-1,-1,-1
48518,93831,-1,-1,45,-1,-1,-1,-1,-1,-1,2461,-1,43,-1,-1,-1,-1,0,0,0,-1,0,0,0,-1,2,0,0,-1,13,0,0,-1,-1,-1,-1,-1,-1,-1,-1,-1,-1,-1,-1,-1,-1,-1,-1,-1,-1,-1,-1,-1,-1,-1,-1,-1,-1,-1,-1,-1,-1,-1,-1
48519,93831,-1,-1,45,-1,-1,-1,-1,-1,-1,2461,-1,43,-1,-1,-1,-1,0,0,0,-1,0,0,0,-1,2,0,0,-1,13,0,0,-1,-1,-1,-1,-1,-1,-1,-1,-1,-1,-1,-1,-1,-1,-1,-1,-1,-1,-1,-1,-1,-1,-1,-1,-1,-1,-1,-1,-1,-1,-1,-1
48520,93831,-1,-1,45,-1,-1,-1,-1,-1,-1,2461,-1,43,-1,-1,-1,-1,0,0,0,-1,0,0,0,-1,2,0,0,-1,13,0,0,-1,-1,-1,-1,-1,-1,-1,-1,-1,-1,-1,-1,-1,-1,-1,-1,-1,-1,-1,-1,-1,-1,-1,-1,-1,-1,-1,-1,-1,-1,-1,-1
48521,93831,-1,-1,45,-1,-1,-1,-1,-1,-1,2461,-1,43,-1,-1,-1,-1,0,0,0,-1,0,0,0,-1,2,0,0,-1,13,0,0,-1,-1,-1,-1,-1,-1,-1,-1,-1,-1,-1,-1,-1,-1,-1,-1,-1,-1,-1,-1,-1,-1,-1,-1,-1,-1,-1,-1,-1,-1,-1,-1
48522,93831,-1,-1,45,-1,-1,-1,-1,-1,-1,2461,-1,43,-1,-1,-1,-1,0,0,0,-1,0,0,0,-1,2,0,0,-1,13,0,0,-1,-1,-1,-1,-1,-1,-1,-1,-1,-1,-1,-1,-1,-1,-1,-1,-1,-1,-1,-1,-1,-1,-1,-1,-1,-1,-1,-1,-1,-1,-1,-1
48527,93831,-1,-1,45,-1,-1,-1,-1,-1,-1,2461,-1,43,-1,-1,-1,-1,0,0,0,-1,0,0,0,-1,2,0,0,-1,13,0,0,-1,-1,-1,-1,-1,-1,-1,-1,-1,-1,-1,-1,-1,-1,-1,-1,-1,-1,-1,-1,-1,-1,-1,-1,-1,-1,-1,-1,-1,-1,-1,-1
48529,93831,-1,-1,45,-1,-1,-1,-1,-1,-1,2461,-1,43,-1,-1,-1,-1,0,0,0,-1,0,0,0,-1,2,0,0,-1,13,0,0,-1,-1,-1,-1,-1,-1,-1,-1,-1,-1,-1,-1,-1,-1,-1,-1,-1,-1,-1,-1,-1,-1,-1,-1,-1,-1,-1,-1,-1,-1,-1,-1
48530,93831,-1,-1,45,-1,-1,-1,-1,-1,-1,2461,-1,43,-1,-1,-1,-1,0,0,0,-1,0,0,0,-1,2,0,0,-1,13,0,0,-1,-1,-1,-1,-1,-1,-1,-1,-1,-1,-1,-1,-1,-1,-1,-1,-1,-1,-1,-1,-1,-1,-1,-1,-1,-1,-1,-1,-1,-1,-1,-1
48531,93831,-1,-1,45,-1,-1,-1,-1,-1,-1,2461,-1,43,-1,-1,-1,-1,0,0,0,-1,0,0,0,-1,2,0,0,-1,13,0,0,-1,-1,-1,-1,-1,-1,-1,-1,-1,-1,-1,-1,-1,-1,-1,-1,-1,-1,-1,-1,-1,-1,-1,-1,-1,-1,-1,-1,-1,-1,-1,-1
48532,93831,-1,-1,45,-1,-1,-1,-1,-1,-1,2461,-1,43,-1,-1,-1,-1,0,0,0,-1,0,0,0,-1,2,0,0,-1,13,0,0,-1,-1,-1,-1,-1,-1,-1,-1,-1,-1,-1,-1,-1,-1,-1,-1,-1,-1,-1,-1,-1,-1,-1,-1,-1,-1,-1,-1,-1,-1,-1,-1
48533,93831,-1,-1,45,-1,-1,-1,-1,-1,-1,2461,-1,43,-1,-1,-1,-1,0,0,0,-1,0,0,0,-1,2,0,0,-1,13,0,0,-1,-1,-1,-1,-1,-1,-1,-1,-1,-1,-1,-1,-1,-1,-1,-1,-1,-1,-1,-1,-1,-1,-1,-1,-1,-1,-1,-1,-1,-1,-1,-1
48635,93831,-1,-1,54,-1,-1,-1,-1,-1,-1,2678,-1,70,-1,-1,-1,-1,0,0,0,-1,0,0,0,-1,2,0,0,-1,16,0,0,-1,-1,-1,-1,-1,-1,-1,-1,-1,-1,-1,-1,-1,-1,-1,-1,-1,-1,-1,-1,-1,-1,-1,-1,-1,-1,-1,-1,-1,-1,-1,-1
48636,93831,-1,-1,54,-1,-1,-1,-1,-1,-1,2678,-1,70,-1,-1,-1,-1,0,0,0,-1,0,0,0,-1,2,0,0,-1,16,0,0,-1,-1,-1,-1,-1,-1,-1,-1,-1,-1,-1,-1,-1,-1,-1,-1,-1,-1,-1,-1,-1,-1,-1,-1,-1,-1,-1,-1,-1,-1,-1,-1
48639,93831,-1,-1,54,-1,-1,-1,-1,-1,-1,2678,-1,70,-1,-1,-1,-1,0,0,0,-1,0,0,0,-1,2,0,0,-1,16,0,0,-1,-1,-1,-1,-1,-1,-1,-1,-1,-1,-1,-1,-1,-1,-1,-1,-1,-1,-1,-1,-1,-1,-1,-1,-1,-1,-1,-1,-1,-1,-1,-1
48640,93831,-1,-1,54,-1,-1,-1,-1,-1,-1,2678,-1,70,-1,-1,-1,-1,0,0,0,-1,0,0,0,-1,2,0,0,-1,16,0,0,-1,-1,-1,-1,-1,-1,-1,-1,-1,-1,-1,-1,-1,-1,-1,-1,-1,-1,-1,-1,-1,-1,-1,-1,-1,-1,-1,-1,-1,-1,-1,-1
48645,93831,-1,-1,54,-1,-1,-1,-1,-1,-1,2678,-1,70,-1,-1,-1,-1,0,0,0,-1,0,0,0,-1,2,0,0,-1,16,0,0,-1,-1,-1,-1,-1,-1,-1,-1,-1,-1,-1,-1,-1,-1,-1,-1,-1,-1,-1,-1,-1,-1,-1,-1,-1,-1,-1,-1,-1,-1,-1,-1
48656,93831,-1,-1,54,-1,-1,-1,-1,-1,-1,2678,-1,70,-1,-1,-1,-1,0,0,0,-1,0,0,0,-1,2,0,0,-1,16,0,0,-1,-1,-1,-1,-1,-1,-1,-1,-1,-1,-1,-1,-1,-1,-1,-1,-1,-1,-1,-1,-1,-1,-1,-1,-1,-1,-1,-1,-1,-1,-1,-1
48657,93831,-1,-1,54,-1,-1,-1,-1,-1,-1,2678,-1,70,-1,-1,-1,-1,0,0,0,-1,0,0,0,-1,2,0,0,-1,16,0,0,-1,-1,-1,-1,-1,-1,-1,-1,-1,-1,-1,-1,-1,-1,-1,-1,-1,-1,-1,-1,-1,-1,-1,-1,-1,-1,-1,-1,-1,-1,-1,-1
48658,93831,-1,-1,54,-1,-1,-1,-1,-1,-1,2678,-1,70,-1,-1,-1,-1,0,0,0,-1,0,0,0,-1,2,0,0,-1,16,0,0,-1,-1,-1,-1,-1,-1,-1,-1,-1,-1,-1,-1,-1,-1,-1,-1,-1,-1,-1,-1,-1,-1,-1,-1,-1,-1,-1,-1,-1,-1,-1,-1
48660,93831,-1,-1,54,-1,-1,-1,-1,-1,-1,2678,-1,70,-1,-1,-1,-1,0,0,0,-1,0,0,0,-1,2,0,0,-1,16,0,0,-1,-1,-1,-1,-1,-1,-1,-1,-1,-1,-1,-1,-1,-1,-1,-1,-1,-1,-1,-1,-1,-1,-1,-1,-1,-1,-1,-1,-1,-1,-1,-1
48701,93831,-1,-1,86,-1,-1,-1,-1,-1,-1,3350,-1,120,-1,-1,-1,-1,0,0,0,-1,1,0,0,-1,3,0,0,-1,21,0,0,-1,-1,-1,-1,-1,-1,-1,-1,-1,-1,-1,-1,-1,-1,-1,-1,-1,-1,-1,-1,-1,-1,-1,-1,-1,-1,-1,-1,-1,-1,-1,-1
48706,93831,-1,-1,112,-1,-1,-1,-1,-1,-1,4198,-1,188,-1,-1,-1,-1,1,0,0,-1,1,0,0,-1,3,0,0,-1,26,0,0,-1,-1,-1,-1,-1,-1,-1,-1,-1,-1,-1,-1,-1,-1,-1,-1,-1,-1,-1,-1,-1,-1,-1,-1,-1,-1,-1,-1,-1,-1,-1,-1
48720,93831,-1,-1,63,-1,-1,-1,-1,-1,-1,2795,-1,57,-1,-1,-1,-1,0,0,0,-1,0,0,0,-1,2,0,0,-1,16,0,0,-1,-1,-1,-1,-1,-1,-1,-1,-1,-1,-1,-1,-1,-1,-1,-1,-1,-1,-1,-1,-1,-1,-1,-1,-1,-1,-1,-1,-1,-1,-1,-1
48721,93831,-1,-1,52,-1,-1,-1,-1,-1,-1,2413,-1,41,-1,-1,-1,-1,0,0,0,-1,0,0,0,-1,2,0,0,-1,14,0,0,-1,-1,-1,-1,-1,-1,-1,-1,-1,-1,-1,-1,-1,-1,-1,-1,-1,-1,-1,-1,-1,-1,-1,-1,-1,-1,-1,-1,-1,-1,-1,-1
48722,93831,-1,-1,52,-1,-1,-1,-1,-1,-1,2413,-1,41,-1,-1,-1,-1,0,0,0,-1,0,0,0,-1,2,0,0,-1,14,0,0,-1,-1,-1,-1,-1,-1,-1,-1,-1,-1,-1,-1,-1,-1,-1,-1,-1,-1,-1,-1,-1,-1,-1,-1,-1,-1,-1,-1,-1,-1,-1,-1
48725,93831,-1,-1,52,-1,-1,-1,-1,-1,-1,2413,-1,41,-1,-1,-1,-1,0,0,0,-1,0,0,0,-1,2,0,0,-1,14,0,0,-1,-1,-1,-1,-1,-1,-1,-1,-1,-1,-1,-1,-1,-1,-1,-1,-1,-1,-1,-1,-1,-1,-1,-1,-1,-1,-1,-1,-1,-1,-1,-1
48726,93831,-1,-1,52,-1,-1,-1,-1,-1,-1,2413,-1,41,-1,-1,-1,-1,0,0,0,-1,0,0,0,-1,2,0,0,-1,14,0,0,-1,-1,-1,-1,-1,-1,-1,-1,-1,-1,-1,-1,-1,-1,-1,-1,-1,-1,-1,-1,-1,-1,-1,-1,-1,-1,-1,-1,-1,-1,-1,-1
48727,93831,-1,-1,52,-1,-1,-1,-1,-1,-1,2413,-1,41,-1,-1,-1,-1,0,0,0,-1,0,0,0,-1,2,0,0,-1,14,0,0,-1,-1,-1,-1,-1,-1,-1,-1,-1,-1,-1,-1,-1,-1,-1,-1,-1,-1,-1,-1,-1,-1,-1,-1,-1,-1,-1,-1,-1,-1,-1,-1
48731,93831,-1,-1,109,-1,-1,-1,-1,-1,-1,3962,-1,144,-1,-1,-1,-1,1,0,0,-1,1,0,0,-1,3,0,0,-1,25,0,0,-1,-1,-1,-1,-1,-1,-1,-1,-1,-1,-1,-1,-1,-1,-1,-1,-1,-1,-1,-1,-1,-1,-1,-1,-1,-1,-1,-1,-1,-1,-1,-1
48732,93831,-1,-1,88,-1,-1,-1,-1,-1,-1,3461,-1,84,-1,-1,-1,-1,0,0,0,-1,1,0,0,-1,3,0,0,-1,20,0,0,-1,-1,-1,-1,-1,-1,-1,-1,-1,-1,-1,-1,-1,-1,-1,-1,-1,-1,-1,-1,-1,-1,-1,-1,-1,-1,-1,-1,-1,-1,-1,-1
48734,93831,-1,-1,79,-1,-1,-1,-1,-1,-1,1615,-1,48,-1,-1,-1,-1,0,0,0,-1,0,0,0,-1,7,0,0,-1,9,0,0,-1,-1,-1,-1,-1,-1,-1,-1,-1,-1,-1,-1,-1,-1,-1,-1,-1,-1,-1,-1,-1,-1,-1,-1,-1,-1,-1,-1,-1,-1,-1,-1
48735,93831,-1,-1,66,-1,-1,-1,-1,-1,-1,1444,-1,33,-1,-1,-1,-1,0,0,0,-1,0,0,0,-1,6,0,0,-1,8,0,0,-1,-1,-1,-1,-1,-1,-1,-1,-1,-1,-1,-1,-1,-1,-1,-1,-1,-1,-1,-1,-1,-1,-1,-1,-1,-1,-1,-1,-1,-1,-1,-1
48742,93831,-1,-1,54,-1,-1,-1,-1,-1,-1,1236,-1,22,-1,-1,-1,-1,0,0,0,-1,0,0,0,-1,5,0,0,-1,7,0,0,-1,-1,-1,-1,-1,-1,-1,-1,-1,-1,-1,-1,-1,-1,-1,-1,-1,-1,-1,-1,-1,-1,-1,-1,-1,-1,-1,-1,-1,-1,-1,-1
48743,93831,-1,-1,47,-1,-1,-1,-1,-1,-1,1123,-1,24,-1,-1,-1,-1,0,0,0,-1,0,0,0,-1,4,0,0,-1,6,0,0,-1,-1,-1,-1,-1,-1,-1,-1,-1,-1,-1,-1,-1,-1,-1,-1,-1,-1,-1,-1,-1,-1,-1,-1,-1,-1,-1,-1,-1,-1,-1,-1
48745,93831,-1,-1,44,-1,-1,-1,-1,-1,-1,1075,-1,23,-1,-1,-1,-1,0,0,0,-1,0,0,0,-1,4,0,0,-1,6,0,0,-1,-1,-1,-1,-1,-1,-1,-1,-1,-1,-1,-1,-1,-1,-1,-1,-1,-1,-1,-1,-1,-1,-1,-1,-1,-1,-1,-1,-1,-1,-1,-1
48746,93831,-1,-1,43,-1,-1,-1,-1,-1,-1,1058,-1,22,-1,-1,-1,-1,0,0,0,-1,0,0,0,-1,4,0,0,-1,6,0,0,-1,-1,-1,-1,-1,-1,-1,-1,-1,-1,-1,-1,-1,-1,-1,-1,-1,-1,-1,-1,-1,-1,-1,-1,-1,-1,-1,-1,-1,-1,-1,-1
48801,93831,-1,-1,83,-1,-1,-1,-1,-1,-1,1614,-1,82,-1,-1,-1,-1,0,0,0,-1,0,0,0,-1,7,0,0,-1,11,0,0,-1,-1,-1,-1,-1,-1,-1,-1,-1,-1,-1,-1,-1,-1,-1,-1,-1,-1,-1,-1,-1,-1,-1,-1,-1,-1,-1,-1,-1,-1,-1,-1
48803,93831,-1,-1,62,-1,-1,-1,-1,-1,-1,1311,-1,42,-1,-1,-1,-1,0,0,0,-1,0,0,0,-1,5,0,0,-1,8,0,0,-1,-1,-1,-1,-1,-1,-1,-1,-1,-1,-1,-1,-1,-1,-1,-1,-1,-1,-1,-1,-1,-1,-1,-1,-1,-1,-1,-1,-1,-1,-1,-1
48805,93831,-1,-1,62,-1,-1,-1,-1,-1,-1,1311,-1,42,-1,-1,-1,-1,0,0,0,-1,0,0,0,-1,5,0,0,-1,8,0,0,-1,-1,-1,-1,-1,-1,-1,-1,-1,-1,-1,-1,-1,-1,-1,-1,-1,-1,-1,-1,-1,-1,-1,-1,-1,-1,-1,-1,-1,-1,-1,-1
48806,93831,-1,-1,62,-1,-1,-1,-1,-1,-1,1311,-1,42,-1,-1,-1,-1,0,0,0,-1,0,0,0,-1,5,0,0,-1,8,0,0,-1,-1,-1,-1,-1,-1,-1,-1,-1,-1,-1,-1,-1,-1,-1,-1,-1,-1,-1,-1,-1,-1,-1,-1,-1,-1,-1,-1,-1,-1,-1,-1
48807,93831,-1,-1,62,-1,-1,-1,-1,-1,-1,1311,-1,42,-1,-1,-1,-1,0,0,0,-1,0,0,0,-1,5,0,0,-1,8,0,0,-1,-1,-1,-1,-1,-1,-1,-1,-1,-1,-1,-1,-1,-1,-1,-1,-1,-1,-1,-1,-1,-1,-1,-1,-1,-1,-1,-1,-1,-1,-1,-1
48810,93831,-1,-1,62,-1,-1,-1,-1,-1,-1,1311,-1,42,-1,-1,-1,-1,0,0,0,-1,0,0,0,-1,5,0,0,-1,8,0,0,-1,-1,-1,-1,-1,-1,-1,-1,-1,-1,-1,-1,-1,-1,-1,-1,-1,-1,-1,-1,-1,-1,-1,-1,-1,-1,-1,-1,-1,-1,-1,-1
48812,93831,-1,-1,62,-1,-1,-1,-1,-1,-1,1311,-1,42,-1,-1,-1,-1,0,0,0,-1,0,0,0,-1,5,0,0,-1,8,0,0,-1,-1,-1,-1,-1,-1,-1,-1,-1,-1,-1,-1,-1,-1,-1,-1,-1,-1,-1,-1,-1,-1,-1,-1,-1,-1,-1,-1,-1,-1,-1,-1
48813,93831,-1,-1,62,-1,-1,-1,-1,-1,-1,1311,-1,42,-1,-1,-1,-1,0,0,0,-1,0,0,0,-1,5,0,0,-1,8,0,0,-1,-1,-1,-1,-1,-1,-1,-1,-1,-1,-1,-1,-1,-1,-1,-1,-1,-1,-1,-1,-1,-1,-1,-1,-1,-1,-1,-1,-1,-1,-1,-1
48814,93831,-1,-1,62,-1,-1,-1,-1,-1,-1,1311,-1,42,-1,-1,-1,-1,0,0,0,-1,0,0,0,-1,5,0,0,-1,8,0,0,-1,-1,-1,-1,-1,-1,-1,-1,-1,-1,-1,-1,-1,-1,-1,-1,-1,-1,-1,-1,-1,-1,-1,-1,-1,-1,-1,-1,-1,-1,-1,-1
48824,93831,-1,-1,86,-1,-1,-1,-1,-1,-1,1902,-1,89,-1,-1,-1,-1,0,0,0,-1,0,0,0,-1,7,0,0,-1,10,0,0,-1,-1,-1,-1,-1,-1,-1,-1,-1,-1,-1,-1,-1,-1,-1,-1,-1,-1,-1,-1,-1,-1,-1,-1,-1,-1,-1,-1,-1,-1,-1,-1
48826,93831,-1,-1,71,-1,-1,-1,-1,-1,-1,933,-1,33,-1,-1,-1,-1,0,0,0,-1,0,0,0,-1,4,0,0,-1,9,0,0,-1,-1,-1,-1,-1,-1,-1,-1,-1,-1,-1,-1,-1,-1,-1,-1,-1,-1,-1,-1,-1,-1,-1,-1,-1,-1,-1,-1,-1,-1,-1,-1
48828,93831,-1,-1,57,-1,-1,-1,-1,-1,-1,1314,-1,38,-1,-1,-1,-1,0,0,0,-1,0,0,0,-1,5,0,0,-1,7,0,0,-1,-1,-1,-1,-1,-1,-1,-1,-1,-1,-1,-1,-1,-1,-1,-1,-1,-1,-1,-1,-1,-1,-1,-1,-1,-1,-1,-1,-1,-1,-1,-1
48829,93831,-1,-1,48,-1,-1,-1,-1,-1,-1,1138,-1,29,-1,-1,-1,-1,0,0,0,-1,0,0,0,-1,4,0,0,-1,6,0,0,-1,-1,-1,-1,-1,-1,-1,-1,-1,-1,-1,-1,-1,-1,-1,-1,-1,-1,-1,-1,-1,-1,-1,-1,-1,-1,-1,-1,-1,-1,-1,-1
48832,93831,-1,-1,44,-1,-1,-1,-1,-1,-1,1075,-1,50,-1,-1,-1,-1,0,0,0,-1,0,0,0,-1,4,0,0,-1,6,0,0,-1,-1,-1,-1,-1,-1,-1,-1,-1,-1,-1,-1,-1,-1,-1,-1,-1,-1,-1,-1,-1,-1,-1,-1,-1,-1,-1,-1,-1,-1,-1,-1
48836,93831,-1,-1,37,-1,-1,-1,-1,-1,-1,932,-1,21,-1,-1,-1,-1,0,0,0,-1,0,0,0,-1,3,0,0,-1,5,0,0,-1,-1,-1,-1,-1,-1,-1,-1,-1,-1,-1,-1,-1,-1,-1,-1,-1,-1,-1,-1,-1,-1,-1,-1,-1,-1,-1,-1,-1,-1,-1,-1
48838,93831,-1,-1,33,-1,-1,-1,-1,-1,-1,854,-1,21,-1,-1,-1,-1,0,0,0,-1,0,0,0,-1,3,0,0,-1,5,0,0,-1,-1,-1,-1,-1,-1,-1,-1,-1,-1,-1,-1,-1,-1,-1,-1,-1,-1,-1,-1,-1,-1,-1,-1,-1,-1,-1,-1,-1,-1,-1,-1
48839,93831,-1,-1,33,-1,-1,-1,-1,-1,-1,854,-1,21,-1,-1,-1,-1,0,0,0,-1,0,0,0,-1,3,0,0,-1,5,0,0,-1,-1,-1,-1,-1,-1,-1,-1,-1,-1,-1,-1,-1,-1,-1,-1,-1,-1,-1,-1,-1,-1,-1,-1,-1,-1,-1,-1,-1,-1,-1,-1
48863,93831,-1,-1,78,-1,-1,-1,-1,-1,-1,1601,-1,75,-1,-1,-1,-1,0,0,0,-1,0,0,0,-1,7,0,0,-1,9,0,0,-1,-1,-1,-1,-1,-1,-1,-1,-1,-1,-1,-1,-1,-1,-1,-1,-1,-1,-1,-1,-1,-1,-1,-1,-1,-1,-1,-1,-1,-1,-1,-1
48864,93831,-1,-1,78,-1,-1,-1,-1,-1,-1,1601,-1,75,-1,-1,-1,-1,0,0,0,-1,0,0,0,-1,7,0,0,-1,9,0,0,-1,-1,-1,-1,-1,-1,-1,-1,-1,-1,-1,-1,-1,-1,-1,-1,-1,-1,-1,-1,-1,-1,-1,-1,-1,-1,-1,-1,-1,-1,-1,-1
48865,93831,-1,-1,78,-1,-1,-1,-1,-1,-1,1601,-1,75,-1,-1,-1,-1,0,0,0,-1,0,0,0,-1,7,0,0,-1,9,0,0,-1,-1,-1,-1,-1,-1,-1,-1,-1,-1,-1,-1,-1,-1,-1,-1,-1,-1,-1,-1,-1,-1,-1,-1,-1,-1,-1,-1,-1,-1,-1,-1
48867,93831,-1,-1,54,-1,-1,-1,-1,-1,-1,1270,-1,44,-1,-1,-1,-1,0,0,0,-1,0,0,0,-1,5,0,0,-1,7,0,0,-1,-1,-1,-1,-1,-1,-1,-1,-1,-1,-1,-1,-1,-1,-1,-1,-1,-1,-1,-1,-1,-1,-1,-1,-1,-1,-1,-1,-1,-1,-1,-1
48883,93831,-1,-1,101,-1,-1,-1,-1,-1,-1,1870,-1,113,-1,-1,-1,-1,0,0,0,-1,0,0,0,-1,9,0,0,-1,12,0,0,-1,-1,-1,-1,-1,-1,-1,-1,-1,-1,-1,-1,-1,-1,-1,-1,-1,-1,-1,-1,-1,-1,-1,-1,-1,-1,-1,-1,-1,-1,-1,-1
48885,93831,-1,-1,101,-1,-1,-1,-1,-1,-1,1870,-1,113,-1,-1,-1,-1,0,0,0,-1,0,0,0,-1,9,0,0,-1,12,0,0,-1,-1,-1,-1,-1,-1,-1,-1,-1,-1,-1,-1,-1,-1,-1,-1,-1,-1,-1,-1,-1,-1,-1,-1,-1,-1,-1,-1,-1,-1,-1,-1
48888,93831,-1,-1,84,-1,-1,-1,-1,-1,-1,1682,-1,73,-1,-1,-1,-1,0,0,0,-1,0,0,0,-1,7,0,0,-1,10,0,0,-1,-1,-1,-1,-1,-1,-1,-1,-1,-1,-1,-1,-1,-1,-1,-1,-1,-1,-1,-1,-1,-1,-1,-1,-1,-1,-1,-1,-1,-1,-1,-1
48891,93831,-1,-1,58,-1,-1,-1,-1,-1,-1,1322,-1,43,-1,-1,-1,-1,0,0,0,-1,0,0,0,-1,5,0,0,-1,7,0,0,-1,-1,-1,-1,-1,-1,-1,-1,-1,-1,-1,-1,-1,-1,-1,-1,-1,-1,-1,-1,-1,-1,-1,-1,-1,-1,-1,-1,-1,-1,-1,-1
48892,93831,-1,-1,52,-1,-1,-1,-1,-1,-1,1216,-1,37,-1,-1,-1,-1,0,0,0,-1,0,0,0,-1,5,0,0,-1,7,0,0,-1,-1,-1,-1,-1,-1,-1,-1,-1,-1,-1,-1,-1,-1,-1,-1,-1,-1,-1,-1,-1,-1,-1,-1,-1,-1,-1,-1,-1,-1,-1,-1
48893,93831,-1,-1,51,-1,-1,-1,-1,-1,-1,1184,-1,35,-1,-1,-1,-1,0,0,0,-1,0,0,0,-1,5,0,0,-1,6,0,0,-1,-1,-1,-1,-1,-1,-1,-1,-1,-1,-1,-1,-1,-1,-1,-1,-1,-1,-1,-1,-1,-1,-1,-1,-1,-1,-1,-1,-1,-1,-1,-1
48894,93831,-1,-1,49,-1,-1,-1,-1,-1,-1,1155,-1,34,-1,-1,-1,-1,0,0,0,-1,0,0,0,-1,5,0,0,-1,6,0,0,-1,-1,-1,-1,-1,-1,-1,-1,-1,-1,-1,-1,-1,-1,-1,-1,-1,-1,-1,-1,-1,-1,-1,-1,-1,-1,-1,-1,-1,-1,-1,-1
48895,93831,-1,-1,47,-1,-1,-1,-1,-1,-1,1138,-1,33,-1,-1,-1,-1,0,0,0,-1,0,0,0,-1,4,0,0,-1,6,0,0,-1,-1,-1,-1,-1,-1,-1,-1,-1,-1,-1,-1,-1,-1,-1,-1,-1,-1,-1,-1,-1,-1,-1,-1,-1,-1,-1,-1,-1,-1,-1,-1
48897,93831,-1,-1,45,-1,-1,-1,-1,-1,-1,1071,-1,30,-1,-1,-1,-1,0,0,0,-1,0,0,0,-1,4,0,0,-1,6,0,0,-1,-1,-1,-1,-1,-1,-1,-1,-1,-1,-1,-1,-1,-1,-1,-1,-1,-1,-1,-1,-1,-1,-1,-1,-1,-1,-1,-1,-1,-1,-1,-1
48899,93831,-1,-1,41,-1,-1,-1,-1,-1,-1,1025,-1,28,-1,-1,-1,-1,0,0,0,-1,0,0,0,-1,4,0,0,-1,6,0,0,-1,-1,-1,-1,-1,-1,-1,-1,-1,-1,-1,-1,-1,-1,-1,-1,-1,-1,-1,-1,-1,-1,-1,-1,-1,-1,-1,-1,-1,-1,-1,-1
48900,93831,-1,-1,38,-1,-1,-1,-1,-1,-1,964,-1,25,-1,-1,-1,-1,0,0,0,-1,0,0,0,-1,4,0,0,-1,5,0,0,-1,-1,-1,-1,-1,-1,-1,-1,-1,-1,-1,-1,-1,-1,-1,-1,-1,-1,-1,-1,-1,-1,-1,-1,-1,-1,-1,-1,-1,-1,-1,-1
48901,93831,-1,-1,38,-1,-1,-1,-1,-1,-1,945,-1,24,-1,-1,-1,-1,0,0,0,-1,0,0,0,-1,3,0,0,-1,5,0,0,-1,-1,-1,-1,-1,-1,-1,-1,-1,-1,-1,-1,-1,-1,-1,-1,-1,-1,-1,-1,-1,-1,-1,-1,-1,-1,-1,-1,-1,-1,-1,-1
48902,93831,-1,-1,37,-1,-1,-1,-1,-1,-1,931,-1,24,-1,-1,-1,-1,0,0,0,-1,0,0,0,-1,3,0,0,-1,5,0,0,-1,-1,-1,-1,-1,-1,-1,-1,-1,-1,-1,-1,-1,-1,-1,-1,-1,-1,-1,-1,-1,-1,-1,-1,-1,-1,-1,-1,-1,-1,-1,-1
48903,93831,-1,-1,34,-1,-1,-1,-1,-1,-1,932,-1,23,-1,-1,-1,-1,0,0,0,-1,0,0,0,-1,3,0,0,-1,5,0,0,-1,-1,-1,-1,-1,-1,-1,-1,-1,-1,-1,-1,-1,-1,-1,-1,-1,-1,-1,-1,-1,-1,-1,-1,-1,-1,-1,-1,-1,-1,-1,-1
48935,93831,-1,-1,98,-1,-1,-1,-1,-1,-1,1980,-1,115,-1,-1,-1,-1,0,0,0,-1,0,0,0,-1,8,0,0,-1,12,0,0,-1,-1,-1,-1,-1,-1,-1,-1,-1,-1,-1,-1,-1,-1,-1,-1,-1,-1,-1,-1,-1,-1,-1,-1,-1,-1,-1,-1,-1,-1,-1,-1
48938,93831,-1,-1,79,-1,-1,-1,-1,-1,-1,1570,-1,65,-1,-1,-1,-1,0,0,0,-1,0,0,0,-1,6,0,0,-1,9,0,0,-1,-1,-1,-1,-1,-1,-1,-1,-1,-1,-1,-1,-1,-1,-1,-1,-1,-1,-1,-1,-1,-1,-1,-1,-1,-1,-1,-1,-1,-1,-1,-1
48940,93831,-1,-1,70,-1,-1,-1,-1,-1,-1,1454,-1,55,-1,-1,-1,-1,0,0,0,-1,0,0,0,-1,6,0,0,-1,9,0,0,-1,-1,-1,-1,-1,-1,-1,-1,-1,-1,-1,-1,-1,-1,-1,-1,-1,-1,-1,-1,-1,-1,-1,-1,-1,-1,-1,-1,-1,-1,-1,-1
48943,93831,-1,-1,70,-1,-1,-1,-1,-1,-1,1454,-1,55,-1,-1,-1,-1,0,0,0,-1,0,0,0,-1,6,0,0,-1,9,0,0,-1,-1,-1,-1,-1,-1,-1,-1,-1,-1,-1,-1,-1,-1,-1,-1,-1,-1,-1,-1,-1,-1,-1,-1,-1,-1,-1,-1,-1,-1,-1,-1
48946,93831,-1,-1,70,-1,-1,-1,-1,-1,-1,1454,-1,55,-1,-1,-1,-1,0,0,0,-1,0,0,0,-1,6,0,0,-1,9,0,0,-1,-1,-1,-1,-1,-1,-1,-1,-1,-1,-1,-1,-1,-1,-1,-1,-1,-1,-1,-1,-1,-1,-1,-1,-1,-1,-1,-1,-1,-1,-1,-1
48947,93831,-1,-1,70,-1,-1,-1,-1,-1,-1,1454,-1,55,-1,-1,-1,-1,0,0,0,-1,0,0,0,-1,6,0,0,-1,9,0,0,-1,-1,-1,-1,-1,-1,-1,-1,-1,-1,-1,-1,-1,-1,-1,-1,-1,-1,-1,-1,-1,-1,-1,-1,-1,-1,-1,-1,-1,-1,-1,-1
48949,93831,-1,-1,70,-1,-1,-1,-1,-1,-1,1454,-1,55,-1,-1,-1,-1,0,0,0,-1,0,0,0,-1,6,0,0,-1,9,0,0,-1,-1,-1,-1,-1,-1,-1,-1,-1,-1,-1,-1,-1,-1,-1,-1,-1,-1,-1,-1,-1,-1,-1,-1,-1,-1,-1,-1,-1,-1,-1,-1
48951,93831,-1,-1,70,-1,-1,-1,-1,-1,-1,1454,-1,55,-1,-1,-1,-1,0,0,0,-1,0,0,0,-1,6,0,0,-1,9,0,0,-1,-1,-1,-1,-1,-1,-1,-1,-1,-1,-1,-1,-1,-1,-1,-1,-1,-1,-1,-1,-1,-1,-1,-1,-1,-1,-1,-1,-1,-1,-1,-1
48952,93831,-1,-1,70,-1,-1,-1,-1,-1,-1,1454,-1,55,-1,-1,-1,-1,0,0,0,-1,0,0,0,-1,6,0,0,-1,9,0,0,-1,-1,-1,-1,-1,-1,-1,-1,-1,-1,-1,-1,-1,-1,-1,-1,-1,-1,-1,-1,-1,-1,-1,-1,-1,-1,-1,-1,-1,-1,-1,-1
48971,93831,-1,-1,109,-1,-1,-1,-1,-1,-1,1977,-1,364,-1,-1,-1,-1,0,0,0,-1,0,0,0,-1,9,0,0,-1,12,0,0,-1,-1,-1,-1,-1,-1,-1,-1,-1,-1,-1,-1,-1,-1,-1,-1,-1,-1,-1,-1,-1,-1,-1,-1,-1,-1,-1,-1,-1,-1,-1,-1
48982,93831,-1,-1,96,-1,-1,-1,-1,-1,-1,1824,-1,87,-1,-1,-1,-1,0,0,0,-1,0,0,0,-1,8,0,0,-1,11,0,0,-1,-1,-1,-1,-1,-1,-1,-1,-1,-1,-1,-1,-1,-1,-1,-1,-1,-1,-1,-1,-1,-1,-1,-1,-1,-1,-1,-1,-1,-1,-1,-1
48983,93831,-1,-1,96,-1,-1,-1,-1,-1,-1,1824,-1,87,-1,-1,-1,-1,0,0,0,-1,0,0,0,-1,8,0,0,-1,11,0,0,-1,-1,-1,-1,-1,-1,-1,-1,-1,-1,-1,-1,-1,-1,-1,-1,-1,-1,-1,-1,-1,-1,-1,-1,-1,-1,-1,-1,-1,-1,-1,-1
48984,93831,-1,-1,96,-1,-1,-1,-1,-1,-1,1824,-1,87,-1,-1,-1,-1,0,0,0,-1,0,0,0,-1,8,0,0,-1,11,0,0,-1,-1,-1,-1,-1,-1,-1,-1,-1,-1,-1,-1,-1,-1,-1,-1,-1,-1,-1,-1,-1,-1,-1,-1,-1,-1,-1,-1,-1,-1,-1,-1
48985,93831,-1,-1,96,-1,-1,-1,-1,-1,-1,1824,-1,87,-1,-1,-1,-1,0,0,0,-1,0,0,0,-1,8,0,0,-1,11,0,0,-1,-1,-1,-1,-1,-1,-1,-1,-1,-1,-1,-1,-1,-1,-1,-1,-1,-1,-1,-1,-1,-1,-1,-1,-1,-1,-1,-1,-1,-1,-1,-1
48986,93831,-1,-1,45,-1,-1,-1,-1,-1,-1,1080,-1,30,-1,-1,-1,-1,0,0,0,-1,0,0,0,-1,4,0,0,-1,6,0,0,-1,-1,-1,-1,-1,-1,-1,-1,-1,-1,-1,-1,-1,-1,-1,-1,-1,-1,-1,-1,-1,-1,-1,-1,-1,-1,-1,-1,-1,-1,-1,-1
48987,93831,-1,-1,45,-1,-1,-1,-1,-1,-1,1080,-1,30,-1,-1,-1,-1,0,0,0,-1,0,0,0,-1,4,0,0,-1,6,0,0,-1,-1,-1,-1,-1,-1,-1,-1,-1,-1,-1,-1,-1,-1,-1,-1,-1,-1,-1,-1,-1,-1,-1,-1,-1,-1,-1,-1,-1,-1,-1,-1
48988,93831,-1,-1,45,-1,-1,-1,-1,-1,-1,1080,-1,30,-1,-1,-1,-1,0,0,0,-1,0,0,0,-1,4,0,0,-1,6,0,0,-1,-1,-1,-1,-1,-1,-1,-1,-1,-1,-1,-1,-1,-1,-1,-1,-1,-1,-1,-1,-1,-1,-1,-1,-1,-1,-1,-1,-1,-1,-1,-1
48989,93831,-1,-1,45,-1,-1,-1,-1,-1,-1,1080,-1,30,-1,-1,-1,-1,0,0,0,-1,0,0,0,-1,4,0,0,-1,6,0,0,-1,-1,-1,-1,-1,-1,-1,-1,-1,-1,-1,-1,-1,-1,-1,-1,-1,-1,-1,-1,-1,-1,-1,-1,-1,-1,-1,-1,-1,-1,-1,-1
48990,93831,-1,-1,34,-1,-1,-1,-1,-1,-1,883,-1,22,-1,-1,-1,-1,0,0,0,-1,0,0,0,-1,3,0,0,-1,5,0,0,-1,-1,-1,-1,-1,-1,-1,-1,-1,-1,-1,-1,-1,-1,-1,-1,-1,-1,-1,-1,-1,-1,-1,-1,-1,-1,-1,-1,-1,-1,-1,-1
48991,93831,-1,-1,33,-1,-1,-1,-1,-1,-1,865,-1,21,-1,-1,-1,-1,0,0,0,-1,0,0,0,-1,3,0,0,-1,5,0,0,-1,-1,-1,-1,-1,-1,-1,-1,-1,-1,-1,-1,-1,-1,-1,-1,-1,-1,-1,-1,-1,-1,-1,-1,-1,-1,-1,-1,-1,-1,-1,-1
49019,93831,-1,-1,108,-1,-1,-1,-1,-1,-1,1943,-1,110,-1,-1,-1,-1,0,0,0,-1,0,0,0,-1,8,0,0,-1,12,0,0,-1,-1,-1,-1,-1,-1,-1,-1,-1,-1,-1,-1,-1,-1,-1,-1,-1,-1,-1,-1,-1,-1,-1,-1,-1,-1,-1,-1,-1,-1,-1,-1
49023,93831,-1,-1,108,-1,-1,-1,-1,-1,-1,1943,-1,110,-1,-1,-1,-1,0,0,0,-1,0,0,0,-1,8,0,0,-1,12,0,0,-1,-1,-1,-1,-1,-1,-1,-1,-1,-1,-1,-1,-1,-1,-1,-1,-1,-1,-1,-1,-1,-1,-1,-1,-1,-1,-1,-1,-1,-1,-1,-1
49026,93831,-1,-1,70,-1,-1,-1,-1,-1,-1,1490,-1,54,-1,-1,-1,-1,0,0,0,-1,0,0,0,-1,6,0,0,-1,8,0,0,-1,-1,-1,-1,-1,-1,-1,-1,-1,-1,-1,-1,-1,-1,-1,-1,-1,-1,-1,-1,-1,-1,-1,-1,-1,-1,-1,-1,-1,-1,-1,-1
49027,93831,-1,-1,65,-1,-1,-1,-1,-1,-1,1418,-1,48,-1,-1,-1,-1,0,0,0,-1,0,0,0,-1,5,0,0,-1,8,0,0,-1,-1,-1,-1,-1,-1,-1,-1,-1,-1,-1,-1,-1,-1,-1,-1,-1,-1,-1,-1,-1,-1,-1,-1,-1,-1,-1,-1,-1,-1,-1,-1
49029,93831,-1,-1,61,-1,-1,-1,-1,-1,-1,1347,-1,44,-1,-1,-1,-1,0,0,0,-1,0,0,0,-1,5,0,0,-1,7,0,0,-1,-1,-1,-1,-1,-1,-1,-1,-1,-1,-1,-1,-1,-1,-1,-1,-1,-1,-1,-1,-1,-1,-1,-1,-1,-1,-1,-1,-1,-1,-1,-1
49030,93831,-1,-1,57,-1,-1,-1,-1,-1,-1,1289,-1,50,-1,-1,-1,-1,0,0,0,-1,0,0,0,-1,5,0,0,-1,7,0,0,-1,-1,-1,-1,-1,-1,-1,-1,-1,-1,-1,-1,-1,-1,-1,-1,-1,-1,-1,-1,-1,-1,-1,-1,-1,-1,-1,-1,-1,-1,-1,-1
49031,93831,-1,-1,55,-1,-1,-1,-1,-1,-1,1251,-1,47,-1,-1,-1,-1,0,0,0,-1,0,0,0,-1,4,0,0,-1,7,0,0,-1,-1,-1,-1,-1,-1,-1,-1,-1,-1,-1,-1,-1,-1,-1,-1,-1,-1,-1,-1,-1,-1,-1,-1,-1,-1,-1,-1,-1,-1,-1,-1
49033,93831,-1,-1,52,-1,-1,-1,-1,-1,-1,1213,-1,45,-1,-1,-1,-1,0,0,0,-1,0,0,0,-1,4,0,0,-1,7,0,0,-1,-1,-1,-1,-1,-1,-1,-1,-1,-1,-1,-1,-1,-1,-1,-1,-1,-1,-1,-1,-1,-1,-1,-1,-1,-1,-1,-1,-1,-1,-1,-1
49034,93831,-1,-1,9,-1,-1,-1,-1,-1,-1,348,-1,24,-1,-1,-1,-1,0,0,0,-1,0,0,0,-1,1,0,0,-1,1,0,0,-1,-1,-1,-1,-1,-1,-1,-1,-1,-1,-1,-1,-1,-1,-1,-1,-1,-1,-1,-1,-1,-1,-1,-1,-1,-1,-1,-1,-1,-1,-1,-1
49035,93831,-1,-1,9,-1,-1,-1,-1,-1,-1,334,-1,23,-1,-1,-1,-1,0,0,0,-1,0,0,0,-1,1,0,0,-1,1,0,0,-1,-1,-1,-1,-1,-1,-1,-1,-1,-1,-1,-1,-1,-1,-1,-1,-1,-1,-1,-1,-1,-1,-1,-1,-1,-1,-1,-1,-1,-1,-1,-1
49038,93831,-1,-1,8,-1,-1,-1,-1,-1,-1,327,-1,23,-1,-1,-1,-1,0,0,0,-1,0,0,0,-1,0,0,0,-1,1,0,0,-1,-1,-1,-1,-1,-1,-1,-1,-1,-1,-1,-1,-1,-1,-1,-1,-1,-1,-1,-1,-1,-1,-1,-1,-1,-1,-1,-1,-1,-1,-1,-1
49042,93831,-1,-1,8,-1,-1,-1,-1,-1,-1,317,-1,22,-1,-1,-1,-1,0,0,0,-1,0,0,0,-1,0,0,0,-1,1,0,0,-1,-1,-1,-1,-1,-1,-1,-1,-1,-1,-1,-1,-1,-1,-1,-1,-1,-1,-1,-1,-1,-1,-1,-1,-1,-1,-1,-1,-1,-1,-1,-1
49043,93831,-1,-1,8,-1,-1,-1,-1,-1,-1,305,-1,20,-1,-1,-1,-1,0,0,0,-1,0,0,0,-1,0,0,0,-1,1,0,0,-1,-1,-1,-1,-1,-1,-1,-1,-1,-1,-1,-1,-1,-1,-1,-1,-1,-1,-1,-1,-1,-1,-1,-1,-1,-1,-1,-1,-1,-1,-1,-1
49045,93831,-1,-1,7,-1,-1,-1,-1,-1,-1,288,-1,19,-1,-1,-1,-1,0,0,0,-1,0,0,0,-1,0,0,0,-1,1,0,0,-1,-1,-1,-1,-1,-1,-1,-1,-1,-1,-1,-1,-1,-1,-1,-1,-1,-1,-1,-1,-1,-1,-1,-1,-1,-1,-1,-1,-1,-1,-1,-1
49048,93831,-1,-1,7,-1,-1,-1,-1,-1,-1,288,-1,19,-1,-1,-1,-1,0,0,0,-1,0,0,0,-1,0,0,0,-1,1,0,0,-1,-1,-1,-1,-1,-1,-1,-1,-1,-1,-1,-1,-1,-1,-1,-1,-1,-1,-1,-1,-1,-1,-1,-1,-1,-1,-1,-1,-1,-1,-1,-1
49053,93831,-1,-1,6,-1,-1,-1,-1,-1,-1,258,-1,16,-1,-1,-1,-1,0,0,0,-1,0,0,0,-1,0,0,0,-1,1,0,0,-1,-1,-1,-1,-1,-1,-1,-1,-1,-1,-1,-1,-1,-1,-1,-1,-1,-1,-1,-1,-1,-1,-1,-1,-1,-1,-1,-1,-1,-1,-1,-1
49054,93831,-1,-1,6,-1,-1,-1,-1,-1,-1,258,-1,16,-1,-1,-1,-1,0,0,0,-1,0,0,0,-1,0,0,0,-1,1,0,0,-1,-1,-1,-1,-1,-1,-1,-1,-1,-1,-1,-1,-1,-1,-1,-1,-1,-1,-1,-1,-1,-1,-1,-1,-1,-1,-1,-1,-1,-1,-1,-1
49057,93831,-1,-1,93,-1,-1,-1,-1,-1,-1,1774,-1,129,-1,-1,-1,-1,0,0,0,-1,0,0,0,-1,8,0,0,-1,11,0,0,-1,-1,-1,-1,-1,-1,-1,-1,-1,-1,-1,-1,-1,-1,-1,-1,-1,-1,-1,-1,-1,-1,-1,-1,-1,-1,-1,-1,-1,-1,-1,-1
49059,93831,-1,-1,93,-1,-1,-1,-1,-1,-1,1774,-1,129,-1,-1,-1,-1,0,0,0,-1,0,0,0,-1,8,0,0,-1,11,0,0,-1,-1,-1,-1,-1,-1,-1,-1,-1,-1,-1,-1,-1,-1,-1,-1,-1,-1,-1,-1,-1,-1,-1,-1,-1,-1,-1,-1,-1,-1,-1,-1
49060,93831,-1,-1,93,-1,-1,-1,-1,-1,-1,1774,-1,129,-1,-1,-1,-1,0,0,0,-1,0,0,0,-1,8,0,0,-1,11,0,0,-1,-1,-1,-1,-1,-1,-1,-1,-1,-1,-1,-1,-1,-1,-1,-1,-1,-1,-1,-1,-1,-1,-1,-1,-1,-1,-1,-1,-1,-1,-1,-1
49061,93831,-1,-1,62,-1,-1,-1,-1,-1,-1,1382,-1,58,-1,-1,-1,-1,0,0,0,-1,0,0,0,-1,5,0,0,-1,7,0,0,-1,-1,-1,-1,-1,-1,-1,-1,-1,-1,-1,-1,-1,-1,-1,-1,-1,-1,-1,-1,-1,-1,-1,-1,-1,-1,-1,-1,-1,-1,-1,-1
49062,93831,-1,-1,49,-1,-1,-1,-1,-1,-1,1158,-1,41,-1,-1,-1,-1,0,0,0,-1,0,0,0,-1,4,0,0,-1,6,0,0,-1,-1,-1,-1,-1,-1,-1,-1,-1,-1,-1,-1,-1,-1,-1,-1,-1,-1,-1,-1,-1,-1,-1,-1,-1,-1,-1,-1,-1,-1,-1,-1
49063,93831,-1,-1,49,-1,-1,-1,-1,-1,-1,1158,-1,41,-1,-1,-1,-1,0,0,0,-1,0,0,0,-1,4,0,0,-1,6,0,0,-1,-1,-1,-1,-1,-1,-1,-1,-1,-1,-1,-1,-1,-1,-1,-1,-1,-1,-1,-1,-1,-1,-1,-1,-1,-1,-1,-1,-1,-1,-1,-1
49064,93831,-1,-1,42,-1,-1,-1,-1,-1,-1,1058,-1,34,-1,-1,-1,-1,0,0,0,-1,0,0,0,-1,4,0,0,-1,5,0,0,-1,-1,-1,-1,-1,-1,-1,-1,-1,-1,-1,-1,-1,-1,-1,-1,-1,-1,-1,-1,-1,-1,-1,-1,-1,-1,-1,-1,-1,-1,-1,-1
49065,93831,-1,-1,42,-1,-1,-1,-1,-1,-1,1058,-1,34,-1,-1,-1,-1,0,0,0,-1,0,0,0,-1,4,0,0,-1,5,0,0,-1,-1,-1,-1,-1,-1,-1,-1,-1,-1,-1,-1,-1,-1,-1,-1,-1,-1,-1,-1,-1,-1,-1,-1,-1,-1,-1,-1,-1,-1,-1,-1
49066,93831,-1,-1,36,-1,-1,-1,-1,-1,-1,937,-1,28,-1,-1,-1,-1,0,0,0,-1,0,0,0,-1,3,0,0,-1,5,0,0,-1,-1,-1,-1,-1,-1,-1,-1,-1,-1,-1,-1,-1,-1,-1,-1,-1,-1,-1,-1,-1,-1,-1,-1,-1,-1,-1,-1,-1,-1,-1,-1
49067,93831,-1,-1,36,-1,-1,-1,-1,-1,-1,937,-1,28,-1,-1,-1,-1,0,0,0,-1,0,0,0,-1,3,0,0,-1,5,0,0,-1,-1,-1,-1,-1,-1,-1,-1,-1,-1,-1,-1,-1,-1,-1,-1,-1,-1,-1,-1,-1,-1,-1,-1,-1,-1,-1,-1,-1,-1,-1,-1
49068,93831,-1,-1,33,-1,-1,-1,-1,-1,-1,877,-1,25,-1,-1,-1,-1,0,0,0,-1,0,0,0,-1,3,0,0,-1,5,0,0,-1,-1,-1,-1,-1,-1,-1,-1,-1,-1,-1,-1,-1,-1,-1,-1,-1,-1,-1,-1,-1,-1,-1,-1,-1,-1,-1,-1,-1,-1,-1,-1
49069,93831,-1,-1,33,-1,-1,-1,-1,-1,-1,877,-1,25,-1,-1,-1,-1,0,0,0,-1,0,0,0,-1,3,0,0,-1,5,0,0,-1,-1,-1,-1,-1,-1,-1,-1,-1,-1,-1,-1,-1,-1,-1,-1,-1,-1,-1,-1,-1,-1,-1,-1,-1,-1,-1,-1,-1,-1,-1,-1
49070,93831,-1,-1,33,-1,-1,-1,-1,-1,-1,877,-1,25,-1,-1,-1,-1,0,0,0,-1,0,0,0,-1,3,0,0,-1,5,0,0,-1,-1,-1,-1,-1,-1,-1,-1,-1,-1,-1,-1,-1,-1,-1,-1,-1,-1,-1,-1,-1,-1,-1,-1,-1,-1,-1,-1,-1,-1,-1,-1
49071,93831,-1,-1,29,-1,-1,-1,-1,-1,-1,786,-1,22,-1,-1,-1,-1,0,0,0,-1,0,0,0,-1,3,0,0,-1,4,0,0,-1,-1,-1,-1,-1,-1,-1,-1,-1,-1,-1,-1,-1,-1,-1,-1,-1,-1,-1,-1,-1,-1,-1,-1,-1,-1,-1,-1,-1,-1,-1,-1
49072,93831,-1,-1,29,-1,-1,-1,-1,-1,-1,786,-1,22,-1,-1,-1,-1,0,0,0,-1,0,0,0,-1,3,0,0,-1,4,0,0,-1,-1,-1,-1,-1,-1,-1,-1,-1,-1,-1,-1,-1,-1,-1,-1,-1,-1,-1,-1,-1,-1,-1,-1,-1,-1,-1,-1,-1,-1,-1,-1
49073,93831,-1,-1,26,-1,-1,-1,-1,-1,-1,741,-1,20,-1,-1,-1,-1,0,0,0,-1,0,0,0,-1,2,0,0,-1,4,0,0,-1,-1,-1,-1,-1,-1,-1,-1,-1,-1,-1,-1,-1,-1,-1,-1,-1,-1,-1,-1,-1,-1,-1,-1,-1,-1,-1,-1,-1,-1,-1,-1
49098,93831,-1,-1,94,-1,-1,-1,-1,-1,-1,1784,-1,126,-1,-1,-1,-1,0,0,0,-1,0,0,0,-1,8,0,0,-1,11,0,0,-1,-1,-1,-1,-1,-1,-1,-1,-1,-1,-1,-1,-1,-1,-1,-1,-1,-1,-1,-1,-1,-1,-1,-1,-1,-1,-1,-1,-1,-1,-1,-1
49099,93831,-1,-1,92,-1,-1,-1,-1,-1,-1,1759,-1,110,-1,-1,-1,-1,0,0,0,-1,0,0,0,-1,7,0,0,-1,10,0,0,-1,-1,-1,-1,-1,-1,-1,-1,-1,-1,-1,-1,-1,-1,-1,-1,-1,-1,-1,-1,-1,-1,-1,-1,-1,-1,-1,-1,-1,-1,-1,-1
49100,93831,-1,-1,78,-1,-1,-1,-1,-1,-1,1582,-1,77,-1,-1,-1,-1,0,0,0,-1,0,0,0,-1,6,0,0,-1,9,0,0,-1,-1,-1,-1,-1,-1,-1,-1,-1,-1,-1,-1,-1,-1,-1,-1,-1,-1,-1,-1,-1,-1,-1,-1,-1,-1,-1,-1,-1,-1,-1,-1
49110,93831,-1,-1,65,-1,-1,-1,-1,-1,-1,1397,-1,59,-1,-1,-1,-1,0,0,0,-1,0,0,0,-1,5,0,0,-1,8,0,0,-1,-1,-1,-1,-1,-1,-1,-1,-1,-1,-1,-1,-1,-1,-1,-1,-1,-1,-1,-1,-1,-1,-1,-1,-1,-1,-1,-1,-1,-1,-1,-1
49111,93831,-1,-1,49,-1,-1,-1,-1,-1,-1,1146,-1,40,-1,-1,-1,-1,0,0,0,-1,0,0,0,-1,4,0,0,-1,6,0,0,-1,-1,-1,-1,-1,-1,-1,-1,-1,-1,-1,-1,-1,-1,-1,-1,-1,-1,-1,-1,-1,-1,-1,-1,-1,-1,-1,-1,-1,-1,-1,-1
49113,93831,-1,-1,44,-1,-1,-1,-1,-1,-1,1052,-1,34,-1,-1,-1,-1,0,0,0,-1,0,0,0,-1,4,0,0,-1,6,0,0,-1,-1,-1,-1,-1,-1,-1,-1,-1,-1,-1,-1,-1,-1,-1,-1,-1,-1,-1,-1,-1,-1,-1,-1,-1,-1,-1,-1,-1,-1,-1,-1
49114,93831,-1,-1,41,-1,-1,-1,-1,-1,-1,990,-1,31,-1,-1,-1,-1,0,0,0,-1,0,0,0,-1,4,0,0,-1,5,0,0,-1,-1,-1,-1,-1,-1,-1,-1,-1,-1,-1,-1,-1,-1,-1,-1,-1,-1,-1,-1,-1,-1,-1,-1,-1,-1,-1,-1,-1,-1,-1,-1
49116,93831,-1,-1,39,-1,-1,-1,-1,-1,-1,958,-1,29,-1,-1,-1,-1,0,0,0,-1,0,0,0,-1,3,0,0,-1,5,0,0,-1,-1,-1,-1,-1,-1,-1,-1,-1,-1,-1,-1,-1,-1,-1,-1,-1,-1,-1,-1,-1,-1,-1,-1,-1,-1,-1,-1,-1,-1,-1,-1
49117,93831,-1,-1,36,-1,-1,-1,-1,-1,-1,907,-1,27,-1,-1,-1,-1,0,0,0,-1,0,0,0,-1,3,0,0,-1,5,0,0,-1,-1,-1,-1,-1,-1,-1,-1,-1,-1,-1,-1,-1,-1,-1,-1,-1,-1,-1,-1,-1,-1,-1,-1,-1,-1,-1,-1,-1,-1,-1,-1
49118,93831,-1,-1,34,-1,-1,-1,-1,-1,-1,853,-1,24,-1,-1,-1,-1,0,0,0,-1,0,0,0,-1,3,0,0,-1,5,0,0,-1,-1,-1,-1,-1,-1,-1,-1,-1,-1,-1,-1,-1,-1,-1,-1,-1,-1,-1,-1,-1,-1,-1,-1,-1,-1,-1,-1,-1,-1,-1,-1
49121,93831,-1,-1,108,-1,-1,-1,-1,-1,-1,2034,-1,172,-1,-1,-1,-1,0,0,0,-1,0,0,0,-1,8,0,0,-1,12,0,0,-1,-1,-1,-1,-1,-1,-1,-1,-1,-1,-1,-1,-1,-1,-1,-1,-1,-1,-1,-1,-1,-1,-1,-1,-1,-1,-1,-1,-1,-1,-1,-1
49125,93831,-1,-1,78,-1,-1,-1,-1,-1,-1,1646,-1,80,-1,-1,-1,-1,0,0,0,-1,0,0,0,-1,6,0,0,-1,9,0,0,-1,-1,-1,-1,-1,-1,-1,-1,-1,-1,-1,-1,-1,-1,-1,-1,-1,-1,-1,-1,-1,-1,-1,-1,-1,-1,-1,-1,-1,-1,-1,-1
49126,93831,-1,-1,60,-1,-1,-1,-1,-1,-1,1361,-1,52,-1,-1,-1,-1,0,0,0,-1,0,0,0,-1,5,0,0,-1,7,0,0,-1,-1,-1,-1,-1,-1,-1,-1,-1,-1,-1,-1,-1,-1,-1,-1,-1,-1,-1,-1,-1,-1,-1,-1,-1,-1,-1,-1,-1,-1,-1,-1
49127,93831,-1,-1,60,-1,-1,-1,-1,-1,-1,1361,-1,52,-1,-1,-1,-1,0,0,0,-1,0,0,0,-1,5,0,0,-1,7,0,0,-1,-1,-1,-1,-1,-1,-1,-1,-1,-1,-1,-1,-1,-1,-1,-1,-1,-1,-1,-1,-1,-1,-1,-1,-1,-1,-1,-1,-1,-1,-1,-1
49128,93831,-1,-1,47,-1,-1,-1,-1,-1,-1,1134,-1,37,-1,-1,-1,-1,0,0,0,-1,0,0,0,-1,4,0,0,-1,6,0,0,-1,-1,-1,-1,-1,-1,-1,-1,-1,-1,-1,-1,-1,-1,-1,-1,-1,-1,-1,-1,-1,-1,-1,-1,-1,-1,-1,-1,-1,-1,-1,-1
49132,93831,-1,-1,43,-1,-1,-1,-1,-1,-1,1061,-1,33,-1,-1,-1,-1,0,0,0,-1,0,0,0,-1,4,0,0,-1,6,0,0,-1,-1,-1,-1,-1,-1,-1,-1,-1,-1,-1,-1,-1,-1,-1,-1,-1,-1,-1,-1,-1,-1,-1,-1,-1,-1,-1,-1,-1,-1,-1,-1
49133,93831,-1,-1,38,-1,-1,-1,-1,-1,-1,971,-1,29,-1,-1,-1,-1,0,0,0,-1,0,0,0,-1,3,0,0,-1,5,0,0,-1,-1,-1,-1,-1,-1,-1,-1,-1,-1,-1,-1,-1,-1,-1,-1,-1,-1,-1,-1,-1,-1,-1,-1,-1,-1,-1,-1,-1,-1,-1,-1
49134,93831,-1,-1,38,-1,-1,-1,-1,-1,-1,971,-1,29,-1,-1,-1,-1,0,0,0,-1,0,0,0,-1,3,0,0,-1,5,0,0,-1,-1,-1,-1,-1,-1,-1,-1,-1,-1,-1,-1,-1,-1,-1,-1,-1,-1,-1,-1,-1,-1,-1,-1,-1,-1,-1,-1,-1,-1,-1,-1
49135,93831,-1,-1,35,-1,-1,-1,-1,-1,-1,904,-1,26,-1,-1,-1,-1,0,0,0,-1,0,0,0,-1,3,0,0,-1,5,0,0,-1,-1,-1,-1,-1,-1,-1,-1,-1,-1,-1,-1,-1,-1,-1,-1,-1,-1,-1,-1,-1,-1,-1,-1,-1,-1,-1,-1,-1,-1,-1,-1
49136,93831,-1,-1,35,-1,-1,-1,-1,-1,-1,904,-1,26,-1,-1,-1,-1,0,0,0,-1,0,0,0,-1,3,0,0,-1,5,0,0,-1,-1,-1,-1,-1,-1,-1,-1,-1,-1,-1,-1,-1,-1,-1,-1,-1,-1,-1,-1,-1,-1,-1,-1,-1,-1,-1,-1,-1,-1,-1,-1
49137,93831,-1,-1,31,-1,-1,-1,-1,-1,-1,822,-1,22,-1,-1,-1,-1,0,0,0,-1,0,0,0,-1,3,0,0,-1,4,0,0,-1,-1,-1,-1,-1,-1,-1,-1,-1,-1,-1,-1,-1,-1,-1,-1,-1,-1,-1,-1,-1,-1,-1,-1,-1,-1,-1,-1,-1,-1,-1,-1
49138,93831,-1,-1,29,-1,-1,-1,-1,-1,-1,773,-1,20,-1,-1,-1,-1,0,0,0,-1,0,0,0,-1,2,0,0,-1,4,0,0,-1,-1,-1,-1,-1,-1,-1,-1,-1,-1,-1,-1,-1,-1,-1,-1,-1,-1,-1,-1,-1,-1,-1,-1,-1,-1,-1,-1,-1,-1,-1,-1
49139,93831,-1,-1,28,-1,-1,-1,-1,-1,-1,743,-1,19,-1,-1,-1,-1,0,0,0,-1,0,0,0,-1,2,0,0,-1,4,0,0,-1,-1,-1,-1,-1,-1,-1,-1,-1,-1,-1,-1,-1,-1,-1,-1,-1,-1,-1,-1,-1,-1,-1,-1,-1,-1,-1,-1,-1,-1,-1,-1
49140,93831,-1,-1,26,-1,-1,-1,-1,-1,-1,716,-1,18,-1,-1,-1,-1,0,0,0,-1,0,0,0,-1,2,0,0,-1,4,0,0,-1,-1,-1,-1,-1,-1,-1,-1,-1,-1,-1,-1,-1,-1,-1,-1,-1,-1,-1,-1,-1,-1,-1,-1,-1,-1,-1,-1,-1,-1,-1,-1
49141,93831,-1,-1,26,-1,-1,-1,-1,-1,-1,703,-1,18,-1,-1,-1,-1,0,0,0,-1,0,0,0,-1,2,0,0,-1,4,0,0,-1,-1,-1,-1,-1,-1,-1,-1,-1,-1,-1,-1,-1,-1,-1,-1,-1,-1,-1,-1,-1,-1,-1,-1,-1,-1,-1,-1,-1,-1,-1,-1
49142,93831,-1,-1,24,-1,-1,-1,-1,-1,-1,674,-1,17,-1,-1,-1,-1,0,0,0,-1,0,0,0,-1,2,0,0,-1,4,0,0,-1,-1,-1,-1,-1,-1,-1,-1,-1,-1,-1,-1,-1,-1,-1,-1,-1,-1,-1,-1,-1,-1,-1,-1,-1,-1,-1,-1,-1,-1,-1,-1
49143,93831,-1,-1,23,-1,-1,-1,-1,-1,-1,649,-1,16,-1,-1,-1,-1,0,0,0,-1,0,0,0,-1,2,0,0,-1,4,0,0,-1,-1,-1,-1,-1,-1,-1,-1,-1,-1,-1,-1,-1,-1,-1,-1,-1,-1,-1,-1,-1,-1,-1,-1,-1,-1,-1,-1,-1,-1,-1,-1
49148,93831,-1,-1,23,-1,-1,-1,-1,-1,-1,649,-1,16,-1,-1,-1,-1,0,0,0,-1,0,0,0,-1,2,0,0,-1,4,0,0,-1,-1,-1,-1,-1,-1,-1,-1,-1,-1,-1,-1,-1,-1,-1,-1,-1,-1,-1,-1,-1,-1,-1,-1,-1,-1,-1,-1,-1,-1,-1,-1
49157,93831,-1,-1,21,-1,-1,-1,-1,-1,-1,601,-1,14,-1,-1,-1,-1,0,0,0,-1,0,0,0,-1,2,0,0,-1,3,0,0,-1,-1,-1,-1,-1,-1,-1,-1,-1,-1,-1,-1,-1,-1,-1,-1,-1,-1,-1,-1,-1,-1,-1,-1,-1,-1,-1,-1,-1,-1,-1,-1
49158,93831,-1,-1,20,-1,-1,-1,-1,-1,-1,576,-1,13,-1,-1,-1,-1,0,0,0,-1,0,0,0,-1,2,0,0,-1,3,0,0,-1,-1,-1,-1,-1,-1,-1,-1,-1,-1,-1,-1,-1,-1,-1,-1,-1,-1,-1,-1,-1,-1,-1,-1,-1,-1,-1,-1,-1,-1,-1,-1
49159,93831,-1,-1,20,-1,-1,-1,-1,-1,-1,576,-1,13,-1,-1,-1,-1,0,0,0,-1,0,0,0,-1,2,0,0,-1,3,0,0,-1,-1,-1,-1,-1,-1,-1,-1,-1,-1,-1,-1,-1,-1,-1,-1,-1,-1,-1,-1,-1,-1,-1,-1,-1,-1,-1,-1,-1,-1,-1,-1
49165,93831,-1,-1,19,-1,-1,-1,-1,-1,-1,544,-1,12,-1,-1,-1,-1,0,0,0,-1,0,0,0,-1,2,0,0,-1,3,0,0,-1,-1,-1,-1,-1,-1,-1,-1,-1,-1,-1,-1,-1,-1,-1,-1,-1,-1,-1,-1,-1,-1,-1,-1,-1,-1,-1,-1,-1,-1,-1,-1
49168,93831,-1,-1,19,-1,-1,-1,-1,-1,-1,544,-1,12,-1,-1,-1,-1,0,0,0,-1,0,0,0,-1,2,0,0,-1,3,0,0,-1,-1,-1,-1,-1,-1,-1,-1,-1,-1,-1,-1,-1,-1,-1,-1,-1,-1,-1,-1,-1,-1,-1,-1,-1,-1,-1,-1,-1,-1,-1,-1
49217,93831,-1,-1,103,-1,-1,-1,-1,-1,-1,1916,-1,376,-1,-1,-1,-1,0,0,0,-1,0,0,0,-1,9,0,0,-1,12,0,0,-1,-1,-1,-1,-1,-1,-1,-1,-1,-1,-1,-1,-1,-1,-1,-1,-1,-1,-1,-1,-1,-1,-1,-1,-1,-1,-1,-1,-1,-1,-1,-1
49218,93831,-1,-1,88,-1,-1,-1,-1,-1,-1,1732,-1,149,-1,-1,-1,-1,0,0,0,-1,0,0,0,-1,7,0,0,-1,10,0,0,-1,-1,-1,-1,-1,-1,-1,-1,-1,-1,-1,-1,-1,-1,-1,-1,-1,-1,-1,-1,-1,-1,-1,-1,-1,-1,-1,-1,-1,-1,-1,-1
49219,93831,-1,-1,76,-1,-1,-1,-1,-1,-1,1570,-1,105,-1,-1,-1,-1,0,0,0,-1,0,0,0,-1,6,0,0,-1,9,0,0,-1,-1,-1,-1,-1,-1,-1,-1,-1,-1,-1,-1,-1,-1,-1,-1,-1,-1,-1,-1,-1,-1,-1,-1,-1,-1,-1,-1,-1,-1,-1,-1
49224,93831,-1,-1,52,-1,-1,-1,-1,-1,-1,1232,-1,51,-1,-1,-1,-1,0,0,0,-1,0,0,0,-1,5,0,0,-1,7,0,0,-1,-1,-1,-1,-1,-1,-1,-1,-1,-1,-1,-1,-1,-1,-1,-1,-1,-1,-1,-1,-1,-1,-1,-1,-1,-1,-1,-1,-1,-1,-1,-1
49226,93831,-1,-1,52,-1,-1,-1,-1,-1,-1,1232,-1,51,-1,-1,-1,-1,0,0,0,-1,0,0,0,-1,5,0,0,-1,7,0,0,-1,-1,-1,-1,-1,-1,-1,-1,-1,-1,-1,-1,-1,-1,-1,-1,-1,-1,-1,-1,-1,-1,-1,-1,-1,-1,-1,-1,-1,-1,-1,-1
49227,93831,-1,-1,52,-1,-1,-1,-1,-1,-1,1232,-1,51,-1,-1,-1,-1,0,0,0,-1,0,0,0,-1,5,0,0,-1,7,0,0,-1,-1,-1,-1,-1,-1,-1,-1,-1,-1,-1,-1,-1,-1,-1,-1,-1,-1,-1,-1,-1,-1,-1,-1,-1,-1,-1,-1,-1,-1,-1,-1
49228,93831,-1,-1,44,-1,-1,-1,-1,-1,-1,1102,-1,41,-1,-1,-1,-1,0,0,0,-1,0,0,0,-1,4,0,0,-1,6,0,0,-1,-1,-1,-1,-1,-1,-1,-1,-1,-1,-1,-1,-1,-1,-1,-1,-1,-1,-1,-1,-1,-1,-1,-1,-1,-1,-1,-1,-1,-1,-1,-1
49229,93831,-1,-1,40,-1,-1,-1,-1,-1,-1,1032,-1,36,-1,-1,-1,-1,0,0,0,-1,0,0,0,-1,4,0,0,-1,6,0,0,-1,-1,-1,-1,-1,-1,-1,-1,-1,-1,-1,-1,-1,-1,-1,-1,-1,-1,-1,-1,-1,-1,-1,-1,-1,-1,-1,-1,-1,-1,-1,-1
49230,93831,-1,-1,37,-1,-1,-1,-1,-1,-1,962,-1,32,-1,-1,-1,-1,0,0,0,-1,0,0,0,-1,4,0,0,-1,5,0,0,-1,-1,-1,-1,-1,-1,-1,-1,-1,-1,-1,-1,-1,-1,-1,-1,-1,-1,-1,-1,-1,-1,-1,-1,-1,-1,-1,-1,-1,-1,-1,-1
49232,93831,-1,-1,37,-1,-1,-1,-1,-1,-1,962,-1,32,-1,-1,-1,-1,0,0,0,-1,0,0,0,-1,4,0,0,-1,5,0,0,-1,-1,-1,-1,-1,-1,-1,-1,-1,-1,-1,-1,-1,-1,-1,-1,-1,-1,-1,-1,-1,-1,-1,-1,-1,-1,-1,-1,-1,-1,-1,-1
49233,93831,-1,-1,34,-1,-1,-1,-1,-1,-1,898,-1,28,-1,-1,-1,-1,0,0,0,-1,0,0,0,-1,3,0,0,-1,5,0,0,-1,-1,-1,-1,-1,-1,-1,-1,-1,-1,-1,-1,-1,-1,-1,-1,-1,-1,-1,-1,-1,-1,-1,-1,-1,-1,-1,-1,-1,-1,-1,-1
49240,93831,-1,-1,112,-1,-1,-1,-1,-1,-1,1990,-1,232,-1,-1,-1,-1,0,0,0,-1,0,0,0,-1,9,0,0,-1,13,0,0,-1,-1,-1,-1,-1,-1,-1,-1,-1,-1,-1,-1,-1,-1,-1,-1,-1,-1,-1,-1,-1,-1,-1,-1,-1,-1,-1,-1,-1,-1,-1,-1
49241,93831,-1,-1,112,-1,-1,-1,-1,-1,-1,1990,-1,232,-1,-1,-1,-1,0,0,0,-1,0,0,0,-1,9,0,0,-1,13,0,0,-1,-1,-1,-1,-1,-1,-1,-1,-1,-1,-1,-1,-1,-1,-1,-1,-1,-1,-1,-1,-1,-1,-1,-1,-1,-1,-1,-1,-1,-1,-1,-1
49244,93831,-1,-1,79,-1,-1,-1,-1,-1,-1,1585,-1,88,-1,-1,-1,-1,0,0,0,-1,0,0,0,-1,7,0,0,-1,10,0,0,-1,-1,-1,-1,-1,-1,-1,-1,-1,-1,-1,-1,-1,-1,-1,-1,-1,-1,-1,-1,-1,-1,-1,-1,-1,-1,-1,-1,-1,-1,-1,-1
49245,93831,-1,-1,67,-1,-1,-1,-1,-1,-1,1411,-1,63,-1,-1,-1,-1,0,0,0,-1,0,0,0,-1,6,0,0,-1,8,0,0,-1,-1,-1,-1,-1,-1,-1,-1,-1,-1,-1,-1,-1,-1,-1,-1,-1,-1,-1,-1,-1,-1,-1,-1,-1,-1,-1,-1,-1,-1,-1,-1
49247,93831,-1,-1,62,-1,-1,-1,-1,-1,-1,1347,-1,65,-1,-1,-1,-1,0,0,0,-1,0,0,0,-1,5,0,0,-1,8,0,0,-1,-1,-1,-1,-1,-1,-1,-1,-1,-1,-1,-1,-1,-1,-1,-1,-1,-1,-1,-1,-1,-1,-1,-1,-1,-1,-1,-1,-1,-1,-1,-1
49248,93831,-1,-1,56,-1,-1,-1,-1,-1,-1,1232,-1,55,-1,-1,-1,-1,0,0,0,-1,0,0,0,-1,5,0,0,-1,7,0,0,-1,-1,-1,-1,-1,-1,-1,-1,-1,-1,-1,-1,-1,-1,-1,-1,-1,-1,-1,-1,-1,-1,-1,-1,-1,-1,-1,-1,-1,-1,-1,-1
49249,93831,-1,-1,49,-1,-1,-1,-1,-1,-1,1104,-1,44,-1,-1,-1,-1,0,0,0,-1,0,0,0,-1,4,0,0,-1,6,0,0,-1,-1,-1,-1,-1,-1,-1,-1,-1,-1,-1,-1,-1,-1,-1,-1,-1,-1,-1,-1,-1,-1,-1,-1,-1,-1,-1,-1,-1,-1,-1,-1
49250,93831,-1,-1,44,-1,-1,-1,-1,-1,-1,1023,-1,37,-1,-1,-1,-1,0,0,0,-1,0,0,0,-1,4,0,0,-1,6,0,0,-1,-1,-1,-1,-1,-1,-1,-1,-1,-1,-1,-1,-1,-1,-1,-1,-1,-1,-1,-1,-1,-1,-1,-1,-1,-1,-1,-1,-1,-1,-1,-1
49251,93831,-1,-1,42,-1,-1,-1,-1,-1,-1,979,-1,35,-1,-1,-1,-1,0,0,0,-1,0,0,0,-1,4,0,0,-1,6,0,0,-1,-1,-1,-1,-1,-1,-1,-1,-1,-1,-1,-1,-1,-1,-1,-1,-1,-1,-1,-1,-1,-1,-1,-1,-1,-1,-1,-1,-1,-1,-1,-1
49253,93831,-1,-1,42,-1,-1,-1,-1,-1,-1,979,-1,35,-1,-1,-1,-1,0,0,0,-1,0,0,0,-1,4,0,0,-1,6,0,0,-1,-1,-1,-1,-1,-1,-1,-1,-1,-1,-1,-1,-1,-1,-1,-1,-1,-1,-1,-1,-1,-1,-1,-1,-1,-1,-1,-1,-1,-1,-1,-1
49254,93831,-1,-1,42,-1,-1,-1,-1,-1,-1,979,-1,35,-1,-1,-1,-1,0,0,0,-1,0,0,0,-1,4,0,0,-1,6,0,0,-1,-1,-1,-1,-1,-1,-1,-1,-1,-1,-1,-1,-1,-1,-1,-1,-1,-1,-1,-1,-1,-1,-1,-1,-1,-1,-1,-1,-1,-1,-1,-1
49262,93831,-1,-1,57,-1,-1,-1,-1,-1,-1,1256,-1,69,-1,-1,-1,-1,0,0,0,-1,0,0,0,-1,5,0,0,-1,7,0,0,-1,-1,-1,-1,-1,-1,-1,-1,-1,-1,-1,-1,-1,-1,-1,-1,-1,-1,-1,-1,-1,-1,-1,-1,-1,-1,-1,-1,-1,-1,-1,-1
49263,93831,-1,-1,51,-1,-1,-1,-1,-1,-1,1165,-1,56,-1,-1,-1,-1,0,0,0,-1,0,0,0,-1,5,0,0,-1,7,0,0,-1,-1,-1,-1,-1,-1,-1,-1,-1,-1,-1,-1,-1,-1,-1,-1,-1,-1,-1,-1,-1,-1,-1,-1,-1,-1,-1,-1,-1,-1,-1,-1
49264,93831,-1,-1,51,-1,-1,-1,-1,-1,-1,1165,-1,56,-1,-1,-1,-1,0,0,0,-1,0,0,0,-1,5,0,0,-1,7,0,0,-1,-1,-1,-1,-1,-1,-1,-1,-1,-1,-1,-1,-1,-1,-1,-1,-1,-1,-1,-1,-1,-1,-1,-1,-1,-1,-1,-1,-1,-1,-1,-1
49265,93831,-1,-1,44,-1,-1,-1,-1,-1,-1,1041,-1,44,-1,-1,-1,-1,0,0,0,-1,0,0,0,-1,4,0,0,-1,6,0,0,-1,-1,-1,-1,-1,-1,-1,-1,-1,-1,-1,-1,-1,-1,-1,-1,-1,-1,-1,-1,-1,-1,-1,-1,-1,-1,-1,-1,-1,-1,-1,-1
49266,93831,-1,-1,39,-1,-1,-1,-1,-1,-1,941,-1,36,-1,-1,-1,-1,0,0,0,-1,0,0,0,-1,4,0,0,-1,5,0,0,-1,-1,-1,-1,-1,-1,-1,-1,-1,-1,-1,-1,-1,-1,-1,-1,-1,-1,-1,-1,-1,-1,-1,-1,-1,-1,-1,-1,-1,-1,-1,-1
49267,93831,-1,-1,37,-1,-1,-1,-1,-1,-1,948,-1,36,-1,-1,-1,-1,0,0,0,-1,0,0,0,-1,3,0,0,-1,5,0,0,-1,-1,-1,-1,-1,-1,-1,-1,-1,-1,-1,-1,-1,-1,-1,-1,-1,-1,-1,-1,-1,-1,-1,-1,-1,-1,-1,-1,-1,-1,-1,-1
49268,93831,-1,-1,34,-1,-1,-1,-1,-1,-1,880,-1,31,-1,-1,-1,-1,0,0,0,-1,0,0,0,-1,3,0,0,-1,5,0,0,-1,-1,-1,-1,-1,-1,-1,-1,-1,-1,-1,-1,-1,-1,-1,-1,-1,-1,-1,-1,-1,-1,-1,-1,-1,-1,-1,-1,-1,-1,-1,-1
49270,93831,-1,-1,32,-1,-1,-1,-1,-1,-1,858,-1,30,-1,-1,-1,-1,0,0,0,-1,0,0,0,-1,3,0,0,-1,5,0,0,-1,-1,-1,-1,-1,-1,-1,-1,-1,-1,-1,-1,-1,-1,-1,-1,-1,-1,-1,-1,-1,-1,-1,-1,-1,-1,-1,-1,-1,-1,-1,-1
49307,93831,-1,-1,60,-1,-1,-1,-1,-1,-1,1343,-1,71,-1,-1,-1,-1,0,0,0,-1,0,0,0,-1,5,0,0,-1,7,0,0,-1,-1,-1,-1,-1,-1,-1,-1,-1,-1,-1,-1,-1,-1,-1,-1,-1,-1,-1,-1,-1,-1,-1,-1,-1,-1,-1,-1,-1,-1,-1,-1
49308,93831,-1,-1,60,-1,-1,-1,-1,-1,-1,1343,-1,71,-1,-1,-1,-1,0,0,0,-1,0,0,0,-1,5,0,0,-1,7,0,0,-1,-1,-1,-1,-1,-1,-1,-1,-1,-1,-1,-1,-1,-1,-1,-1,-1,-1,-1,-1,-1,-1,-1,-1,-1,-1,-1,-1,-1,-1,-1,-1
49309,93831,-1,-1,53,-1,-1,-1,-1,-1,-1,1223,-1,57,-1,-1,-1,-1,0,0,0,-1,0,0,0,-1,5,0,0,-1,7,0,0,-1,-1,-1,-1,-1,-1,-1,-1,-1,-1,-1,-1,-1,-1,-1,-1,-1,-1,-1,-1,-1,-1,-1,-1,-1,-1,-1,-1,-1,-1,-1,-1
49310,93831,-1,-1,53,-1,-1,-1,-1,-1,-1,1223,-1,57,-1,-1,-1,-1,0,0,0,-1,0,0,0,-1,5,0,0,-1,7,0,0,-1,-1,-1,-1,-1,-1,-1,-1,-1,-1,-1,-1,-1,-1,-1,-1,-1,-1,-1,-1,-1,-1,-1,-1,-1,-1,-1,-1,-1,-1,-1,-1
49311,93831,-1,-1,48,-1,-1,-1,-1,-1,-1,1135,-1,50,-1,-1,-1,-1,0,0,0,-1,0,0,0,-1,4,0,0,-1,6,0,0,-1,-1,-1,-1,-1,-1,-1,-1,-1,-1,-1,-1,-1,-1,-1,-1,-1,-1,-1,-1,-1,-1,-1,-1,-1,-1,-1,-1,-1,-1,-1,-1
49312,93831,-1,-1,47,-1,-1,-1,-1,-1,-1,1122,-1,48,-1,-1,-1,-1,0,0,0,-1,0,0,0,-1,4,0,0,-1,6,0,0,-1,-1,-1,-1,-1,-1,-1,-1,-1,-1,-1,-1,-1,-1,-1,-1,-1,-1,-1,-1,-1,-1,-1,-1,-1,-1,-1,-1,-1,-1,-1,-1
49313,93831,-1,-1,44,-1,-1,-1,-1,-1,-1,1058,-1,42,-1,-1,-1,-1,0,0,0,-1,0,0,0,-1,4,0,0,-1,6,0,0,-1,-1,-1,-1,-1,-1,-1,-1,-1,-1,-1,-1,-1,-1,-1,-1,-1,-1,-1,-1,-1,-1,-1,-1,-1,-1,-1,-1,-1,-1,-1,-1
49314,93831,-1,-1,44,-1,-1,-1,-1,-1,-1,1058,-1,42,-1,-1,-1,-1,0,0,0,-1,0,0,0,-1,4,0,0,-1,6,0,0,-1,-1,-1,-1,-1,-1,-1,-1,-1,-1,-1,-1,-1,-1,-1,-1,-1,-1,-1,-1,-1,-1,-1,-1,-1,-1,-1,-1,-1,-1,-1,-1
49316,93831,-1,-1,41,-1,-1,-1,-1,-1,-1,997,-1,37,-1,-1,-1,-1,0,0,0,-1,0,0,0,-1,4,0,0,-1,6,0,0,-1,-1,-1,-1,-1,-1,-1,-1,-1,-1,-1,-1,-1,-1,-1,-1,-1,-1,-1,-1,-1,-1,-1,-1,-1,-1,-1,-1,-1,-1,-1,-1
49317,93831,-1,-1,38,-1,-1,-1,-1,-1,-1,943,-1,34,-1,-1,-1,-1,0,0,0,-1,0,0,0,-1,3,0,0,-1,5,0,0,-1,-1,-1,-1,-1,-1,-1,-1,-1,-1,-1,-1,-1,-1,-1,-1,-1,-1,-1,-1,-1,-1,-1,-1,-1,-1,-1,-1,-1,-1,-1,-1
49324,93831,-1,-1,88,-1,-1,-1,-1,-1,-1,1830,-1,242,-1,-1,-1,-1,0,0,0,-1,1,0,0,-1,7,0,0,-1,11,0,0,-1,-1,-1,-1,-1,-1,-1,-1,-1,-1,-1,-1,-1,-1,-1,-1,-1,-1,-1,-1,-1,-1,-1,-1,-1,-1,-1,-1,-1,-1,-1,-1
49329,93831,-1,-1,48,-1,-1,-1,-1,-1,-1,1186,-1,54,-1,-1,-1,-1,0,0,0,-1,0,0,0,-1,4,0,0,-1,6,0,0,-1,-1,-1,-1,-1,-1,-1,-1,-1,-1,-1,-1,-1,-1,-1,-1,-1,-1,-1,-1,-1,-1,-1,-1,-1,-1,-1,-1,-1,-1,-1,-1
49330,93831,-1,-1,46,-1,-1,-1,-1,-1,-1,1148,-1,50,-1,-1,-1,-1,0,0,0,-1,0,0,0,-1,4,0,0,-1,6,0,0,-1,-1,-1,-1,-1,-1,-1,-1,-1,-1,-1,-1,-1,-1,-1,-1,-1,-1,-1,-1,-1,-1,-1,-1,-1,-1,-1,-1,-1,-1,-1,-1
49331,93831,-1,-1,43,-1,-1,-1,-1,-1,-1,1085,-1,44,-1,-1,-1,-1,0,0,0,-1,0,0,0,-1,4,0,0,-1,6,0,0,-1,-1,-1,-1,-1,-1,-1,-1,-1,-1,-1,-1,-1,-1,-1,-1,-1,-1,-1,-1,-1,-1,-1,-1,-1,-1,-1,-1,-1,-1,-1,-1
49337,93831,-1,-1,96,-1,-1,-1,-1,-1,-1,1947,-1,610,-1,-1,-1,-1,0,0,0,-1,0,0,0,-1,8,0,0,-1,11,0,0,-1,-1,-1,-1,-1,-1,-1,-1,-1,-1,-1,-1,-1,-1,-1,-1,-1,-1,-1,-1,-1,-1,-1,-1,-1,-1,-1,-1,-1,-1,-1,-1
49339,93831,-1,-1,66,-1,-1,-1,-1,-1,-1,1522,-1,98,-1,-1,-1,-1,0,0,0,-1,0,0,0,-1,5,0,0,-1,8,0,0,-1,-1,-1,-1,-1,-1,-1,-1,-1,-1,-1,-1,-1,-1,-1,-1,-1,-1,-1,-1,-1,-1,-1,-1,-1,-1,-1,-1,-1,-1,-1,-1
49340,93831,-1,-1,66,-1,-1,-1,-1,-1,-1,1522,-1,98,-1,-1,-1,-1,0,0,0,-1,0,0,0,-1,5,0,0,-1,8,0,0,-1,-1,-1,-1,-1,-1,-1,-1,-1,-1,-1,-1,-1,-1,-1,-1,-1,-1,-1,-1,-1,-1,-1,-1,-1,-1,-1,-1,-1,-1,-1,-1
49341,93831,-1,-1,66,-1,-1,-1,-1,-1,-1,1522,-1,98,-1,-1,-1,-1,0,0,0,-1,0,0,0,-1,5,0,0,-1,8,0,0,-1,-1,-1,-1,-1,-1,-1,-1,-1,-1,-1,-1,-1,-1,-1,-1,-1,-1,-1,-1,-1,-1,-1,-1,-1,-1,-1,-1,-1,-1,-1,-1
49342,93831,-1,-1,66,-1,-1,-1,-1,-1,-1,1522,-1,98,-1,-1,-1,-1,0,0,0,-1,0,0,0,-1,5,0,0,-1,8,0,0,-1,-1,-1,-1,-1,-1,-1,-1,-1,-1,-1,-1,-1,-1,-1,-1,-1,-1,-1,-1,-1,-1,-1,-1,-1,-1,-1,-1,-1,-1,-1,-1
49345,93831,-1,-1,49,-1,-1,-1,-1,-1,-1,1173,-1,55,-1,-1,-1,-1,0,0,0,-1,0,0,0,-1,5,0,0,-1,6,0,0,-1,-1,-1,-1,-1,-1,-1,-1,-1,-1,-1,-1,-1,-1,-1,-1,-1,-1,-1,-1,-1,-1,-1,-1,-1,-1,-1,-1,-1,-1,-1,-1
49346,93831,-1,-1,49,-1,-1,-1,-1,-1,-1,1173,-1,55,-1,-1,-1,-1,0,0,0,-1,0,0,0,-1,5,0,0,-1,6,0,0,-1,-1,-1,-1,-1,-1,-1,-1,-1,-1,-1,-1,-1,-1,-1,-1,-1,-1,-1,-1,-1,-1,-1,-1,-1,-1,-1,-1,-1,-1,-1,-1
49347,93831,-1,-1,43,-1,-1,-1,-1,-1,-1,1076,-1,45,-1,-1,-1,-1,0,0,0,-1,0,0,0,-1,4,0,0,-1,6,0,0,-1,-1,-1,-1,-1,-1,-1,-1,-1,-1,-1,-1,-1,-1,-1,-1,-1,-1,-1,-1,-1,-1,-1,-1,-1,-1,-1,-1,-1,-1,-1,-1
49348,93831,-1,-1,43,-1,-1,-1,-1,-1,-1,1076,-1,45,-1,-1,-1,-1,0,0,0,-1,0,0,0,-1,4,0,0,-1,6,0,0,-1,-1,-1,-1,-1,-1,-1,-1,-1,-1,-1,-1,-1,-1,-1,-1,-1,-1,-1,-1,-1,-1,-1,-1,-1,-1,-1,-1,-1,-1,-1,-1
49349,93831,-1,-1,39,-1,-1,-1,-1,-1,-1,1003,-1,40,-1,-1,-1,-1,0,0,0,-1,0,0,0,-1,4,0,0,-1,5,0,0,-1,-1,-1,-1,-1,-1,-1,-1,-1,-1,-1,-1,-1,-1,-1,-1,-1,-1,-1,-1,-1,-1,-1,-1,-1,-1,-1,-1,-1,-1,-1,-1
49351,93831,-1,-1,39,-1,-1,-1,-1,-1,-1,1003,-1,40,-1,-1,-1,-1,0,0,0,-1,0,0,0,-1,4,0,0,-1,5,0,0,-1,-1,-1,-1,-1,-1,-1,-1,-1,-1,-1,-1,-1,-1,-1,-1,-1,-1,-1,-1,-1,-1,-1,-1,-1,-1,-1,-1,-1,-1,-1,-1
49352,93831,-1,-1,37,-1,-1,-1,-1,-1,-1,943,-1,35,-1,-1,-1,-1,0,0,0,-1,0,0,0,-1,4,0,0,-1,5,0,0,-1,-1,-1,-1,-1,-1,-1,-1,-1,-1,-1,-1,-1,-1,-1,-1,-1,-1,-1,-1,-1,-1,-1,-1,-1,-1,-1,-1,-1,-1,-1,-1
49353,93831,-1,-1,34,-1,-1,-1,-1,-1,-1,898,-1,32,-1,-1,-1,-1,0,0,0,-1,0,0,0,-1,3,0,0,-1,5,0,0,-1,-1,-1,-1,-1,-1,-1,-1,-1,-1,-1,-1,-1,-1,-1,-1,-1,-1,-1,-1,-1,-1,-1,-1,-1,-1,-1,-1,-1,-1,-1,-1
49356,93831,-1,-1,105,-1,-1,-1,-1,-1,-1,1964,-1,710,-1,-1,-1,-1,0,0,0,-1,0,0,0,-1,9,0,0,-1,12,0,0,-1,-1,-1,-1,-1,-1,-1,-1,-1,-1,-1,-1,-1,-1,-1,-1,-1,-1,-1,-1,-1,-1,-1,-1,-1,-1,-1,-1,-1,-1,-1,-1
49358,93831,-1,-1,80,-1,-1,-1,-1,-1,-1,1662,-1,175,-1,-1,-1,-1,0,0,0,-1,0,0,0,-1,7,0,0,-1,9,0,0,-1,-1,-1,-1,-1,-1,-1,-1,-1,-1,-1,-1,-1,-1,-1,-1,-1,-1,-1,-1,-1,-1,-1,-1,-1,-1,-1,-1,-1,-1,-1,-1
49359,93831,-1,-1,62,-1,-1,-1,-1,-1,-1,1391,-1,79,-1,-1,-1,-1,0,0,0,-1,0,0,0,-1,5,0,0,-1,8,0,0,-1,-1,-1,-1,-1,-1,-1,-1,-1,-1,-1,-1,-1,-1,-1,-1,-1,-1,-1,-1,-1,-1,-1,-1,-1,-1,-1,-1,-1,-1,-1,-1
49360,93831,-1,-1,54,-1,-1,-1,-1,-1,-1,1262,-1,63,-1,-1,-1,-1,0,0,0,-1,0,0,0,-1,5,0,0,-1,7,0,0,-1,-1,-1,-1,-1,-1,-1,-1,-1,-1,-1,-1,-1,-1,-1,-1,-1,-1,-1,-1,-1,-1,-1,-1,-1,-1,-1,-1,-1,-1,-1,-1
49361,93831,-1,-1,50,-1,-1,-1,-1,-1,-1,1191,-1,54,-1,-1,-1,-1,0,0,0,-1,0,0,0,-1,4,0,0,-1,6,0,0,-1,-1,-1,-1,-1,-1,-1,-1,-1,-1,-1,-1,-1,-1,-1,-1,-1,-1,-1,-1,-1,-1,-1,-1,-1,-1,-1,-1,-1,-1,-1,-1
49362,93831,-1,-1,45,-1,-1,-1,-1,-1,-1,1093,-1,45,-1,-1,-1,-1,0,0,0,-1,0,0,0,-1,4,0,0,-1,6,0,0,-1,-1,-1,-1,-1,-1,-1,-1,-1,-1,-1,-1,-1,-1,-1,-1,-1,-1,-1,-1,-1,-1,-1,-1,-1,-1,-1,-1,-1,-1,-1,-1
49365,93831,-1,-1,41,-1,-1,-1,-1,-1,-1,1039,-1,41,-1,-1,-1,-1,0,0,0,-1,0,0,0,-1,4,0,0,-1,6,0,0,-1,-1,-1,-1,-1,-1,-1,-1,-1,-1,-1,-1,-1,-1,-1,-1,-1,-1,-1,-1,-1,-1,-1,-1,-1,-1,-1,-1,-1,-1,-1,-1
49366,93831,-1,-1,38,-1,-1,-1,-1,-1,-1,956,-1,35,-1,-1,-1,-1,0,0,0,-1,0,0,0,-1,3,0,0,-1,5,0,0,-1,-1,-1,-1,-1,-1,-1,-1,-1,-1,-1,-1,-1,-1,-1,-1,-1,-1,-1,-1,-1,-1,-1,-1,-1,-1,-1,-1,-1,-1,-1,-1
49367,93831,-1,-1,35,-1,-1,-1,-1,-1,-1,912,-1,33,-1,-1,-1,-1,0,0,0,-1,0,0,0,-1,3,0,0,-1,5,0,0,-1,-1,-1,-1,-1,-1,-1,-1,-1,-1,-1,-1,-1,-1,-1,-1,-1,-1,-1,-1,-1,-1,-1,-1,-1,-1,-1,-1,-1,-1,-1,-1
49368,93831,-1,-1,32,-1,-1,-1,-1,-1,-1,853,-1,29,-1,-1,-1,-1,0,0,0,-1,0,0,0,-1,3,0,0,-1,5,0,0,-1,-1,-1,-1,-1,-1,-1,-1,-1,-1,-1,-1,-1,-1,-1,-1,-1,-1,-1,-1,-1,-1,-1,-1,-1,-1,-1,-1,-1,-1,-1,-1
49369,93831,-1,-1,32,-1,-1,-1,-1,-1,-1,838,-1,28,-1,-1,-1,-1,0,0,0,-1,0,0,0,-1,3,0,0,-1,5,0,0,-1,-1,-1,-1,-1,-1,-1,-1,-1,-1,-1,-1,-1,-1,-1,-1,-1,-1,-1,-1,-1,-1,-1,-1,-1,-1,-1,-1,-1,-1,-1,-1
49373,93831,-1,-1,91,-1,-1,-1,-1,-1,-1,1804,-1,400,-1,-1,-1,-1,0,0,0,-1,0,0,0,-1,8,0,0,-1,11,0,0,-1,-1,-1,-1,-1,-1,-1,-1,-1,-1,-1,-1,-1,-1,-1,-1,-1,-1,-1,-1,-1,-1,-1,-1,-1,-1,-1,-1,-1,-1,-1,-1
49374,93831,-1,-1,91,-1,-1,-1,-1,-1,-1,1804,-1,400,-1,-1,-1,-1,0,0,0,-1,0,0,0,-1,8,0,0,-1,11,0,0,-1,-1,-1,-1,-1,-1,-1,-1,-1,-1,-1,-1,-1,-1,-1,-1,-1,-1,-1,-1,-1,-1,-1,-1,-1,-1,-1,-1,-1,-1,-1,-1
49376,93831,-1,-1,60,-1,-1,-1,-1,-1,-1,1362,-1,74,-1,-1,-1,-1,0,0,0,-1,0,0,0,-1,5,0,0,-1,7,0,0,-1,-1,-1,-1,-1,-1,-1,-1,-1,-1,-1,-1,-1,-1,-1,-1,-1,-1,-1,-1,-1,-1,-1,-1,-1,-1,-1,-1,-1,-1,-1,-1
49377,93831,-1,-1,60,-1,-1,-1,-1,-1,-1,1362,-1,74,-1,-1,-1,-1,0,0,0,-1,0,0,0,-1,5,0,0,-1,7,0,0,-1,-1,-1,-1,-1,-1,-1,-1,-1,-1,-1,-1,-1,-1,-1,-1,-1,-1,-1,-1,-1,-1,-1,-1,-1,-1,-1,-1,-1,-1,-1,-1
49378,93831,-1,-1,60,-1,-1,-1,-1,-1,-1,1362,-1,74,-1,-1,-1,-1,0,0,0,-1,0,0,0,-1,5,0,0,-1,7,0,0,-1,-1,-1,-1,-1,-1,-1,-1,-1,-1,-1,-1,-1,-1,-1,-1,-1,-1,-1,-1,-1,-1,-1,-1,-1,-1,-1,-1,-1,-1,-1,-1
49379,93831,-1,-1,46,-1,-1,-1,-1,-1,-1,1191,-1,47,-1,-1,-1,-1,0,0,0,-1,0,0,0,-1,5,0,0,-1,6,0,0,-1,-1,-1,-1,-1,-1,-1,-1,-1,-1,-1,-1,-1,-1,-1,-1,-1,-1,-1,-1,-1,-1,-1,-1,-1,-1,-1,-1,-1,-1,-1,-1
49380,93831,-1,-1,46,-1,-1,-1,-1,-1,-1,1191,-1,47,-1,-1,-1,-1,0,0,0,-1,0,0,0,-1,5,0,0,-1,6,0,0,-1,-1,-1,-1,-1,-1,-1,-1,-1,-1,-1,-1,-1,-1,-1,-1,-1,-1,-1,-1,-1,-1,-1,-1,-1,-1,-1,-1,-1,-1,-1,-1
49381,93831,-1,-1,43,-1,-1,-1,-1,-1,-1,1126,-1,41,-1,-1,-1,-1,0,0,0,-1,0,0,0,-1,4,0,0,-1,6,0,0,-1,-1,-1,-1,-1,-1,-1,-1,-1,-1,-1,-1,-1,-1,-1,-1,-1,-1,-1,-1,-1,-1,-1,-1,-1,-1,-1,-1,-1,-1,-1,-1
49382,93831,-1,-1,41,-1,-1,-1,-1,-1,-1,1101,-1,39,-1,-1,-1,-1,0,0,0,-1,0,0,0,-1,4,0,0,-1,6,0,0,-1,-1,-1,-1,-1,-1,-1,-1,-1,-1,-1,-1,-1,-1,-1,-1,-1,-1,-1,-1,-1,-1,-1,-1,-1,-1,-1,-1,-1,-1,-1,-1
49383,93831,-1,-1,39,-1,-1,-1,-1,-1,-1,1067,-1,37,-1,-1,-1,-1,0,0,0,-1,0,0,0,-1,4,0,0,-1,5,0,0,-1,-1,-1,-1,-1,-1,-1,-1,-1,-1,-1,-1,-1,-1,-1,-1,-1,-1,-1,-1,-1,-1,-1,-1,-1,-1,-1,-1,-1,-1,-1,-1
49384,93831,-1,-1,37,-1,-1,-1,-1,-1,-1,1027,-1,35,-1,-1,-1,-1,0,0,0,-1,0,0,0,-1,4,0,0,-1,5,0,0,-1,-1,-1,-1,-1,-1,-1,-1,-1,-1,-1,-1,-1,-1,-1,-1,-1,-1,-1,-1,-1,-1,-1,-1,-1,-1,-1,-1,-1,-1,-1,-1
49385,93831,-1,-1,34,-1,-1,-1,-1,-1,-1,960,-1,32,-1,-1,-1,-1,0,0,0,-1,0,0,0,-1,4,0,0,-1,5,0,0,-1,-1,-1,-1,-1,-1,-1,-1,-1,-1,-1,-1,-1,-1,-1,-1,-1,-1,-1,-1,-1,-1,-1,-1,-1,-1,-1,-1,-1,-1,-1,-1
49390,93831,-1,-1,32,-1,-1,-1,-1,-1,-1,928,-1,29,-1,-1,-1,-1,0,0,0,-1,0,0,0,-1,4,0,0,-1,5,0,0,-1,-1,-1,-1,-1,-1,-1,-1,-1,-1,-1,-1,-1,-1,-1,-1,-1,-1,-1,-1,-1,-1,-1,-1,-1,-1,-1,-1,-1,-1,-1,-1
49432,93831,-1,-1,78,-1,-1,-1,-1,-1,-1,1639,-1,160,-1,-1,-1,-1,0,0,0,-1,0,0,0,-1,7,0,0,-1,9,0,0,-1,-1,-1,-1,-1,-1,-1,-1,-1,-1,-1,-1,-1,-1,-1,-1,-1,-1,-1,-1,-1,-1,-1,-1,-1,-1,-1,-1,-1,-1,-1,-1
49433,93831,-1,-1,65,-1,-1,-1,-1,-1,-1,1475,-1,87,-1,-1,-1,-1,0,0,0,-1,0,0,0,-1,6,0,0,-1,8,0,0,-1,-1,-1,-1,-1,-1,-1,-1,-1,-1,-1,-1,-1,-1,-1,-1,-1,-1,-1,-1,-1,-1,-1,-1,-1,-1,-1,-1,-1,-1,-1,-1
49434,93831,-1,-1,52,-1,-1,-1,-1,-1,-1,1279,-1,57,-1,-1,-1,-1,0,0,0,-1,0,0,0,-1,5,0,0,-1,7,0,0,-1,-1,-1,-1,-1,-1,-1,-1,-1,-1,-1,-1,-1,-1,-1,-1,-1,-1,-1,-1,-1,-1,-1,-1,-1,-1,-1,-1,-1,-1,-1,-1
49435,93831,-1,-1,44,-1,-1,-1,-1,-1,-1,1155,-1,45,-1,-1,-1,-1,0,0,0,-1,0,0,0,-1,4,0,0,-1,6,0,0,-1,-1,-1,-1,-1,-1,-1,-1,-1,-1,-1,-1,-1,-1,-1,-1,-1,-1,-1,-1,-1,-1,-1,-1,-1,-1,-1,-1,-1,-1,-1,-1
49437,93831,-1,-1,39,-1,-1,-1,-1,-1,-1,1057,-1,38,-1,-1,-1,-1,0,0,0,-1,0,0,0,-1,4,0,0,-1,5,0,0,-1,-1,-1,-1,-1,-1,-1,-1,-1,-1,-1,-1,-1,-1,-1,-1,-1,-1,-1,-1,-1,-1,-1,-1,-1,-1,-1,-1,-1,-1,-1,-1
49438,93831,-1,-1,39,-1,-1,-1,-1,-1,-1,1057,-1,38,-1,-1,-1,-1,0,0,0,-1,0,0,0,-1,4,0,0,-1,5,0,0,-1,-1,-1,-1,-1,-1,-1,-1,-1,-1,-1,-1,-1,-1,-1,-1,-1,-1,-1,-1,-1,-1,-1,-1,-1,-1,-1,-1,-1,-1,-1,-1
49439,93831,-1,-1,34,-1,-1,-1,-1,-1,-1,963,-1,32,-1,-1,-1,-1,0,0,0,-1,0,0,0,-1,4,0,0,-1,5,0,0,-1,-1,-1,-1,-1,-1,-1,-1,-1,-1,-1,-1,-1,-1,-1,-1,-1,-1,-1,-1,-1,-1,-1,-1,-1,-1,-1,-1,-1,-1,-1,-1
49440,93831,-1,-1,34,-1,-1,-1,-1,-1,-1,963,-1,32,-1,-1,-1,-1,0,0,0,-1,0,0,0,-1,4,0,0,-1,5,0,0,-1,-1,-1,-1,-1,-1,-1,-1,-1,-1,-1,-1,-1,-1,-1,-1,-1,-1,-1,-1,-1,-1,-1,-1,-1,-1,-1,-1,-1,-1,-1,-1
49445,93831,-1,-1,102,-1,-1,-1,-1,-1,-1,1939,-1,344,-1,-1,-1,-1,0,0,0,-1,1,0,0,-1,9,0,0,-1,12,0,0,-1,-1,-1,-1,-1,-1,-1,-1,-1,-1,-1,-1,-1,-1,-1,-1,-1,-1,-1,-1,-1,-1,-1,-1,-1,-1,-1,-1,-1,-1,-1,-1
49446,93831,-1,-1,102,-1,-1,-1,-1,-1,-1,1939,-1,344,-1,-1,-1,-1,0,0,0,-1,1,0,0,-1,9,0,0,-1,12,0,0,-1,-1,-1,-1,-1,-1,-1,-1,-1,-1,-1,-1,-1,-1,-1,-1,-1,-1,-1,-1,-1,-1,-1,-1,-1,-1,-1,-1,-1,-1,-1,-1
49447,93831,-1,-1,76,-1,-1,-1,-1,-1,-1,1627,-1,133,-1,-1,-1,-1,0,0,0,-1,0,0,0,-1,7,0,0,-1,9,0,0,-1,-1,-1,-1,-1,-1,-1,-1,-1,-1,-1,-1,-1,-1,-1,-1,-1,-1,-1,-1,-1,-1,-1,-1,-1,-1,-1,-1,-1,-1,-1,-1
49448,93831,-1,-1,60,-1,-1,-1,-1,-1,-1,1412,-1,73,-1,-1,-1,-1,0,0,0,-1,0,0,0,-1,6,0,0,-1,8,0,0,-1,-1,-1,-1,-1,-1,-1,-1,-1,-1,-1,-1,-1,-1,-1,-1,-1,-1,-1,-1,-1,-1,-1,-1,-1,-1,-1,-1,-1,-1,-1,-1
49449,93831,-1,-1,55,-1,-1,-1,-1,-1,-1,1328,-1,62,-1,-1,-1,-1,0,0,0,-1,0,0,0,-1,5,0,0,-1,7,0,0,-1,-1,-1,-1,-1,-1,-1,-1,-1,-1,-1,-1,-1,-1,-1,-1,-1,-1,-1,-1,-1,-1,-1,-1,-1,-1,-1,-1,-1,-1,-1,-1
49451,93831,-1,-1,55,-1,-1,-1,-1,-1,-1,1328,-1,62,-1,-1,-1,-1,0,0,0,-1,0,0,0,-1,5,0,0,-1,7,0,0,-1,-1,-1,-1,-1,-1,-1,-1,-1,-1,-1,-1,-1,-1,-1,-1,-1,-1,-1,-1,-1,-1,-1,-1,-1,-1,-1,-1,-1,-1,-1,-1
49452,93831,-1,-1,46,-1,-1,-1,-1,-1,-1,1189,-1,48,-1,-1,-1,-1,0,0,0,-1,0,0,0,-1,5,0,0,-1,6,0,0,-1,-1,-1,-1,-1,-1,-1,-1,-1,-1,-1,-1,-1,-1,-1,-1,-1,-1,-1,-1,-1,-1,-1,-1,-1,-1,-1,-1,-1,-1,-1,-1
49453,93831,-1,-1,44,-1,-1,-1,-1,-1,-1,1149,-1,44,-1,-1,-1,-1,0,0,0,-1,0,0,0,-1,4,0,0,-1,6,0,0,-1,-1,-1,-1,-1,-1,-1,-1,-1,-1,-1,-1,-1,-1,-1,-1,-1,-1,-1,-1,-1,-1,-1,-1,-1,-1,-1,-1,-1,-1,-1,-1
49454,93831,-1,-1,44,-1,-1,-1,-1,-1,-1,1149,-1,44,-1,-1,-1,-1,0,0,0,-1,0,0,0,-1,4,0,0,-1,6,0,0,-1,-1,-1,-1,-1,-1,-1,-1,-1,-1,-1,-1,-1,-1,-1,-1,-1,-1,-1,-1,-1,-1,-1,-1,-1,-1,-1,-1,-1,-1,-1,-1
49455,93831,-1,-1,40,-1,-1,-1,-1,-1,-1,1090,-1,40,-1,-1,-1,-1,0,0,0,-1,0,0,0,-1,4,0,0,-1,6,0,0,-1,-1,-1,-1,-1,-1,-1,-1,-1,-1,-1,-1,-1,-1,-1,-1,-1,-1,-1,-1,-1,-1,-1,-1,-1,-1,-1,-1,-1,-1,-1,-1
49456,93831,-1,-1,40,-1,-1,-1,-1,-1,-1,1090,-1,40,-1,-1,-1,-1,0,0,0,-1,0,0,0,-1,4,0,0,-1,6,0,0,-1,-1,-1,-1,-1,-1,-1,-1,-1,-1,-1,-1,-1,-1,-1,-1,-1,-1,-1,-1,-1,-1,-1,-1,-1,-1,-1,-1,-1,-1,-1,-1
49457,93831,-1,-1,37,-1,-1,-1,-1,-1,-1,1017,-1,35,-1,-1,-1,-1,0,0,0,-1,0,0,0,-1,4,0,0,-1,5,0,0,-1,-1,-1,-1,-1,-1,-1,-1,-1,-1,-1,-1,-1,-1,-1,-1,-1,-1,-1,-1,-1,-1,-1,-1,-1,-1,-1,-1,-1,-1,-1,-1
49464,93831,-1,-1,97,-1,-1,-1,-1,-1,-1,1890,-1,320,-1,-1,-1,-1,0,0,0,-1,0,0,0,-1,8,0,0,-1,11,0,0,-1,-1,-1,-1,-1,-1,-1,-1,-1,-1,-1,-1,-1,-1,-1,-1,-1,-1,-1,-1,-1,-1,-1,-1,-1,-1,-1,-1,-1,-1,-1,-1
49466,93831,-1,-1,79,-1,-1,-1,-1,-1,-1,1674,-1,141,-1,-1,-1,-1,0,0,0,-1,0,0,0,-1,7,0,0,-1,9,0,0,-1,-1,-1,-1,-1,-1,-1,-1,-1,-1,-1,-1,-1,-1,-1,-1,-1,-1,-1,-1,-1,-1,-1,-1,-1,-1,-1,-1,-1,-1,-1,-1
49468,93831,-1,-1,64,-1,-1,-1,-1,-1,-1,1467,-1,81,-1,-1,-1,-1,0,0,0,-1,0,0,0,-1,6,0,0,-1,8,0,0,-1,-1,-1,-1,-1,-1,-1,-1,-1,-1,-1,-1,-1,-1,-1,-1,-1,-1,-1,-1,-1,-1,-1,-1,-1,-1,-1,-1,-1,-1,-1,-1
49652,93831,-1,-1,114,-1,-1,-1,-1,-1,-1,2123,-1,632,-1,-1,-1,-1,0,0,0,-1,0,0,0,-1,10,0,0,-1,13,0,0,-1,-1,-1,-1,-1,-1,-1,-1,-1,-1,-1,-1,-1,-1,-1,-1,-1,-1,-1,-1,-1,-1,-1,-1,-1,-1,-1,-1,-1,-1,-1,-1
49653,93831,-1,-1,94,-1,-1,-1,-1,-1,-1,1910,-1,168,-1,-1,-1,-1,0,0,0,-1,0,0,0,-1,8,0,0,-1,11,0,0,-1,-1,-1,-1,-1,-1,-1,-1,-1,-1,-1,-1,-1,-1,-1,-1,-1,-1,-1,-1,-1,-1,-1,-1,-1,-1,-1,-1,-1,-1,-1,-1
49655,93831,-1,-1,94,-1,-1,-1,-1,-1,-1,1910,-1,168,-1,-1,-1,-1,0,0,0,-1,0,0,0,-1,8,0,0,-1,11,0,0,-1,-1,-1,-1,-1,-1,-1,-1,-1,-1,-1,-1,-1,-1,-1,-1,-1,-1,-1,-1,-1,-1,-1,-1,-1,-1,-1,-1,-1,-1,-1,-1
49656,93831,-1,-1,64,-1,-1,-1,-1,-1,-1,1502,-1,74,-1,-1,-1,-1,0,0,0,-1,0,0,0,-1,6,0,0,-1,8,0,0,-1,-1,-1,-1,-1,-1,-1,-1,-1,-1,-1,-1,-1,-1,-1,-1,-1,-1,-1,-1,-1,-1,-1,-1,-1,-1,-1,-1,-1,-1,-1,-1
49657,93831,-1,-1,64,-1,-1,-1,-1,-1,-1,1502,-1,74,-1,-1,-1,-1,0,0,0,-1,0,0,0,-1,6,0,0,-1,8,0,0,-1,-1,-1,-1,-1,-1,-1,-1,-1,-1,-1,-1,-1,-1,-1,-1,-1,-1,-1,-1,-1,-1,-1,-1,-1,-1,-1,-1,-1,-1,-1,-1
49658,93831,-1,-1,64,-1,-1,-1,-1,-1,-1,1502,-1,74,-1,-1,-1,-1,0,0,0,-1,0,0,0,-1,6,0,0,-1,8,0,0,-1,-1,-1,-1,-1,-1,-1,-1,-1,-1,-1,-1,-1,-1,-1,-1,-1,-1,-1,-1,-1,-1,-1,-1,-1,-1,-1,-1,-1,-1,-1,-1
49659,93831,-1,-1,64,-1,-1,-1,-1,-1,-1,1502,-1,74,-1,-1,-1,-1,0,0,0,-1,0,0,0,-1,6,0,0,-1,8,0,0,-1,-1,-1,-1,-1,-1,-1,-1,-1,-1,-1,-1,-1,-1,-1,-1,-1,-1,-1,-1,-1,-1,-1,-1,-1,-1,-1,-1,-1,-1,-1,-1
49660,93831,-1,-1,64,-1,-1,-1,-1,-1,-1,1502,-1,74,-1,-1,-1,-1,0,0,0,-1,0,0,0,-1,6,0,0,-1,8,0,0,-1,-1,-1,-1,-1,-1,-1,-1,-1,-1,-1,-1,-1,-1,-1,-1,-1,-1,-1,-1,-1,-1,-1,-1,-1,-1,-1,-1,-1,-1,-1,-1
49661,93831,-1,-1,64,-1,-1,-1,-1,-1,-1,1502,-1,74,-1,-1,-1,-1,0,0,0,-1,0,0,0,-1,6,0,0,-1,8,0,0,-1,-1,-1,-1,-1,-1,-1,-1,-1,-1,-1,-1,-1,-1,-1,-1,-1,-1,-1,-1,-1,-1,-1,-1,-1,-1,-1,-1,-1,-1,-1,-1
49662,93831,-1,-1,46,-1,-1,-1,-1,-1,-1,1211,-1,44,-1,-1,-1,-1,0,0,0,-1,0,0,0,-1,5,0,0,-1,6,0,0,-1,-1,-1,-1,-1,-1,-1,-1,-1,-1,-1,-1,-1,-1,-1,-1,-1,-1,-1,-1,-1,-1,-1,-1,-1,-1,-1,-1,-1,-1,-1,-1
49664,93831,-1,-1,46,-1,-1,-1,-1,-1,-1,1211,-1,44,-1,-1,-1,-1,0,0,0,-1,0,0,0,-1,5,0,0,-1,6,0,0,-1,-1,-1,-1,-1,-1,-1,-1,-1,-1,-1,-1,-1,-1,-1,-1,-1,-1,-1,-1,-1,-1,-1,-1,-1,-1,-1,-1,-1,-1,-1,-1
49665,93831,-1,-1,43,-1,-1,-1,-1,-1,-1,1162,-1,41,-1,-1,-1,-1,0,0,0,-1,0,0,0,-1,5,0,0,-1,6,0,0,-1,-1,-1,-1,-1,-1,-1,-1,-1,-1,-1,-1,-1,-1,-1,-1,-1,-1,-1,-1,-1,-1,-1,-1,-1,-1,-1,-1,-1,-1,-1,-1
49666,93831,-1,-1,40,-1,-1,-1,-1,-1,-1,1092,-1,36,-1,-1,-1,-1,0,0,0,-1,0,0,0,-1,4,0,0,-1,6,0,0,-1,-1,-1,-1,-1,-1,-1,-1,-1,-1,-1,-1,-1,-1,-1,-1,-1,-1,-1,-1,-1,-1,-1,-1,-1,-1,-1,-1,-1,-1,-1,-1
49736,93831,-1,-1,74,-1,-1,-1,-1,-1,-1,1625,-1,120,-1,-1,-1,-1,0,0,0,-1,0,0,0,-1,7,0,0,-1,10,0,0,-1,-1,-1,-1,-1,-1,-1,-1,-1,-1,-1,-1,-1,-1,-1,-1,-1,-1,-1,-1,-1,-1,-1,-1,-1,-1,-1,-1,-1,-1,-1,-1
49737,93831,-1,-1,74,-1,-1,-1,-1,-1,-1,1625,-1,120,-1,-1,-1,-1,0,0,0,-1,0,0,0,-1,7,0,0,-1,10,0,0,-1,-1,-1,-1,-1,-1,-1,-1,-1,-1,-1,-1,-1,-1,-1,-1,-1,-1,-1,-1,-1,-1,-1,-1,-1,-1,-1,-1,-1,-1,-1,-1
49742,93831,-1,-1,58,-1,-1,-1,-1,-1,-1,1408,-1,65,-1,-1,-1,-1,0,0,0,-1,0,0,0,-1,6,0,0,-1,7,0,0,-1,-1,-1,-1,-1,-1,-1,-1,-1,-1,-1,-1,-1,-1,-1,-1,-1,-1,-1,-1,-1,-1,-1,-1,-1,-1,-1,-1,-1,-1,-1,-1
49743,93831,-1,-1,58,-1,-1,-1,-1,-1,-1,1408,-1,65,-1,-1,-1,-1,0,0,0,-1,0,0,0,-1,6,0,0,-1,7,0,0,-1,-1,-1,-1,-1,-1,-1,-1,-1,-1,-1,-1,-1,-1,-1,-1,-1,-1,-1,-1,-1,-1,-1,-1,-1,-1,-1,-1,-1,-1,-1,-1
49749,93831,-1,-1,44,-1,-1,-1,-1,-1,-1,1192,-1,44,-1,-1,-1,-1,0,0,0,-1,0,0,0,-1,5,0,0,-1,6,0,0,-1,-1,-1,-1,-1,-1,-1,-1,-1,-1,-1,-1,-1,-1,-1,-1,-1,-1,-1,-1,-1,-1,-1,-1,-1,-1,-1,-1,-1,-1,-1,-1
49751,93831,-1,-1,38,-1,-1,-1,-1,-1,-1,1077,-1,36,-1,-1,-1,-1,0,0,0,-1,0,0,0,-1,4,0,0,-1,5,0,0,-1,-1,-1,-1,-1,-1,-1,-1,-1,-1,-1,-1,-1,-1,-1,-1,-1,-1,-1,-1,-1,-1,-1,-1,-1,-1,-1,-1,-1,-1,-1,-1
49752,93831,-1,-1,35,-1,-1,-1,-1,-1,-1,1004,-1,31,-1,-1,-1,-1,0,0,0,-1,0,0,0,-1,4,0,0,-1,5,0,0,-1,-1,-1,-1,-1,-1,-1,-1,-1,-1,-1,-1,-1,-1,-1,-1,-1,-1,-1,-1,-1,-1,-1,-1,-1,-1,-1,-1,-1,-1,-1,-1
49756,93831,-1,-1,118,-1,-1,-1,-1,-1,-1,2345,-1,12348,-1,-1,-1,-1,0,0,0,-1,0,0,0,-1,3,0,0,-1,13,0,0,-1,-1,-1,-1,-1,-1,-1,-1,-1,-1,-1,-1,-1,-1,-1,-1,-1,-1,-1,-1,-1,-1,-1,-1,-1,-1,-1,-1,-1,-1,-1,-1
49758,93831,-1,-1,99,-1,-1,-1,-1,-1,-1,1962,-1,182,-1,-1,-1,-1,0,0,0,-1,0,0,0,-1,9,0,0,-1,11,0,0,-1,-1,-1,-1,-1,-1,-1,-1,-1,-1,-1,-1,-1,-1,-1,-1,-1,-1,-1,-1,-1,-1,-1,-1,-1,-1,-1,-1,-1,-1,-1,-1
49760,93831,-1,-1,76,-1,-1,-1,-1,-1,-1,1691,-1,102,-1,-1,-1,-1,0,0,0,-1,0,0,0,-1,7,0,0,-1,9,0,0,-1,-1,-1,-1,-1,-1,-1,-1,-1,-1,-1,-1,-1,-1,-1,-1,-1,-1,-1,-1,-1,-1,-1,-1,-1,-1,-1,-1,-1,-1,-1,-1
49761,93831,-1,-1,76,-1,-1,-1,-1,-1,-1,1691,-1,102,-1,-1,-1,-1,0,0,0,-1,0,0,0,-1,7,0,0,-1,9,0,0,-1,-1,-1,-1,-1,-1,-1,-1,-1,-1,-1,-1,-1,-1,-1,-1,-1,-1,-1,-1,-1,-1,-1,-1,-1,-1,-1,-1,-1,-1,-1,-1
49762,93831,-1,-1,76,-1,-1,-1,-1,-1,-1,1691,-1,102,-1,-1,-1,-1,0,0,0,-1,0,0,0,-1,7,0,0,-1,9,0,0,-1,-1,-1,-1,-1,-1,-1,-1,-1,-1,-1,-1,-1,-1,-1,-1,-1,-1,-1,-1,-1,-1,-1,-1,-1,-1,-1,-1,-1,-1,-1,-1
49763,93831,-1,-1,76,-1,-1,-1,-1,-1,-1,1691,-1,102,-1,-1,-1,-1,0,0,0,-1,0,0,0,-1,7,0,0,-1,9,0,0,-1,-1,-1,-1,-1,-1,-1,-1,-1,-1,-1,-1,-1,-1,-1,-1,-1,-1,-1,-1,-1,-1,-1,-1,-1,-1,-1,-1,-1,-1,-1,-1
49910,93831,-1,-1,139,-1,-1,-1,-1,-1,-1,2354,-1,1574,-1,-1,-1,-1,0,0,0,-1,1,0,0,-1,11,0,0,-1,14,0,0,-1,-1,-1,-1,-1,-1,-1,-1,-1,-1,-1,-1,-1,-1,-1,-1,-1,-1,-1,-1,-1,-1,-1,-1,-1,-1,-1,-1,-1,-1,-1,-1
49914,93831,-1,-1,139,-1,-1,-1,-1,-1,-1,2354,-1,1574,-1,-1,-1,-1,0,0,0,-1,1,0,0,-1,11,0,0,-1,14,0,0,-1,-1,-1,-1,-1,-1,-1,-1,-1,-1,-1,-1,-1,-1,-1,-1,-1,-1,-1,-1,-1,-1,-1,-1,-1,-1,-1,-1,-1,-1,-1,-1
49919,93831,-1,-1,81,-1,-1,-1,-1,-1,-1,1728,-1,144,-1,-1,-1,-1,0,0,0,-1,0,0,0,-1,7,0,0,-1,9,0,0,-1,-1,-1,-1,-1,-1,-1,-1,-1,-1,-1,-1,-1,-1,-1,-1,-1,-1,-1,-1,-1,-1,-1,-1,-1,-1,-1,-1,-1,-1,-1,-1
49921,93831,-1,-1,71,-1,-1,-1,-1,-1,-1,1581,-1,95,-1,-1,-1,-1,0,0,0,-1,0,0,0,-1,7,0,0,-1,8,0,0,-1,-1,-1,-1,-1,-1,-1,-1,-1,-1,-1,-1,-1,-1,-1,-1,-1,-1,-1,-1,-1,-1,-1,-1,-1,-1,-1,-1,-1,-1,-1,-1
49922,93831,-1,-1,67,-1,-1,-1,-1,-1,-1,1530,-1,83,-1,-1,-1,-1,0,0,0,-1,0,0,0,-1,6,0,0,-1,8,0,0,-1,-1,-1,-1,-1,-1,-1,-1,-1,-1,-1,-1,-1,-1,-1,-1,-1,-1,-1,-1,-1,-1,-1,-1,-1,-1,-1,-1,-1,-1,-1,-1
49923,93831,-1,-1,58,-1,-1,-1,-1,-1,-1,1412,-1,66,-1,-1,-1,-1,0,0,0,-1,0,0,0,-1,6,0,0,-1,7,0,0,-1,-1,-1,-1,-1,-1,-1,-1,-1,-1,-1,-1,-1,-1,-1,-1,-1,-1,-1,-1,-1,-1,-1,-1,-1,-1,-1,-1,-1,-1,-1,-1
49925,93831,-1,-1,52,-1,-1,-1,-1,-1,-1,1314,-1,53,-1,-1,-1,-1,0,0,0,-1,0,0,0,-1,5,0,0,-1,7,0,0,-1,-1,-1,-1,-1,-1,-1,-1,-1,-1,-1,-1,-1,-1,-1,-1,-1,-1,-1,-1,-1,-1,-1,-1,-1,-1,-1,-1,-1,-1,-1,-1
49926,93831,-1,-1,52,-1,-1,-1,-1,-1,-1,1314,-1,53,-1,-1,-1,-1,0,0,0,-1,0,0,0,-1,5,0,0,-1,7,0,0,-1,-1,-1,-1,-1,-1,-1,-1,-1,-1,-1,-1,-1,-1,-1,-1,-1,-1,-1,-1,-1,-1,-1,-1,-1,-1,-1,-1,-1,-1,-1,-1
49928,93831,-1,-1,52,-1,-1,-1,-1,-1,-1,1314,-1,53,-1,-1,-1,-1,0,0,0,-1,0,0,0,-1,5,0,0,-1,7,0,0,-1,-1,-1,-1,-1,-1,-1,-1,-1,-1,-1,-1,-1,-1,-1,-1,-1,-1,-1,-1,-1,-1,-1,-1,-1,-1,-1,-1,-1,-1,-1,-1
49930,93831,-1,-1,47,-1,-1,-1,-1,-1,-1,1400,-1,55,-1,-1,-1,-1,0,0,0,-1,0,0,0,-1,5,0,0,-1,6,0,0,-1,-1,-1,-1,-1,-1,-1,-1,-1,-1,-1,-1,-1,-1,-1,-1,-1,-1,-1,-1,-1,-1,-1,-1,-1,-1,-1,-1,-1,-1,-1,-1
49932,93831,-1,-1,46,-1,-1,-1,-1,-1,-1,1212,-1,65,-1,-1,-1,-1,0,0,0,-1,0,0,0,-1,5,0,0,-1,6,0,0,-1,-1,-1,-1,-1,-1,-1,-1,-1,-1,-1,-1,-1,-1,-1,-1,-1,-1,-1,-1,-1,-1,-1,-1,-1,-1,-1,-1,-1,-1,-1,-1
49934,93831,-1,-1,42,-1,-1,-1,-1,-1,-1,1142,-1,40,-1,-1,-1,-1,0,0,0,-1,0,0,0,-1,5,0,0,-1,6,0,0,-1,-1,-1,-1,-1,-1,-1,-1,-1,-1,-1,-1,-1,-1,-1,-1,-1,-1,-1,-1,-1,-1,-1,-1,-1,-1,-1,-1,-1,-1,-1,-1
49959,93831,-1,-1,81,-1,-1,-1,-1,-1,-1,1739,-1,140,-1,-1,-1,-1,0,0,0,-1,0,0,0,-1,7,0,0,-1,10,0,0,-1,-1,-1,-1,-1,-1,-1,-1,-1,-1,-1,-1,-1,-1,-1,-1,-1,-1,-1,-1,-1,-1,-1,-1,-1,-1,-1,-1,-1,-1,-1,-1
49960,93831,-1,-1,81,-1,-1,-1,-1,-1,-1,1739,-1,140,-1,-1,-1,-1,0,0,0,-1,0,0,0,-1,7,0,0,-1,10,0,0,-1,-1,-1,-1,-1,-1,-1,-1,-1,-1,-1,-1,-1,-1,-1,-1,-1,-1,-1,-1,-1,-1,-1,-1,-1,-1,-1,-1,-1,-1,-1,-1
49961,93831,-1,-1,81,-1,-1,-1,-1,-1,-1,1739,-1,140,-1,-1,-1,-1,0,0,0,-1,0,0,0,-1,7,0,0,-1,10,0,0,-1,-1,-1,-1,-1,-1,-1,-1,-1,-1,-1,-1,-1,-1,-1,-1,-1,-1,-1,-1,-1,-1,-1,-1,-1,-1,-1,-1,-1,-1,-1,-1
49962,93831,-1,-1,63,-1,-1,-1,-1,-1,-1,1504,-1,79,-1,-1,-1,-1,0,0,0,-1,0,0,0,-1,6,0,0,-1,8,0,0,-1,-1,-1,-1,-1,-1,-1,-1,-1,-1,-1,-1,-1,-1,-1,-1,-1,-1,-1,-1,-1,-1,-1,-1,-1,-1,-1,-1,-1,-1,-1,-1
49964,93831,-1,-1,63,-1,-1,-1,-1,-1,-1,1504,-1,79,-1,-1,-1,-1,0,0,0,-1,0,0,0,-1,6,0,0,-1,8,0,0,-1,-1,-1,-1,-1,-1,-1,-1,-1,-1,-1,-1,-1,-1,-1,-1,-1,-1,-1,-1,-1,-1,-1,-1,-1,-1,-1,-1,-1,-1,-1,-1
49965,93831,-1,-1,63,-1,-1,-1,-1,-1,-1,1504,-1,79,-1,-1,-1,-1,0,0,0,-1,0,0,0,-1,6,0,0,-1,8,0,0,-1,-1,-1,-1,-1,-1,-1,-1,-1,-1,-1,-1,-1,-1,-1,-1,-1,-1,-1,-1,-1,-1,-1,-1,-1,-1,-1,-1,-1,-1,-1,-1
49966,93831,-1,-1,55,-1,-1,-1,-1,-1,-1,1377,-1,61,-1,-1,-1,-1,0,0,0,-1,0,0,0,-1,6,0,0,-1,7,0,0,-1,-1,-1,-1,-1,-1,-1,-1,-1,-1,-1,-1,-1,-1,-1,-1,-1,-1,-1,-1,-1,-1,-1,-1,-1,-1,-1,-1,-1,-1,-1,-1
49967,93831,-1,-1,55,-1,-1,-1,-1,-1,-1,1377,-1,61,-1,-1,-1,-1,0,0,0,-1,0,0,0,-1,6,0,0,-1,7,0,0,-1,-1,-1,-1,-1,-1,-1,-1,-1,-1,-1,-1,-1,-1,-1,-1,-1,-1,-1,-1,-1,-1,-1,-1,-1,-1,-1,-1,-1,-1,-1,-1
49968,93831,-1,-1,55,-1,-1,-1,-1,-1,-1,1377,-1,61,-1,-1,-1,-1,0,0,0,-1,0,0,0,-1,6,0,0,-1,7,0,0,-1,-1,-1,-1,-1,-1,-1,-1,-1,-1,-1,-1,-1,-1,-1,-1,-1,-1,-1,-1,-1,-1,-1,-1,-1,-1,-1,-1,-1,-1,-1,-1
49969,93831,-1,-1,46,-1,-1,-1,-1,-1,-1,1217,-1,47,-1,-1,-1,-1,0,0,0,-1,0,0,0,-1,5,0,0,-1,6,0,0,-1,-1,-1,-1,-1,-1,-1,-1,-1,-1,-1,-1,-1,-1,-1,-1,-1,-1,-1,-1,-1,-1,-1,-1,-1,-1,-1,-1,-1,-1,-1,-1
49970,93831,-1,-1,42,-1,-1,-1,-1,-1,-1,1148,-1,41,-1,-1,-1,-1,0,0,0,-1,0,0,0,-1,5,0,0,-1,6,0,0,-1,-1,-1,-1,-1,-1,-1,-1,-1,-1,-1,-1,-1,-1,-1,-1,-1,-1,-1,-1,-1,-1,-1,-1,-1,-1,-1,-1,-1,-1,-1,-1
50033,93831,-1,-1,120,-1,-1,-1,-1,-1,-1,2186,-1,887,-1,-1,-1,-1,0,0,0,-1,0,0,0,-1,10,0,0,-1,12,0,0,-1,-1,-1,-1,-1,-1,-1,-1,-1,-1,-1,-1,-1,-1,-1,-1,-1,-1,-1,-1,-1,-1,-1,-1,-1,-1,-1,-1,-1,-1,-1,-1
50034,93831,-1,-1,82,-1,-1,-1,-1,-1,-1,1739,-1,157,-1,-1,-1,-1,0,0,0,-1,0,0,0,-1,7,0,0,-1,10,0,0,-1,-1,-1,-1,-1,-1,-1,-1,-1,-1,-1,-1,-1,-1,-1,-1,-1,-1,-1,-1,-1,-1,-1,-1,-1,-1,-1,-1,-1,-1,-1,-1
50036,93831,-1,-1,60,-1,-1,-1,-1,-1,-1,1435,-1,71,-1,-1,-1,-1,0,0,0,-1,0,0,0,-1,6,0,0,-1,7,0,0,-1,-1,-1,-1,-1,-1,-1,-1,-1,-1,-1,-1,-1,-1,-1,-1,-1,-1,-1,-1,-1,-1,-1,-1,-1,-1,-1,-1,-1,-1,-1,-1
50045,93831,-1,-1,45,-1,-1,-1,-1,-1,-1,1201,-1,45,-1,-1,-1,-1,0,0,0,-1,0,0,0,-1,5,0,0,-1,6,0,0,-1,-1,-1,-1,-1,-1,-1,-1,-1,-1,-1,-1,-1,-1,-1,-1,-1,-1,-1,-1,-1,-1,-1,-1,-1,-1,-1,-1,-1,-1,-1,-1
50046,93831,-1,-1,39,-1,-1,-1,-1,-1,-1,1105,-1,38,-1,-1,-1,-1,0,0,0,-1,0,0,0,-1,4,0,0,-1,5,0,0,-1,-1,-1,-1,-1,-1,-1,-1,-1,-1,-1,-1,-1,-1,-1,-1,-1,-1,-1,-1,-1,-1,-1,-1,-1,-1,-1,-1,-1,-1,-1,-1
50047,93831,-1,-1,39,-1,-1,-1,-1,-1,-1,1105,-1,38,-1,-1,-1,-1,0,0,0,-1,0,0,0,-1,4,0,0,-1,5,0,0,-1,-1,-1,-1,-1,-1,-1,-1,-1,-1,-1,-1,-1,-1,-1,-1,-1,-1,-1,-1,-1,-1,-1,-1,-1,-1,-1,-1,-1,-1,-1,-1
50048,93831,-1,-1,39,-1,-1,-1,-1,-1,-1,1105,-1,38,-1,-1,-1,-1,0,0,0,-1,0,0,0,-1,4,0,0,-1,5,0,0,-1,-1,-1,-1,-1,-1,-1,-1,-1,-1,-1,-1,-1,-1,-1,-1,-1,-1,-1,-1,-1,-1,-1,-1,-1,-1,-1,-1,-1,-1,-1,-1
50067,93831,-1,-1,90,-1,-1,-1,-1,-1,-1,1838,-1,232,-1,-1,-1,-1,0,0,0,-1,0,0,0,-1,8,0,0,-1,11,0,0,-1,-1,-1,-1,-1,-1,-1,-1,-1,-1,-1,-1,-1,-1,-1,-1,-1,-1,-1,-1,-1,-1,-1,-1,-1,-1,-1,-1,-1,-1,-1,-1
50068,93831,-1,-1,79,-1,-1,-1,-1,-1,-1,1689,-1,128,-1,-1,-1,-1,0,0,0,-1,0,0,0,-1,7,0,0,-1,9,0,0,-1,-1,-1,-1,-1,-1,-1,-1,-1,-1,-1,-1,-1,-1,-1,-1,-1,-1,-1,-1,-1,-1,-1,-1,-1,-1,-1,-1,-1,-1,-1,-1
50070,93831,-1,-1,72,-1,-1,-1,-1,-1,-1,1594,-1,98,-1,-1,-1,-1,0,0,0,-1,0,0,0,-1,6,0,0,-1,8,0,0,-1,-1,-1,-1,-1,-1,-1,-1,-1,-1,-1,-1,-1,-1,-1,-1,-1,-1,-1,-1,-1,-1,-1,-1,-1,-1,-1,-1,-1,-1,-1,-1
50073,93831,-1,-1,67,-1,-1,-1,-1,-1,-1,1524,-1,80,-1,-1,-1,-1,0,0,0,-1,0,0,0,-1,6,0,0,-1,8,0,0,-1,-1,-1,-1,-1,-1,-1,-1,-1,-1,-1,-1,-1,-1,-1,-1,-1,-1,-1,-1,-1,-1,-1,-1,-1,-1,-1,-1,-1,-1,-1,-1
50074,93831,-1,-1,59,-1,-1,-1,-1,-1,-1,1405,-1,64,-1,-1,-1,-1,0,0,0,-1,0,0,0,-1,5,0,0,-1,7,0,0,-1,-1,-1,-1,-1,-1,-1,-1,-1,-1,-1,-1,-1,-1,-1,-1,-1,-1,-1,-1,-1,-1,-1,-1,-1,-1,-1,-1,-1,-1,-1,-1
50075,93831,-1,-1,56,-1,-1,-1,-1,-1,-1,1376,-1,61,-1,-1,-1,-1,0,0,0,-1,0,0,0,-1,5,0,0,-1,7,0,0,-1,-1,-1,-1,-1,-1,-1,-1,-1,-1,-1,-1,-1,-1,-1,-1,-1,-1,-1,-1,-1,-1,-1,-1,-1,-1,-1,-1,-1,-1,-1,-1
50076,93831,-1,-1,52,-1,-1,-1,-1,-1,-1,1295,-1,52,-1,-1,-1,-1,0,0,0,-1,0,0,0,-1,5,0,0,-1,6,0,0,-1,-1,-1,-1,-1,-1,-1,-1,-1,-1,-1,-1,-1,-1,-1,-1,-1,-1,-1,-1,-1,-1,-1,-1,-1,-1,-1,-1,-1,-1,-1,-1
50232,93831,-1,-1,62,-1,-1,-1,-1,-1,-1,1441,-1,80,-1,-1,-1,-1,0,0,0,-1,0,0,0,-1,6,0,0,-1,8,0,0,-1,-1,-1,-1,-1,-1,-1,-1,-1,-1,-1,-1,-1,-1,-1,-1,-1,-1,-1,-1,-1,-1,-1,-1,-1,-1,-1,-1,-1,-1,-1,-1
50253,93831,-1,-1,51,-1,-1,-1,-1,-1,-1,1277,-1,56,-1,-1,-1,-1,0,0,0,-1,0,0,0,-1,5,0,0,-1,7,0,0,-1,-1,-1,-1,-1,-1,-1,-1,-1,-1,-1,-1,-1,-1,-1,-1,-1,-1,-1,-1,-1,-1,-1,-1,-1,-1,-1,-1,-1,-1,-1,-1
50262,93831,-1,-1,51,-1,-1,-1,-1,-1,-1,1277,-1,56,-1,-1,-1,-1,0,0,0,-1,0,0,0,-1,5,0,0,-1,7,0,0,-1,-1,-1,-1,-1,-1,-1,-1,-1,-1,-1,-1,-1,-1,-1,-1,-1,-1,-1,-1,-1,-1,-1,-1,-1,-1,-1,-1,-1,-1,-1,-1
50283,93831,-1,-1,43,-1,-1,-1,-1,-1,-1,1154,-1,45,-1,-1,-1,-1,0,0,0,-1,0,0,0,-1,4,0,0,-1,6,0,0,-1,-1,-1,-1,-1,-1,-1,-1,-1,-1,-1,-1,-1,-1,-1,-1,-1,-1,-1,-1,-1,-1,-1,-1,-1,-1,-1,-1,-1,-1,-1,-1
50313,93831,-1,-1,38,-1,-1,-1,-1,-1,-1,1048,-1,37,-1,-1,-1,-1,0,0,0,-1,0,0,0,-1,4,0,0,-1,5,0,0,-1,-1,-1,-1,-1,-1,-1,-1,-1,-1,-1,-1,-1,-1,-1,-1,-1,-1,-1,-1,-1,-1,-1,-1,-1,-1,-1,-1,-1,-1,-1,-1
50330,93831,-1,-1,35,-1,-1,-1,-1,-1,-1,993,-1,33,-1,-1,-1,-1,0,0,0,-1,0,0,0,-1,4,0,0,-1,5,0,0,-1,-1,-1,-1,-1,-1,-1,-1,-1,-1,-1,-1,-1,-1,-1,-1,-1,-1,-1,-1,-1,-1,-1,-1,-1,-1,-1,-1,-1,-1,-1,-1
50343,93831,-1,-1,34,-1,-1,-1,-1,-1,-1,969,-1,32,-1,-1,-1,-1,0,0,0,-1,0,0,0,-1,4,0,0,-1,5,0,0,-1,-1,-1,-1,-1,-1,-1,-1,-1,-1,-1,-1,-1,-1,-1,-1,-1,-1,-1,-1,-1,-1,-1,-1,-1,-1,-1,-1,-1,-1,-1,-1
50356,93831,-1,-1,32,-1,-1,-1,-1,-1,-1,938,-1,29,-1,-1,-1,-1,0,0,0,-1,0,0,0,-1,3,0,0,-1,5,0,0,-1,-1,-1,-1,-1,-1,-1,-1,-1,-1,-1,-1,-1,-1,-1,-1,-1,-1,-1,-1,-1,-1,-1,-1,-1,-1,-1,-1,-1,-1,-1,-1
50376,93831,-1,-1,31,-1,-1,-1,-1,-1,-1,916,-1,29,-1,-1,-1,-1,0,0,0,-1,0,0,0,-1,3,0,0,-1,4,0,0,-1,-1,-1,-1,-1,-1,-1,-1,-1,-1,-1,-1,-1,-1,-1,-1,-1,-1,-1,-1,-1,-1,-1,-1,-1,-1,-1,-1,-1,-1,-1,-1
50377,93831,-1,-1,29,-1,-1,-1,-1,-1,-1,870,-1,26,-1,-1,-1,-1,0,0,0,-1,0,0,0,-1,3,0,0,-1,4,0,0,-1,-1,-1,-1,-1,-1,-1,-1,-1,-1,-1,-1,-1,-1,-1,-1,-1,-1,-1,-1,-1,-1,-1,-1,-1,-1,-1,-1,-1,-1,-1,-1
50380,93831,-1,-1,27,-1,-1,-1,-1,-1,-1,839,-1,24,-1,-1,-1,-1,0,0,0,-1,0,0,0,-1,3,0,0,-1,4,0,0,-1,-1,-1,-1,-1,-1,-1,-1,-1,-1,-1,-1,-1,-1,-1,-1,-1,-1,-1,-1,-1,-1,-1,-1,-1,-1,-1,-1,-1,-1,-1,-1
50417,93831,-1,-1,19,-1,-1,-1,-1,-1,-1,672,-1,24,-1,-1,-1,-1,0,0,0,-1,0,0,0,-1,2,0,0,-1,3,0,0,-1,-1,-1,-1,-1,-1,-1,-1,-1,-1,-1,-1,-1,-1,-1,-1,-1,-1,-1,-1,-1,-1,-1,-1,-1,-1,-1,-1,-1,-1,-1,-1
50424,93831,-1,-1,19,-1,-1,-1,-1,-1,-1,672,-1,24,-1,-1,-1,-1,0,0,0,-1,0,0,0,-1,2,0,0,-1,3,0,0,-1,-1,-1,-1,-1,-1,-1,-1,-1,-1,-1,-1,-1,-1,-1,-1,-1,-1,-1,-1,-1,-1,-1,-1,-1,-1,-1,-1,-1,-1,-1,-1
50463,93831,-1,-1,69,-1,-1,-1,-1,-1,-1,1520,-1,135,-1,-1,-1,-1,0,0,0,-1,0,0,0,-1,6,0,0,-1,9,0,0,-1,-1,-1,-1,-1,-1,-1,-1,-1,-1,-1,-1,-1,-1,-1,-1,-1,-1,-1,-1,-1,-1,-1,-1,-1,-1,-1,-1,-1,-1,-1,-1
50464,93831,-1,-1,56,-1,-1,-1,-1,-1,-1,1339,-1,68,-1,-1,-1,-1,0,0,0,-1,0,0,0,-1,5,0,0,-1,7,0,0,-1,-1,-1,-1,-1,-1,-1,-1,-1,-1,-1,-1,-1,-1,-1,-1,-1,-1,-1,-1,-1,-1,-1,-1,-1,-1,-1,-1,-1,-1,-1,-1
50465,93831,-1,-1,44,-1,-1,-1,-1,-1,-1,1147,-1,44,-1,-1,-1,-1,0,0,0,-1,0,0,0,-1,4,0,0,-1,6,0,0,-1,-1,-1,-1,-1,-1,-1,-1,-1,-1,-1,-1,-1,-1,-1,-1,-1,-1,-1,-1,-1,-1,-1,-1,-1,-1,-1,-1,-1,-1,-1,-1
50466,93831,-1,-1,38,-1,-1,-1,-1,-1,-1,1048,-1,38,-1,-1,-1,-1,0,0,0,-1,0,0,0,-1,4,0,0,-1,5,0,0,-1,-1,-1,-1,-1,-1,-1,-1,-1,-1,-1,-1,-1,-1,-1,-1,-1,-1,-1,-1,-1,-1,-1,-1,-1,-1,-1,-1,-1,-1,-1,-1
50467,93831,-1,-1,34,-1,-1,-1,-1,-1,-1,968,-1,32,-1,-1,-1,-1,0,0,0,-1,0,0,0,-1,3,0,0,-1,5,0,0,-1,-1,-1,-1,-1,-1,-1,-1,-1,-1,-1,-1,-1,-1,-1,-1,-1,-1,-1,-1,-1,-1,-1,-1,-1,-1,-1,-1,-1,-1,-1,-1
50468,93831,-1,-1,34,-1,-1,-1,-1,-1,-1,968,-1,32,-1,-1,-1,-1,0,0,0,-1,0,0,0,-1,3,0,0,-1,5,0,0,-1,-1,-1,-1,-1,-1,-1,-1,-1,-1,-1,-1,-1,-1,-1,-1,-1,-1,-1,-1,-1,-1,-1,-1,-1,-1,-1,-1,-1,-1,-1,-1
50470,93831,-1,-1,34,-1,-1,-1,-1,-1,-1,968,-1,32,-1,-1,-1,-1,0,0,0,-1,0,0,0,-1,3,0,0,-1,5,0,0,-1,-1,-1,-1,-1,-1,-1,-1,-1,-1,-1,-1,-1,-1,-1,-1,-1,-1,-1,-1,-1,-1,-1,-1,-1,-1,-1,-1,-1,-1,-1,-1
50471,93831,-1,-1,34,-1,-1,-1,-1,-1,-1,968,-1,32,-1,-1,-1,-1,0,0,0,-1,0,0,0,-1,3,0,0,-1,5,0,0,-1,-1,-1,-1,-1,-1,-1,-1,-1,-1,-1,-1,-1,-1,-1,-1,-1,-1,-1,-1,-1,-1,-1,-1,-1,-1,-1,-1,-1,-1,-1,-1
50483,93831,-1,-1,34,-1,-1,-1,-1,-1,-1,968,-1,32,-1,-1,-1,-1,0,0,0,-1,0,0,0,-1,3,0,0,-1,5,0,0,-1,-1,-1,-1,-1,-1,-1,-1,-1,-1,-1,-1,-1,-1,-1,-1,-1,-1,-1,-1,-1,-1,-1,-1,-1,-1,-1,-1,-1,-1,-1,-1
50491,93831,-1,-1,65,-1,-1,-1,-1,-1,-1,1494,-1,83,-1,-1,-1,-1,0,0,0,-1,0,0,0,-1,6,0,0,-1,8,0,0,-1,-1,-1,-1,-1,-1,-1,-1,-1,-1,-1,-1,-1,-1,-1,-1,-1,-1,-1,-1,-1,-1,-1,-1,-1,-1,-1,-1,-1,-1,-1,-1
50492,93831,-1,-1,59,-1,-1,-1,-1,-1,-1,1406,-1,68,-1,-1,-1,-1,0,0,0,-1,0,0,0,-1,5,0,0,-1,7,0,0,-1,-1,-1,-1,-1,-1,-1,-1,-1,-1,-1,-1,-1,-1,-1,-1,-1,-1,-1,-1,-1,-1,-1,-1,-1,-1,-1,-1,-1,-1,-1,-1
50493,93831,-1,-1,53,-1,-1,-1,-1,-1,-1,1307,-1,57,-1,-1,-1,-1,0,0,0,-1,0,0,0,-1,5,0,0,-1,7,0,0,-1,-1,-1,-1,-1,-1,-1,-1,-1,-1,-1,-1,-1,-1,-1,-1,-1,-1,-1,-1,-1,-1,-1,-1,-1,-1,-1,-1,-1,-1,-1,-1
50496,93831,-1,-1,53,-1,-1,-1,-1,-1,-1,1307,-1,57,-1,-1,-1,-1,0,0,0,-1,0,0,0,-1,5,0,0,-1,7,0,0,-1,-1,-1,-1,-1,-1,-1,-1,-1,-1,-1,-1,-1,-1,-1,-1,-1,-1,-1,-1,-1,-1,-1,-1,-1,-1,-1,-1,-1,-1,-1,-1
50497,93831,-1,-1,43,-1,-1,-1,-1,-1,-1,1142,-1,42,-1,-1,-1,-1,0,0,0,-1,0,0,0,-1,4,0,0,-1,6,0,0,-1,-1,-1,-1,-1,-1,-1,-1,-1,-1,-1,-1,-1,-1,-1,-1,-1,-1,-1,-1,-1,-1,-1,-1,-1,-1,-1,-1,-1,-1,-1,-1
50500,93831,-1,-1,38,-1,-1,-1,-1,-1,-1,1059,-1,36,-1,-1,-1,-1,0,0,0,-1,0,0,0,-1,4,0,0,-1,5,0,0,-1,-1,-1,-1,-1,-1,-1,-1,-1,-1,-1,-1,-1,-1,-1,-1,-1,-1,-1,-1,-1,-1,-1,-1,-1,-1,-1,-1,-1,-1,-1,-1
50501,93831,-1,-1,35,-1,-1,-1,-1,-1,-1,986,-1,32,-1,-1,-1,-1,0,0,0,-1,0,0,0,-1,4,0,0,-1,5,0,0,-1,-1,-1,-1,-1,-1,-1,-1,-1,-1,-1,-1,-1,-1,-1,-1,-1,-1,-1,-1,-1,-1,-1,-1,-1,-1,-1,-1,-1,-1,-1,-1
50520,93831,-1,-1,58,-1,-1,-1,-1,-1,-1,1371,-1,62,-1,-1,-1,-1,0,0,0,-1,0,0,0,-1,5,0,0,-1,7,0,0,-1,-1,-1,-1,-1,-1,-1,-1,-1,-1,-1,-1,-1,-1,-1,-1,-1,-1,-1,-1,-1,-1,-1,-1,-1,-1,-1,-1,-1,-1,-1,-1
50522,93831,-1,-1,58,-1,-1,-1,-1,-1,-1,1371,-1,62,-1,-1,-1,-1,0,0,0,-1,0,0,0,-1,5,0,0,-1,7,0,0,-1,-1,-1,-1,-1,-1,-1,-1,-1,-1,-1,-1,-1,-1,-1,-1,-1,-1,-1,-1,-1,-1,-1,-1,-1,-1,-1,-1,-1,-1,-1,-1
50526,93831,-1,-1,49,-1,-1,-1,-1,-1,-1,1226,-1,47,-1,-1,-1,-1,0,0,0,-1,0,0,0,-1,5,0,0,-1,6,0,0,-1,-1,-1,-1,-1,-1,-1,-1,-1,-1,-1,-1,-1,-1,-1,-1,-1,-1,-1,-1,-1,-1,-1,-1,-1,-1,-1,-1,-1,-1,-1,-1
50527,93831,-1,-1,45,-1,-1,-1,-1,-1,-1,1174,-1,44,-1,-1,-1,-1,0,0,0,-1,0,0,0,-1,4,0,0,-1,6,0,0,-1,-1,-1,-1,-1,-1,-1,-1,-1,-1,-1,-1,-1,-1,-1,-1,-1,-1,-1,-1,-1,-1,-1,-1,-1,-1,-1,-1,-1,-1,-1,-1
50528,93831,-1,-1,45,-1,-1,-1,-1,-1,-1,1174,-1,44,-1,-1,-1,-1,0,0,0,-1,0,0,0,-1,4,0,0,-1,6,0,0,-1,-1,-1,-1,-1,-1,-1,-1,-1,-1,-1,-1,-1,-1,-1,-1,-1,-1,-1,-1,-1,-1,-1,-1,-1,-1,-1,-1,-1,-1,-1,-1
50529,93831,-1,-1,42,-1,-1,-1,-1,-1,-1,1121,-1,40,-1,-1,-1,-1,0,0,0,-1,0,0,0,-1,4,0,0,-1,5,0,0,-1,-1,-1,-1,-1,-1,-1,-1,-1,-1,-1,-1,-1,-1,-1,-1,-1,-1,-1,-1,-1,-1,-1,-1,-1,-1,-1,-1,-1,-1,-1,-1
50530,93831,-1,-1,40,-1,-1,-1,-1,-1,-1,1083,-1,37,-1,-1,-1,-1,0,0,0,-1,0,0,0,-1,4,0,0,-1,5,0,0,-1,-1,-1,-1,-1,-1,-1,-1,-1,-1,-1,-1,-1,-1,-1,-1,-1,-1,-1,-1,-1,-1,-1,-1,-1,-1,-1,-1,-1,-1,-1,-1
50531,93831,-1,-1,40,-1,-1,-1,-1,-1,-1,1083,-1,37,-1,-1,-1,-1,0,0,0,-1,0,0,0,-1,4,0,0,-1,5,0,0,-1,-1,-1,-1,-1,-1,-1,-1,-1,-1,-1,-1,-1,-1,-1,-1,-1,-1,-1,-1,-1,-1,-1,-1,-1,-1,-1,-1,-1,-1,-1,-1
50535,93831,-1,-1,39,-1,-1,-1,-1,-1,-1,1059,-1,35,-1,-1,-1,-1,0,0,0,-1,0,0,0,-1,4,0,0,-1,5,0,0,-1,-1,-1,-1,-1,-1,-1,-1,-1,-1,-1,-1,-1,-1,-1,-1,-1,-1,-1,-1,-1,-1,-1,-1,-1,-1,-1,-1,-1,-1,-1,-1
50536,93831,-1,-1,39,-1,-1,-1,-1,-1,-1,1059,-1,35,-1,-1,-1,-1,0,0,0,-1,0,0,0,-1,4,0,0,-1,5,0,0,-1,-1,-1,-1,-1,-1,-1,-1,-1,-1,-1,-1,-1,-1,-1,-1,-1,-1,-1,-1,-1,-1,-1,-1,-1,-1,-1,-1,-1,-1,-1,-1
50545,93831,-1,-1,98,-1,-1,-1,-1,-1,-1,1885,-1,433,-1,-1,-1,-1,0,0,0,-1,1,0,0,-1,9,0,0,-1,12,0,0,-1,-1,-1,-1,-1,-1,-1,-1,-1,-1,-1,-1,-1,-1,-1,-1,-1,-1,-1,-1,-1,-1,-1,-1,-1,-1,-1,-1,-1,-1,-1,-1
50546,93831,-1,-1,77,-1,-1,-1,-1,-1,-1,1655,-1,113,-1,-1,-1,-1,0,0,0,-1,0,0,0,-1,7,0,0,-1,9,0,0,-1,-1,-1,-1,-1,-1,-1,-1,-1,-1,-1,-1,-1,-1,-1,-1,-1,-1,-1,-1,-1,-1,-1,-1,-1,-1,-1,-1,-1,-1,-1,-1
50548,93831,-1,-1,70,-1,-1,-1,-1,-1,-1,1570,-1,93,-1,-1,-1,-1,0,0,0,-1,0,0,0,-1,6,0,0,-1,8,0,0,-1,-1,-1,-1,-1,-1,-1,-1,-1,-1,-1,-1,-1,-1,-1,-1,-1,-1,-1,-1,-1,-1,-1,-1,-1,-1,-1,-1,-1,-1,-1,-1
50549,93831,-1,-1,58,-1,-1,-1,-1,-1,-1,1389,-1,63,-1,-1,-1,-1,0,0,0,-1,0,0,0,-1,5,0,0,-1,7,0,0,-1,-1,-1,-1,-1,-1,-1,-1,-1,-1,-1,-1,-1,-1,-1,-1,-1,-1,-1,-1,-1,-1,-1,-1,-1,-1,-1,-1,-1,-1,-1,-1
50550,93831,-1,-1,58,-1,-1,-1,-1,-1,-1,1389,-1,63,-1,-1,-1,-1,0,0,0,-1,0,0,0,-1,5,0,0,-1,7,0,0,-1,-1,-1,-1,-1,-1,-1,-1,-1,-1,-1,-1,-1,-1,-1,-1,-1,-1,-1,-1,-1,-1,-1,-1,-1,-1,-1,-1,-1,-1,-1,-1
50551,93831,-1,-1,50,-1,-1,-1,-1,-1,-1,1261,-1,51,-1,-1,-1,-1,0,0,0,-1,0,0,0,-1,5,0,0,-1,6,0,0,-1,-1,-1,-1,-1,-1,-1,-1,-1,-1,-1,-1,-1,-1,-1,-1,-1,-1,-1,-1,-1,-1,-1,-1,-1,-1,-1,-1,-1,-1,-1,-1
50552,93831,-1,-1,50,-1,-1,-1,-1,-1,-1,1261,-1,51,-1,-1,-1,-1,0,0,0,-1,0,0,0,-1,5,0,0,-1,6,0,0,-1,-1,-1,-1,-1,-1,-1,-1,-1,-1,-1,-1,-1,-1,-1,-1,-1,-1,-1,-1,-1,-1,-1,-1,-1,-1,-1,-1,-1,-1,-1,-1
50553,93831,-1,-1,41,-1,-1,-1,-1,-1,-1,1105,-1,39,-1,-1,-1,-1,0,0,0,-1,0,0,0,-1,4,0,0,-1,5,0,0,-1,-1,-1,-1,-1,-1,-1,-1,-1,-1,-1,-1,-1,-1,-1,-1,-1,-1,-1,-1,-1,-1,-1,-1,-1,-1,-1,-1,-1,-1,-1,-1
50554,93831,-1,-1,41,-1,-1,-1,-1,-1,-1,1105,-1,39,-1,-1,-1,-1,0,0,0,-1,0,0,0,-1,4,0,0,-1,5,0,0,-1,-1,-1,-1,-1,-1,-1,-1,-1,-1,-1,-1,-1,-1,-1,-1,-1,-1,-1,-1,-1,-1,-1,-1,-1,-1,-1,-1,-1,-1,-1,-1
50558,93831,-1,-1,106,-1,-1,-1,-1,-1,-1,1999,-1,328,-1,-1,-1,-1,0,0,0,-1,0,0,0,-1,9,0,0,-1,11,0,0,-1,-1,-1,-1,-1,-1,-1,-1,-1,-1,-1,-1,-1,-1,-1,-1,-1,-1,-1,-1,-1,-1,-1,-1,-1,-1,-1,-1,-1,-1,-1,-1
50560,93831,-1,-1,85,-1,-1,-1,-1,-1,-1,1748,-1,135,-1,-1,-1,-1,0,0,0,-1,0,0,0,-1,7,0,0,-1,10,0,0,-1,-1,-1,-1,-1,-1,-1,-1,-1,-1,-1,-1,-1,-1,-1,-1,-1,-1,-1,-1,-1,-1,-1,-1,-1,-1,-1,-1,-1,-1,-1,-1
50561,93831,-1,-1,66,-1,-1,-1,-1,-1,-1,1500,-1,77,-1,-1,-1,-1,0,0,0,-1,0,0,0,-1,6,0,0,-1,8,0,0,-1,-1,-1,-1,-1,-1,-1,-1,-1,-1,-1,-1,-1,-1,-1,-1,-1,-1,-1,-1,-1,-1,-1,-1,-1,-1,-1,-1,-1,-1,-1,-1
50562,93831,-1,-1,66,-1,-1,-1,-1,-1,-1,1500,-1,77,-1,-1,-1,-1,0,0,0,-1,0,0,0,-1,6,0,0,-1,8,0,0,-1,-1,-1,-1,-1,-1,-1,-1,-1,-1,-1,-1,-1,-1,-1,-1,-1,-1,-1,-1,-1,-1,-1,-1,-1,-1,-1,-1,-1,-1,-1,-1
50563,93831,-1,-1,58,-1,-1,-1,-1,-1,-1,1384,-1,62,-1,-1,-1,-1,0,0,0,-1,0,0,0,-1,5,0,0,-1,7,0,0,-1,-1,-1,-1,-1,-1,-1,-1,-1,-1,-1,-1,-1,-1,-1,-1,-1,-1,-1,-1,-1,-1,-1,-1,-1,-1,-1,-1,-1,-1,-1,-1
50564,93831,-1,-1,58,-1,-1,-1,-1,-1,-1,1384,-1,62,-1,-1,-1,-1,0,0,0,-1,0,0,0,-1,5,0,0,-1,7,0,0,-1,-1,-1,-1,-1,-1,-1,-1,-1,-1,-1,-1,-1,-1,-1,-1,-1,-1,-1,-1,-1,-1,-1,-1,-1,-1,-1,-1,-1,-1,-1,-1
50565,93831,-1,-1,58,-1,-1,-1,-1,-1,-1,1384,-1,62,-1,-1,-1,-1,0,0,0,-1,0,0,0,-1,5,0,0,-1,7,0,0,-1,-1,-1,-1,-1,-1,-1,-1,-1,-1,-1,-1,-1,-1,-1,-1,-1,-1,-1,-1,-1,-1,-1,-1,-1,-1,-1,-1,-1,-1,-1,-1
50569,93831,-1,-1,51,-1,-1,-1,-1,-1,-1,1276,-1,52,-1,-1,-1,-1,0,0,0,-1,0,0,0,-1,5,0,0,-1,6,0,0,-1,-1,-1,-1,-1,-1,-1,-1,-1,-1,-1,-1,-1,-1,-1,-1,-1,-1,-1,-1,-1,-1,-1,-1,-1,-1,-1,-1,-1,-1,-1,-1
50570,93831,-1,-1,48,-1,-1,-1,-1,-1,-1,1220,-1,47,-1,-1,-1,-1,0,0,0,-1,0,0,0,-1,5,0,0,-1,6,0,0,-1,-1,-1,-1,-1,-1,-1,-1,-1,-1,-1,-1,-1,-1,-1,-1,-1,-1,-1,-1,-1,-1,-1,-1,-1,-1,-1,-1,-1,-1,-1,-1
50596,93831,-1,-1,114,-1,-1,-1,-1,-1,-1,2064,-1,256,-1,-1,-1,-1,0,0,0,-1,0,0,0,-1,9,0,0,-1,12,0,0,-1,-1,-1,-1,-1,-1,-1,-1,-1,-1,-1,-1,-1,-1,-1,-1,-1,-1,-1,-1,-1,-1,-1,-1,-1,-1,-1,-1,-1,-1,-1,-1
50597,93831,-1,-1,73,-1,-1,-1,-1,-1,-1,1585,-1,81,-1,-1,-1,-1,0,0,0,-1,0,0,0,-1,6,0,0,-1,9,0,0,-1,-1,-1,-1,-1,-1,-1,-1,-1,-1,-1,-1,-1,-1,-1,-1,-1,-1,-1,-1,-1,-1,-1,-1,-1,-1,-1,-1,-1,-1,-1,-1
50598,93831,-1,-1,72,-1,-1,-1,-1,-1,-1,1571,-1,78,-1,-1,-1,-1,0,0,0,-1,0,0,0,-1,6,0,0,-1,8,0,0,-1,-1,-1,-1,-1,-1,-1,-1,-1,-1,-1,-1,-1,-1,-1,-1,-1,-1,-1,-1,-1,-1,-1,-1,-1,-1,-1,-1,-1,-1,-1,-1
50599,93831,-1,-1,72,-1,-1,-1,-1,-1,-1,1571,-1,78,-1,-1,-1,-1,0,0,0,-1,0,0,0,-1,6,0,0,-1,8,0,0,-1,-1,-1,-1,-1,-1,-1,-1,-1,-1,-1,-1,-1,-1,-1,-1,-1,-1,-1,-1,-1,-1,-1,-1,-1,-1,-1,-1,-1,-1,-1,-1
50600,93831,-1,-1,60,-1,-1,-1,-1,-1,-1,1394,-1,57,-1,-1,-1,-1,0,0,0,-1,0,0,0,-1,5,0,0,-1,7,0,0,-1,-1,-1,-1,-1,-1,-1,-1,-1,-1,-1,-1,-1,-1,-1,-1,-1,-1,-1,-1,-1,-1,-1,-1,-1,-1,-1,-1,-1,-1,-1,-1
50601,93831,-1,-1,60,-1,-1,-1,-1,-1,-1,1394,-1,57,-1,-1,-1,-1,0,0,0,-1,0,0,0,-1,5,0,0,-1,7,0,0,-1,-1,-1,-1,-1,-1,-1,-1,-1,-1,-1,-1,-1,-1,-1,-1,-1,-1,-1,-1,-1,-1,-1,-1,-1,-1,-1,-1,-1,-1,-1,-1
50602,93831,-1,-1,60,-1,-1,-1,-1,-1,-1,1394,-1,57,-1,-1,-1,-1,0,0,0,-1,0,0,0,-1,5,0,0,-1,7,0,0,-1,-1,-1,-1,-1,-1,-1,-1,-1,-1,-1,-1,-1,-1,-1,-1,-1,-1,-1,-1,-1,-1,-1,-1,-1,-1,-1,-1,-1,-1,-1,-1
50603,93831,-1,-1,60,-1,-1,-1,-1,-1,-1,1394,-1,57,-1,-1,-1,-1,0,0,0,-1,0,0,0,-1,5,0,0,-1,7,0,0,-1,-1,-1,-1,-1,-1,-1,-1,-1,-1,-1,-1,-1,-1,-1,-1,-1,-1,-1,-1,-1,-1,-1,-1,-1,-1,-1,-1,-1,-1,-1,-1
50604,93831,-1,-1,44,-1,-1,-1,-1,-1,-1,1126,-1,38,-1,-1,-1,-1,0,0,0,-1,0,0,0,-1,4,0,0,-1,6,0,0,-1,-1,-1,-1,-1,-1,-1,-1,-1,-1,-1,-1,-1,-1,-1,-1,-1,-1,-1,-1,-1,-1,-1,-1,-1,-1,-1,-1,-1,-1,-1,-1
50605,93831,-1,-1,44,-1,-1,-1,-1,-1,-1,1126,-1,38,-1,-1,-1,-1,0,0,0,-1,0,0,0,-1,4,0,0,-1,6,0,0,-1,-1,-1,-1,-1,-1,-1,-1,-1,-1,-1,-1,-1,-1,-1,-1,-1,-1,-1,-1,-1,-1,-1,-1,-1,-1,-1,-1,-1,-1,-1,-1
50606,93831,-1,-1,44,-1,-1,-1,-1,-1,-1,1126,-1,38,-1,-1,-1,-1,0,0,0,-1,0,0,0,-1,4,0,0,-1,6,0,0,-1,-1,-1,-1,-1,-1,-1,-1,-1,-1,-1,-1,-1,-1,-1,-1,-1,-1,-1,-1,-1,-1,-1,-1,-1,-1,-1,-1,-1,-1,-1,-1
50607,93831,-1,-1,44,-1,-1,-1,-1,-1,-1,1126,-1,38,-1,-1,-1,-1,0,0,0,-1,0,0,0,-1,4,0,0,-1,6,0,0,-1,-1,-1,-1,-1,-1,-1,-1,-1,-1,-1,-1,-1,-1,-1,-1,-1,-1,-1,-1,-1,-1,-1,-1,-1,-1,-1,-1,-1,-1,-1,-1
50613,93831,-1,-1,111,-1,-1,-1,-1,-1,-1,2033,-1,229,-1,-1,-1,-1,0,0,0,-1,0,0,0,-1,9,0,0,-1,12,0,0,-1,-1,-1,-1,-1,-1,-1,-1,-1,-1,-1,-1,-1,-1,-1,-1,-1,-1,-1,-1,-1,-1,-1,-1,-1,-1,-1,-1,-1,-1,-1,-1
50614,93831,-1,-1,95,-1,-1,-1,-1,-1,-1,1866,-1,128,-1,-1,-1,-1,0,0,0,-1,0,0,0,-1,8,0,0,-1,10,0,0,-1,-1,-1,-1,-1,-1,-1,-1,-1,-1,-1,-1,-1,-1,-1,-1,-1,-1,-1,-1,-1,-1,-1,-1,-1,-1,-1,-1,-1,-1,-1,-1
50615,93831,-1,-1,95,-1,-1,-1,-1,-1,-1,1866,-1,128,-1,-1,-1,-1,0,0,0,-1,0,0,0,-1,8,0,0,-1,10,0,0,-1,-1,-1,-1,-1,-1,-1,-1,-1,-1,-1,-1,-1,-1,-1,-1,-1,-1,-1,-1,-1,-1,-1,-1,-1,-1,-1,-1,-1,-1,-1,-1
50616,93831,-1,-1,95,-1,-1,-1,-1,-1,-1,1866,-1,128,-1,-1,-1,-1,0,0,0,-1,0,0,0,-1,8,0,0,-1,10,0,0,-1,-1,-1,-1,-1,-1,-1,-1,-1,-1,-1,-1,-1,-1,-1,-1,-1,-1,-1,-1,-1,-1,-1,-1,-1,-1,-1,-1,-1,-1,-1,-1
50617,93831,-1,-1,95,-1,-1,-1,-1,-1,-1,1866,-1,128,-1,-1,-1,-1,0,0,0,-1,0,0,0,-1,8,0,0,-1,10,0,0,-1,-1,-1,-1,-1,-1,-1,-1,-1,-1,-1,-1,-1,-1,-1,-1,-1,-1,-1,-1,-1,-1,-1,-1,-1,-1,-1,-1,-1,-1,-1,-1
50650,93831,-1,-1,75,-1,-1,-1,-1,-1,-1,1595,-1,127,-1,-1,-1,-1,0,0,0,-1,0,0,0,-1,7,0,0,-1,11,0,0,-1,-1,-1,-1,-1,-1,-1,-1,-1,-1,-1,-1,-1,-1,-1,-1,-1,-1,-1,-1,-1,-1,-1,-1,-1,-1,-1,-1,-1,-1,-1,-1
50654,93831,-1,-1,63,-1,-1,-1,-1,-1,-1,1443,-1,73,-1,-1,-1,-1,0,0,0,-1,0,0,0,-1,6,0,0,-1,8,0,0,-1,-1,-1,-1,-1,-1,-1,-1,-1,-1,-1,-1,-1,-1,-1,-1,-1,-1,-1,-1,-1,-1,-1,-1,-1,-1,-1,-1,-1,-1,-1,-1
50655,93831,-1,-1,49,-1,-1,-1,-1,-1,-1,1245,-1,51,-1,-1,-1,-1,0,0,0,-1,0,0,0,-1,5,0,0,-1,7,0,0,-1,-1,-1,-1,-1,-1,-1,-1,-1,-1,-1,-1,-1,-1,-1,-1,-1,-1,-1,-1,-1,-1,-1,-1,-1,-1,-1,-1,-1,-1,-1,-1
50656,93831,-1,-1,49,-1,-1,-1,-1,-1,-1,1245,-1,51,-1,-1,-1,-1,0,0,0,-1,0,0,0,-1,5,0,0,-1,7,0,0,-1,-1,-1,-1,-1,-1,-1,-1,-1,-1,-1,-1,-1,-1,-1,-1,-1,-1,-1,-1,-1,-1,-1,-1,-1,-1,-1,-1,-1,-1,-1,-1
50658,93831,-1,-1,44,-1,-1,-1,-1,-1,-1,1154,-1,43,-1,-1,-1,-1,0,0,0,-1,0,0,0,-1,4,0,0,-1,6,0,0,-1,-1,-1,-1,-1,-1,-1,-1,-1,-1,-1,-1,-1,-1,-1,-1,-1,-1,-1,-1,-1,-1,-1,-1,-1,-1,-1,-1,-1,-1,-1,-1
50660,93831,-1,-1,39,-1,-1,-1,-1,-1,-1,1056,-1,36,-1,-1,-1,-1,0,0,0,-1,0,0,0,-1,4,0,0,-1,5,0,0,-1,-1,-1,-1,-1,-1,-1,-1,-1,-1,-1,-1,-1,-1,-1,-1,-1,-1,-1,-1,-1,-1,-1,-1,-1,-1,-1,-1,-1,-1,-1,-1
50661,93831,-1,-1,39,-1,-1,-1,-1,-1,-1,1056,-1,36,-1,-1,-1,-1,0,0,0,-1,0,0,0,-1,4,0,0,-1,5,0,0,-1,-1,-1,-1,-1,-1,-1,-1,-1,-1,-1,-1,-1,-1,-1,-1,-1,-1,-1,-1,-1,-1,-1,-1,-1,-1,-1,-1,-1,-1,-1,-1
50662,93831,-1,-1,39,-1,-1,-1,-1,-1,-1,1056,-1,36,-1,-1,-1,-1,0,0,0,-1,0,0,0,-1,4,0,0,-1,5,0,0,-1,-1,-1,-1,-1,-1,-1,-1,-1,-1,-1,-1,-1,-1,-1,-1,-1,-1,-1,-1,-1,-1,-1,-1,-1,-1,-1,-1,-1,-1,-1,-1
50663,93831,-1,-1,39,-1,-1,-1,-1,-1,-1,1056,-1,36,-1,-1,-1,-1,0,0,0,-1,0,0,0,-1,4,0,0,-1,5,0,0,-1,-1,-1,-1,-1,-1,-1,-1,-1,-1,-1,-1,-1,-1,-1,-1,-1,-1,-1,-1,-1,-1,-1,-1,-1,-1,-1,-1,-1,-1,-1,-1
50664,93831,-1,-1,39,-1,-1,-1,-1,-1,-1,1056,-1,36,-1,-1,-1,-1,0,0,0,-1,0,0,0,-1,4,0,0,-1,5,0,0,-1,-1,-1,-1,-1,-1,-1,-1,-1,-1,-1,-1,-1,-1,-1,-1,-1,-1,-1,-1,-1,-1,-1,-1,-1,-1,-1,-1,-1,-1,-1,-1
50665,93831,-1,-1,39,-1,-1,-1,-1,-1,-1,1056,-1,36,-1,-1,-1,-1,0,0,0,-1,0,0,0,-1,4,0,0,-1,5,0,0,-1,-1,-1,-1,-1,-1,-1,-1,-1,-1,-1,-1,-1,-1,-1,-1,-1,-1,-1,-1,-1,-1,-1,-1,-1,-1,-1,-1,-1,-1,-1,-1
50666,93831,-1,-1,39,-1,-1,-1,-1,-1,-1,1056,-1,36,-1,-1,-1,-1,0,0,0,-1,0,0,0,-1,4,0,0,-1,5,0,0,-1,-1,-1,-1,-1,-1,-1,-1,-1,-1,-1,-1,-1,-1,-1,-1,-1,-1,-1,-1,-1,-1,-1,-1,-1,-1,-1,-1,-1,-1,-1,-1
50667,93831,-1,-1,39,-1,-1,-1,-1,-1,-1,1056,-1,36,-1,-1,-1,-1,0,0,0,-1,0,0,0,-1,4,0,0,-1,5,0,0,-1,-1,-1,-1,-1,-1,-1,-1,-1,-1,-1,-1,-1,-1,-1,-1,-1,-1,-1,-1,-1,-1,-1,-1,-1,-1,-1,-1,-1,-1,-1,-1
50668,93831,-1,-1,39,-1,-1,-1,-1,-1,-1,1056,-1,36,-1,-1,-1,-1,0,0,0,-1,0,0,0,-1,4,0,0,-1,5,0,0,-1,-1,-1,-1,-1,-1,-1,-1,-1,-1,-1,-1,-1,-1,-1,-1,-1,-1,-1,-1,-1,-1,-1,-1,-1,-1,-1,-1,-1,-1,-1,-1
50669,93831,-1,-1,30,-1,-1,-1,-1,-1,-1,875,-1,26,-1,-1,-1,-1,0,0,0,-1,0,0,0,-1,3,0,0,-1,4,0,0,-1,-1,-1,-1,-1,-1,-1,-1,-1,-1,-1,-1,-1,-1,-1,-1,-1,-1,-1,-1,-1,-1,-1,-1,-1,-1,-1,-1,-1,-1,-1,-1
50670,93831,-1,-1,30,-1,-1,-1,-1,-1,-1,875,-1,26,-1,-1,-1,-1,0,0,0,-1,0,0,0,-1,3,0,0,-1,4,0,0,-1,-1,-1,-1,-1,-1,-1,-1,-1,-1,-1,-1,-1,-1,-1,-1,-1,-1,-1,-1,-1,-1,-1,-1,-1,-1,-1,-1,-1,-1,-1,-1
50671,93831,-1,-1,30,-1,-1,-1,-1,-1,-1,875,-1,26,-1,-1,-1,-1,0,0,0,-1,0,0,0,-1,3,0,0,-1,4,0,0,-1,-1,-1,-1,-1,-1,-1,-1,-1,-1,-1,-1,-1,-1,-1,-1,-1,-1,-1,-1,-1,-1,-1,-1,-1,-1,-1,-1,-1,-1,-1,-1
50672,93831,-1,-1,25,-1,-1,-1,-1,-1,-1,787,-1,21,-1,-1,-1,-1,0,0,0,-1,0,0,0,-1,3,0,0,-1,4,0,0,-1,-1,-1,-1,-1,-1,-1,-1,-1,-1,-1,-1,-1,-1,-1,-1,-1,-1,-1,-1,-1,-1,-1,-1,-1,-1,-1,-1,-1,-1,-1,-1
50673,93831,-1,-1,25,-1,-1,-1,-1,-1,-1,787,-1,21,-1,-1,-1,-1,0,0,0,-1,0,0,0,-1,3,0,0,-1,4,0,0,-1,-1,-1,-1,-1,-1,-1,-1,-1,-1,-1,-1,-1,-1,-1,-1,-1,-1,-1,-1,-1,-1,-1,-1,-1,-1,-1,-1,-1,-1,-1,-1
50674,93831,-1,-1,24,-1,-1,-1,-1,-1,-1,754,-1,20,-1,-1,-1,-1,0,0,0,-1,0,0,0,-1,3,0,0,-1,4,0,0,-1,-1,-1,-1,-1,-1,-1,-1,-1,-1,-1,-1,-1,-1,-1,-1,-1,-1,-1,-1,-1,-1,-1,-1,-1,-1,-1,-1,-1,-1,-1,-1
50675,93831,-1,-1,24,-1,-1,-1,-1,-1,-1,754,-1,20,-1,-1,-1,-1,0,0,0,-1,0,0,0,-1,3,0,0,-1,4,0,0,-1,-1,-1,-1,-1,-1,-1,-1,-1,-1,-1,-1,-1,-1,-1,-1,-1,-1,-1,-1,-1,-1,-1,-1,-1,-1,-1,-1,-1,-1,-1,-1
50676,93831,-1,-1,24,-1,-1,-1,-1,-1,-1,754,-1,20,-1,-1,-1,-1,0,0,0,-1,0,0,0,-1,3,0,0,-1,4,0,0,-1,-1,-1,-1,-1,-1,-1,-1,-1,-1,-1,-1,-1,-1,-1,-1,-1,-1,-1,-1,-1,-1,-1,-1,-1,-1,-1,-1,-1,-1,-1,-1
50677,93831,-1,-1,23,-1,-1,-1,-1,-1,-1,716,-1,18,-1,-1,-1,-1,0,0,0,-1,0,0,0,-1,3,0,0,-1,4,0,0,-1,-1,-1,-1,-1,-1,-1,-1,-1,-1,-1,-1,-1,-1,-1,-1,-1,-1,-1,-1,-1,-1,-1,-1,-1,-1,-1,-1,-1,-1,-1,-1
50679,93831,-1,-1,23,-1,-1,-1,-1,-1,-1,716,-1,18,-1,-1,-1,-1,0,0,0,-1,0,0,0,-1,3,0,0,-1,4,0,0,-1,-1,-1,-1,-1,-1,-1,-1,-1,-1,-1,-1,-1,-1,-1,-1,-1,-1,-1,-1,-1,-1,-1,-1,-1,-1,-1,-1,-1,-1,-1,-1
50853,93831,-1,-1,55,-1,-1,-1,-1,-1,-1,1313,-1,83,-1,-1,-1,-1,0,0,0,-1,0,0,0,-1,6,0,0,-1,10,0,0,-1,-1,-1,-1,-1,-1,-1,-1,-1,-1,-1,-1,-1,-1,-1,-1,-1,-1,-1,-1,-1,-1,-1,-1,-1,-1,-1,-1,-1,-1,-1,-1
50854,93831,-1,-1,55,-1,-1,-1,-1,-1,-1,1313,-1,83,-1,-1,-1,-1,0,0,0,-1,0,0,0,-1,6,0,0,-1,10,0,0,-1,-1,-1,-1,-1,-1,-1,-1,-1,-1,-1,-1,-1,-1,-1,-1,-1,-1,-1,-1,-1,-1,-1,-1,-1,-1,-1,-1,-1,-1,-1,-1
50857,93831,-1,-1,43,-1,-1,-1,-1,-1,-1,1138,-1,45,-1,-1,-1,-1,0,0,0,-1,0,0,0,-1,4,0,0,-1,6,0,0,-1,-1,-1,-1,-1,-1,-1,-1,-1,-1,-1,-1,-1,-1,-1,-1,-1,-1,-1,-1,-1,-1,-1,-1,-1,-1,-1,-1,-1,-1,-1,-1
50862,93831,-1,-1,36,-1,-1,-1,-1,-1,-1,1020,-1,35,-1,-1,-1,-1,0,0,0,-1,0,0,0,-1,4,0,0,-1,5,0,0,-1,-1,-1,-1,-1,-1,-1,-1,-1,-1,-1,-1,-1,-1,-1,-1,-1,-1,-1,-1,-1,-1,-1,-1,-1,-1,-1,-1,-1,-1,-1,-1
50863,93831,-1,-1,36,-1,-1,-1,-1,-1,-1,1020,-1,35,-1,-1,-1,-1,0,0,0,-1,0,0,0,-1,4,0,0,-1,5,0,0,-1,-1,-1,-1,-1,-1,-1,-1,-1,-1,-1,-1,-1,-1,-1,-1,-1,-1,-1,-1,-1,-1,-1,-1,-1,-1,-1,-1,-1,-1,-1,-1
50874,93831,-1,-1,65,-1,-1,-1,-1,-1,-1,1471,-1,68,-1,-1,-1,-1,0,0,0,-1,0,0,0,-1,6,0,0,-1,8,0,0,-1,-1,-1,-1,-1,-1,-1,-1,-1,-1,-1,-1,-1,-1,-1,-1,-1,-1,-1,-1,-1,-1,-1,-1,-1,-1,-1,-1,-1,-1,-1,-1
50875,93831,-1,-1,65,-1,-1,-1,-1,-1,-1,1471,-1,68,-1,-1,-1,-1,0,0,0,-1,0,0,0,-1,6,0,0,-1,8,0,0,-1,-1,-1,-1,-1,-1,-1,-1,-1,-1,-1,-1,-1,-1,-1,-1,-1,-1,-1,-1,-1,-1,-1,-1,-1,-1,-1,-1,-1,-1,-1,-1
50876,93831,-1,-1,65,-1,-1,-1,-1,-1,-1,1471,-1,68,-1,-1,-1,-1,0,0,0,-1,0,0,0,-1,6,0,0,-1,8,0,0,-1,-1,-1,-1,-1,-1,-1,-1,-1,-1,-1,-1,-1,-1,-1,-1,-1,-1,-1,-1,-1,-1,-1,-1,-1,-1,-1,-1,-1,-1,-1,-1
50885,93831,-1,-1,108,-1,-1,-1,-1,-1,-1,2016,-1,208,-1,-1,-1,-1,0,0,0,-1,0,0,0,-1,9,0,0,-1,11,0,0,-1,-1,-1,-1,-1,-1,-1,-1,-1,-1,-1,-1,-1,-1,-1,-1,-1,-1,-1,-1,-1,-1,-1,-1,-1,-1,-1,-1,-1,-1,-1,-1
50886,93831,-1,-1,108,-1,-1,-1,-1,-1,-1,2016,-1,208,-1,-1,-1,-1,0,0,0,-1,0,0,0,-1,9,0,0,-1,11,0,0,-1,-1,-1,-1,-1,-1,-1,-1,-1,-1,-1,-1,-1,-1,-1,-1,-1,-1,-1,-1,-1,-1,-1,-1,-1,-1,-1,-1,-1,-1,-1,-1
50887,93831,-1,-1,108,-1,-1,-1,-1,-1,-1,2016,-1,208,-1,-1,-1,-1,0,0,0,-1,0,0,0,-1,9,0,0,-1,11,0,0,-1,-1,-1,-1,-1,-1,-1,-1,-1,-1,-1,-1,-1,-1,-1,-1,-1,-1,-1,-1,-1,-1,-1,-1,-1,-1,-1,-1,-1,-1,-1,-1
50889,93831,-1,-1,108,-1,-1,-1,-1,-1,-1,2016,-1,208,-1,-1,-1,-1,0,0,0,-1,0,0,0,-1,9,0,0,-1,11,0,0,-1,-1,-1,-1,-1,-1,-1,-1,-1,-1,-1,-1,-1,-1,-1,-1,-1,-1,-1,-1,-1,-1,-1,-1,-1,-1,-1,-1,-1,-1,-1,-1
50897,93831,-1,-1,61,-1,-1,-1,-1,-1,-1,1413,-1,64,-1,-1,-1,-1,0,0,0,-1,0,0,0,-1,6,0,0,-1,7,0,0,-1,-1,-1,-1,-1,-1,-1,-1,-1,-1,-1,-1,-1,-1,-1,-1,-1,-1,-1,-1,-1,-1,-1,-1,-1,-1,-1,-1,-1,-1,-1,-1
50962,93831,-1,-1,66,-1,-1,-1,-1,-1,-1,1501,-1,77,-1,-1,-1,-1,0,0,0,-1,0,0,0,-1,6,0,0,-1,8,0,0,-1,-1,-1,-1,-1,-1,-1,-1,-1,-1,-1,-1,-1,-1,-1,-1,-1,-1,-1,-1,-1,-1,-1,-1,-1,-1,-1,-1,-1,-1,-1,-1
50965,93831,-1,-1,66,-1,-1,-1,-1,-1,-1,1501,-1,77,-1,-1,-1,-1,0,0,0,-1,0,0,0,-1,6,0,0,-1,8,0,0,-1,-1,-1,-1,-1,-1,-1,-1,-1,-1,-1,-1,-1,-1,-1,-1,-1,-1,-1,-1,-1,-1,-1,-1,-1,-1,-1,-1,-1,-1,-1,-1
50969,93831,-1,-1,52,-1,-1,-1,-1,-1,-1,1289,-1,53,-1,-1,-1,-1,0,0,0,-1,0,0,0,-1,5,0,0,-1,6,0,0,-1,-1,-1,-1,-1,-1,-1,-1,-1,-1,-1,-1,-1,-1,-1,-1,-1,-1,-1,-1,-1,-1,-1,-1,-1,-1,-1,-1,-1,-1,-1,-1
50973,93831,-1,-1,52,-1,-1,-1,-1,-1,-1,1289,-1,53,-1,-1,-1,-1,0,0,0,-1,0,0,0,-1,5,0,0,-1,6,0,0,-1,-1,-1,-1,-1,-1,-1,-1,-1,-1,-1,-1,-1,-1,-1,-1,-1,-1,-1,-1,-1,-1,-1,-1,-1,-1,-1,-1,-1,-1,-1,-1
50981,93831,-1,-1,52,-1,-1,-1,-1,-1,-1,1289,-1,53,-1,-1,-1,-1,0,0,0,-1,0,0,0,-1,5,0,0,-1,6,0,0,-1,-1,-1,-1,-1,-1,-1,-1,-1,-1,-1,-1,-1,-1,-1,-1,-1,-1,-1,-1,-1,-1,-1,-1,-1,-1,-1,-1,-1,-1,-1,-1
50987,93831,-1,-1,40,-1,-1,-1,-1,-1,-1,1090,-1,38,-1,-1,-1,-1,0,0,0,-1,0,0,0,-1,4,0,0,-1,5,0,0,-1,-1,-1,-1,-1,-1,-1,-1,-1,-1,-1,-1,-1,-1,-1,-1,-1,-1,-1,-1,-1,-1,-1,-1,-1,-1,-1,-1,-1,-1,-1,-1
50992,93831,-1,-1,40,-1,-1,-1,-1,-1,-1,1090,-1,38,-1,-1,-1,-1,0,0,0,-1,0,0,0,-1,4,0,0,-1,5,0,0,-1,-1,-1,-1,-1,-1,-1,-1,-1,-1,-1,-1,-1,-1,-1,-1,-1,-1,-1,-1,-1,-1,-1,-1,-1,-1,-1,-1,-1,-1,-1,-1
50996,93831,-1,-1,40,-1,-1,-1,-1,-1,-1,1090,-1,38,-1,-1,-1,-1,0,0,0,-1,0,0,0,-1,4,0,0,-1,5,0,0,-1,-1,-1,-1,-1,-1,-1,-1,-1,-1,-1,-1,-1,-1,-1,-1,-1,-1,-1,-1,-1,-1,-1,-1,-1,-1,-1,-1,-1,-1,-1,-1
51002,93831,-1,-1,40,-1,-1,-1,-1,-1,-1,1090,-1,38,-1,-1,-1,-1,0,0,0,-1,0,0,0,-1,4,0,0,-1,5,0,0,-1,-1,-1,-1,-1,-1,-1,-1,-1,-1,-1,-1,-1,-1,-1,-1,-1,-1,-1,-1,-1,-1,-1,-1,-1,-1,-1,-1,-1,-1,-1,-1
51008,93831,-1,-1,33,-1,-1,-1,-1,-1,-1,958,-1,29,-1,-1,-1,-1,0,0,0,-1,0,0,0,-1,3,0,0,-1,5,0,0,-1,-1,-1,-1,-1,-1,-1,-1,-1,-1,-1,-1,-1,-1,-1,-1,-1,-1,-1,-1,-1,-1,-1,-1,-1,-1,-1,-1,-1,-1,-1,-1
51012,93831,-1,-1,33,-1,-1,-1,-1,-1,-1,958,-1,29,-1,-1,-1,-1,0,0,0,-1,0,0,0,-1,3,0,0,-1,5,0,0,-1,-1,-1,-1,-1,-1,-1,-1,-1,-1,-1,-1,-1,-1,-1,-1,-1,-1,-1,-1,-1,-1,-1,-1,-1,-1,-1,-1,-1,-1,-1,-1
51015,93831,-1,-1,33,-1,-1,-1,-1,-1,-1,958,-1,29,-1,-1,-1,-1,0,0,0,-1,0,0,0,-1,3,0,0,-1,5,0,0,-1,-1,-1,-1,-1,-1,-1,-1,-1,-1,-1,-1,-1,-1,-1,-1,-1,-1,-1,-1,-1,-1,-1,-1,-1,-1,-1,-1,-1,-1,-1,-1
51093,93831,-1,-1,103,-1,-1,-1,-1,-1,-1,1948,-1,201,-1,-1,-1,-1,0,0,0,-1,0,0,0,-1,9,0,0,-1,12,0,0,-1,-1,-1,-1,-1,-1,-1,-1,-1,-1,-1,-1,-1,-1,-1,-1,-1,-1,-1,-1,-1,-1,-1,-1,-1,-1,-1,-1,-1,-1,-1,-1
51095,93831,-1,-1,103,-1,-1,-1,-1,-1,-1,1948,-1,201,-1,-1,-1,-1,0,0,0,-1,0,0,0,-1,9,0,0,-1,12,0,0,-1,-1,-1,-1,-1,-1,-1,-1,-1,-1,-1,-1,-1,-1,-1,-1,-1,-1,-1,-1,-1,-1,-1,-1,-1,-1,-1,-1,-1,-1,-1,-1
51109,93831,-1,-1,8,-1,-1,-1,-1,-1,-1,347,-1,24,-1,-1,-1,-1,0,0,0,-1,0,0,0,-1,1,0,0,-1,1,0,0,-1,-1,-1,-1,-1,-1,-1,-1,-1,-1,-1,-1,-1,-1,-1,-1,-1,-1,-1,-1,-1,-1,-1,-1,-1,-1,-1,-1,-1,-1,-1,-1
51152,93831,-1,-1,59,-1,-1,-1,-1,-1,-1,1391,-1,62,-1,-1,-1,-1,0,0,0,-1,0,0,0,-1,5,0,0,-1,7,0,0,-1,-1,-1,-1,-1,-1,-1,-1,-1,-1,-1,-1,-1,-1,-1,-1,-1,-1,-1,-1,-1,-1,-1,-1,-1,-1,-1,-1,-1,-1,-1,-1
51154,93831,-1,-1,59,-1,-1,-1,-1,-1,-1,1391,-1,62,-1,-1,-1,-1,0,0,0,-1,0,0,0,-1,5,0,0,-1,7,0,0,-1,-1,-1,-1,-1,-1,-1,-1,-1,-1,-1,-1,-1,-1,-1,-1,-1,-1,-1,-1,-1,-1,-1,-1,-1,-1,-1,-1,-1,-1,-1,-1
51159,93831,-1,-1,59,-1,-1,-1,-1,-1,-1,1391,-1,62,-1,-1,-1,-1,0,0,0,-1,0,0,0,-1,5,0,0,-1,7,0,0,-1,-1,-1,-1,-1,-1,-1,-1,-1,-1,-1,-1,-1,-1,-1,-1,-1,-1,-1,-1,-1,-1,-1,-1,-1,-1,-1,-1,-1,-1,-1,-1
51160,93831,-1,-1,40,-1,-1,-1,-1,-1,-1,1084,-1,37,-1,-1,-1,-1,0,0,0,-1,0,0,0,-1,4,0,0,-1,5,0,0,-1,-1,-1,-1,-1,-1,-1,-1,-1,-1,-1,-1,-1,-1,-1,-1,-1,-1,-1,-1,-1,-1,-1,-1,-1,-1,-1,-1,-1,-1,-1,-1
51161,93831,-1,-1,40,-1,-1,-1,-1,-1,-1,1084,-1,37,-1,-1,-1,-1,0,0,0,-1,0,0,0,-1,4,0,0,-1,5,0,0,-1,-1,-1,-1,-1,-1,-1,-1,-1,-1,-1,-1,-1,-1,-1,-1,-1,-1,-1,-1,-1,-1,-1,-1,-1,-1,-1,-1,-1,-1,-1,-1
51162,93831,-1,-1,27,-1,-1,-1,-1,-1,-1,827,-1,24,-1,-1,-1,-1,0,0,0,-1,0,0,0,-1,3,0,0,-1,4,0,0,-1,-1,-1,-1,-1,-1,-1,-1,-1,-1,-1,-1,-1,-1,-1,-1,-1,-1,-1,-1,-1,-1,-1,-1,-1,-1,-1,-1,-1,-1,-1,-1
51163,93831,-1,-1,27,-1,-1,-1,-1,-1,-1,827,-1,24,-1,-1,-1,-1,0,0,0,-1,0,0,0,-1,3,0,0,-1,4,0,0,-1,-1,-1,-1,-1,-1,-1,-1,-1,-1,-1,-1,-1,-1,-1,-1,-1,-1,-1,-1,-1,-1,-1,-1,-1,-1,-1,-1,-1,-1,-1,-1
51165,93831,-1,-1,27,-1,-1,-1,-1,-1,-1,827,-1,24,-1,-1,-1,-1,0,0,0,-1,0,0,0,-1,3,0,0,-1,4,0,0,-1,-1,-1,-1,-1,-1,-1,-1,-1,-1,-1,-1,-1,-1,-1,-1,-1,-1,-1,-1,-1,-1,-1,-1,-1,-1,-1,-1,-1,-1,-1,-1
51166,93831,-1,-1,27,-1,-1,-1,-1,-1,-1,827,-1,24,-1,-1,-1,-1,0,0,0,-1,0,0,0,-1,3,0,0,-1,4,0,0,-1,-1,-1,-1,-1,-1,-1,-1,-1,-1,-1,-1,-1,-1,-1,-1,-1,-1,-1,-1,-1,-1,-1,-1,-1,-1,-1,-1,-1,-1,-1,-1
51167,93831,-1,-1,27,-1,-1,-1,-1,-1,-1,827,-1,24,-1,-1,-1,-1,0,0,0,-1,0,0,0,-1,3,0,0,-1,4,0,0,-1,-1,-1,-1,-1,-1,-1,-1,-1,-1,-1,-1,-1,-1,-1,-1,-1,-1,-1,-1,-1,-1,-1,-1,-1,-1,-1,-1,-1,-1,-1,-1
51171,93831,-1,-1,94,-1,-1,-1,-1,-1,-1,1864,-1,57,-1,-1,-1,-1,0,0,0,-1,0,0,0,-1,2,0,0,-1,3,0,0,-1,-1,-1,-1,-1,-1,-1,-1,-1,-1,-1,-1,-1,-1,-1,-1,-1,-1,-1,-1,-1,-1,-1,-1,-1,-1,-1,-1,-1,-1,-1,-1
51172,93831,-1,-1,94,-1,-1,-1,-1,-1,-1,1864,-1,57,-1,-1,-1,-1,0,0,0,-1,0,0,0,-1,2,0,0,-1,3,0,0,-1,-1,-1,-1,-1,-1,-1,-1,-1,-1,-1,-1,-1,-1,-1,-1,-1,-1,-1,-1,-1,-1,-1,-1,-1,-1,-1,-1,-1,-1,-1,-1
51175,93831,-1,-1,70,-1,-1,-1,-1,-1,-1,1550,-1,44,-1,-1,-1,-1,0,0,0,-1,0,0,0,-1,2,0,0,-1,2,0,0,-1,-1,-1,-1,-1,-1,-1,-1,-1,-1,-1,-1,-1,-1,-1,-1,-1,-1,-1,-1,-1,-1,-1,-1,-1,-1,-1,-1,-1,-1,-1,-1
51176,93831,-1,-1,57,-1,-1,-1,-1,-1,-1,1368,-1,37,-1,-1,-1,-1,0,0,0,-1,0,0,0,-1,1,0,0,-1,2,0,0,-1,-1,-1,-1,-1,-1,-1,-1,-1,-1,-1,-1,-1,-1,-1,-1,-1,-1,-1,-1,-1,-1,-1,-1,-1,-1,-1,-1,-1,-1,-1,-1
51177,93831,-1,-1,57,-1,-1,-1,-1,-1,-1,1368,-1,37,-1,-1,-1,-1,0,0,0,-1,0,0,0,-1,1,0,0,-1,2,0,0,-1,-1,-1,-1,-1,-1,-1,-1,-1,-1,-1,-1,-1,-1,-1,-1,-1,-1,-1,-1,-1,-1,-1,-1,-1,-1,-1,-1,-1,-1,-1,-1
51178,93831,-1,-1,50,-1,-1,-1,-1,-1,-1,1254,-1,49,-1,-1,-1,-1,0,0,0,-1,0,0,0,-1,4,0,0,-1,6,0,0,-1,-1,-1,-1,-1,-1,-1,-1,-1,-1,-1,-1,-1,-1,-1,-1,-1,-1,-1,-1,-1,-1,-1,-1,-1,-1,-1,-1,-1,-1,-1,-1
51179,93831,-1,-1,41,-1,-1,-1,-1,-1,-1,1089,-1,37,-1,-1,-1,-1,0,0,0,-1,0,0,0,-1,3,0,0,-1,5,0,0,-1,-1,-1,-1,-1,-1,-1,-1,-1,-1,-1,-1,-1,-1,-1,-1,-1,-1,-1,-1,-1,-1,-1,-1,-1,-1,-1,-1,-1,-1,-1,-1
51181,93831,-1,-1,38,-1,-1,-1,-1,-1,-1,1045,-1,34,-1,-1,-1,-1,0,0,0,-1,0,0,0,-1,3,0,0,-1,4,0,0,-1,-1,-1,-1,-1,-1,-1,-1,-1,-1,-1,-1,-1,-1,-1,-1,-1,-1,-1,-1,-1,-1,-1,-1,-1,-1,-1,-1,-1,-1,-1,-1
51182,93831,-1,-1,35,-1,-1,-1,-1,-1,-1,992,-1,31,-1,-1,-1,-1,0,0,0,-1,0,0,0,-1,3,0,0,-1,4,0,0,-1,-1,-1,-1,-1,-1,-1,-1,-1,-1,-1,-1,-1,-1,-1,-1,-1,-1,-1,-1,-1,-1,-1,-1,-1,-1,-1,-1,-1,-1,-1,-1
51183,93831,-1,-1,35,-1,-1,-1,-1,-1,-1,978,-1,30,-1,-1,-1,-1,0,0,0,-1,0,0,0,-1,3,0,0,-1,4,0,0,-1,-1,-1,-1,-1,-1,-1,-1,-1,-1,-1,-1,-1,-1,-1,-1,-1,-1,-1,-1,-1,-1,-1,-1,-1,-1,-1,-1,-1,-1,-1,-1
51188,93831,-1,-1,34,-1,-1,-1,-1,-1,-1,966,-1,30,-1,-1,-1,-1,0,0,0,-1,0,0,0,-1,3,0,0,-1,4,0,0,-1,-1,-1,-1,-1,-1,-1,-1,-1,-1,-1,-1,-1,-1,-1,-1,-1,-1,-1,-1,-1,-1,-1,-1,-1,-1,-1,-1,-1,-1,-1,-1
51200,93831,-1,-1,79,-1,-1,-1,-1,-1,-1,1646,-1,302,-1,-1,-1,-1,0,0,0,-1,0,0,0,-1,7,0,0,-1,10,0,0,-1,-1,-1,-1,-1,-1,-1,-1,-1,-1,-1,-1,-1,-1,-1,-1,-1,-1,-1,-1,-1,-1,-1,-1,-1,-1,-1,-1,-1,-1,-1,-1
51201,93831,-1,-1,55,-1,-1,-1,-1,-1,-1,1324,-1,73,-1,-1,-1,-1,0,0,0,-1,0,0,0,-1,5,0,0,-1,7,0,0,-1,-1,-1,-1,-1,-1,-1,-1,-1,-1,-1,-1,-1,-1,-1,-1,-1,-1,-1,-1,-1,-1,-1,-1,-1,-1,-1,-1,-1,-1,-1,-1
51202,93831,-1,-1,55,-1,-1,-1,-1,-1,-1,1324,-1,73,-1,-1,-1,-1,0,0,0,-1,0,0,0,-1,5,0,0,-1,7,0,0,-1,-1,-1,-1,-1,-1,-1,-1,-1,-1,-1,-1,-1,-1,-1,-1,-1,-1,-1,-1,-1,-1,-1,-1,-1,-1,-1,-1,-1,-1,-1,-1
51206,93831,-1,-1,43,-1,-1,-1,-1,-1,-1,1135,-1,48,-1,-1,-1,-1,0,0,0,-1,0,0,0,-1,4,0,0,-1,6,0,0,-1,-1,-1,-1,-1,-1,-1,-1,-1,-1,-1,-1,-1,-1,-1,-1,-1,-1,-1,-1,-1,-1,-1,-1,-1,-1,-1,-1,-1,-1,-1,-1
51208,93831,-1,-1,43,-1,-1,-1,-1,-1,-1,1135,-1,48,-1,-1,-1,-1,0,0,0,-1,0,0,0,-1,4,0,0,-1,6,0,0,-1,-1,-1,-1,-1,-1,-1,-1,-1,-1,-1,-1,-1,-1,-1,-1,-1,-1,-1,-1,-1,-1,-1,-1,-1,-1,-1,-1,-1,-1,-1,-1
51209,93831,-1,-1,36,-1,-1,-1,-1,-1,-1,999,-1,35,-1,-1,-1,-1,0,0,0,-1,0,0,0,-1,3,0,0,-1,5,0,0,-1,-1,-1,-1,-1,-1,-1,-1,-1,-1,-1,-1,-1,-1,-1,-1,-1,-1,-1,-1,-1,-1,-1,-1,-1,-1,-1,-1,-1,-1,-1,-1
51210,93831,-1,-1,33,-1,-1,-1,-1,-1,-1,953,-1,33,-1,-1,-1,-1,0,0,0,-1,0,0,0,-1,3,0,0,-1,4,0,0,-1,-1,-1,-1,-1,-1,-1,-1,-1,-1,-1,-1,-1,-1,-1,-1,-1,-1,-1,-1,-1,-1,-1,-1,-1,-1,-1,-1,-1,-1,-1,-1
51211,93831,-1,-1,33,-1,-1,-1,-1,-1,-1,953,-1,33,-1,-1,-1,-1,0,0,0,-1,0,0,0,-1,3,0,0,-1,4,0,0,-1,-1,-1,-1,-1,-1,-1,-1,-1,-1,-1,-1,-1,-1,-1,-1,-1,-1,-1,-1,-1,-1,-1,-1,-1,-1,-1,-1,-1,-1,-1,-1
51212,93831,-1,-1,29,-1,-1,-1,-1,-1,-1,866,-1,27,-1,-1,-1,-1,0,0,0,-1,0,0,0,-1,3,0,0,-1,4,0,0,-1,-1,-1,-1,-1,-1,-1,-1,-1,-1,-1,-1,-1,-1,-1,-1,-1,-1,-1,-1,-1,-1,-1,-1,-1,-1,-1,-1,-1,-1,-1,-1
51213,93831,-1,-1,26,-1,-1,-1,-1,-1,-1,813,-1,24,-1,-1,-1,-1,0,0,0,-1,0,0,0,-1,3,0,0,-1,4,0,0,-1,-1,-1,-1,-1,-1,-1,-1,-1,-1,-1,-1,-1,-1,-1,-1,-1,-1,-1,-1,-1,-1,-1,-1,-1,-1,-1,-1,-1,-1,-1,-1
51214,93831,-1,-1,26,-1,-1,-1,-1,-1,-1,813,-1,24,-1,-1,-1,-1,0,0,0,-1,0,0,0,-1,3,0,0,-1,4,0,0,-1,-1,-1,-1,-1,-1,-1,-1,-1,-1,-1,-1,-1,-1,-1,-1,-1,-1,-1,-1,-1,-1,-1,-1,-1,-1,-1,-1,-1,-1,-1,-1
51215,93831,-1,-1,26,-1,-1,-1,-1,-1,-1,813,-1,24,-1,-1,-1,-1,0,0,0,-1,0,0,0,-1,3,0,0,-1,4,0,0,-1,-1,-1,-1,-1,-1,-1,-1,-1,-1,-1,-1,-1,-1,-1,-1,-1,-1,-1,-1,-1,-1,-1,-1,-1,-1,-1,-1,-1,-1,-1,-1
51217,93831,-1,-1,24,-1,-1,-1,-1,-1,-1,759,-1,22,-1,-1,-1,-1,0,0,0,-1,0,0,0,-1,3,0,0,-1,3,0,0,-1,-1,-1,-1,-1,-1,-1,-1,-1,-1,-1,-1,-1,-1,-1,-1,-1,-1,-1,-1,-1,-1,-1,-1,-1,-1,-1,-1,-1,-1,-1,-1
51220,93831,-1,-1,105,-1,-1,-1,-1,-1,-1,1973,-1,399,-1,-1,-1,-1,0,0,0,-1,0,0,0,-1,8,0,0,-1,12,0,0,-1,-1,-1,-1,-1,-1,-1,-1,-1,-1,-1,-1,-1,-1,-1,-1,-1,-1,-1,-1,-1,-1,-1,-1,-1,-1,-1,-1,-1,-1,-1,-1
51222,93831,-1,-1,72,-1,-1,-1,-1,-1,-1,1549,-1,115,-1,-1,-1,-1,0,0,0,-1,0,0,0,-1,6,0,0,-1,9,0,0,-1,-1,-1,-1,-1,-1,-1,-1,-1,-1,-1,-1,-1,-1,-1,-1,-1,-1,-1,-1,-1,-1,-1,-1,-1,-1,-1,-1,-1,-1,-1,-1
51225,93831,-1,-1,48,-1,-1,-1,-1,-1,-1,1195,-1,51,-1,-1,-1,-1,0,0,0,-1,0,0,0,-1,4,0,0,-1,6,0,0,-1,-1,-1,-1,-1,-1,-1,-1,-1,-1,-1,-1,-1,-1,-1,-1,-1,-1,-1,-1,-1,-1,-1,-1,-1,-1,-1,-1,-1,-1,-1,-1
51226,93831,-1,-1,42,-1,-1,-1,-1,-1,-1,1091,-1,43,-1,-1,-1,-1,0,0,0,-1,0,0,0,-1,4,0,0,-1,5,0,0,-1,-1,-1,-1,-1,-1,-1,-1,-1,-1,-1,-1,-1,-1,-1,-1,-1,-1,-1,-1,-1,-1,-1,-1,-1,-1,-1,-1,-1,-1,-1,-1
51228,93831,-1,-1,40,-1,-1,-1,-1,-1,-1,1059,-1,41,-1,-1,-1,-1,0,0,0,-1,0,0,0,-1,4,0,0,-1,5,0,0,-1,-1,-1,-1,-1,-1,-1,-1,-1,-1,-1,-1,-1,-1,-1,-1,-1,-1,-1,-1,-1,-1,-1,-1,-1,-1,-1,-1,-1,-1,-1,-1
51229,93831,-1,-1,31,-1,-1,-1,-1,-1,-1,883,-1,29,-1,-1,-1,-1,0,0,0,-1,0,0,0,-1,3,0,0,-1,4,0,0,-1,-1,-1,-1,-1,-1,-1,-1,-1,-1,-1,-1,-1,-1,-1,-1,-1,-1,-1,-1,-1,-1,-1,-1,-1,-1,-1,-1,-1,-1,-1,-1
51230,93831,-1,-1,27,-1,-1,-1,-1,-1,-1,811,-1,26,-1,-1,-1,-1,0,0,0,-1,0,0,0,-1,3,0,0,-1,4,0,0,-1,-1,-1,-1,-1,-1,-1,-1,-1,-1,-1,-1,-1,-1,-1,-1,-1,-1,-1,-1,-1,-1,-1,-1,-1,-1,-1,-1,-1,-1,-1,-1
51234,93831,-1,-1,108,-1,-1,-1,-1,-1,-1,2012,-1,352,-1,-1,-1,-1,0,0,0,-1,0,0,0,-1,9,0,0,-1,12,0,0,-1,-1,-1,-1,-1,-1,-1,-1,-1,-1,-1,-1,-1,-1,-1,-1,-1,-1,-1,-1,-1,-1,-1,-1,-1,-1,-1,-1,-1,-1,-1,-1
51236,93831,-1,-1,57,-1,-1,-1,-1,-1,-1,1367,-1,67,-1,-1,-1,-1,0,0,0,-1,0,0,0,-1,5,0,0,-1,7,0,0,-1,-1,-1,-1,-1,-1,-1,-1,-1,-1,-1,-1,-1,-1,-1,-1,-1,-1,-1,-1,-1,-1,-1,-1,-1,-1,-1,-1,-1,-1,-1,-1
51237,93831,-1,-1,48,-1,-1,-1,-1,-1,-1,1227,-1,53,-1,-1,-1,-1,0,0,0,-1,0,0,0,-1,5,0,0,-1,6,0,0,-1,-1,-1,-1,-1,-1,-1,-1,-1,-1,-1,-1,-1,-1,-1,-1,-1,-1,-1,-1,-1,-1,-1,-1,-1,-1,-1,-1,-1,-1,-1,-1
51274,93831,-1,-1,19,-1,-1,-1,-1,-1,-1,584,-1,86,-1,-1,-1,-1,0,0,0,-1,0,0,0,-1,2,0,0,-1,6,0,0,-1,-1,-1,-1,-1,-1,-1,-1,-1,-1,-1,-1,-1,-1,-1,-1,-1,-1,-1,-1,-1,-1,-1,-1,-1,-1,-1,-1,-1,-1,-1,-1
51277,93831,-1,-1,-1,-1,-1,-1,-1,-1,-1,5840,860,1000,-1,-1,-1,-1,0,0,0,-1,-1,-1,0,-1,0,0,0,-1,-1,1,0,-1,0,0,0,0,0,0,-1,-1,-1,-1,-1,-1,-1,-1,-1,-1,-1,-1,-1,-1,-1,-1,-1,-1,-1,-1,-1,-1,-1,-1,-1
51279,93831,-1,-1,-1,-1,-1,-1,-1,-1,-1,5840,860,200,-1,-1,-1,-1,0,0,0,-1,-1,0,0,-1,0,0,0,-1,3,0,0,-1,0,0,0,0,0,0,-1,-1,-1,-1,-1,-1,-1,-1,-1,-1,-1,-1,-1,-1,-1,-1,-1,-1,-1,-1,-1,-1,-1,-1,-1
51281,93831,-1,-1,-1,-1,-1,-1,-1,-1,-1,5840,860,200,-1,-1,-1,-1,0,0,0,-1,-1,0,0,-1,0,0,0,-1,3,0,0,-1,0,0,0,0,0,0,-1,-1,-1,-1,-1,-1,-1,-1,-1,-1,-1,-1,-1,-1,-1,-1,-1,-1,-1,-1,-1,-1,-1,-1,-1
51282,93831,-1,-1,-1,-1,-1,-1,-1,-1,-1,4000,-1,800,-1,-1,-1,-1,0,0,0,-1,-1,0,0,-1,0,0,0,-1,3,0,0,-1,0,0,0,0,0,0,-1,-1,-1,-1,-1,-1,-1,-1,-1,-1,-1,-1,-1,-1,-1,-1,-1,-1,-1,-1,-1,-1,-1,-1,-1
51283,93831,-1,-1,-1,-1,-1,-1,-1,-1,-1,4000,-1,800,-1,-1,-1,-1,0,0,0,-1,-1,0,0,-1,0,0,0,-1,3,0,0,-1,0,0,0,0,0,0,-1,-1,-1,-1,-1,-1,-1,-1,-1,-1,-1,-1,-1,-1,-1,-1,-1,-1,-1,-1,-1,-1,-1,-1,-1
51284,93831,-1,-1,-1,-1,-1,-1,-1,-1,-1,4000,-1,800,-1,-1,-1,-1,0,0,0,-1,-1,0,0,-1,0,0,0,-1,1,0,0,-1,0,0,0,0,0,0,-1,-1,-1,-1,-1,-1,-1,-1,-1,-1,-1,-1,-1,-1,-1,-1,-1,-1,-1,-1,-1,-1,-1,-1,-1
51285,93831,-1,-1,-1,-1,-1,-1,-1,-1,-1,2000,-1,400,-1,-1,-1,-1,0,0,0,-1,-1,0,0,-1,0,0,0,-1,1,0,0,-1,0,0,0,0,0,0,-1,-1,-1,-1,-1,-1,-1,-1,-1,-1,-1,-1,-1,-1,-1,-1,-1,-1,-1,-1,-1,-1,-1,-1,-1
51286,93831,-1,-1,-1,-1,-1,-1,-1,-1,-1,2000,-1,400,-1,-1,-1,-1,0,0,0,-1,-1,0,0,-1,0,0,0,-1,1,0,0,-1,0,0,0,0,0,0,-1,-1,-1,-1,-1,-1,-1,-1,-1,-1,-1,-1,-1,-1,-1,-1,-1,-1,-1,-1,-1,-1,-1,-1,-1
51297,93810,-1,-1,-1,-1,-1,-1,-1,-1,-1,5840,-1,2000,-1,-1,-1,-1,0,0,0,-1,-1,0,0,-1,-1,0,0,-1,-1,1,0,-1,0,0,0,0,0,0,-1,-1,-1,-1,-1,-1,-1,-1,-1,-1,-1,-1,-1,-1,-1,-1,-1,-1,-1,-1,-1,-1,-1,-1,-1
51298,93810,-1,-1,-1,-1,-1,-1,-1,-1,-1,5840,-1,2000,-1,-1,-1,-1,0,0,0,-1,-1,0,0,-1,-1,0,0,-1,-1,1,0,-1,0,0,0,0,0,0,-1,-1,-1,-1,-1,-1,-1,-1,-1,-1,-1,-1,-1,-1,-1,-1,-1,-1,-1,-1,-1,-1,-1,-1,-1
51300,93810,-1,-1,-1,-1,-1,-1,-1,-1,-1,5840,-1,2000,-1,-1,-1,-1,0,0,0,-1,-1,0,0,-1,-1,0,0,-1,-1,0,0,-1,0,0,0,0,0,0,-1,-1,-1,-1,-1,-1,-1,-1,-1,-1,-1,-1,-1,-1,-1,-1,-1,-1,-1,-1,-1,-1,-1,-1,-1
51301,93810,-1,-1,-1,-1,-1,-1,-1,-1,-1,5840,-1,2000,-1,-1,-1,-1,0,0,0,-1,-1,0,0,-1,-1,0,0,-1,-1,0,0,-1,0,0,0,0,0,0,-1,-1,-1,-1,-1,-1,-1,-1,-1,-1,-1,-1,-1,-1,-1,-1,-1,-1,-1,-1,-1,-1,-1,-1,-1
51334,93810,-1,-1,-1,-1,-1,-1,-1,-1,-1,5000,-1,2000,-1,-1,-1,-1,0,0,0,-1,0,0,0,-1,0,0,0,-1,0,0,0,-1,0,0,0,0,0,0,-1,-1,-1,-1,-1,-1,-1,-1,-1,-1,-1,-1,-1,-1,-1,-1,-1,-1,-1,-1,-1,-1,-1,-1,-1
51335,93810,-1,-1,-1,-1,-1,-1,-1,-1,-1,5000,-1,2000,-1,-1,-1,-1,0,0,0,-1,0,0,0,-1,0,0,0,-1,0,0,0,-1,0,0,0,0,0,0,-1,-1,-1,-1,-1,-1,-1,-1,-1,-1,-1,-1,-1,-1,-1,-1,-1,-1,-1,-1,-1,-1,-1,-1,-1
51336,93810,-1,-1,-1,-1,-1,-1,-1,-1,-1,5000,-1,1000,-1,-1,-1,0,0,0,0,0,0,0,0,-1,0,0,0,-1,0,0,0,0,0,0,0,0,0,0,-1,-1,-1,-1,-1,-1,-1,-1,-1,-1,-1,-1,-1,-1,-1,-1,-1,-1,-1,-1,-1,-1,-1,-1,-1
51337,93810,-1,-1,-1,-1,-1,-1,-1,-1,-1,5000,-1,500,-1,-1,-1,0,0,0,0,0,0,0,0,-1,0,0,0,-1,0,0,0,0,0,0,0,0,0,0,-1,-1,-1,-1,-1,-1,-1,-1,-1,-1,-1,-1,-1,-1,-1,-1,-1,-1,-1,-1,-1,-1,-1,-1,-1
51338,93810,-1,-1,-1,-1,-1,-1,-1,-1,-1,5000,-1,500,-1,-1,-1,0,0,0,0,0,0,0,0,-1,0,0,0,-1,0,0,0,0,0,0,0,0,0,0,-1,-1,-1,-1,-1,-1,-1,-1,-1,-1,-1,-1,-1,-1,-1,-1,-1,-1,-1,-1,-1,-1,-1,-1,-1
51339,93810,-1,-1,-1,-1,-1,-1,-1,-1,-1,5000,-1,500,-1,-1,-1,0,0,0,0,0,0,0,0,-1,0,0,0,-1,0,0,0,0,0,0,0,0,0,0,-1,-1,-1,-1,-1,-1,-1,-1,-1,-1,-1,-1,-1,-1,-1,-1,-1,-1,-1,-1,-1,-1,-1,-1,-1
51370,281494,-1,-1,6,-1,-1,-1,-1,-1,-1,159,-1,18,-1,-1,-1,-1,0,0,0,-1,0,0,0,-1,0,0,0,-1,3,0,0,-1,-1,-1,-1,-1,-1,-1,-1,-1,-1,-1,-1,-1,-1,-1,-1,-1,-1,-1,-1,-1,-1,-1,-1,-1,-1,-1,-1,-1,-1,-1,-1
51374,281494,-1,-1,6,-1,-1,-1,-1,-1,-1,159,-1,18,-1,-1,-1,-1,0,0,0,-1,0,0,0,-1,0,0,0,-1,3,0,0,-1,-1,-1,-1,-1,-1,-1,-1,-1,-1,-1,-1,-1,-1,-1,-1,-1,-1,-1,-1,-1,-1,-1,-1,-1,-1,-1,-1,-1,-1,-1,-1
51395,159513,-1,-1,18,-1,-1,-1,-1,-1,-1,372,-1,43,-1,-1,-1,-1,0,0,0,-1,0,0,0,-1,0,0,0,-1,0,0,0,-1,0,0,0,0,0,0,-1,-1,-1,-1,-1,-1,-1,-1,-1,-1,-1,-1,-1,-1,-1,-1,-1,-1,-1,-1,-1,-1,-1,-1,-1
51396,99695,-1,-1,11,-1,-1,-1,-1,-1,-1,217,-1,24,-1,-1,-1,-1,0,0,0,-1,0,0,0,-1,0,0,0,-1,0,0,0,-1,0,0,0,0,0,0,-1,-1,-1,-1,-1,-1,-1,-1,-1,-1,-1,-1,-1,-1,-1,-1,-1,-1,-1,-1,-1,-1,-1,-1,-1
51487,159513,-1,-1,34,-1,-1,-1,-1,-1,-1,582,-1,66,-1,-1,-1,-1,0,0,0,-1,-1,-1,-1,-1,2,0,0,-1,-1,-1,-1,-1,0,0,0,0,0,0,-1,-1,-1,-1,-1,-1,-1,-1,-1,-1,-1,-1,-1,-1,-1,-1,-1,-1,-1,-1,-1,-1,-1,-1,-1
51490,306756,-1,-1,52,-1,-1,-1,-1,-1,-1,4998,-1,576,-1,-1,-1,-1,0,0,0,-1,0,0,0,-1,4,0,0,-1,8,0,0,-1,0,0,0,0,0,0,-1,-1,-1,-1,-1,-1,-1,-1,-1,-1,-1,-1,-1,-1,-1,-1,-1,-1,-1,-1,-1,-1,-1,-1,-1
51491,306756,-1,-1,48,-1,-1,-1,-1,-1,-1,3077,-1,354,-1,-1,-1,-1,0,0,0,-1,0,0,0,-1,4,0,0,-1,7,0,0,-1,0,0,0,0,0,0,-1,-1,-1,-1,-1,-1,-1,-1,-1,-1,-1,-1,-1,-1,-1,-1,-1,-1,-1,-1,-1,-1,-1,-1,-1
51492,306756,-1,-1,42,-1,-1,-1,-1,-1,-1,1780,-1,202,-1,-1,-1,-1,0,0,0,-1,0,0,0,-1,3,0,0,-1,6,0,0,-1,0,0,0,0,0,0,-1,-1,-1,-1,-1,-1,-1,-1,-1,-1,-1,-1,-1,-1,-1,-1,-1,-1,-1,-1,-1,-1,-1,-1,-1
51493,227876,-1,-1,30,-1,-1,-1,-1,-1,-1,921,-1,105,-1,-1,-1,-1,0,0,0,-1,0,0,0,-1,2,0,0,-1,4,0,0,-1,0,0,0,0,0,0,-1,-1,-1,-1,-1,-1,-1,-1,-1,-1,-1,-1,-1,-1,-1,-1,-1,-1,-1,-1,-1,-1,-1,-1,-1
51494,227876,-1,-1,28,-1,-1,-1,-1,-1,-1,796,-1,90,-1,-1,-1,-1,0,0,0,-1,0,0,0,-1,2,0,0,-1,4,0,0,-1,0,0,0,0,0,0,-1,-1,-1,-1,-1,-1,-1,-1,-1,-1,-1,-1,-1,-1,-1,-1,-1,-1,-1,-1,-1,-1,-1,-1,-1
51495,227876,-1,-1,26,-1,-1,-1,-1,-1,-1,721,-1,81,-1,-1,-1,-1,0,0,0,-1,0,0,0,-1,2,0,0,-1,3,0,0,-1,0,0,0,0,0,0,-1,-1,-1,-1,-1,-1,-1,-1,-1,-1,-1,-1,-1,-1,-1,-1,-1,-1,-1,-1,-1,-1,-1,-1,-1
51502,265855,-1,-1,87,-1,-1,-1,-1,-1,-1,1296,-1,140,-1,-1,-1,-1,0,0,0,-1,-1,-1,-1,-1,6,0,0,-1,-1,-1,-1,-1,0,0,0,0,0,0,-1,-1,-1,-1,-1,-1,-1,-1,-1,-1,-1,-1,-1,-1,-1,-1,-1,-1,-1,-1,-1,-1,-1,-1,-1
51504,398783,-1,-1,114,-1,-1,-1,-1,-1,-1,2274,-1,250,-1,-1,-1,-1,0,0,0,-1,-1,-1,-1,-1,8,0,0,-1,-1,-1,-1,-1,0,0,0,0,0,0,-1,-1,-1,-1,-1,-1,-1,-1,-1,-1,-1,-1,-1,-1,-1,-1,-1,-1,-1,-1,-1,-1,-1,-1,-1
51505,398783,-1,-1,92,-1,-1,-1,-1,-1,-1,1753,-1,196,-1,-1,-1,-1,0,0,0,-1,-1,-1,-1,-1,6,0,0,-1,-1,-1,-1,-1,0,0,0,0,0,0,-1,-1,-1,-1,-1,-1,-1,-1,-1,-1,-1,-1,-1,-1,-1,-1,-1,-1,-1,-1,-1,-1,-1,-1,-1
51506,398783,-1,-1,72,-1,-1,-1,-1,-1,-1,1407,-1,159,-1,-1,-1,-1,0,0,0,-1,-1,-1,-1,-1,5,0,0,-1,-1,-1,-1,-1,0,0,0,0,0,0,-1,-1,-1,-1,-1,-1,-1,-1,-1,-1,-1,-1,-1,-1,-1,-1,-1,-1,-1,-1,-1,-1,-1,-1,-1
51508,398783,-1,-1,71,-1,-1,-1,-1,-1,-1,1373,-1,156,-1,-1,-1,-1,0,0,0,-1,-1,-1,-1,-1,5,0,0,-1,-1,-1,-1,-1,0,0,0,0,0,0,-1,-1,-1,-1,-1,-1,-1,-1,-1,-1,-1,-1,-1,-1,-1,-1,-1,-1,-1,-1,-1,-1,-1,-1,-1
51509,398783,-1,-1,62,-1,-1,-1,-1,-1,-1,1163,-1,130,-1,-1,-1,-1,0,0,0,-1,-1,-1,-1,-1,4,0,0,-1,-1,-1,-1,-1,0,0,0,0,0,0,-1,-1,-1,-1,-1,-1,-1,-1,-1,-1,-1,-1,-1,-1,-1,-1,-1,-1,-1,-1,-1,-1,-1,-1,-1
51510,398783,-1,-1,58,-1,-1,-1,-1,-1,-1,1099,-1,123,-1,-1,-1,-1,0,0,0,-1,-1,-1,-1,-1,4,0,0,-1,-1,-1,-1,-1,0,0,0,0,0,0,-1,-1,-1,-1,-1,-1,-1,-1,-1,-1,-1,-1,-1,-1,-1,-1,-1,-1,-1,-1,-1,-1,-1,-1,-1
51511,398783,-1,-1,54,-1,-1,-1,-1,-1,-1,1016,-1,113,-1,-1,-1,-1,0,0,0,-1,-1,-1,-1,-1,4,0,0,-1,-1,-1,-1,-1,0,0,0,0,0,0,-1,-1,-1,-1,-1,-1,-1,-1,-1,-1,-1,-1,-1,-1,-1,-1,-1,-1,-1,-1,-1,-1,-1,-1,-1
51512,398783,-1,-1,52,-1,-1,-1,-1,-1,-1,954,-1,105,-1,-1,-1,-1,0,0,0,-1,-1,-1,-1,-1,3,0,0,-1,-1,-1,-1,-1,0,0,0,0,0,0,-1,-1,-1,-1,-1,-1,-1,-1,-1,-1,-1,-1,-1,-1,-1,-1,-1,-1,-1,-1,-1,-1,-1,-1,-1
51517,398783,-1,-1,141,-1,-1,-1,-1,-1,-1,4259,-1,1500,-1,-1,-1,-1,0,0,0,-1,-1,-1,-1,-1,10,0,0,-1,-1,-1,-1,-1,0,0,0,0,0,0,-1,-1,-1,-1,-1,-1,-1,-1,-1,-1,-1,-1,-1,-1,-1,-1,-1,-1,-1,-1,-1,-1,-1,-1,-1
51518,398783,-1,-1,141,-1,-1,-1,-1,-1,-1,4259,-1,1750,-1,-1,-1,-1,0,0,0,-1,-1,-1,-1,-1,10,0,0,-1,-1,-1,-1,-1,0,0,0,0,0,0,-1,-1,-1,-1,-1,-1,-1,-1,-1,-1,-1,-1,-1,-1,-1,-1,-1,-1,-1,-1,-1,-1,-1,-1,-1
51520,398783,-1,-1,100,-1,-1,-1,-1,-1,-1,6000,-1,150,-1,-1,-1,-1,0,0,0,-1,-1,-1,0,-1,10,0,0,-1,-1,-1,-1,-1,0,0,0,0,0,0,-1,-1,-1,-1,-1,-1,-1,-1,-1,-1,-1,-1,-1,-1,-1,-1,-1,-1,-1,-1,-1,-1,-1,-1,-1
51562,93831,-1,-1,14,-1,-1,-1,-1,-1,-1,7170,-1,914,-1,-1,-1,-1,1,0,0,-1,-1,-1,-1,-1,24,1,0,-1,-1,-1,-1,-1,0,0,0,1,0,0,-1,-1,-1,-1,-1,-1,-1,-1,-1,-1,-1,-1,-1,-1,-1,-1,-1,-1,-1,-1,-1,-1,-1,-1,-1
51563,93831,-1,-1,13,-1,-1,-1,-1,-1,-1,5015,-1,281,-1,-1,-1,-1,0,0,0,-1,-1,-1,-1,-1,16,0,0,-1,-1,-1,-1,-1,0,0,0,1,0,0,-1,-1,-1,-1,-1,-1,-1,-1,-1,-1,-1,-1,-1,-1,-1,-1,-1,-1,-1,-1,-1,-1,-1,-1,-1
51564,93831,-1,-1,12,-1,-1,-1,-1,-1,-1,4770,-1,239,-1,-1,-1,-1,0,0,0,-1,-1,-1,-1,-1,15,0,0,-1,-1,-1,-1,-1,0,0,0,1,0,0,-1,-1,-1,-1,-1,-1,-1,-1,-1,-1,-1,-1,-1,-1,-1,-1,-1,-1,-1,-1,-1,-1,-1,-1,-1
51565,93831,-1,-1,11,-1,-1,-1,-1,-1,-1,4452,-1,204,-1,-1,-1,-1,0,0,0,-1,-1,-1,-1,-1,14,0,0,-1,-1,-1,-1,-1,0,0,0,1,0,0,-1,-1,-1,-1,-1,-1,-1,-1,-1,-1,-1,-1,-1,-1,-1,-1,-1,-1,-1,-1,-1,-1,-1,-1,-1
51570,93831,-1,-1,93,-1,-1,-1,-1,-1,-1,3777,-1,1557,-1,-1,-1,-1,5,1,0,-1,-1,-1,-1,-1,96,5,2,-1,-1,-1,-1,-1,2,0,0,6,2,0,-1,-1,-1,-1,-1,-1,-1,-1,-1,-1,-1,-1,-1,-1,-1,-1,-1,-1,-1,-1,-1,-1,-1,-1,-1
51572,93831,-1,-1,23,-1,-1,-1,-1,-1,-1,8818,-1,395,-1,-1,-1,-1,2,0,0,-1,-1,-1,-1,-1,36,2,0,-1,-1,-1,-1,-1,0,0,0,2,0,0,-1,-1,-1,-1,-1,-1,-1,-1,-1,-1,-1,-1,-1,-1,-1,-1,-1,-1,-1,-1,-1,-1,-1,-1,-1
51573,93831,-1,-1,21,-1,-1,-1,-1,-1,-1,6387,-1,192,-1,-1,-1,-1,1,0,0,-1,-1,-1,-1,-1,24,1,0,-1,-1,-1,-1,-1,0,0,0,1,0,0,-1,-1,-1,-1,-1,-1,-1,-1,-1,-1,-1,-1,-1,-1,-1,-1,-1,-1,-1,-1,-1,-1,-1,-1,-1
51574,93831,-1,-1,16,-1,-1,-1,-1,-1,-1,5756,-1,164,-1,-1,-1,-1,1,0,0,-1,-1,-1,-1,-1,20,1,0,-1,-1,-1,-1,-1,0,0,0,1,0,0,-1,-1,-1,-1,-1,-1,-1,-1,-1,-1,-1,-1,-1,-1,-1,-1,-1,-1,-1,-1,-1,-1,-1,-1,-1
51575,93831,-1,-1,14,-1,-1,-1,-1,-1,-1,4396,-1,103,-1,-1,-1,-1,0,0,0,-1,-1,-1,-1,-1,14,0,0,-1,-1,-1,-1,-1,0,0,0,1,0,0,-1,-1,-1,-1,-1,-1,-1,-1,-1,-1,-1,-1,-1,-1,-1,-1,-1,-1,-1,-1,-1,-1,-1,-1,-1
51576,93831,-1,-1,14,-1,-1,-1,-1,-1,-1,4268,-1,98,-1,-1,-1,-1,0,0,0,-1,-1,-1,-1,-1,14,0,0,-1,-1,-1,-1,-1,0,0,0,1,0,0,-1,-1,-1,-1,-1,-1,-1,-1,-1,-1,-1,-1,-1,-1,-1,-1,-1,-1,-1,-1,-1,-1,-1,-1,-1
51605,93831,-1,-1,29,-1,-1,-1,-1,-1,-1,19583,-1,1753,-1,-1,-1,-1,4,1,0,-1,-1,-1,-1,-1,77,4,1,-1,-1,-1,-1,-1,2,0,0,5,2,0,-1,-1,-1,-1,-1,-1,-1,-1,-1,-1,-1,-1,-1,-1,-1,-1,-1,-1,-1,-1,-1,-1,-1,-1,-1
51607,938310,-1,-1,100,-1,-1,-1,-1,-1,-1,19583,-1,400,-1,-1,-1,-1,-1,-1,-1,-1,-1,0,0,-1,-1,20,20,-1,-1,-1,-1,-1,2,0,0,3,0,0,-1,-1,-1,-1,-1,-1,-1,-1,-1,-1,-1,-1,-1,-1,-1,-1,-1,-1,-1,-1,-1,-1,-1,-1,-1
51615,938310,-1,-1,100,-1,-1,-1,-1,-1,-1,19583,-1,107,-1,-1,-1,-1,-1,-1,-1,-1,-1,0,0,-1,-1,20,20,-1,-1,-1,-1,-1,2,0,0,3,0,0,-1,-1,-1,-1,-1,-1,-1,-1,-1,-1,-1,-1,-1,-1,-1,-1,-1,-1,-1,-1,-1,-1,-1,-1,-1
51616,938310,-1,-1,100,-1,-1,-1,-1,-1,-1,19583,-1,85,-1,-1,-1,-1,-1,-1,-1,-1,-1,0,0,-1,-1,20,20,-1,-1,-1,-1,-1,2,0,0,3,0,0,-1,-1,-1,-1,-1,-1,-1,-1,-1,-1,-1,-1,-1,-1,-1,-1,-1,-1,-1,-1,-1,-1,-1,-1,-1
51618,938310,-1,-1,100,-1,-1,-1,-1,-1,-1,19583,-1,51,-1,-1,-1,-1,-1,-1,-1,-1,-1,0,0,-1,-1,20,20,-1,-1,-1,-1,-1,2,0,0,3,0,0,-1,-1,-1,-1,-1,-1,-1,-1,-1,-1,-1,-1,-1,-1,-1,-1,-1,-1,-1,-1,-1,-1,-1,-1,-1
51619,938310,-1,-1,100,-1,-1,-1,-1,-1,-1,19583,-1,43,-1,-1,-1,-1,-1,-1,-1,-1,-1,0,0,-1,-1,20,20,-1,-1,-1,-1,-1,2,0,0,3,0,0,-1,-1,-1,-1,-1,-1,-1,-1,-1,-1,-1,-1,-1,-1,-1,-1,-1,-1,-1,-1,-1,-1,-1,-1,-1
51709,938315,-1,-1,103,-1,-1,-1,-1,-1,-1,7637,-1,123,-1,-1,-1,-1,-1,-1,-1,-1,0,0,0,-1,-1,-1,-1,-1,2,0,0,-1,0,0,0,0,0,0,-1,-1,-1,-1,-1,-1,-1,-1,-1,-1,-1,-1,-1,-1,-1,-1,-1,-1,-1,-1,-1,-1,-1,-1,-1
51710,938315,-1,-1,95,-1,-1,-1,-1,-1,-1,7049,-1,88,-1,-1,-1,-1,-1,-1,-1,-1,0,0,0,-1,-1,-1,-1,-1,1,0,0,-1,0,0,0,0,0,0,-1,-1,-1,-1,-1,-1,-1,-1,-1,-1,-1,-1,-1,-1,-1,-1,-1,-1,-1,-1,-1,-1,-1,-1,-1
51711,938315,-1,-1,90,-1,-1,-1,-1,-1,-1,6818,-1,46,-1,-1,-1,-1,-1,-1,-1,-1,0,0,0,-1,-1,-1,-1,-1,1,0,0,-1,0,0,0,0,0,0,-1,-1,-1,-1,-1,-1,-1,-1,-1,-1,-1,-1,-1,-1,-1,-1,-1,-1,-1,-1,-1,-1,-1,-1,-1
51713,938315,-1,-1,82,-1,-1,-1,-1,-1,-1,6254,-1,21,-1,-1,-1,-1,-1,-1,-1,-1,0,0,0,-1,-1,-1,-1,-1,1,0,0,-1,0,0,0,0,0,0,-1,-1,-1,-1,-1,-1,-1,-1,-1,-1,-1,-1,-1,-1,-1,-1,-1,-1,-1,-1,-1,-1,-1,-1,-1
51715,938315,-1,-1,79,-1,-1,-1,-1,-1,-1,6124,-1,27,-1,-1,-1,-1,-1,-1,-1,-1,0,0,0,-1,-1,-1,-1,-1,1,0,0,-1,0,0,0,0,0,0,-1,-1,-1,-1,-1,-1,-1,-1,-1,-1,-1,-1,-1,-1,-1,-1,-1,-1,-1,-1,-1,-1,-1,-1,-1
51716,938315,-1,-1,79,-1,-1,-1,-1,-1,-1,6051,-1,20,-1,-1,-1,-1,-1,-1,-1,-1,0,0,0,-1,-1,-1,-1,-1,1,0,0,-1,0,0,0,0,0,0,-1,-1,-1,-1,-1,-1,-1,-1,-1,-1,-1,-1,-1,-1,-1,-1,-1,-1,-1,-1,-1,-1,-1,-1,-1
51718,938315,-1,-1,76,-1,-1,-1,-1,-1,-1,5954,-1,17,-1,-1,-1,-1,-1,-1,-1,-1,0,0,0,-1,-1,-1,-1,-1,1,0,0,-1,0,0,0,0,0,0,-1,-1,-1,-1,-1,-1,-1,-1,-1,-1,-1,-1,-1,-1,-1,-1,-1,-1,-1,-1,-1,-1,-1,-1,-1
51719,938315,-1,-1,76,-1,-1,-1,-1,-1,-1,5861,-1,17,-1,-1,-1,-1,-1,-1,-1,-1,0,0,0,-1,-1,-1,-1,-1,1,0,0,-1,0,0,0,0,0,0,-1,-1,-1,-1,-1,-1,-1,-1,-1,-1,-1,-1,-1,-1,-1,-1,-1,-1,-1,-1,-1,-1,-1,-1,-1
51735,938315,-1,-1,208,-1,-1,-1,-1,-1,-1,9570,-1,97,-1,-1,-1,-1,-1,-1,-1,-1,-1,-1,-1,-1,-1,-1,-1,-1,-1,-1,-1,-1,0,0,0,0,0,0,-1,-1,-1,-1,-1,-1,-1,-1,-1,-1,-1,-1,-1,-1,-1,-1,-1,-1,-1,-1,-1,-1,-1,-1,-1
51736,938315,-1,-1,208,-1,-1,-1,-1,-1,-1,9570,-1,97,-1,-1,-1,-1,-1,-1,-1,-1,-1,-1,-1,-1,-1,-1,-1,-1,-1,-1,-1,-1,0,0,0,0,0,0,-1,-1,-1,-1,-1,-1,-1,-1,-1,-1,-1,-1,-1,-1,-1,-1,-1,-1,-1,-1,-1,-1,-1,-1,-1
51740,938315,-1,-1,124,-1,-1,-1,-1,-1,-1,7577,-1,40,-1,-1,-1,-1,-1,-1,-1,-1,-1,-1,-1,-1,-1,-1,-1,-1,-1,-1,-1,-1,0,0,0,0,0,0,-1,-1,-1,-1,-1,-1,-1,-1,-1,-1,-1,-1,-1,-1,-1,-1,-1,-1,-1,-1,-1,-1,-1,-1,-1
51741,938315,-1,-1,105,-1,-1,-1,-1,-1,-1,6914,-1,31,-1,-1,-1,-1,-1,-1,-1,-1,-1,-1,-1,-1,-1,-1,-1,-1,-1,-1,-1,-1,0,0,0,0,0,0,-1,-1,-1,-1,-1,-1,-1,-1,-1,-1,-1,-1,-1,-1,-1,-1,-1,-1,-1,-1,-1,-1,-1,-1,-1
51742,938315,-1,-1,88,-1,-1,-1,-1,-1,-1,6286,-1,24,-1,-1,-1,-1,-1,-1,-1,-1,-1,0,0,-1,-1,-1,-1,-1,-1,0,0,-1,0,0,0,0,0,0,-1,-1,-1,-1,-1,-1,-1,-1,-1,-1,-1,-1,-1,-1,-1,-1,-1,-1,-1,-1,-1,-1,-1,-1,-1
51753,938315,-1,-1,79,-1,-1,-1,-1,-1,-1,5841,-1,21,-1,-1,-1,-1,-1,-1,-1,-1,-1,0,0,-1,-1,-1,-1,-1,-1,0,0,-1,0,0,0,0,0,0,-1,-1,-1,-1,-1,-1,-1,-1,-1,-1,-1,-1,-1,-1,-1,-1,-1,-1,-1,-1,-1,-1,-1,-1,-1
51754,938315,-1,-1,76,-1,-1,-1,-1,-1,-1,5640,-1,20,-1,-1,-1,-1,-1,-1,-1,-1,-1,0,0,-1,-1,-1,-1,-1,-1,0,0,-1,0,0,0,0,0,0,-1,-1,-1,-1,-1,-1,-1,-1,-1,-1,-1,-1,-1,-1,-1,-1,-1,-1,-1,-1,-1,-1,-1,-1,-1
51777,938315,-1,-1,167,-1,-1,-1,-1,-1,-1,9688,-1,74,-1,-1,-1,-1,-1,-1,-1,-1,-1,0,0,-1,-1,-1,-1,-1,-1,-1,-1,-1,0,0,0,0,0,0,-1,-1,-1,-1,-1,-1,-1,-1,-1,-1,-1,-1,-1,-1,-1,-1,-1,-1,-1,-1,-1,-1,-1,-1,-1
51778,938315,-1,-1,143,-1,-1,-1,-1,-1,-1,9014,-1,53,-1,-1,-1,-1,-1,-1,-1,-1,-1,0,0,-1,-1,-1,-1,-1,-1,-1,-1,-1,0,0,0,0,0,0,-1,-1,-1,-1,-1,-1,-1,-1,-1,-1,-1,-1,-1,-1,-1,-1,-1,-1,-1,-1,-1,-1,-1,-1,-1
51824,938315,-1,-1,205,-1,-1,-1,-1,-1,-1,10263,-1,152,-1,-1,-1,-1,-1,-1,-1,-1,-1,0,0,-1,-1,-1,-1,-1,-1,-1,-1,-1,0,0,0,0,0,0,-1,-1,-1,-1,-1,-1,-1,-1,-1,-1,-1,-1,-1,-1,-1,-1,-1,-1,-1,-1,-1,-1,-1,-1,-1
51825,938315,-1,-1,142,-1,-1,-1,-1,-1,-1,9311,-1,73,-1,-1,-1,-1,-1,-1,-1,-1,-1,0,0,-1,-1,-1,-1,-1,-1,-1,-1,-1,0,0,0,0,0,0,-1,-1,-1,-1,-1,-1,-1,-1,-1,-1,-1,-1,-1,-1,-1,-1,-1,-1,-1,-1,-1,-1,-1,-1,-1
51826,938315,-1,-1,118,-1,-1,-1,-1,-1,-1,8127,-1,57,-1,-1,-1,-1,-1,-1,-1,-1,-1,0,0,-1,-1,-1,-1,-1,-1,0,0,-1,0,0,0,0,0,0,-1,-1,-1,-1,-1,-1,-1,-1,-1,-1,-1,-1,-1,-1,-1,-1,-1,-1,-1,-1,-1,-1,-1,-1,-1
51827,938315,-1,-1,102,-1,-1,-1,-1,-1,-1,7311,-1,39,-1,-1,-1,-1,-1,-1,-1,-1,-1,0,0,-1,-1,-1,-1,-1,-1,0,0,-1,0,0,0,0,0,0,-1,-1,-1,-1,-1,-1,-1,-1,-1,-1,-1,-1,-1,-1,-1,-1,-1,-1,-1,-1,-1,-1,-1,-1,-1
51830,938315,-1,-1,80,-1,-1,-1,-1,-1,-1,5942,-1,22,-1,-1,-1,-1,-1,-1,-1,-1,-1,0,0,-1,-1,-1,-1,-1,-1,0,0,-1,0,0,0,0,0,0,-1,-1,-1,-1,-1,-1,-1,-1,-1,-1,-1,-1,-1,-1,-1,-1,-1,-1,-1,-1,-1,-1,-1,-1,-1
51837,938315,-1,-1,175,-1,-1,-1,-1,-1,-1,10157,-1,94,-1,-1,-1,-1,-1,-1,-1,-1,-1,0,0,-1,-1,-1,-1,-1,-1,-1,-1,-1,0,0,0,0,0,0,-1,-1,-1,-1,-1,-1,-1,-1,-1,-1,-1,-1,-1,-1,-1,-1,-1,-1,-1,-1,-1,-1,-1,-1,-1
51838,938315,-1,-1,128,-1,-1,-1,-1,-1,-1,8307,-1,57,-1,-1,-1,-1,-1,-1,-1,-1,-1,0,0,-1,-1,-1,-1,-1,-1,0,-1,-1,0,0,0,0,0,0,-1,-1,-1,-1,-1,-1,-1,-1,-1,-1,-1,-1,-1,-1,-1,-1,-1,-1,-1,-1,-1,-1,-1,-1,-1
51839,938315,-1,-1,122,-1,-1,-1,-1,-1,-1,8111,-1,37,-1,-1,-1,-1,-1,-1,-1,-1,-1,0,0,-1,-1,-1,-1,-1,-1,0,-1,-1,0,0,0,0,0,0,-1,-1,-1,-1,-1,-1,-1,-1,-1,-1,-1,-1,-1,-1,-1,-1,-1,-1,-1,-1,-1,-1,-1,-1,-1
51841,938315,-1,-1,107,-1,-1,-1,-1,-1,-1,7263,-1,23,-1,-1,-1,-1,-1,-1,-1,-1,-1,0,0,-1,-1,-1,-1,-1,-1,0,0,-1,0,0,0,0,0,0,-1,-1,-1,-1,-1,-1,-1,-1,-1,-1,-1,-1,-1,-1,-1,-1,-1,-1,-1,-1,-1,-1,-1,-1,-1
51843,938315,-1,-1,102,-1,-1,-1,-1,-1,-1,7015,-1,24,-1,-1,-1,-1,-1,-1,-1,-1,-1,0,0,-1,-1,-1,-1,-1,-1,0,0,-1,0,0,0,0,0,0,-1,-1,-1,-1,-1,-1,-1,-1,-1,-1,-1,-1,-1,-1,-1,-1,-1,-1,-1,-1,-1,-1,-1,-1,-1
51854,938315,-1,-1,82,-1,-1,-1,-1,-1,-1,5877,-1,15,-1,-1,-1,-1,-1,-1,-1,-1,-1,0,0,-1,-1,-1,-1,-1,-1,0,0,-1,0,0,0,0,0,0,-1,-1,-1,-1,-1,-1,-1,-1,-1,-1,-1,-1,-1,-1,-1,-1,-1,-1,-1,-1,-1,-1,-1,-1,-1
51858,938315,-1,-1,78,-1,-1,-1,-1,-1,-1,5601,-1,13,-1,-1,-1,-1,-1,-1,-1,-1,-1,0,0,-1,-1,-1,-1,-1,-1,0,0,-1,0,0,0,0,0,0,-1,-1,-1,-1,-1,-1,-1,-1,-1,-1,-1,-1,-1,-1,-1,-1,-1,-1,-1,-1,-1,-1,-1,-1,-1
51860,938315,-1,-1,73,-1,-1,-1,-1,-1,-1,5267,-1,14,-1,-1,-1,-1,-1,-1,-1,-1,-1,0,0,-1,-1,-1,-1,-1,-1,0,0,-1,0,0,0,0,0,0,-1,-1,-1,-1,-1,-1,-1,-1,-1,-1,-1,-1,-1,-1,-1,-1,-1,-1,-1,-1,-1,-1,-1,-1,-1
51865,938315,-1,-1,197,-1,-1,-1,-1,-1,-1,10920,-1,47,-1,-1,-1,-1,-1,-1,-1,-1,-1,0,0,-1,-1,-1,-1,-1,-1,0,0,-1,0,0,0,0,0,0,-1,-1,-1,-1,-1,-1,-1,-1,-1,-1,-1,-1,-1,-1,-1,-1,-1,-1,-1,-1,-1,-1,-1,-1,-1
51874,938315,-1,-1,146,-1,-1,-1,-1,-1,-1,9249,-1,70,-1,-1,-1,-1,-1,-1,-1,-1,-1,0,0,-1,-1,-1,-1,-1,-1,0,0,-1,0,0,0,0,0,0,-1,-1,-1,-1,-1,-1,-1,-1,-1,-1,-1,-1,-1,-1,-1,-1,-1,-1,-1,-1,-1,-1,-1,-1,-1
51878,938315,-1,-1,117,-1,-1,-1,-1,-1,-1,7915,-1,25,-1,-1,-1,-1,-1,-1,-1,-1,-1,0,0,-1,-1,-1,-1,-1,-1,0,0,-1,0,0,0,0,0,0,-1,-1,-1,-1,-1,-1,-1,-1,-1,-1,-1,-1,-1,-1,-1,-1,-1,-1,-1,-1,-1,-1,-1,-1,-1
51881,938315,-1,-1,111,-1,-1,-1,-1,-1,-1,7652,-1,34,-1,-1,-1,-1,-1,-1,-1,-1,-1,0,0,-1,-1,-1,-1,-1,-1,0,0,-1,0,0,0,0,0,0,-1,-1,-1,-1,-1,-1,-1,-1,-1,-1,-1,-1,-1,-1,-1,-1,-1,-1,-1,-1,-1,-1,-1,-1,-1
51886,938315,-1,-1,96,-1,-1,-1,-1,-1,-1,6788,-1,24,-1,-1,-1,-1,-1,-1,-1,-1,-1,0,0,-1,-1,-1,-1,-1,-1,0,0,-1,0,0,0,0,0,0,-1,-1,-1,-1,-1,-1,-1,-1,-1,-1,-1,-1,-1,-1,-1,-1,-1,-1,-1,-1,-1,-1,-1,-1,-1
51900,938315,-1,-1,74,-1,-1,-1,-1,-1,-1,5229,-1,16,-1,-1,-1,-1,-1,-1,-1,-1,-1,0,0,-1,-1,-1,-1,-1,-1,0,0,-1,0,0,0,0,0,0,-1,-1,-1,-1,-1,-1,-1,-1,-1,-1,-1,-1,-1,-1,-1,-1,-1,-1,-1,-1,-1,-1,-1,-1,-1
51901,938315,-1,-1,68,-1,-1,-1,-1,-1,-1,4912,-1,14,-1,-1,-1,-1,-1,-1,-1,-1,-1,0,0,-1,-1,-1,-1,-1,-1,0,0,-1,0,0,0,0,0,0,-1,-1,-1,-1,-1,-1,-1,-1,-1,-1,-1,-1,-1,-1,-1,-1,-1,-1,-1,-1,-1,-1,-1,-1,-1
51902,938315,-1,-1,69,-1,-1,-1,-1,-1,-1,4896,-1,13,-1,-1,-1,-1,-1,-1,-1,-1,-1,0,0,-1,-1,-1,-1,-1,-1,0,0,-1,0,0,0,0,0,0,-1,-1,-1,-1,-1,-1,-1,-1,-1,-1,-1,-1,-1,-1,-1,-1,-1,-1,-1,-1,-1,-1,-1,-1,-1
51905,938315,-1,-1,233,-1,-1,-1,-1,-1,-1,12867,-1,180,-1,-1,-1,-1,-1,-1,-1,-1,-1,0,0,-1,-1,-1,-1,-1,-1,-1,-1,-1,0,0,0,0,0,0,-1,-1,-1,-1,-1,-1,-1,-1,-1,-1,-1,-1,-1,-1,-1,-1,-1,-1,-1,-1,-1,-1,-1,-1,-1
51906,938315,-1,-1,157,-1,-1,-1,-1,-1,-1,10355,-1,85,-1,-1,-1,-1,-1,-1,-1,-1,-1,0,0,-1,-1,-1,-1,-1,-1,0,-1,-1,0,0,0,0,0,0,-1,-1,-1,-1,-1,-1,-1,-1,-1,-1,-1,-1,-1,-1,-1,-1,-1,-1,-1,-1,-1,-1,-1,-1,-1
51907,938315,-1,-1,127,-1,-1,-1,-1,-1,-1,8972,-1,51,-1,-1,-1,-1,-1,-1,-1,-1,-1,0,0,-1,-1,-1,-1,-1,-1,0,0,-1,0,0,0,0,0,0,-1,-1,-1,-1,-1,-1,-1,-1,-1,-1,-1,-1,-1,-1,-1,-1,-1,-1,-1,-1,-1,-1,-1,-1,-1
51908,938315,-1,-1,118,-1,-1,-1,-1,-1,-1,8500,-1,43,-1,-1,-1,-1,-1,-1,-1,-1,-1,0,0,-1,-1,-1,-1,-1,-1,0,0,-1,0,0,0,0,0,0,-1,-1,-1,-1,-1,-1,-1,-1,-1,-1,-1,-1,-1,-1,-1,-1,-1,-1,-1,-1,-1,-1,-1,-1,-1
51909,938315,-1,-1,106,-1,-1,-1,-1,-1,-1,7841,-1,33,-1,-1,-1,-1,-1,-1,-1,-1,-1,0,0,-1,-1,-1,-1,-1,-1,0,0,-1,0,0,0,0,0,0,-1,-1,-1,-1,-1,-1,-1,-1,-1,-1,-1,-1,-1,-1,-1,-1,-1,-1,-1,-1,-1,-1,-1,-1,-1
51914,938315,-1,-1,221,-1,-1,-1,-1,-1,-1,12143,-1,142,-1,-1,-1,-1,-1,-1,-1,-1,-1,0,0,-1,-1,-1,-1,-1,-1,-1,-1,-1,0,0,0,0,0,0,-1,-1,-1,-1,-1,-1,-1,-1,-1,-1,-1,-1,-1,-1,-1,-1,-1,-1,-1,-1,-1,-1,-1,-1,-1
51915,938315,-1,-1,176,-1,-1,-1,-1,-1,-1,10506,-1,76,-1,-1,-1,-1,-1,-1,-1,-1,-1,0,0,-1,-1,-1,-1,-1,-1,-1,-1,-1,0,0,0,0,0,0,-1,-1,-1,-1,-1,-1,-1,-1,-1,-1,-1,-1,-1,-1,-1,-1,-1,-1,-1,-1,-1,-1,-1,-1,-1
51921,938315,-1,-1,124,-1,-1,-1,-1,-1,-1,8485,-1,45,-1,-1,-1,-1,-1,-1,-1,-1,-1,0,0,-1,-1,-1,-1,-1,-1,0,0,-1,0,0,0,0,0,0,-1,-1,-1,-1,-1,-1,-1,-1,-1,-1,-1,-1,-1,-1,-1,-1,-1,-1,-1,-1,-1,-1,-1,-1,-1
51922,938315,-1,-1,107,-1,-1,-1,-1,-1,-1,7476,-1,31,-1,-1,-1,-1,-1,-1,-1,-1,-1,0,0,-1,-1,-1,-1,-1,-1,0,0,-1,0,0,0,0,0,0,-1,-1,-1,-1,-1,-1,-1,-1,-1,-1,-1,-1,-1,-1,-1,-1,-1,-1,-1,-1,-1,-1,-1,-1,-1
51924,938315,-1,-1,96,-1,-1,-1,-1,-1,-1,6903,-1,26,-1,-1,-1,-1,-1,-1,-1,-1,-1,0,0,-1,-1,-1,-1,-1,-1,0,0,-1,0,0,0,0,0,0,-1,-1,-1,-1,-1,-1,-1,-1,-1,-1,-1,-1,-1,-1,-1,-1,-1,-1,-1,-1,-1,-1,-1,-1,-1
51925,938315,-1,-1,90,-1,-1,-1,-1,-1,-1,6518,-1,24,-1,-1,-1,-1,-1,-1,-1,-1,-1,0,0,-1,-1,-1,-1,-1,-1,0,0,-1,0,0,0,0,0,0,-1,-1,-1,-1,-1,-1,-1,-1,-1,-1,-1,-1,-1,-1,-1,-1,-1,-1,-1,-1,-1,-1,-1,-1,-1
51927,938315,-1,-1,86,-1,-1,-1,-1,-1,-1,6227,-1,18,-1,-1,-1,-1,-1,-1,-1,-1,-1,0,0,-1,-1,-1,-1,-1,-1,0,0,-1,0,0,0,0,0,0,-1,-1,-1,-1,-1,-1,-1,-1,-1,-1,-1,-1,-1,-1,-1,-1,-1,-1,-1,-1,-1,-1,-1,-1,-1
51928,938315,-1,-1,77,-1,-1,-1,-1,-1,-1,5604,-1,16,-1,-1,-1,-1,-1,-1,-1,-1,-1,0,0,-1,-1,-1,-1,-1,-1,0,0,-1,0,0,0,0,0,0,-1,-1,-1,-1,-1,-1,-1,-1,-1,-1,-1,-1,-1,-1,-1,-1,-1,-1,-1,-1,-1,-1,-1,-1,-1
51929,938315,-1,-1,73,-1,-1,-1,-1,-1,-1,5404,-1,14,-1,-1,-1,-1,-1,-1,-1,-1,-1,0,0,-1,-1,-1,-1,-1,-1,0,0,-1,0,0,0,0,0,0,-1,-1,-1,-1,-1,-1,-1,-1,-1,-1,-1,-1,-1,-1,-1,-1,-1,-1,-1,-1,-1,-1,-1,-1,-1
51933,938315,-1,-1,199,-1,-1,-1,-1,-1,-1,11841,-1,123,-1,-1,-1,-1,-1,-1,-1,-1,-1,0,0,-1,-1,-1,-1,-1,-1,-1,-1,-1,0,0,0,0,0,0,-1,-1,-1,-1,-1,-1,-1,-1,-1,-1,-1,-1,-1,-1,-1,-1,-1,-1,-1,-1,-1,-1,-1,-1,-1
51934,938315,-1,-1,199,-1,-1,-1,-1,-1,-1,11841,-1,123,-1,-1,-1,-1,-1,-1,-1,-1,-1,0,0,-1,-1,-1,-1,-1,-1,-1,-1,-1,0,0,0,0,0,0,-1,-1,-1,-1,-1,-1,-1,-1,-1,-1,-1,-1,-1,-1,-1,-1,-1,-1,-1,-1,-1,-1,-1,-1,-1
51940,938315,-1,-1,143,-1,-1,-1,-1,-1,-1,9801,-1,77,-1,-1,-1,-1,-1,-1,-1,-1,-1,0,0,-1,-1,-1,-1,-1,-1,0,-1,-1,0,0,0,0,0,0,-1,-1,-1,-1,-1,-1,-1,-1,-1,-1,-1,-1,-1,-1,-1,-1,-1,-1,-1,-1,-1,-1,-1,-1,-1
51941,938315,-1,-1,121,-1,-1,-1,-1,-1,-1,8637,-1,55,-1,-1,-1,-1,-1,-1,-1,-1,-1,0,0,-1,-1,-1,-1,-1,-1,0,0,-1,0,0,0,0,0,0,-1,-1,-1,-1,-1,-1,-1,-1,-1,-1,-1,-1,-1,-1,-1,-1,-1,-1,-1,-1,-1,-1,-1,-1,-1
51942,938315,-1,-1,116,-1,-1,-1,-1,-1,-1,8357,-1,39,-1,-1,-1,-1,-1,-1,-1,-1,-1,0,0,-1,-1,-1,-1,-1,-1,0,0,-1,0,0,0,0,0,0,-1,-1,-1,-1,-1,-1,-1,-1,-1,-1,-1,-1,-1,-1,-1,-1,-1,-1,-1,-1,-1,-1,-1,-1,-1
51943,938315,-1,-1,103,-1,-1,-1,-1,-1,-1,7596,-1,26,-1,-1,-1,-1,-1,-1,-1,-1,-1,0,0,-1,-1,-1,-1,-1,-1,0,0,-1,0,0,0,0,0,0,-1,-1,-1,-1,-1,-1,-1,-1,-1,-1,-1,-1,-1,-1,-1,-1,-1,-1,-1,-1,-1,-1,-1,-1,-1
51945,938315,-1,-1,99,-1,-1,-1,-1,-1,-1,7388,-1,28,-1,-1,-1,-1,-1,-1,-1,-1,-1,0,0,-1,-1,-1,-1,-1,-1,0,0,-1,0,0,0,0,0,0,-1,-1,-1,-1,-1,-1,-1,-1,-1,-1,-1,-1,-1,-1,-1,-1,-1,-1,-1,-1,-1,-1,-1,-1,-1
51946,938315,-1,-1,97,-1,-1,-1,-1,-1,-1,7178,-1,23,-1,-1,-1,-1,-1,-1,-1,-1,-1,0,0,-1,-1,-1,-1,-1,-1,0,0,-1,0,0,0,0,0,0,-1,-1,-1,-1,-1,-1,-1,-1,-1,-1,-1,-1,-1,-1,-1,-1,-1,-1,-1,-1,-1,-1,-1,-1,-1
51949,938315,-1,-1,87,-1,-1,-1,-1,-1,-1,6337,-1,16,-1,-1,-1,-1,-1,-1,-1,-1,0,0,0,-1,-1,-1,-1,-1,1,0,0,-1,0,0,0,0,0,0,-1,-1,-1,-1,-1,-1,-1,-1,-1,-1,-1,-1,-1,-1,-1,-1,-1,-1,-1,-1,-1,-1,-1,-1,-1
51950,938315,-1,-1,85,-1,-1,-1,-1,-1,-1,6220,-1,19,-1,-1,-1,-1,-1,-1,-1,-1,0,0,0,-1,-1,-1,-1,-1,1,0,0,-1,0,0,0,0,0,0,-1,-1,-1,-1,-1,-1,-1,-1,-1,-1,-1,-1,-1,-1,-1,-1,-1,-1,-1,-1,-1,-1,-1,-1,-1
51952,938315,-1,-1,83,-1,-1,-1,-1,-1,-1,6131,-1,15,-1,-1,-1,-1,-1,-1,-1,-1,0,0,0,-1,-1,-1,-1,-1,1,0,0,-1,0,0,0,0,0,0,-1,-1,-1,-1,-1,-1,-1,-1,-1,-1,-1,-1,-1,-1,-1,-1,-1,-1,-1,-1,-1,-1,-1,-1,-1
51953,938315,-1,-1,82,-1,-1,-1,-1,-1,-1,6058,-1,17,-1,-1,-1,-1,-1,-1,-1,-1,0,0,0,-1,-1,-1,-1,-1,1,0,0,-1,0,0,0,0,0,0,-1,-1,-1,-1,-1,-1,-1,-1,-1,-1,-1,-1,-1,-1,-1,-1,-1,-1,-1,-1,-1,-1,-1,-1,-1
51954,938315,-1,-1,81,-1,-1,-1,-1,-1,-1,6017,-1,14,-1,-1,-1,-1,-1,-1,-1,-1,0,0,0,-1,-1,-1,-1,-1,1,0,0,-1,0,0,0,0,0,0,-1,-1,-1,-1,-1,-1,-1,-1,-1,-1,-1,-1,-1,-1,-1,-1,-1,-1,-1,-1,-1,-1,-1,-1,-1
51955,938315,-1,-1,78,-1,-1,-1,-1,-1,-1,5794,-1,15,-1,-1,-1,-1,-1,-1,-1,-1,0,0,0,-1,-1,-1,-1,-1,1,0,0,-1,0,0,0,0,0,0,-1,-1,-1,-1,-1,-1,-1,-1,-1,-1,-1,-1,-1,-1,-1,-1,-1,-1,-1,-1,-1,-1,-1,-1,-1
51958,938315,-1,-1,77,-1,-1,-1,-1,-1,-1,5706,-1,15,-1,-1,-1,-1,-1,-1,-1,-1,0,0,0,-1,-1,-1,-1,-1,1,0,0,-1,0,0,0,0,0,0,-1,-1,-1,-1,-1,-1,-1,-1,-1,-1,-1,-1,-1,-1,-1,-1,-1,-1,-1,-1,-1,-1,-1,-1,-1
51960,938315,-1,-1,77,-1,-1,-1,-1,-1,-1,5662,-1,14,-1,-1,-1,-1,-1,-1,-1,-1,0,0,0,-1,-1,-1,-1,-1,1,0,0,-1,0,0,0,0,0,0,-1,-1,-1,-1,-1,-1,-1,-1,-1,-1,-1,-1,-1,-1,-1,-1,-1,-1,-1,-1,-1,-1,-1,-1,-1
51977,938315,-1,-1,129,-1,-1,-1,-1,-1,-1,7514,-1,30,-1,-1,-1,-1,-1,-1,-1,-1,0,0,0,-1,-1,-1,-1,-1,2,0,0,-1,0,0,0,0,0,0,-1,-1,-1,-1,-1,-1,-1,-1,-1,-1,-1,-1,-1,-1,-1,-1,-1,-1,-1,-1,-1,-1,-1,-1,-1
51978,938315,-1,-1,118,-1,-1,-1,-1,-1,-1,7002,-1,36,-1,-1,-1,-1,-1,-1,-1,-1,0,0,0,-1,-1,-1,-1,-1,2,0,0,-1,0,0,0,0,0,0,-1,-1,-1,-1,-1,-1,-1,-1,-1,-1,-1,-1,-1,-1,-1,-1,-1,-1,-1,-1,-1,-1,-1,-1,-1
51982,938315,-1,-1,113,-1,-1,-1,-1,-1,-1,6757,-1,39,-1,-1,-1,-1,-1,-1,-1,-1,0,0,0,-1,-1,-1,-1,-1,2,0,0,-1,0,0,0,0,0,0,-1,-1,-1,-1,-1,-1,-1,-1,-1,-1,-1,-1,-1,-1,-1,-1,-1,-1,-1,-1,-1,-1,-1,-1,-1
51983,938315,-1,-1,96,-1,-1,-1,-1,-1,-1,5875,-1,20,-1,-1,-1,-1,-1,-1,-1,-1,-1,0,0,-1,-1,-1,-1,-1,-1,0,0,-1,0,0,0,0,0,0,-1,-1,-1,-1,-1,-1,-1,-1,-1,-1,-1,-1,-1,-1,-1,-1,-1,-1,-1,-1,-1,-1,-1,-1,-1
51985,938315,-1,-1,95,-1,-1,-1,-1,-1,-1,5745,-1,18,-1,-1,-1,-1,-1,-1,-1,-1,-1,0,0,-1,-1,-1,-1,-1,-1,0,0,-1,0,0,0,0,0,0,-1,-1,-1,-1,-1,-1,-1,-1,-1,-1,-1,-1,-1,-1,-1,-1,-1,-1,-1,-1,-1,-1,-1,-1,-1
51986,938315,-1,-1,86,-1,-1,-1,-1,-1,-1,5335,-1,16,-1,-1,-1,-1,-1,-1,-1,-1,-1,0,0,-1,-1,-1,-1,-1,-1,0,0,-1,0,0,0,0,0,0,-1,-1,-1,-1,-1,-1,-1,-1,-1,-1,-1,-1,-1,-1,-1,-1,-1,-1,-1,-1,-1,-1,-1,-1,-1
51987,938315,-1,-1,83,-1,-1,-1,-1,-1,-1,5207,-1,13,-1,-1,-1,-1,-1,-1,-1,-1,-1,0,0,-1,-1,-1,-1,-1,-1,0,0,-1,0,0,0,0,0,0,-1,-1,-1,-1,-1,-1,-1,-1,-1,-1,-1,-1,-1,-1,-1,-1,-1,-1,-1,-1,-1,-1,-1,-1,-1
51988,938315,-1,-1,83,-1,-1,-1,-1,-1,-1,5057,-1,12,-1,-1,-1,-1,-1,-1,-1,-1,-1,0,0,-1,-1,-1,-1,-1,-1,0,0,-1,0,0,0,0,0,0,-1,-1,-1,-1,-1,-1,-1,-1,-1,-1,-1,-1,-1,-1,-1,-1,-1,-1,-1,-1,-1,-1,-1,-1,-1
51990,938315,-1,-1,79,-1,-1,-1,-1,-1,-1,4921,-1,11,-1,-1,-1,-1,-1,-1,-1,-1,-1,0,0,-1,-1,-1,-1,-1,-1,0,0,-1,0,0,0,0,0,0,-1,-1,-1,-1,-1,-1,-1,-1,-1,-1,-1,-1,-1,-1,-1,-1,-1,-1,-1,-1,-1,-1,-1,-1,-1
51997,938315,-1,-1,191,-1,-1,-1,-1,-1,-1,11386,-1,103,-1,-1,-1,-1,-1,-1,-1,-1,-1,0,0,-1,-1,-1,-1,-1,-1,-1,-1,-1,0,0,0,0,0,0,-1,-1,-1,-1,-1,-1,-1,-1,-1,-1,-1,-1,-1,-1,-1,-1,-1,-1,-1,-1,-1,-1,-1,-1,-1
51998,938315,-1,-1,152,-1,-1,-1,-1,-1,-1,9711,-1,79,-1,-1,-1,-1,-1,-1,-1,-1,-1,0,0,-1,-1,-1,-1,-1,-1,-1,-1,-1,0,0,0,0,0,0,-1,-1,-1,-1,-1,-1,-1,-1,-1,-1,-1,-1,-1,-1,-1,-1,-1,-1,-1,-1,-1,-1,-1,-1,-1
51999,938315,-1,-1,132,-1,-1,-1,-1,-1,-1,8750,-1,125,-1,-1,-1,-1,-1,-1,-1,-1,-1,0,0,-1,-1,-1,-1,-1,-1,0,-1,-1,0,0,0,0,0,0,-1,-1,-1,-1,-1,-1,-1,-1,-1,-1,-1,-1,-1,-1,-1,-1,-1,-1,-1,-1,-1,-1,-1,-1,-1
52005,938315,-1,-1,120,-1,-1,-1,-1,-1,-1,8101,-1,49,-1,-1,-1,-1,-1,-1,-1,-1,-1,0,0,-1,-1,-1,-1,-1,-1,0,0,-1,0,0,0,0,0,0,-1,-1,-1,-1,-1,-1,-1,-1,-1,-1,-1,-1,-1,-1,-1,-1,-1,-1,-1,-1,-1,-1,-1,-1,-1
52015,938315,-1,-1,110,-1,-1,-1,-1,-1,-1,7624,-1,33,-1,-1,-1,-1,-1,-1,-1,-1,-1,0,0,-1,-1,-1,-1,-1,-1,0,0,-1,0,0,0,0,0,0,-1,-1,-1,-1,-1,-1,-1,-1,-1,-1,-1,-1,-1,-1,-1,-1,-1,-1,-1,-1,-1,-1,-1,-1,-1
52018,938315,-1,-1,102,-1,-1,-1,-1,-1,-1,7089,-1,26,-1,-1,-1,-1,-1,-1,-1,-1,-1,0,0,-1,-1,-1,-1,-1,-1,0,0,-1,0,0,0,0,0,0,-1,-1,-1,-1,-1,-1,-1,-1,-1,-1,-1,-1,-1,-1,-1,-1,-1,-1,-1,-1,-1,-1,-1,-1,-1
52019,938315,-1,-1,95,-1,-1,-1,-1,-1,-1,6673,-1,21,-1,-1,-1,-1,-1,-1,-1,-1,-1,0,0,-1,-1,-1,-1,-1,-1,0,0,-1,0,0,0,0,0,0,-1,-1,-1,-1,-1,-1,-1,-1,-1,-1,-1,-1,-1,-1,-1,-1,-1,-1,-1,-1,-1,-1,-1,-1,-1
52022,938315,-1,-1,84,-1,-1,-1,-1,-1,-1,6079,-1,19,-1,-1,-1,-1,-1,-1,-1,-1,-1,0,0,-1,-1,-1,-1,-1,-1,0,0,-1,0,0,0,0,0,0,-1,-1,-1,-1,-1,-1,-1,-1,-1,-1,-1,-1,-1,-1,-1,-1,-1,-1,-1,-1,-1,-1,-1,-1,-1
52025,938315,-1,-1,230,-1,-1,-1,-1,-1,-1,12443,-1,354,-1,-1,-1,-1,-1,-1,-1,-1,-1,0,0,-1,-1,-1,-1,-1,-1,-1,-1,-1,0,0,0,0,0,0,-1,-1,-1,-1,-1,-1,-1,-1,-1,-1,-1,-1,-1,-1,-1,-1,-1,-1,-1,-1,-1,-1,-1,-1,-1
52026,938315,-1,-1,197,-1,-1,-1,-1,-1,-1,11366,-1,128,-1,-1,-1,-1,-1,-1,-1,-1,-1,0,0,-1,-1,-1,-1,-1,-1,-1,-1,-1,0,0,0,0,0,0,-1,-1,-1,-1,-1,-1,-1,-1,-1,-1,-1,-1,-1,-1,-1,-1,-1,-1,-1,-1,-1,-1,-1,-1,-1
52027,938315,-1,-1,159,-1,-1,-1,-1,-1,-1,9886,-1,98,-1,-1,-1,-1,-1,-1,-1,-1,-1,0,0,-1,-1,-1,-1,-1,-1,0,0,-1,0,0,0,0,0,0,-1,-1,-1,-1,-1,-1,-1,-1,-1,-1,-1,-1,-1,-1,-1,-1,-1,-1,-1,-1,-1,-1,-1,-1,-1
52030,938315,-1,-1,118,-1,-1,-1,-1,-1,-1,7959,-1,44,-1,-1,-1,-1,-1,-1,-1,-1,-1,0,0,-1,-1,-1,-1,-1,-1,0,0,-1,0,0,0,0,0,0,-1,-1,-1,-1,-1,-1,-1,-1,-1,-1,-1,-1,-1,-1,-1,-1,-1,-1,-1,-1,-1,-1,-1,-1,-1
52032,938315,-1,-1,102,-1,-1,-1,-1,-1,-1,7045,-1,26,-1,-1,-1,-1,-1,-1,-1,-1,-1,0,0,-1,-1,-1,-1,-1,-1,0,0,-1,0,0,0,0,0,0,-1,-1,-1,-1,-1,-1,-1,-1,-1,-1,-1,-1,-1,-1,-1,-1,-1,-1,-1,-1,-1,-1,-1,-1,-1
52034,938315,-1,-1,98,-1,-1,-1,-1,-1,-1,6723,-1,23,-1,-1,-1,-1,-1,-1,-1,-1,-1,0,0,-1,-1,-1,-1,-1,-1,0,0,-1,0,0,0,0,0,0,-1,-1,-1,-1,-1,-1,-1,-1,-1,-1,-1,-1,-1,-1,-1,-1,-1,-1,-1,-1,-1,-1,-1,-1,-1
52035,938315,-1,-1,98,-1,-1,-1,-1,-1,-1,6723,-1,23,-1,-1,-1,-1,-1,-1,-1,-1,-1,0,0,-1,-1,-1,-1,-1,-1,0,0,-1,0,0,0,0,0,0,-1,-1,-1,-1,-1,-1,-1,-1,-1,-1,-1,-1,-1,-1,-1,-1,-1,-1,-1,-1,-1,-1,-1,-1,-1
52036,938315,-1,-1,98,-1,-1,-1,-1,-1,-1,6723,-1,23,-1,-1,-1,-1,-1,-1,-1,-1,-1,0,0,-1,-1,-1,-1,-1,-1,0,0,-1,0,0,0,0,0,0,-1,-1,-1,-1,-1,-1,-1,-1,-1,-1,-1,-1,-1,-1,-1,-1,-1,-1,-1,-1,-1,-1,-1,-1,-1
52037,938315,-1,-1,94,-1,-1,-1,-1,-1,-1,6505,-1,20,-1,-1,-1,-1,-1,-1,-1,-1,-1,0,0,-1,-1,-1,-1,-1,-1,0,0,-1,0,0,0,0,0,0,-1,-1,-1,-1,-1,-1,-1,-1,-1,-1,-1,-1,-1,-1,-1,-1,-1,-1,-1,-1,-1,-1,-1,-1,-1
52038,938315,-1,-1,89,-1,-1,-1,-1,-1,-1,6186,-1,18,-1,-1,-1,-1,-1,-1,-1,-1,-1,0,0,-1,-1,-1,-1,-1,-1,0,0,-1,0,0,0,0,0,0,-1,-1,-1,-1,-1,-1,-1,-1,-1,-1,-1,-1,-1,-1,-1,-1,-1,-1,-1,-1,-1,-1,-1,-1,-1
52043,938315,-1,-1,177,-1,-1,-1,-1,-1,-1,9627,-1,76,-1,-1,-1,-1,-1,-1,-1,-1,-1,0,0,-1,-1,-1,-1,-1,-1,-1,-1,-1,0,0,0,0,0,0,-1,-1,-1,-1,-1,-1,-1,-1,-1,-1,-1,-1,-1,-1,-1,-1,-1,-1,-1,-1,-1,-1,-1,-1,-1
52044,938315,-1,-1,145,-1,-1,-1,-1,-1,-1,8396,-1,61,-1,-1,-1,-1,-1,-1,-1,-1,-1,0,0,-1,-1,-1,-1,-1,-1,0,0,-1,0,0,0,0,0,0,-1,-1,-1,-1,-1,-1,-1,-1,-1,-1,-1,-1,-1,-1,-1,-1,-1,-1,-1,-1,-1,-1,-1,-1,-1
52045,938315,-1,-1,142,-1,-1,-1,-1,-1,-1,8179,-1,54,-1,-1,-1,-1,-1,-1,-1,-1,-1,0,0,-1,-1,-1,-1,-1,-1,0,0,-1,0,0,0,0,0,0,-1,-1,-1,-1,-1,-1,-1,-1,-1,-1,-1,-1,-1,-1,-1,-1,-1,-1,-1,-1,-1,-1,-1,-1,-1
52046,938315,-1,-1,119,-1,-1,-1,-1,-1,-1,1435,-1,45,-1,-1,-1,-1,-1,-1,-1,-1,-1,0,0,-1,-1,-1,-1,-1,-1,0,0,-1,0,0,0,0,0,0,-1,-1,-1,-1,-1,-1,-1,-1,-1,-1,-1,-1,-1,-1,-1,-1,-1,-1,-1,-1,-1,-1,-1,-1,-1
52047,938315,-1,-1,106,-1,-1,-1,-1,-1,-1,1305,-1,30,-1,-1,-1,-1,-1,-1,-1,-1,-1,0,0,-1,-1,-1,-1,-1,-1,0,0,-1,0,0,0,0,0,0,-1,-1,-1,-1,-1,-1,-1,-1,-1,-1,-1,-1,-1,-1,-1,-1,-1,-1,-1,-1,-1,-1,-1,-1,-1
52048,938315,-1,-1,94,-1,-1,-1,-1,-1,-1,1211,-1,23,-1,-1,-1,-1,-1,-1,-1,-1,-1,0,0,-1,-1,-1,-1,-1,-1,0,0,-1,0,0,0,0,0,0,-1,-1,-1,-1,-1,-1,-1,-1,-1,-1,-1,-1,-1,-1,-1,-1,-1,-1,-1,-1,-1,-1,-1,-1,-1
52049,938315,-1,-1,87,-1,-1,-1,-1,-1,-1,1134,-1,19,-1,-1,-1,-1,-1,-1,-1,-1,-1,0,0,-1,-1,-1,-1,-1,-1,0,0,-1,0,0,0,0,0,0,-1,-1,-1,-1,-1,-1,-1,-1,-1,-1,-1,-1,-1,-1,-1,-1,-1,-1,-1,-1,-1,-1,-1,-1,-1
52050,938315,-1,-1,81,-1,-1,-1,-1,-1,-1,1062,-1,16,-1,-1,-1,-1,-1,-1,-1,-1,-1,0,0,-1,-1,-1,-1,-1,-1,0,0,-1,0,0,0,0,0,0,-1,-1,-1,-1,-1,-1,-1,-1,-1,-1,-1,-1,-1,-1,-1,-1,-1,-1,-1,-1,-1,-1,-1,-1,-1
52052,938315,-1,-1,79,-1,-1,-1,-1,-1,-1,1014,-1,14,-1,-1,-1,-1,-1,-1,-1,-1,-1,0,0,-1,-1,-1,-1,-1,-1,0,0,-1,0,0,0,0,0,0,-1,-1,-1,-1,-1,-1,-1,-1,-1,-1,-1,-1,-1,-1,-1,-1,-1,-1,-1,-1,-1,-1,-1,-1,-1
52060,938315,-1,-1,185,-1,-1,-1,-1,-1,-1,2280,-1,168,-1,-1,-1,-1,-1,-1,-1,-1,-1,0,0,-1,-1,-1,-1,-1,-1,-1,-1,-1,0,0,0,0,0,0,-1,-1,-1,-1,-1,-1,-1,-1,-1,-1,-1,-1,-1,-1,-1,-1,-1,-1,-1,-1,-1,-1,-1,-1,-1
52062,938315,-1,-1,144,-1,-1,-1,-1,-1,-1,1932,-1,102,-1,-1,-1,-1,-1,-1,-1,-1,-1,0,0,-1,-1,-1,-1,-1,-1,0,0,-1,0,0,0,0,0,0,-1,-1,-1,-1,-1,-1,-1,-1,-1,-1,-1,-1,-1,-1,-1,-1,-1,-1,-1,-1,-1,-1,-1,-1,-1
52065,938315,-1,-1,257,-1,-1,-1,-1,-1,-1,2791,-1,3268,-1,-1,-1,-1,-1,-1,-1,-1,-1,0,0,-1,-1,-1,-1,-1,-1,-1,-1,-1,0,0,0,0,0,0,-1,-1,-1,-1,-1,-1,-1,-1,-1,-1,-1,-1,-1,-1,-1,-1,-1,-1,-1,-1,-1,-1,-1,-1,-1
52067,938315,-1,-1,191,-1,-1,-1,-1,-1,-1,2388,-1,200,-1,-1,-1,-1,-1,-1,-1,-1,-1,0,0,-1,-1,-1,-1,-1,-1,-1,-1,-1,0,0,0,0,0,0,-1,-1,-1,-1,-1,-1,-1,-1,-1,-1,-1,-1,-1,-1,-1,-1,-1,-1,-1,-1,-1,-1,-1,-1,-1
52068,938315,-1,-1,146,-1,-1,-1,-1,-1,-1,1992,-1,111,-1,-1,-1,-1,-1,-1,-1,-1,-1,0,0,-1,-1,-1,-1,-1,-1,0,0,-1,0,0,0,0,0,0,-1,-1,-1,-1,-1,-1,-1,-1,-1,-1,-1,-1,-1,-1,-1,-1,-1,-1,-1,-1,-1,-1,-1,-1,-1
52069,938315,-1,-1,141,-1,-1,-1,-1,-1,-1,1931,-1,93,-1,-1,-1,-1,-1,-1,-1,-1,-1,0,0,-1,-1,-1,-1,-1,-1,0,0,-1,0,0,0,0,0,0,-1,-1,-1,-1,-1,-1,-1,-1,-1,-1,-1,-1,-1,-1,-1,-1,-1,-1,-1,-1,-1,-1,-1,-1,-1
52097,93810,-1,-1,-1,-1,-1,-1,-1,-1,-1,100,-1,-1,-1,-1,-1,-1,-1,-1,-1,-1,-1,-1,-1,-1,-1,-1,-1,-1,-1,-1,-1,-1,-1,-1,-1,-1,-1,-1,-1,-1,-1,-1,-1,-1,-1,-1,-1,-1,-1,-1,-1,-1,-1,-1,-1,-1,-1,-1,-1,-1,-1,-1,-1
52099,938315,-1,-1,159,-1,-1,-1,-1,-1,-1,2121,-1,105,-1,-1,-1,-1,-1,-1,-1,-1,-1,0,0,-1,-1,-1,-1,-1,-1,-1,-1,-1,0,0,0,0,0,0,-1,-1,-1,-1,-1,-1,-1,-1,-1,-1,-1,-1,-1,-1,-1,-1,-1,-1,-1,-1,-1,-1,-1,-1,-1
52101,938315,-1,-1,137,-1,-1,-1,-1,-1,-1,1921,-1,70,-1,-1,-1,-1,-1,-1,-1,-1,-1,0,0,-1,-1,-1,-1,-1,-1,-1,-1,-1,0,0,0,0,0,0,-1,-1,-1,-1,-1,-1,-1,-1,-1,-1,-1,-1,-1,-1,-1,-1,-1,-1,-1,-1,-1,-1,-1,-1,-1
52102,938315,-1,-1,137,-1,-1,-1,-1,-1,-1,1921,-1,70,-1,-1,-1,-1,-1,-1,-1,-1,-1,0,0,-1,-1,-1,-1,-1,-1,-1,-1,-1,0,0,0,0,0,0,-1,-1,-1,-1,-1,-1,-1,-1,-1,-1,-1,-1,-1,-1,-1,-1,-1,-1,-1,-1,-1,-1,-1,-1,-1
52103,938315,-1,-1,116,-1,-1,-1,-1,-1,-1,1704,-1,53,-1,-1,-1,-1,-1,-1,-1,-1,-1,0,0,-1,-1,-1,-1,-1,-1,0,0,-1,0,0,0,0,0,0,-1,-1,-1,-1,-1,-1,-1,-1,-1,-1,-1,-1,-1,-1,-1,-1,-1,-1,-1,-1,-1,-1,-1,-1,-1
52104,938315,-1,-1,110,-1,-1,-1,-1,-1,-1,1641,-1,45,-1,-1,-1,-1,-1,-1,-1,-1,-1,0,0,-1,-1,-1,-1,-1,-1,0,0,-1,0,0,0,0,0,0,-1,-1,-1,-1,-1,-1,-1,-1,-1,-1,-1,-1,-1,-1,-1,-1,-1,-1,-1,-1,-1,-1,-1,-1,-1
52107,938315,-1,-1,89,-1,-1,-1,-1,-1,-1,1385,-1,27,-1,-1,-1,-1,-1,-1,-1,-1,-1,0,0,-1,-1,-1,-1,-1,-1,0,0,-1,0,0,0,0,0,0,-1,-1,-1,-1,-1,-1,-1,-1,-1,-1,-1,-1,-1,-1,-1,-1,-1,-1,-1,-1,-1,-1,-1,-1,-1
52108,938315,-1,-1,82,-1,-1,-1,-1,-1,-1,1296,-1,20,-1,-1,-1,-1,-1,-1,-1,-1,-1,0,0,-1,-1,-1,-1,-1,-1,0,0,-1,0,0,0,0,0,0,-1,-1,-1,-1,-1,-1,-1,-1,-1,-1,-1,-1,-1,-1,-1,-1,-1,-1,-1,-1,-1,-1,-1,-1,-1
52110,938315,-1,-1,77,-1,-1,-1,-1,-1,-1,1224,-1,17,-1,-1,-1,-1,-1,-1,-1,-1,-1,0,0,-1,-1,-1,-1,-1,-1,0,0,-1,0,0,0,0,0,0,-1,-1,-1,-1,-1,-1,-1,-1,-1,-1,-1,-1,-1,-1,-1,-1,-1,-1,-1,-1,-1,-1,-1,-1,-1
52111,938315,-1,-1,78,-1,-1,-1,-1,-1,-1,1214,-1,17,-1,-1,-1,-1,-1,-1,-1,-1,-1,0,0,-1,-1,-1,-1,-1,-1,0,0,-1,0,0,0,0,0,0,-1,-1,-1,-1,-1,-1,-1,-1,-1,-1,-1,-1,-1,-1,-1,-1,-1,-1,-1,-1,-1,-1,-1,-1,-1
52112,938315,-1,-1,73,-1,-1,-1,-1,-1,-1,1157,-1,15,-1,-1,-1,-1,-1,-1,-1,-1,-1,0,0,-1,-1,-1,-1,-1,-1,0,0,-1,0,0,0,0,0,0,-1,-1,-1,-1,-1,-1,-1,-1,-1,-1,-1,-1,-1,-1,-1,-1,-1,-1,-1,-1,-1,-1,-1,-1,-1
52144,938315,-1,-1,107,-1,-1,-1,-1,-1,-1,1567,-1,41,-1,-1,-1,-1,-1,-1,-1,-1,-1,0,0,-1,-1,-1,-1,-1,-1,0,0,-1,0,0,0,0,0,0,-1,-1,-1,-1,-1,-1,-1,-1,-1,-1,-1,-1,-1,-1,-1,-1,-1,-1,-1,-1,-1,-1,-1,-1,-1
52145,938315,-1,-1,98,-1,-1,-1,-1,-1,-1,1470,-1,27,-1,-1,-1,-1,-1,-1,-1,-1,-1,0,0,-1,-1,-1,-1,-1,-1,0,0,-1,0,0,0,0,0,0,-1,-1,-1,-1,-1,-1,-1,-1,-1,-1,-1,-1,-1,-1,-1,-1,-1,-1,-1,-1,-1,-1,-1,-1,-1
52146,938315,-1,-1,98,-1,-1,-1,-1,-1,-1,1470,-1,27,-1,-1,-1,-1,-1,-1,-1,-1,-1,0,0,-1,-1,-1,-1,-1,-1,0,0,-1,0,0,0,0,0,0,-1,-1,-1,-1,-1,-1,-1,-1,-1,-1,-1,-1,-1,-1,-1,-1,-1,-1,-1,-1,-1,-1,-1,-1,-1
52265,938315,-1,-1,186,-1,-1,-1,-1,-1,-1,2356,-1,102,-1,-1,-1,-1,-1,-1,-1,-1,-1,0,0,-1,-1,-1,-1,-1,-1,-1,-1,-1,0,0,0,0,0,0,-1,-1,-1,-1,-1,-1,-1,-1,-1,-1,-1,-1,-1,-1,-1,-1,-1,-1,-1,-1,-1,-1,-1,-1,-1
52266,938315,-1,-1,166,-1,-1,-1,-1,-1,-1,2197,-1,83,-1,-1,-1,-1,-1,-1,-1,-1,-1,0,0,-1,-1,-1,-1,-1,-1,0,0,-1,0,0,0,0,0,0,-1,-1,-1,-1,-1,-1,-1,-1,-1,-1,-1,-1,-1,-1,-1,-1,-1,-1,-1,-1,-1,-1,-1,-1,-1
52268,938315,-1,-1,151,-1,-1,-1,-1,-1,-1,2051,-1,66,-1,-1,-1,-1,-1,-1,-1,-1,-1,0,0,-1,-1,-1,-1,-1,-1,0,0,-1,0,0,0,0,0,0,-1,-1,-1,-1,-1,-1,-1,-1,-1,-1,-1,-1,-1,-1,-1,-1,-1,-1,-1,-1,-1,-1,-1,-1,-1
52269,938315,-1,-1,130,-1,-1,-1,-1,-1,-1,1834,-1,46,-1,-1,-1,-1,-1,-1,-1,-1,-1,0,0,-1,-1,-1,-1,-1,-1,1,0,-1,0,0,0,0,0,0,-1,-1,-1,-1,-1,-1,-1,-1,-1,-1,-1,-1,-1,-1,-1,-1,-1,-1,-1,-1,-1,-1,-1,-1,-1
52270,938315,-1,-1,115,-1,-1,-1,-1,-1,-1,1671,-1,36,-1,-1,-1,-1,-1,-1,-1,-1,-1,0,0,-1,-1,-1,-1,-1,-1,0,0,-1,0,0,0,0,0,0,-1,-1,-1,-1,-1,-1,-1,-1,-1,-1,-1,-1,-1,-1,-1,-1,-1,-1,-1,-1,-1,-1,-1,-1,-1
52271,938315,-1,-1,103,-1,-1,-1,-1,-1,-1,1519,-1,28,-1,-1,-1,-1,-1,-1,-1,-1,-1,0,0,-1,-1,-1,-1,-1,-1,0,0,-1,0,0,0,0,0,0,-1,-1,-1,-1,-1,-1,-1,-1,-1,-1,-1,-1,-1,-1,-1,-1,-1,-1,-1,-1,-1,-1,-1,-1,-1
52276,938315,-1,-1,88,-1,-1,-1,-1,-1,-1,1354,-1,22,-1,-1,-1,-1,-1,-1,-1,-1,-1,0,0,-1,-1,-1,-1,-1,-1,0,0,-1,0,0,0,0,0,0,-1,-1,-1,-1,-1,-1,-1,-1,-1,-1,-1,-1,-1,-1,-1,-1,-1,-1,-1,-1,-1,-1,-1,-1,-1
52278,938315,-1,-1,83,-1,-1,-1,-1,-1,-1,1280,-1,19,-1,-1,-1,-1,-1,-1,-1,-1,-1,0,0,-1,-1,-1,-1,-1,-1,0,0,-1,0,0,0,0,0,0,-1,-1,-1,-1,-1,-1,-1,-1,-1,-1,-1,-1,-1,-1,-1,-1,-1,-1,-1,-1,-1,-1,-1,-1,-1
52286,938315,-1,-1,177,-1,-1,-1,-1,-1,-1,2207,-1,100,-1,-1,-1,-1,-1,-1,-1,-1,-1,0,0,-1,-1,-1,-1,-1,-1,-1,-1,-1,0,0,0,0,0,0,-1,-1,-1,-1,-1,-1,-1,-1,-1,-1,-1,-1,-1,-1,-1,-1,-1,-1,-1,-1,-1,-1,-1,-1,-1
52287,938315,-1,-1,125,-1,-1,-1,-1,-1,-1,1759,-1,51,-1,-1,-1,-1,-1,-1,-1,-1,-1,0,0,-1,-1,-1,-1,-1,-1,0,0,-1,0,0,0,0,0,0,-1,-1,-1,-1,-1,-1,-1,-1,-1,-1,-1,-1,-1,-1,-1,-1,-1,-1,-1,-1,-1,-1,-1,-1,-1
52288,938315,-1,-1,106,-1,-1,-1,-1,-1,-1,1548,-1,34,-1,-1,-1,-1,-1,-1,-1,-1,-1,0,0,-1,-1,-1,-1,-1,-1,0,0,-1,0,0,0,0,0,0,-1,-1,-1,-1,-1,-1,-1,-1,-1,-1,-1,-1,-1,-1,-1,-1,-1,-1,-1,-1,-1,-1,-1,-1,-1
52289,938315,-1,-1,93,-1,-1,-1,-1,-1,-1,1402,-1,25,-1,-1,-1,-1,-1,-1,-1,-1,-1,0,0,-1,-1,-1,-1,-1,-1,0,0,-1,0,0,0,0,0,0,-1,-1,-1,-1,-1,-1,-1,-1,-1,-1,-1,-1,-1,-1,-1,-1,-1,-1,-1,-1,-1,-1,-1,-1,-1
52290,938315,-1,-1,90,-1,-1,-1,-1,-1,-1,1371,-1,24,-1,-1,-1,-1,-1,-1,-1,-1,-1,0,0,-1,-1,-1,-1,-1,-1,0,0,-1,0,0,0,0,0,0,-1,-1,-1,-1,-1,-1,-1,-1,-1,-1,-1,-1,-1,-1,-1,-1,-1,-1,-1,-1,-1,-1,-1,-1,-1
52291,938315,-1,-1,89,-1,-1,-1,-1,-1,-1,1354,-1,23,-1,-1,-1,-1,-1,-1,-1,-1,-1,0,0,-1,-1,-1,-1,-1,-1,0,0,-1,0,0,0,0,0,0,-1,-1,-1,-1,-1,-1,-1,-1,-1,-1,-1,-1,-1,-1,-1,-1,-1,-1,-1,-1,-1,-1,-1,-1,-1
52292,938315,-1,-1,87,-1,-1,-1,-1,-1,-1,1324,-1,22,-1,-1,-1,-1,-1,-1,-1,-1,-1,0,0,-1,-1,-1,-1,-1,-1,0,0,-1,0,0,0,0,0,0,-1,-1,-1,-1,-1,-1,-1,-1,-1,-1,-1,-1,-1,-1,-1,-1,-1,-1,-1,-1,-1,-1,-1,-1,-1
52294,938315,-1,-1,82,-1,-1,-1,-1,-1,-1,1274,-1,20,-1,-1,-1,-1,-1,-1,-1,-1,-1,0,0,-1,-1,-1,-1,-1,-1,0,0,-1,0,0,0,0,0,0,-1,-1,-1,-1,-1,-1,-1,-1,-1,-1,-1,-1,-1,-1,-1,-1,-1,-1,-1,-1,-1,-1,-1,-1,-1
52295,938315,-1,-1,82,-1,-1,-1,-1,-1,-1,1274,-1,19,-1,-1,-1,-1,-1,-1,-1,-1,-1,0,0,-1,-1,-1,-1,-1,-1,0,0,-1,0,0,0,0,0,0,-1,-1,-1,-1,-1,-1,-1,-1,-1,-1,-1,-1,-1,-1,-1,-1,-1,-1,-1,-1,-1,-1,-1,-1,-1
52296,938315,-1,-1,80,-1,-1,-1,-1,-1,-1,1242,-1,13,-1,-1,-1,-1,-1,-1,-1,-1,-1,0,0,-1,-1,-1,-1,-1,-1,0,0,-1,0,0,0,0,0,0,-1,-1,-1,-1,-1,-1,-1,-1,-1,-1,-1,-1,-1,-1,-1,-1,-1,-1,-1,-1,-1,-1,-1,-1,-1
52302,938315,-1,-1,205,-1,-1,-1,-1,-1,-1,2466,-1,157,-1,-1,-1,-1,-1,-1,-1,-1,-1,0,0,-1,-1,-1,-1,-1,-1,-1,-1,-1,0,0,0,0,0,0,-1,-1,-1,-1,-1,-1,-1,-1,-1,-1,-1,-1,-1,-1,-1,-1,-1,-1,-1,-1,-1,-1,-1,-1,-1
52303,938315,-1,-1,165,-1,-1,-1,-1,-1,-1,2174,-1,73,-1,-1,-1,-1,-1,-1,-1,-1,-1,0,0,-1,-1,-1,-1,-1,-1,0,0,-1,0,0,0,0,0,0,-1,-1,-1,-1,-1,-1,-1,-1,-1,-1,-1,-1,-1,-1,-1,-1,-1,-1,-1,-1,-1,-1,-1,-1,-1
52304,938315,-1,-1,157,-1,-1,-1,-1,-1,-1,2104,-1,46,-1,-1,-1,-1,-1,-1,-1,-1,-1,0,0,-1,-1,-1,-1,-1,-1,0,0,-1,0,0,0,0,0,0,-1,-1,-1,-1,-1,-1,-1,-1,-1,-1,-1,-1,-1,-1,-1,-1,-1,-1,-1,-1,-1,-1,-1,-1,-1
52308,938315,-1,-1,136,-1,-1,-1,-1,-1,-1,1896,-1,37,-1,-1,-1,-1,-1,-1,-1,-1,-1,0,0,-1,-1,-1,-1,-1,-1,0,0,-1,0,0,0,0,0,0,-1,-1,-1,-1,-1,-1,-1,-1,-1,-1,-1,-1,-1,-1,-1,-1,-1,-1,-1,-1,-1,-1,-1,-1,-1
52309,938315,-1,-1,132,-1,-1,-1,-1,-1,-1,1860,-1,36,-1,-1,-1,-1,-1,-1,-1,-1,-1,0,0,-1,-1,-1,-1,-1,-1,0,0,-1,0,0,0,0,0,0,-1,-1,-1,-1,-1,-1,-1,-1,-1,-1,-1,-1,-1,-1,-1,-1,-1,-1,-1,-1,-1,-1,-1,-1,-1
52314,938315,-1,-1,123,-1,-1,-1,-1,-1,-1,1758,-1,31,-1,-1,-1,-1,-1,-1,-1,-1,-1,0,0,-1,-1,-1,-1,-1,-1,0,0,-1,0,0,0,0,0,0,-1,-1,-1,-1,-1,-1,-1,-1,-1,-1,-1,-1,-1,-1,-1,-1,-1,-1,-1,-1,-1,-1,-1,-1,-1
52317,938315,-1,-1,115,-1,-1,-1,-1,-1,-1,1671,-1,25,-1,-1,-1,-1,-1,-1,-1,-1,-1,0,0,-1,-1,-1,-1,-1,-1,0,0,-1,0,0,0,0,0,0,-1,-1,-1,-1,-1,-1,-1,-1,-1,-1,-1,-1,-1,-1,-1,-1,-1,-1,-1,-1,-1,-1,-1,-1,-1
52318,938315,-1,-1,102,-1,-1,-1,-1,-1,-1,1515,-1,23,-1,-1,-1,-1,-1,-1,-1,-1,-1,0,0,-1,-1,-1,-1,-1,-1,0,0,-1,0,0,0,0,0,0,-1,-1,-1,-1,-1,-1,-1,-1,-1,-1,-1,-1,-1,-1,-1,-1,-1,-1,-1,-1,-1,-1,-1,-1,-1
52319,938315,-1,-1,99,-1,-1,-1,-1,-1,-1,1479,-1,19,-1,-1,-1,-1,-1,-1,-1,-1,-1,0,0,-1,-1,-1,-1,-1,-1,0,0,-1,0,0,0,0,0,0,-1,-1,-1,-1,-1,-1,-1,-1,-1,-1,-1,-1,-1,-1,-1,-1,-1,-1,-1,-1,-1,-1,-1,-1,-1
52323,938315,-1,-1,91,-1,-1,-1,-1,-1,-1,1377,-1,15,-1,-1,-1,-1,-1,-1,-1,-1,-1,0,0,-1,-1,-1,-1,-1,-1,0,0,-1,0,0,0,0,0,0,-1,-1,-1,-1,-1,-1,-1,-1,-1,-1,-1,-1,-1,-1,-1,-1,-1,-1,-1,-1,-1,-1,-1,-1,-1
52324,938315,-1,-1,84,-1,-1,-1,-1,-1,-1,1291,-1,14,-1,-1,-1,-1,-1,-1,-1,-1,-1,0,0,-1,-1,-1,-1,-1,-1,0,0,-1,0,0,0,0,0,0,-1,-1,-1,-1,-1,-1,-1,-1,-1,-1,-1,-1,-1,-1,-1,-1,-1,-1,-1,-1,-1,-1,-1,-1,-1
52325,938315,-1,-1,82,-1,-1,-1,-1,-1,-1,1256,-1,13,-1,-1,-1,-1,-1,-1,-1,-1,-1,0,0,-1,-1,-1,-1,-1,-1,0,0,-1,0,0,0,0,0,0,-1,-1,-1,-1,-1,-1,-1,-1,-1,-1,-1,-1,-1,-1,-1,-1,-1,-1,-1,-1,-1,-1,-1,-1,-1
52326,938315,-1,-1,78,-1,-1,-1,-1,-1,-1,1214,-1,12,-1,-1,-1,-1,-1,-1,-1,-1,-1,0,0,-1,-1,-1,-1,-1,-1,0,0,-1,0,0,0,0,0,0,-1,-1,-1,-1,-1,-1,-1,-1,-1,-1,-1,-1,-1,-1,-1,-1,-1,-1,-1,-1,-1,-1,-1,-1,-1
52327,938315,-1,-1,76,-1,-1,-1,-1,-1,-1,1173,-1,12,-1,-1,-1,-1,-1,-1,-1,-1,-1,0,0,-1,-1,-1,-1,-1,-1,0,0,-1,0,0,0,0,0,0,-1,-1,-1,-1,-1,-1,-1,-1,-1,-1,-1,-1,-1,-1,-1,-1,-1,-1,-1,-1,-1,-1,-1,-1,-1
52343,938315,-1,-1,208,-1,-1,-1,-1,-1,-1,2366,-1,83,-1,-1,-1,-1,-1,-1,-1,-1,-1,0,0,-1,-1,-1,-1,-1,-1,1,1,-1,0,0,0,0,0,0,-1,-1,-1,-1,-1,-1,-1,-1,-1,-1,-1,-1,-1,-1,-1,-1,-1,-1,-1,-1,-1,-1,-1,-1,-1
52344,938315,-1,-1,208,-1,-1,-1,-1,-1,-1,2366,-1,54,-1,-1,-1,-1,-1,-1,-1,-1,-1,0,0,-1,-1,-1,-1,-1,-1,1,1,-1,0,0,0,0,0,0,-1,-1,-1,-1,-1,-1,-1,-1,-1,-1,-1,-1,-1,-1,-1,-1,-1,-1,-1,-1,-1,-1,-1,-1,-1
52345,938315,-1,-1,208,-1,-1,-1,-1,-1,-1,2366,-1,42,-1,-1,-1,-1,-1,-1,-1,-1,-1,0,0,-1,-1,-1,-1,-1,-1,1,1,-1,0,0,0,0,0,0,-1,-1,-1,-1,-1,-1,-1,-1,-1,-1,-1,-1,-1,-1,-1,-1,-1,-1,-1,-1,-1,-1,-1,-1,-1
52346,938315,-1,-1,117,-1,-1,-1,-1,-1,-1,1681,-1,26,-1,-1,-1,-1,-1,-1,-1,-1,-1,0,0,-1,-1,-1,-1,-1,-1,0,0,-1,0,0,0,0,0,0,-1,-1,-1,-1,-1,-1,-1,-1,-1,-1,-1,-1,-1,-1,-1,-1,-1,-1,-1,-1,-1,-1,-1,-1,-1
52347,938315,-1,-1,105,-1,-1,-1,-1,-1,-1,1540,-1,21,-1,-1,-1,-1,-1,-1,-1,-1,-1,0,0,-1,-1,-1,-1,-1,-1,0,0,-1,0,0,0,0,0,0,-1,-1,-1,-1,-1,-1,-1,-1,-1,-1,-1,-1,-1,-1,-1,-1,-1,-1,-1,-1,-1,-1,-1,-1,-1
52348,938315,-1,-1,99,-1,-1,-1,-1,-1,-1,1486,-1,19,-1,-1,-1,-1,-1,-1,-1,-1,-1,0,0,-1,-1,-1,-1,-1,-1,0,0,-1,0,0,0,0,0,0,-1,-1,-1,-1,-1,-1,-1,-1,-1,-1,-1,-1,-1,-1,-1,-1,-1,-1,-1,-1,-1,-1,-1,-1,-1
52349,938315,-1,-1,93,-1,-1,-1,-1,-1,-1,1406,-1,16,-1,-1,-1,-1,-1,-1,-1,-1,-1,0,0,-1,-1,-1,-1,-1,-1,0,0,-1,0,0,0,0,0,0,-1,-1,-1,-1,-1,-1,-1,-1,-1,-1,-1,-1,-1,-1,-1,-1,-1,-1,-1,-1,-1,-1,-1,-1,-1
52357,938315,-1,-1,82,-1,-1,-1,-1,-1,-1,1269,-1,13,-1,-1,-1,-1,-1,-1,-1,-1,-1,0,0,-1,-1,-1,-1,-1,-1,0,0,-1,0,0,0,0,0,0,-1,-1,-1,-1,-1,-1,-1,-1,-1,-1,-1,-1,-1,-1,-1,-1,-1,-1,-1,-1,-1,-1,-1,-1,-1
52359,938315,-1,-1,81,-1,-1,-1,-1,-1,-1,1249,-1,13,-1,-1,-1,-1,-1,-1,-1,-1,-1,0,0,-1,-1,-1,-1,-1,-1,0,0,-1,0,0,0,0,0,0,-1,-1,-1,-1,-1,-1,-1,-1,-1,-1,-1,-1,-1,-1,-1,-1,-1,-1,-1,-1,-1,-1,-1,-1,-1
52360,938315,-1,-1,78,-1,-1,-1,-1,-1,-1,1209,-1,12,-1,-1,-1,-1,-1,-1,-1,-1,-1,0,0,-1,-1,-1,-1,-1,-1,0,0,-1,0,0,0,0,0,0,-1,-1,-1,-1,-1,-1,-1,-1,-1,-1,-1,-1,-1,-1,-1,-1,-1,-1,-1,-1,-1,-1,-1,-1,-1
52361,938315,-1,-1,76,-1,-1,-1,-1,-1,-1,1166,-1,12,-1,-1,-1,-1,-1,-1,-1,-1,-1,0,0,-1,-1,-1,-1,-1,-1,0,0,-1,0,0,0,0,0,0,-1,-1,-1,-1,-1,-1,-1,-1,-1,-1,-1,-1,-1,-1,-1,-1,-1,-1,-1,-1,-1,-1,-1,-1,-1
52365,938315,-1,-1,195,-1,-1,-1,-1,-1,-1,2364,-1,124,-1,-1,-1,-1,-1,-1,-1,-1,-1,0,0,-1,-1,-1,-1,-1,-1,0,0,-1,0,0,0,0,0,0,-1,-1,-1,-1,-1,-1,-1,-1,-1,-1,-1,-1,-1,-1,-1,-1,-1,-1,-1,-1,-1,-1,-1,-1,-1
52366,938315,-1,-1,135,-1,-1,-1,-1,-1,-1,1879,-1,38,-1,-1,-1,-1,-1,-1,-1,-1,-1,0,0,-1,-1,-1,-1,-1,-1,0,0,-1,0,0,0,0,0,0,-1,-1,-1,-1,-1,-1,-1,-1,-1,-1,-1,-1,-1,-1,-1,-1,-1,-1,-1,-1,-1,-1,-1,-1,-1
52367,938315,-1,-1,114,-1,-1,-1,-1,-1,-1,1651,-1,26,-1,-1,-1,-1,-1,-1,-1,-1,-1,0,0,-1,-1,-1,-1,-1,-1,0,0,-1,0,0,0,0,0,0,-1,-1,-1,-1,-1,-1,-1,-1,-1,-1,-1,-1,-1,-1,-1,-1,-1,-1,-1,-1,-1,-1,-1,-1,-1
52368,938315,-1,-1,114,-1,-1,-1,-1,-1,-1,1651,-1,14,-1,-1,-1,-1,-1,-1,-1,-1,-1,0,0,-1,-1,-1,-1,-1,-1,0,0,-1,0,0,0,0,0,0,-1,-1,-1,-1,-1,-1,-1,-1,-1,-1,-1,-1,-1,-1,-1,-1,-1,-1,-1,-1,-1,-1,-1,-1,-1
52369,938315,-1,-1,108,-1,-1,-1,-1,-1,-1,1581,-1,22,-1,-1,-1,-1,-1,-1,-1,-1,-1,0,0,-1,-1,-1,-1,-1,-1,0,0,-1,0,0,0,0,0,0,-1,-1,-1,-1,-1,-1,-1,-1,-1,-1,-1,-1,-1,-1,-1,-1,-1,-1,-1,-1,-1,-1,-1,-1,-1
52370,938315,-1,-1,102,-1,-1,-1,-1,-1,-1,1512,-1,20,-1,-1,-1,-1,-1,-1,-1,-1,-1,0,0,-1,-1,-1,-1,-1,-1,0,0,-1,0,0,0,0,0,0,-1,-1,-1,-1,-1,-1,-1,-1,-1,-1,-1,-1,-1,-1,-1,-1,-1,-1,-1,-1,-1,-1,-1,-1,-1
52371,938315,-1,-1,93,-1,-1,-1,-1,-1,-1,1405,-1,17,-1,-1,-1,-1,-1,-1,-1,-1,-1,0,0,-1,-1,-1,-1,-1,-1,0,0,-1,0,0,0,0,0,0,-1,-1,-1,-1,-1,-1,-1,-1,-1,-1,-1,-1,-1,-1,-1,-1,-1,-1,-1,-1,-1,-1,-1,-1,-1
52372,938315,-1,-1,86,-1,-1,-1,-1,-1,-1,1322,-1,14,-1,-1,-1,-1,-1,-1,-1,-1,-1,0,0,-1,-1,-1,-1,-1,-1,0,0,-1,0,0,0,0,0,0,-1,-1,-1,-1,-1,-1,-1,-1,-1,-1,-1,-1,-1,-1,-1,-1,-1,-1,-1,-1,-1,-1,-1,-1,-1
52378,938315,-1,-1,81,-1,-1,-1,-1,-1,-1,1246,-1,13,-1,-1,-1,-1,-1,-1,-1,-1,-1,0,0,-1,-1,-1,-1,-1,-1,0,0,-1,0,0,0,0,0,0,-1,-1,-1,-1,-1,-1,-1,-1,-1,-1,-1,-1,-1,-1,-1,-1,-1,-1,-1,-1,-1,-1,-1,-1,-1
52380,938315,-1,-1,78,-1,-1,-1,-1,-1,-1,1212,-1,12,-1,-1,-1,-1,-1,-1,-1,-1,-1,0,0,-1,-1,-1,-1,-1,-1,0,0,-1,0,0,0,0,0,0,-1,-1,-1,-1,-1,-1,-1,-1,-1,-1,-1,-1,-1,-1,-1,-1,-1,-1,-1,-1,-1,-1,-1,-1,-1
52381,938315,-1,-1,78,-1,-1,-1,-1,-1,-1,1212,-1,7,-1,-1,-1,-1,-1,-1,-1,-1,-1,0,0,-1,-1,-1,-1,-1,-1,0,0,-1,0,0,0,0,0,0,-1,-1,-1,-1,-1,-1,-1,-1,-1,-1,-1,-1,-1,-1,-1,-1,-1,-1,-1,-1,-1,-1,-1,-1,-1
52382,938315,-1,-1,75,-1,-1,-1,-1,-1,-1,1166,-1,12,-1,-1,-1,-1,-1,-1,-1,-1,-1,0,0,-1,-1,-1,-1,-1,-1,0,0,-1,0,0,0,0,0,0,-1,-1,-1,-1,-1,-1,-1,-1,-1,-1,-1,-1,-1,-1,-1,-1,-1,-1,-1,-1,-1,-1,-1,-1,-1
52391,938315,-1,-1,165,-1,-1,-1,-1,-1,-1,2153,-1,60,-1,-1,-1,-1,-1,-1,-1,-1,-1,0,0,-1,-1,-1,-1,-1,-1,0,0,-1,0,0,0,0,0,0,-1,-1,-1,-1,-1,-1,-1,-1,-1,-1,-1,-1,-1,-1,-1,-1,-1,-1,-1,-1,-1,-1,-1,-1,-1
52392,938315,-1,-1,128,-1,-1,-1,-1,-1,-1,1794,-1,25,-1,-1,-1,-1,-1,-1,-1,-1,-1,0,0,-1,-1,-1,-1,-1,-1,0,0,-1,0,0,0,0,0,0,-1,-1,-1,-1,-1,-1,-1,-1,-1,-1,-1,-1,-1,-1,-1,-1,-1,-1,-1,-1,-1,-1,-1,-1,-1
52393,938315,-1,-1,119,-1,-1,-1,-1,-1,-1,1695,-1,27,-1,-1,-1,-1,-1,-1,-1,-1,-1,0,0,-1,-1,-1,-1,-1,-1,0,0,-1,0,0,0,0,0,0,-1,-1,-1,-1,-1,-1,-1,-1,-1,-1,-1,-1,-1,-1,-1,-1,-1,-1,-1,-1,-1,-1,-1,-1,-1
52394,938315,-1,-1,112,-1,-1,-1,-1,-1,-1,1630,-1,25,-1,-1,-1,-1,-1,-1,-1,-1,-1,0,0,-1,-1,-1,-1,-1,-1,0,0,-1,0,0,0,0,0,0,-1,-1,-1,-1,-1,-1,-1,-1,-1,-1,-1,-1,-1,-1,-1,-1,-1,-1,-1,-1,-1,-1,-1,-1,-1
52395,938315,-1,-1,102,-1,-1,-1,-1,-1,-1,1503,-1,20,-1,-1,-1,-1,-1,-1,-1,-1,-1,0,0,-1,-1,-1,-1,-1,-1,0,0,-1,0,0,0,0,0,0,-1,-1,-1,-1,-1,-1,-1,-1,-1,-1,-1,-1,-1,-1,-1,-1,-1,-1,-1,-1,-1,-1,-1,-1,-1
52401,938315,-1,-1,88,-1,-1,-1,-1,-1,-1,1347,-1,15,-1,-1,-1,-1,-1,-1,-1,-1,-1,0,0,-1,-1,-1,-1,-1,-1,0,0,-1,0,0,0,0,0,0,-1,-1,-1,-1,-1,-1,-1,-1,-1,-1,-1,-1,-1,-1,-1,-1,-1,-1,-1,-1,-1,-1,-1,-1,-1
52402,938315,-1,-1,81,-1,-1,-1,-1,-1,-1,1242,-1,12,-1,-1,-1,-1,-1,-1,-1,-1,-1,0,0,-1,-1,-1,-1,-1,-1,0,0,-1,0,0,0,0,0,0,-1,-1,-1,-1,-1,-1,-1,-1,-1,-1,-1,-1,-1,-1,-1,-1,-1,-1,-1,-1,-1,-1,-1,-1,-1
52403,938315,-1,-1,81,-1,-1,-1,-1,-1,-1,1242,-1,12,-1,-1,-1,-1,-1,-1,-1,-1,-1,0,0,-1,-1,-1,-1,-1,-1,0,0,-1,0,0,0,0,0,0,-1,-1,-1,-1,-1,-1,-1,-1,-1,-1,-1,-1,-1,-1,-1,-1,-1,-1,-1,-1,-1,-1,-1,-1,-1
52405,938315,-1,-1,77,-1,-1,-1,-1,-1,-1,1194,-1,12,-1,-1,-1,-1,-1,-1,-1,-1,-1,0,0,-1,-1,-1,-1,-1,-1,0,0,-1,0,0,0,0,0,0,-1,-1,-1,-1,-1,-1,-1,-1,-1,-1,-1,-1,-1,-1,-1,-1,-1,-1,-1,-1,-1,-1,-1,-1,-1
52406,938315,-1,-1,77,-1,-1,-1,-1,-1,-1,1194,-1,11,-1,-1,-1,-1,-1,-1,-1,-1,-1,0,0,-1,-1,-1,-1,-1,-1,0,0,-1,0,0,0,0,0,0,-1,-1,-1,-1,-1,-1,-1,-1,-1,-1,-1,-1,-1,-1,-1,-1,-1,-1,-1,-1,-1,-1,-1,-1,-1
52410,938315,-1,-1,183,-1,-1,-1,-1,-1,-1,2283,-1,67,-1,-1,-1,-1,-1,-1,-1,-1,-1,0,0,-1,-1,-1,-1,-1,-1,0,0,-1,0,0,0,0,0,0,-1,-1,-1,-1,-1,-1,-1,-1,-1,-1,-1,-1,-1,-1,-1,-1,-1,-1,-1,-1,-1,-1,-1,-1,-1
52411,938315,-1,-1,156,-1,-1,-1,-1,-1,-1,2055,-1,52,-1,-1,-1,-1,-1,-1,-1,-1,-1,0,0,-1,-1,-1,-1,-1,-1,0,0,-1,0,0,0,0,0,0,-1,-1,-1,-1,-1,-1,-1,-1,-1,-1,-1,-1,-1,-1,-1,-1,-1,-1,-1,-1,-1,-1,-1,-1,-1
52412,938315,-1,-1,156,-1,-1,-1,-1,-1,-1,2055,-1,44,-1,-1,-1,-1,-1,-1,-1,-1,-1,0,0,-1,-1,-1,-1,-1,-1,0,0,-1,0,0,0,0,0,0,-1,-1,-1,-1,-1,-1,-1,-1,-1,-1,-1,-1,-1,-1,-1,-1,-1,-1,-1,-1,-1,-1,-1,-1,-1
52413,938315,-1,-1,114,-1,-1,-1,-1,-1,-1,1634,-1,26,-1,-1,-1,-1,-1,-1,-1,-1,-1,0,0,-1,-1,-1,-1,-1,-1,0,0,-1,0,0,0,0,0,0,-1,-1,-1,-1,-1,-1,-1,-1,-1,-1,-1,-1,-1,-1,-1,-1,-1,-1,-1,-1,-1,-1,-1,-1,-1
52414,938315,-1,-1,100,-1,-1,-1,-1,-1,-1,1478,-1,20,-1,-1,-1,-1,-1,-1,-1,-1,-1,0,0,-1,-1,-1,-1,-1,-1,0,0,-1,0,0,0,0,0,0,-1,-1,-1,-1,-1,-1,-1,-1,-1,-1,-1,-1,-1,-1,-1,-1,-1,-1,-1,-1,-1,-1,-1,-1,-1
52415,938315,-1,-1,96,-1,-1,-1,-1,-1,-1,1425,-1,18,-1,-1,-1,-1,-1,-1,-1,-1,-1,0,0,-1,-1,-1,-1,-1,-1,0,0,-1,0,0,0,0,0,0,-1,-1,-1,-1,-1,-1,-1,-1,-1,-1,-1,-1,-1,-1,-1,-1,-1,-1,-1,-1,-1,-1,-1,-1,-1
52417,938315,-1,-1,92,-1,-1,-1,-1,-1,-1,1383,-1,16,-1,-1,-1,-1,-1,-1,-1,-1,-1,0,0,-1,-1,-1,-1,-1,-1,0,0,-1,0,0,0,0,0,0,-1,-1,-1,-1,-1,-1,-1,-1,-1,-1,-1,-1,-1,-1,-1,-1,-1,-1,-1,-1,-1,-1,-1,-1,-1
52418,938315,-1,-1,92,-1,-1,-1,-1,-1,-1,1383,-1,15,-1,-1,-1,-1,-1,-1,-1,-1,-1,0,0,-1,-1,-1,-1,-1,-1,0,0,-1,0,0,0,0,0,0,-1,-1,-1,-1,-1,-1,-1,-1,-1,-1,-1,-1,-1,-1,-1,-1,-1,-1,-1,-1,-1,-1,-1,-1,-1
52419,938315,-1,-1,92,-1,-1,-1,-1,-1,-1,1383,-1,14,-1,-1,-1,-1,-1,-1,-1,-1,-1,0,0,-1,-1,-1,-1,-1,-1,0,0,-1,0,0,0,0,0,0,-1,-1,-1,-1,-1,-1,-1,-1,-1,-1,-1,-1,-1,-1,-1,-1,-1,-1,-1,-1,-1,-1,-1,-1,-1
52420,938315,-1,-1,92,-1,-1,-1,-1,-1,-1,1383,-1,13,-1,-1,-1,-1,-1,-1,-1,-1,-1,0,0,-1,-1,-1,-1,-1,-1,0,0,-1,0,0,0,0,0,0,-1,-1,-1,-1,-1,-1,-1,-1,-1,-1,-1,-1,-1,-1,-1,-1,-1,-1,-1,-1,-1,-1,-1,-1,-1
52421,938315,-1,-1,92,-1,-1,-1,-1,-1,-1,1383,-1,12,-1,-1,-1,-1,-1,-1,-1,-1,-1,0,0,-1,-1,-1,-1,-1,-1,0,0,-1,0,0,0,0,0,0,-1,-1,-1,-1,-1,-1,-1,-1,-1,-1,-1,-1,-1,-1,-1,-1,-1,-1,-1,-1,-1,-1,-1,-1,-1
52422,938315,-1,-1,92,-1,-1,-1,-1,-1,-1,1383,-1,11,-1,-1,-1,-1,-1,-1,-1,-1,-1,0,0,-1,-1,-1,-1,-1,-1,0,0,-1,0,0,0,0,0,0,-1,-1,-1,-1,-1,-1,-1,-1,-1,-1,-1,-1,-1,-1,-1,-1,-1,-1,-1,-1,-1,-1,-1,-1,-1
52423,938315,-1,-1,92,-1,-1,-1,-1,-1,-1,1383,-1,11,-1,-1,-1,-1,-1,-1,-1,-1,-1,0,0,-1,-1,-1,-1,-1,-1,0,0,-1,0,0,0,0,0,0,-1,-1,-1,-1,-1,-1,-1,-1,-1,-1,-1,-1,-1,-1,-1,-1,-1,-1,-1,-1,-1,-1,-1,-1,-1
52424,938315,-1,-1,92,-1,-1,-1,-1,-1,-1,1383,-1,11,-1,-1,-1,-1,-1,-1,-1,-1,-1,0,0,-1,-1,-1,-1,-1,-1,0,0,-1,0,0,0,0,0,0,-1,-1,-1,-1,-1,-1,-1,-1,-1,-1,-1,-1,-1,-1,-1,-1,-1,-1,-1,-1,-1,-1,-1,-1,-1
52431,938315,-1,-1,219,-1,-1,-1,-1,-1,-1,2468,-1,183,-1,-1,-1,-1,-1,-1,-1,-1,-1,0,0,-1,-1,-1,-1,-1,-1,1,0,-1,0,0,0,0,0,0,-1,-1,-1,-1,-1,-1,-1,-1,-1,-1,-1,-1,-1,-1,-1,-1,-1,-1,-1,-1,-1,-1,-1,-1,-1
52432,938315,-1,-1,219,-1,-1,-1,-1,-1,-1,2468,-1,61,-1,-1,-1,-1,-1,-1,-1,-1,-1,0,0,-1,-1,-1,-1,-1,-1,1,0,-1,0,0,0,0,0,0,-1,-1,-1,-1,-1,-1,-1,-1,-1,-1,-1,-1,-1,-1,-1,-1,-1,-1,-1,-1,-1,-1,-1,-1,-1
52433,938315,-1,-1,219,-1,-1,-1,-1,-1,-1,2468,-1,47,-1,-1,-1,-1,-1,-1,-1,-1,-1,0,0,-1,-1,-1,-1,-1,-1,1,0,-1,0,0,0,0,0,0,-1,-1,-1,-1,-1,-1,-1,-1,-1,-1,-1,-1,-1,-1,-1,-1,-1,-1,-1,-1,-1,-1,-1,-1,-1
52434,938315,-1,-1,219,-1,-1,-1,-1,-1,-1,2468,-1,27,-1,-1,-1,-1,-1,-1,-1,-1,-1,0,0,-1,-1,-1,-1,-1,-1,1,0,-1,0,0,0,0,0,0,-1,-1,-1,-1,-1,-1,-1,-1,-1,-1,-1,-1,-1,-1,-1,-1,-1,-1,-1,-1,-1,-1,-1,-1,-1
52436,938315,-1,-1,219,-1,-1,-1,-1,-1,-1,2468,-1,16,-1,-1,-1,-1,-1,-1,-1,-1,-1,0,0,-1,-1,-1,-1,-1,-1,1,0,-1,0,0,0,0,0,0,-1,-1,-1,-1,-1,-1,-1,-1,-1,-1,-1,-1,-1,-1,-1,-1,-1,-1,-1,-1,-1,-1,-1,-1,-1
52437,938315,-1,-1,101,-1,-1,-1,-1,-1,-1,1501,-1,20,-1,-1,-1,-1,-1,-1,-1,-1,-1,0,0,-1,-1,-1,-1,-1,-1,0,0,-1,0,0,0,0,0,0,-1,-1,-1,-1,-1,-1,-1,-1,-1,-1,-1,-1,-1,-1,-1,-1,-1,-1,-1,-1,-1,-1,-1,-1,-1
52438,938315,-1,-1,101,-1,-1,-1,-1,-1,-1,1501,-1,17,-1,-1,-1,-1,-1,-1,-1,-1,-1,0,0,-1,-1,-1,-1,-1,-1,0,0,-1,0,0,0,0,0,0,-1,-1,-1,-1,-1,-1,-1,-1,-1,-1,-1,-1,-1,-1,-1,-1,-1,-1,-1,-1,-1,-1,-1,-1,-1
52440,938315,-1,-1,88,-1,-1,-1,-1,-1,-1,1343,-1,15,-1,-1,-1,-1,-1,-1,-1,-1,-1,0,0,-1,-1,-1,-1,-1,-1,0,0,-1,0,0,0,0,0,0,-1,-1,-1,-1,-1,-1,-1,-1,-1,-1,-1,-1,-1,-1,-1,-1,-1,-1,-1,-1,-1,-1,-1,-1,-1
52441,938315,-1,-1,88,-1,-1,-1,-1,-1,-1,1343,-1,14,-1,-1,-1,-1,-1,-1,-1,-1,-1,0,0,-1,-1,-1,-1,-1,-1,0,0,-1,0,0,0,0,0,0,-1,-1,-1,-1,-1,-1,-1,-1,-1,-1,-1,-1,-1,-1,-1,-1,-1,-1,-1,-1,-1,-1,-1,-1,-1
52443,938315,-1,-1,84,-1,-1,-1,-1,-1,-1,1296,-1,13,-1,-1,-1,-1,-1,-1,-1,-1,-1,0,0,-1,-1,-1,-1,-1,-1,0,0,-1,0,0,0,0,0,0,-1,-1,-1,-1,-1,-1,-1,-1,-1,-1,-1,-1,-1,-1,-1,-1,-1,-1,-1,-1,-1,-1,-1,-1,-1
52444,938315,-1,-1,82,-1,-1,-1,-1,-1,-1,1265,-1,19,-1,-1,-1,-1,-1,-1,-1,-1,-1,0,0,-1,-1,-1,-1,-1,-1,0,0,-1,0,0,0,0,0,0,-1,-1,-1,-1,-1,-1,-1,-1,-1,-1,-1,-1,-1,-1,-1,-1,-1,-1,-1,-1,-1,-1,-1,-1,-1
52446,938315,-1,-1,82,-1,-1,-1,-1,-1,-1,1265,-1,17,-1,-1,-1,-1,-1,-1,-1,-1,-1,0,0,-1,-1,-1,-1,-1,-1,0,0,-1,0,0,0,0,0,0,-1,-1,-1,-1,-1,-1,-1,-1,-1,-1,-1,-1,-1,-1,-1,-1,-1,-1,-1,-1,-1,-1,-1,-1,-1
52447,938315,-1,-1,82,-1,-1,-1,-1,-1,-1,1265,-1,40,-1,-1,-1,-1,-1,-1,-1,-1,-1,0,0,-1,-1,-1,-1,-1,-1,0,0,-1,0,0,0,0,0,0,-1,-1,-1,-1,-1,-1,-1,-1,-1,-1,-1,-1,-1,-1,-1,-1,-1,-1,-1,-1,-1,-1,-1,-1,-1
52449,938315,-1,-1,82,-1,-1,-1,-1,-1,-1,1265,-1,22,-1,-1,-1,-1,-1,-1,-1,-1,-1,0,0,-1,-1,-1,-1,-1,-1,0,0,-1,0,0,0,0,0,0,-1,-1,-1,-1,-1,-1,-1,-1,-1,-1,-1,-1,-1,-1,-1,-1,-1,-1,-1,-1,-1,-1,-1,-1,-1
52452,938315,-1,-1,195,-1,-1,-1,-1,-1,-1,2355,-1,135,-1,-1,-1,-1,-1,-1,-1,-1,-1,0,0,-1,-1,-1,-1,-1,-1,-1,-1,-1,0,0,0,0,0,0,-1,-1,-1,-1,-1,-1,-1,-1,-1,-1,-1,-1,-1,-1,-1,-1,-1,-1,-1,-1,-1,-1,-1,-1,-1
52453,938315,-1,-1,137,-1,-1,-1,-1,-1,-1,1880,-1,62,-1,-1,-1,-1,-1,-1,-1,-1,-1,0,0,-1,-1,-1,-1,-1,-1,0,0,-1,0,0,0,0,0,0,-1,-1,-1,-1,-1,-1,-1,-1,-1,-1,-1,-1,-1,-1,-1,-1,-1,-1,-1,-1,-1,-1,-1,-1,-1
52454,938315,-1,-1,129,-1,-1,-1,-1,-1,-1,1799,-1,49,-1,-1,-1,-1,-1,-1,-1,-1,-1,0,0,-1,-1,-1,-1,-1,-1,1,1,-1,0,0,0,0,0,0,-1,-1,-1,-1,-1,-1,-1,-1,-1,-1,-1,-1,-1,-1,-1,-1,-1,-1,-1,-1,-1,-1,-1,-1,-1
52455,938315,-1,-1,129,-1,-1,-1,-1,-1,-1,1799,-1,42,-1,-1,-1,-1,-1,-1,-1,-1,-1,0,0,-1,-1,-1,-1,-1,-1,1,1,-1,0,0,0,0,0,0,-1,-1,-1,-1,-1,-1,-1,-1,-1,-1,-1,-1,-1,-1,-1,-1,-1,-1,-1,-1,-1,-1,-1,-1,-1
52456,938315,-1,-1,111,-1,-1,-1,-1,-1,-1,1615,-1,37,-1,-1,-1,-1,-1,-1,-1,-1,-1,0,0,-1,-1,-1,-1,-1,-1,0,0,-1,0,0,0,0,0,0,-1,-1,-1,-1,-1,-1,-1,-1,-1,-1,-1,-1,-1,-1,-1,-1,-1,-1,-1,-1,-1,-1,-1,-1,-1
52458,938315,-1,-1,105,-1,-1,-1,-1,-1,-1,1530,-1,32,-1,-1,-1,-1,-1,-1,-1,-1,-1,0,0,-1,-1,-1,-1,-1,-1,0,0,-1,0,0,0,0,0,0,-1,-1,-1,-1,-1,-1,-1,-1,-1,-1,-1,-1,-1,-1,-1,-1,-1,-1,-1,-1,-1,-1,-1,-1,-1
52459,938315,-1,-1,96,-1,-1,-1,-1,-1,-1,1422,-1,26,-1,-1,-1,-1,-1,-1,-1,-1,-1,0,0,-1,-1,-1,-1,-1,-1,0,0,-1,0,0,0,0,0,0,-1,-1,-1,-1,-1,-1,-1,-1,-1,-1,-1,-1,-1,-1,-1,-1,-1,-1,-1,-1,-1,-1,-1,-1,-1
52460,938315,-1,-1,88,-1,-1,-1,-1,-1,-1,1348,-1,22,-1,-1,-1,-1,-1,-1,-1,-1,-1,0,0,-1,-1,-1,-1,-1,-1,0,0,-1,0,0,0,0,0,0,-1,-1,-1,-1,-1,-1,-1,-1,-1,-1,-1,-1,-1,-1,-1,-1,-1,-1,-1,-1,-1,-1,-1,-1,-1
52461,938315,-1,-1,85,-1,-1,-1,-1,-1,-1,1300,-1,20,-1,-1,-1,-1,-1,-1,-1,-1,-1,0,0,-1,-1,-1,-1,-1,-1,0,0,-1,0,0,0,0,0,0,-1,-1,-1,-1,-1,-1,-1,-1,-1,-1,-1,-1,-1,-1,-1,-1,-1,-1,-1,-1,-1,-1,-1,-1,-1
52462,938315,-1,-1,82,-1,-1,-1,-1,-1,-1,1263,-1,18,-1,-1,-1,-1,-1,-1,-1,-1,-1,0,0,-1,-1,-1,-1,-1,-1,0,0,-1,0,0,0,0,0,0,-1,-1,-1,-1,-1,-1,-1,-1,-1,-1,-1,-1,-1,-1,-1,-1,-1,-1,-1,-1,-1,-1,-1,-1,-1
52463,938315,-1,-1,82,-1,-1,-1,-1,-1,-1,1263,-1,16,-1,-1,-1,-1,-1,-1,-1,-1,-1,0,0,-1,-1,-1,-1,-1,-1,0,0,-1,0,0,0,0,0,0,-1,-1,-1,-1,-1,-1,-1,-1,-1,-1,-1,-1,-1,-1,-1,-1,-1,-1,-1,-1,-1,-1,-1,-1,-1
52466,938315,-1,-1,246,-1,-1,-1,-1,-1,-1,2613,-1,358,-1,-1,-1,-1,-1,-1,-1,-1,-1,0,0,-1,-1,-1,-1,-1,-1,-1,-1,-1,0,0,0,0,0,0,-1,-1,-1,-1,-1,-1,-1,-1,-1,-1,-1,-1,-1,-1,-1,-1,-1,-1,-1,-1,-1,-1,-1,-1,-1
52467,938315,-1,-1,246,-1,-1,-1,-1,-1,-1,2613,-1,54,-1,-1,-1,-1,-1,-1,-1,-1,-1,0,0,-1,-1,-1,-1,-1,-1,-1,-1,-1,0,0,0,0,0,0,-1,-1,-1,-1,-1,-1,-1,-1,-1,-1,-1,-1,-1,-1,-1,-1,-1,-1,-1,-1,-1,-1,-1,-1,-1
52468,938315,-1,-1,246,-1,-1,-1,-1,-1,-1,2613,-1,34,-1,-1,-1,-1,-1,-1,-1,-1,-1,0,0,-1,-1,-1,-1,-1,-1,-1,-1,-1,0,0,0,0,0,0,-1,-1,-1,-1,-1,-1,-1,-1,-1,-1,-1,-1,-1,-1,-1,-1,-1,-1,-1,-1,-1,-1,-1,-1,-1
52469,938315,-1,-1,97,-1,-1,-1,-1,-1,-1,1442,-1,41,-1,-1,-1,-1,-1,-1,-1,-1,-1,0,0,-1,-1,-1,-1,-1,-1,0,0,-1,0,0,0,0,0,0,-1,-1,-1,-1,-1,-1,-1,-1,-1,-1,-1,-1,-1,-1,-1,-1,-1,-1,-1,-1,-1,-1,-1,-1,-1
52470,938315,-1,-1,97,-1,-1,-1,-1,-1,-1,1442,-1,34,-1,-1,-1,-1,-1,-1,-1,-1,-1,0,0,-1,-1,-1,-1,-1,-1,0,0,-1,0,0,0,0,0,0,-1,-1,-1,-1,-1,-1,-1,-1,-1,-1,-1,-1,-1,-1,-1,-1,-1,-1,-1,-1,-1,-1,-1,-1,-1
52471,938315,-1,-1,97,-1,-1,-1,-1,-1,-1,1442,-1,29,-1,-1,-1,-1,-1,-1,-1,-1,-1,0,0,-1,-1,-1,-1,-1,-1,0,0,-1,0,0,0,0,0,0,-1,-1,-1,-1,-1,-1,-1,-1,-1,-1,-1,-1,-1,-1,-1,-1,-1,-1,-1,-1,-1,-1,-1,-1,-1
52472,938315,-1,-1,97,-1,-1,-1,-1,-1,-1,1442,-1,26,-1,-1,-1,-1,-1,-1,-1,-1,-1,0,0,-1,-1,-1,-1,-1,-1,0,0,-1,0,0,0,0,0,0,-1,-1,-1,-1,-1,-1,-1,-1,-1,-1,-1,-1,-1,-1,-1,-1,-1,-1,-1,-1,-1,-1,-1,-1,-1
52474,938315,-1,-1,76,-1,-1,-1,-1,-1,-1,1187,-1,25,-1,-1,-1,-1,-1,-1,-1,-1,-1,0,0,-1,-1,-1,-1,-1,-1,0,0,-1,0,0,0,0,0,0,-1,-1,-1,-1,-1,-1,-1,-1,-1,-1,-1,-1,-1,-1,-1,-1,-1,-1,-1,-1,-1,-1,-1,-1,-1
52475,938315,-1,-1,76,-1,-1,-1,-1,-1,-1,1187,-1,23,-1,-1,-1,-1,-1,-1,-1,-1,-1,0,0,-1,-1,-1,-1,-1,-1,0,0,-1,0,0,0,0,0,0,-1,-1,-1,-1,-1,-1,-1,-1,-1,-1,-1,-1,-1,-1,-1,-1,-1,-1,-1,-1,-1,-1,-1,-1,-1
52481,938315,-1,-1,113,-1,-1,-1,-1,-1,-1,1588,-1,55,-1,-1,-1,-1,-1,-1,-1,-1,-1,0,0,-1,-1,-1,-1,-1,-1,-1,-1,-1,0,0,0,0,0,0,-1,-1,-1,-1,-1,-1,-1,-1,-1,-1,-1,-1,-1,-1,-1,-1,-1,-1,-1,-1,-1,-1,-1,-1,-1
52482,938315,-1,-1,84,-1,-1,-1,-1,-1,-1,1281,-1,33,-1,-1,-1,-1,-1,-1,-1,-1,-1,0,0,-1,-1,-1,-1,-1,-1,0,0,-1,0,0,0,0,0,0,-1,-1,-1,-1,-1,-1,-1,-1,-1,-1,-1,-1,-1,-1,-1,-1,-1,-1,-1,-1,-1,-1,-1,-1,-1
52484,938315,-1,-1,73,-1,-1,-1,-1,-1,-1,1144,-1,26,-1,-1,-1,-1,-1,-1,-1,-1,-1,0,0,-1,-1,-1,-1,-1,-1,0,0,-1,0,0,0,0,0,0,-1,-1,-1,-1,-1,-1,-1,-1,-1,-1,-1,-1,-1,-1,-1,-1,-1,-1,-1,-1,-1,-1,-1,-1,-1
52485,938315,-1,-1,65,-1,-1,-1,-1,-1,-1,1041,-1,23,-1,-1,-1,-1,-1,-1,-1,-1,-1,0,0,-1,-1,-1,-1,-1,-1,0,0,-1,0,0,0,0,0,0,-1,-1,-1,-1,-1,-1,-1,-1,-1,-1,-1,-1,-1,-1,-1,-1,-1,-1,-1,-1,-1,-1,-1,-1,-1
52486,938315,-1,-1,60,-1,-1,-1,-1,-1,-1,972,-1,21,-1,-1,-1,-1,-1,-1,-1,-1,-1,0,0,-1,-1,-1,-1,-1,-1,0,0,-1,0,0,0,0,0,0,-1,-1,-1,-1,-1,-1,-1,-1,-1,-1,-1,-1,-1,-1,-1,-1,-1,-1,-1,-1,-1,-1,-1,-1,-1
52491,938315,-1,-1,53,-1,-1,-1,-1,-1,-1,876,-1,19,-1,-1,-1,-1,-1,-1,-1,-1,-1,0,0,-1,-1,-1,-1,-1,-1,0,0,-1,0,0,0,0,0,0,-1,-1,-1,-1,-1,-1,-1,-1,-1,-1,-1,-1,-1,-1,-1,-1,-1,-1,-1,-1,-1,-1,-1,-1,-1
52492,938315,-1,-1,50,-1,-1,-1,-1,-1,-1,830,-1,17,-1,-1,-1,-1,-1,-1,-1,-1,-1,0,0,-1,-1,-1,-1,-1,-1,0,0,-1,0,0,0,0,0,0,-1,-1,-1,-1,-1,-1,-1,-1,-1,-1,-1,-1,-1,-1,-1,-1,-1,-1,-1,-1,-1,-1,-1,-1,-1
52493,938315,-1,-1,49,-1,-1,-1,-1,-1,-1,814,-1,17,-1,-1,-1,-1,-1,-1,-1,-1,-1,0,0,-1,-1,-1,-1,-1,-1,0,0,-1,0,0,0,0,0,0,-1,-1,-1,-1,-1,-1,-1,-1,-1,-1,-1,-1,-1,-1,-1,-1,-1,-1,-1,-1,-1,-1,-1,-1,-1
52494,938315,-1,-1,47,-1,-1,-1,-1,-1,-1,776,-1,16,-1,-1,-1,-1,-1,-1,-1,-1,-1,0,0,-1,-1,-1,-1,-1,-1,0,0,-1,0,0,0,0,0,0,-1,-1,-1,-1,-1,-1,-1,-1,-1,-1,-1,-1,-1,-1,-1,-1,-1,-1,-1,-1,-1,-1,-1,-1,-1
52495,938315,-1,-1,44,-1,-1,-1,-1,-1,-1,737,-1,14,-1,-1,-1,-1,-1,-1,-1,-1,-1,0,0,-1,-1,-1,-1,-1,-1,0,0,-1,0,0,0,0,0,0,-1,-1,-1,-1,-1,-1,-1,-1,-1,-1,-1,-1,-1,-1,-1,-1,-1,-1,-1,-1,-1,-1,-1,-1,-1
52508,938315,-1,-1,161,-1,-1,-1,-1,-1,-1,2104,-1,127,-1,-1,-1,-1,-1,-1,-1,-1,-1,0,0,-1,-1,-1,-1,-1,-1,-1,-1,-1,0,0,0,0,0,0,-1,-1,-1,-1,-1,-1,-1,-1,-1,-1,-1,-1,-1,-1,-1,-1,-1,-1,-1,-1,-1,-1,-1,-1,-1
52518,938315,-1,-1,154,-1,-1,-1,-1,-1,-1,2051,-1,113,-1,-1,-1,-1,-1,-1,-1,-1,-1,0,0,-1,-1,-1,-1,-1,-1,-1,-1,-1,0,0,0,0,0,0,-1,-1,-1,-1,-1,-1,-1,-1,-1,-1,-1,-1,-1,-1,-1,-1,-1,-1,-1,-1,-1,-1,-1,-1,-1
52519,938315,-1,-1,123,-1,-1,-1,-1,-1,-1,1746,-1,64,-1,-1,-1,-1,-1,-1,-1,-1,-1,0,0,-1,-1,-1,-1,-1,-1,-1,-1,-1,0,0,0,0,0,0,-1,-1,-1,-1,-1,-1,-1,-1,-1,-1,-1,-1,-1,-1,-1,-1,-1,-1,-1,-1,-1,-1,-1,-1,-1
52520,938315,-1,-1,107,-1,-1,-1,-1,-1,-1,1574,-1,53,-1,-1,-1,-1,-1,-1,-1,-1,-1,0,0,-1,-1,-1,-1,-1,-1,0,0,-1,0,0,0,0,0,0,-1,-1,-1,-1,-1,-1,-1,-1,-1,-1,-1,-1,-1,-1,-1,-1,-1,-1,-1,-1,-1,-1,-1,-1,-1
52521,938315,-1,-1,103,-1,-1,-1,-1,-1,-1,1518,-1,48,-1,-1,-1,-1,-1,-1,-1,-1,-1,0,0,-1,-1,-1,-1,-1,-1,0,0,-1,0,0,0,0,0,0,-1,-1,-1,-1,-1,-1,-1,-1,-1,-1,-1,-1,-1,-1,-1,-1,-1,-1,-1,-1,-1,-1,-1,-1,-1
52522,938315,-1,-1,96,-1,-1,-1,-1,-1,-1,1445,-1,40,-1,-1,-1,-1,-1,-1,-1,-1,-1,0,0,-1,-1,-1,-1,-1,-1,0,0,-1,0,0,0,0,0,0,-1,-1,-1,-1,-1,-1,-1,-1,-1,-1,-1,-1,-1,-1,-1,-1,-1,-1,-1,-1,-1,-1,-1,-1,-1
52538,938315,-1,-1,84,-1,-1,-1,-1,-1,-1,1285,-1,29,-1,-1,-1,-1,-1,-1,-1,-1,-1,0,0,-1,-1,-1,-1,-1,-1,0,0,-1,0,0,0,0,0,0,-1,-1,-1,-1,-1,-1,-1,-1,-1,-1,-1,-1,-1,-1,-1,-1,-1,-1,-1,-1,-1,-1,-1,-1,-1
52539,938315,-1,-1,82,-1,-1,-1,-1,-1,-1,1262,-1,28,-1,-1,-1,-1,-1,-1,-1,-1,-1,0,0,-1,-1,-1,-1,-1,-1,0,0,-1,0,0,0,0,0,0,-1,-1,-1,-1,-1,-1,-1,-1,-1,-1,-1,-1,-1,-1,-1,-1,-1,-1,-1,-1,-1,-1,-1,-1,-1
52540,938315,-1,-1,77,-1,-1,-1,-1,-1,-1,1199,-1,25,-1,-1,-1,-1,-1,-1,-1,-1,-1,0,0,-1,-1,-1,-1,-1,-1,0,0,-1,0,0,0,0,0,0,-1,-1,-1,-1,-1,-1,-1,-1,-1,-1,-1,-1,-1,-1,-1,-1,-1,-1,-1,-1,-1,-1,-1,-1,-1
52558,938315,-1,-1,169,-1,-1,-1,-1,-1,-1,2116,-1,137,-1,-1,-1,-1,-1,-1,-1,-1,-1,0,0,-1,-1,-1,-1,-1,-1,-1,-1,-1,0,0,0,0,0,0,-1,-1,-1,-1,-1,-1,-1,-1,-1,-1,-1,-1,-1,-1,-1,-1,-1,-1,-1,-1,-1,-1,-1,-1,-1
52575,938315,-1,-1,129,-1,-1,-1,-1,-1,-1,1808,-1,59,-1,-1,-1,-1,-1,-1,-1,-1,-1,0,0,-1,-1,-1,-1,-1,-1,0,-1,-1,0,0,0,0,0,0,-1,-1,-1,-1,-1,-1,-1,-1,-1,-1,-1,-1,-1,-1,-1,-1,-1,-1,-1,-1,-1,-1,-1,-1,-1
52576,938315,-1,-1,129,-1,-1,-1,-1,-1,-1,1808,-1,35,-1,-1,-1,-1,-1,-1,-1,-1,-1,0,0,-1,-1,-1,-1,-1,-1,0,-1,-1,0,0,0,0,0,0,-1,-1,-1,-1,-1,-1,-1,-1,-1,-1,-1,-1,-1,-1,-1,-1,-1,-1,-1,-1,-1,-1,-1,-1,-1
52579,938315,-1,-1,77,-1,-1,-1,-1,-1,-1,1197,-1,26,-1,-1,-1,-1,-1,-1,-1,-1,-1,0,0,-1,-1,-1,-1,-1,-1,0,0,-1,0,0,0,0,0,0,-1,-1,-1,-1,-1,-1,-1,-1,-1,-1,-1,-1,-1,-1,-1,-1,-1,-1,-1,-1,-1,-1,-1,-1,-1
52580,938315,-1,-1,77,-1,-1,-1,-1,-1,-1,1197,-1,23,-1,-1,-1,-1,-1,-1,-1,-1,-1,0,0,-1,-1,-1,-1,-1,-1,0,0,-1,0,0,0,0,0,0,-1,-1,-1,-1,-1,-1,-1,-1,-1,-1,-1,-1,-1,-1,-1,-1,-1,-1,-1,-1,-1,-1,-1,-1,-1
52581,938315,-1,-1,69,-1,-1,-1,-1,-1,-1,1076,-1,22,-1,-1,-1,-1,-1,-1,-1,-1,-1,0,0,-1,-1,-1,-1,-1,-1,0,0,-1,0,0,0,0,0,0,-1,-1,-1,-1,-1,-1,-1,-1,-1,-1,-1,-1,-1,-1,-1,-1,-1,-1,-1,-1,-1,-1,-1,-1,-1
52584,938315,-1,-1,207,-1,-1,-1,-1,-1,-1,2368,-1,426,-1,-1,-1,-1,-1,-1,-1,-1,-1,0,0,-1,-1,-1,-1,-1,-1,-1,-1,-1,0,0,0,0,0,0,-1,-1,-1,-1,-1,-1,-1,-1,-1,-1,-1,-1,-1,-1,-1,-1,-1,-1,-1,-1,-1,-1,-1,-1,-1
52585,938315,-1,-1,173,-1,-1,-1,-1,-1,-1,2138,-1,160,-1,-1,-1,-1,-1,-1,-1,-1,-1,0,0,-1,-1,-1,-1,-1,-1,-1,-1,-1,0,0,0,0,0,0,-1,-1,-1,-1,-1,-1,-1,-1,-1,-1,-1,-1,-1,-1,-1,-1,-1,-1,-1,-1,-1,-1,-1,-1,-1
52586,938315,-1,-1,140,-1,-1,-1,-1,-1,-1,1880,-1,87,-1,-1,-1,-1,-1,-1,-1,-1,-1,0,0,-1,-1,-1,-1,-1,-1,-1,-1,-1,0,0,0,0,0,0,-1,-1,-1,-1,-1,-1,-1,-1,-1,-1,-1,-1,-1,-1,-1,-1,-1,-1,-1,-1,-1,-1,-1,-1,-1
52592,938315,-1,-1,104,-1,-1,-1,-1,-1,-1,1524,-1,46,-1,-1,-1,-1,-1,-1,-1,-1,-1,0,0,-1,-1,-1,-1,-1,-1,-1,-1,-1,0,0,0,0,0,0,-1,-1,-1,-1,-1,-1,-1,-1,-1,-1,-1,-1,-1,-1,-1,-1,-1,-1,-1,-1,-1,-1,-1,-1,-1
52593,938315,-1,-1,99,-1,-1,-1,-1,-1,-1,1449,-1,43,-1,-1,-1,-1,-1,-1,-1,-1,-1,0,0,-1,-1,-1,-1,-1,-1,0,0,-1,0,0,0,0,0,0,-1,-1,-1,-1,-1,-1,-1,-1,-1,-1,-1,-1,-1,-1,-1,-1,-1,-1,-1,-1,-1,-1,-1,-1,-1
52594,938314,-1,-1,88,-1,-1,-1,-1,-1,-1,1327,-1,32,-1,-1,-1,-1,-1,-1,-1,-1,-1,0,0,-1,-1,-1,-1,-1,-1,1,1,-1,0,0,0,0,0,0,-1,-1,-1,-1,-1,-1,-1,-1,-1,-1,-1,-1,-1,-1,-1,-1,-1,-1,-1,-1,-1,-1,-1,-1,-1
52595,938315,-1,-1,83,-1,-1,-1,-1,-1,-1,1258,-1,28,-1,-1,-1,-1,-1,-1,-1,-1,-1,0,0,-1,-1,-1,-1,-1,-1,0,0,-1,0,0,0,0,0,0,-1,-1,-1,-1,-1,-1,-1,-1,-1,-1,-1,-1,-1,-1,-1,-1,-1,-1,-1,-1,-1,-1,-1,-1,-1
52596,938315,-1,-1,83,-1,-1,-1,-1,-1,-1,1258,-1,27,-1,-1,-1,-1,-1,-1,-1,-1,-1,0,0,-1,-1,-1,-1,-1,-1,0,0,-1,0,0,0,0,0,0,-1,-1,-1,-1,-1,-1,-1,-1,-1,-1,-1,-1,-1,-1,-1,-1,-1,-1,-1,-1,-1,-1,-1,-1,-1
52610,938315,-1,-1,152,-1,-1,-1,-1,-1,-1,2043,-1,108,-1,-1,-1,-1,-1,-1,-1,-1,-1,0,0,-1,-1,-1,-1,-1,-1,-1,-1,-1,0,0,0,0,0,0,-1,0,-1,-1,-1,-1,-1,-1,-1,-1,-1,-1,-1,-1,-1,-1,-1,-1,-1,-1,-1,-1,-1,-1,-1
52611,938315,-1,-1,125,-1,-1,-1,-1,-1,-1,1765,-1,79,-1,-1,-1,-1,-1,-1,-1,-1,-1,0,0,-1,-1,-1,-1,-1,-1,0,0,-1,0,0,0,0,0,0,-1,0,-1,-1,-1,-1,-1,-1,-1,-1,-1,-1,-1,-1,-1,-1,-1,-1,-1,-1,-1,-1,-1,-1,-1
52613,938315,-1,-1,114,-1,-1,-1,-1,-1,-1,1634,-1,53,-1,-1,-1,-1,-1,-1,-1,-1,-1,0,0,-1,-1,-1,-1,-1,-1,-1,-1,-1,0,0,0,0,0,0,-1,0,-1,-1,-1,-1,-1,-1,-1,-1,-1,-1,-1,-1,-1,-1,-1,-1,-1,-1,-1,-1,-1,-1,-1
52614,938315,-1,-1,104,-1,-1,-1,-1,-1,-1,1519,-1,48,-1,-1,-1,-1,-1,-1,-1,-1,-1,0,0,-1,-1,-1,-1,-1,-1,0,0,-1,0,0,0,0,0,0,-1,0,-1,-1,-1,-1,-1,-1,-1,-1,-1,-1,-1,-1,-1,-1,-1,-1,-1,-1,-1,-1,-1,-1,-1
52615,938315,-1,-1,100,-1,-1,-1,-1,-1,-1,1473,-1,44,-1,-1,-1,-1,-1,-1,-1,-1,-1,0,0,-1,-1,-1,-1,-1,-1,0,0,-1,0,0,0,0,0,0,-1,0,-1,-1,-1,-1,-1,-1,-1,-1,-1,-1,-1,-1,-1,-1,-1,-1,-1,-1,-1,-1,-1,-1,-1
52616,938315,-1,-1,96,-1,-1,-1,-1,-1,-1,1430,-1,40,-1,-1,-1,-1,-1,-1,-1,-1,-1,0,0,-1,-1,-1,-1,-1,-1,0,0,-1,0,0,0,0,0,0,-1,0,-1,-1,-1,-1,-1,-1,-1,-1,-1,-1,-1,-1,-1,-1,-1,-1,-1,-1,-1,-1,-1,-1,-1
52617,938315,-1,-1,92,-1,-1,-1,-1,-1,-1,1373,-1,36,-1,-1,-1,-1,-1,-1,-1,-1,-1,0,0,-1,-1,-1,-1,-1,-1,0,0,-1,0,0,0,0,0,0,-1,0,-1,-1,-1,-1,-1,-1,-1,-1,-1,-1,-1,-1,-1,-1,-1,-1,-1,-1,-1,-1,-1,-1,-1
52618,938315,-1,-1,86,-1,-1,-1,-1,-1,-1,1306,-1,30,-1,-1,-1,-1,-1,-1,-1,-1,-1,0,0,-1,-1,-1,-1,-1,-1,1,1,-1,0,0,0,0,0,0,-1,0,-1,-1,-1,-1,-1,-1,-1,-1,-1,-1,-1,-1,-1,-1,-1,-1,-1,-1,-1,-1,-1,-1,-1
52619,938315,-1,-1,84,-1,-1,-1,-1,-1,-1,1279,-1,29,-1,-1,-1,-1,-1,-1,-1,-1,-1,0,0,-1,-1,-1,-1,-1,-1,0,0,-1,0,0,0,0,0,0,-1,0,-1,-1,-1,-1,-1,-1,-1,-1,-1,-1,-1,-1,-1,-1,-1,-1,-1,-1,-1,-1,-1,-1,-1
52623,938315,-1,-1,204,-1,-1,-1,-1,-1,-1,2472,-1,199,-1,-1,-1,-1,-1,-1,-1,-1,-1,1,0,-1,-1,-1,-1,-1,-1,-1,-1,-1,0,0,0,1,0,0,-1,0,-1,-1,-1,-1,-1,-1,-1,-1,-1,-1,-1,-1,-1,-1,-1,-1,-1,-1,-1,-1,-1,-1,-1
52624,938315,-1,-1,204,-1,-1,-1,-1,-1,-1,2472,-1,85,-1,-1,-1,-1,-1,-1,-1,-1,-1,1,0,-1,-1,-1,-1,-1,-1,-1,-1,-1,0,0,0,1,0,0,-1,0,-1,-1,-1,-1,-1,-1,-1,-1,-1,-1,-1,-1,-1,-1,-1,-1,-1,-1,-1,-1,-1,-1,-1
52625,938315,-1,-1,204,-1,-1,-1,-1,-1,-1,2472,-1,56,-1,-1,-1,-1,-1,-1,-1,-1,-1,1,0,-1,-1,-1,-1,-1,-1,-1,-1,-1,0,0,0,1,0,0,-1,0,-1,-1,-1,-1,-1,-1,-1,-1,-1,-1,-1,-1,-1,-1,-1,-1,-1,-1,-1,-1,-1,-1,-1
52626,938315,-1,-1,204,-1,-1,-1,-1,-1,-1,2472,-1,42,-1,-1,-1,-1,-1,-1,-1,-1,-1,1,0,-1,-1,-1,-1,-1,-1,-1,-1,-1,0,0,0,1,0,0,-1,0,-1,-1,-1,-1,-1,-1,-1,-1,-1,-1,-1,-1,-1,-1,-1,-1,-1,-1,-1,-1,-1,-1,-1
52627,938315,-1,-1,204,-1,-1,-1,-1,-1,-1,2472,-1,34,-1,-1,-1,-1,-1,-1,-1,-1,-1,1,0,-1,-1,-1,-1,-1,-1,-1,-1,-1,0,0,0,1,0,0,-1,0,-1,-1,-1,-1,-1,-1,-1,-1,-1,-1,-1,-1,-1,-1,-1,-1,-1,-1,-1,-1,-1,-1,-1
52628,938315,-1,-1,204,-1,-1,-1,-1,-1,-1,2472,-1,29,-1,-1,-1,-1,-1,-1,-1,-1,-1,1,0,-1,-1,-1,-1,-1,-1,-1,-1,-1,0,0,0,1,0,0,-1,0,-1,-1,-1,-1,-1,-1,-1,-1,-1,-1,-1,-1,-1,-1,-1,-1,-1,-1,-1,-1,-1,-1,-1
52629,938315,-1,-1,204,-1,-1,-1,-1,-1,-1,2472,-1,24,-1,-1,-1,-1,-1,-1,-1,-1,-1,1,0,-1,-1,-1,-1,-1,-1,-1,-1,-1,0,0,0,1,0,0,-1,0,-1,-1,-1,-1,-1,-1,-1,-1,-1,-1,-1,-1,-1,-1,-1,-1,-1,-1,-1,-1,-1,-1,-1
52637,938315,-1,-1,153,-1,-1,-1,-1,-1,-1,2046,-1,187,-1,-1,-1,-1,-1,-1,-1,-1,-1,0,0,-1,-1,-1,-1,-1,-1,0,-1,-1,0,0,0,0,0,0,-1,0,-1,-1,-1,-1,-1,-1,-1,-1,-1,-1,-1,-1,-1,-1,-1,-1,-1,-1,-1,-1,-1,-1,-1
52638,938315,-1,-1,118,-1,-1,-1,-1,-1,-1,1697,-1,72,-1,-1,-1,-1,-1,-1,-1,-1,-1,0,0,-1,-1,-1,-1,-1,-1,0,0,-1,0,0,0,0,0,0,-1,0,-1,-1,-1,-1,-1,-1,-1,-1,-1,-1,-1,-1,-1,-1,-1,-1,-1,-1,-1,-1,-1,-1,-1
52639,938315,-1,-1,106,-1,-1,-1,-1,-1,-1,1565,-1,54,-1,-1,-1,-1,-1,-1,-1,-1,-1,0,0,-1,-1,-1,-1,-1,-1,0,0,-1,0,0,0,0,0,0,-1,0,-1,-1,-1,-1,-1,-1,-1,-1,-1,-1,-1,-1,-1,-1,-1,-1,-1,-1,-1,-1,-1,-1,-1
52640,938315,-1,-1,97,-1,-1,-1,-1,-1,-1,1450,-1,41,-1,-1,-1,-1,-1,-1,-1,-1,-1,0,0,-1,-1,-1,-1,-1,-1,1,1,-1,0,0,0,0,0,0,-1,0,-1,-1,-1,-1,-1,-1,-1,-1,-1,-1,-1,-1,-1,-1,-1,-1,-1,-1,-1,-1,-1,-1,-1
52641,938315,-1,-1,88,-1,-1,-1,-1,-1,-1,1340,-1,34,-1,-1,-1,-1,-1,-1,-1,-1,-1,0,0,-1,-1,-1,-1,-1,-1,0,0,-1,0,0,0,0,0,0,-1,0,-1,-1,-1,-1,-1,-1,-1,-1,-1,-1,-1,-1,-1,-1,-1,-1,-1,-1,-1,-1,-1,-1,-1
52642,938315,-1,-1,81,-1,-1,-1,-1,-1,-1,1253,-1,28,-1,-1,-1,-1,-1,-1,-1,-1,-1,0,0,-1,-1,-1,-1,-1,-1,0,0,-1,0,0,0,0,0,0,-1,0,-1,-1,-1,-1,-1,-1,-1,-1,-1,-1,-1,-1,-1,-1,-1,-1,-1,-1,-1,-1,-1,-1,-1
52643,938315,-1,-1,73,-1,-1,-1,-1,-1,-1,1132,-1,24,-1,-1,-1,-1,-1,-1,-1,-1,-1,0,0,-1,-1,-1,-1,-1,-1,0,0,-1,0,0,0,0,0,0,-1,0,-1,-1,-1,-1,-1,-1,-1,-1,-1,-1,-1,-1,-1,-1,-1,-1,-1,-1,-1,-1,-1,-1,-1
52649,938315,-1,-1,173,-1,-1,-1,-1,-1,-1,2149,-1,165,-1,-1,-1,-1,-1,-1,-1,-1,-1,0,0,-1,-1,-1,-1,-1,-1,-1,-1,-1,0,0,0,0,0,0,-1,0,-1,-1,-1,-1,-1,-1,-1,-1,-1,-1,-1,-1,-1,-1,-1,-1,-1,-1,-1,-1,-1,-1,-1
52650,938315,-1,-1,126,-1,-1,-1,-1,-1,-1,1756,-1,85,-1,-1,-1,-1,-1,-1,-1,-1,-1,0,0,-1,-1,-1,-1,-1,-1,0,-1,-1,0,0,0,0,0,0,-1,0,-1,-1,-1,-1,-1,-1,-1,-1,-1,-1,-1,-1,-1,-1,-1,-1,-1,-1,-1,-1,-1,-1,-1
52651,938315,-1,-1,108,-1,-1,-1,-1,-1,-1,1567,-1,48,-1,-1,-1,-1,-1,-1,-1,-1,-1,0,0,-1,-1,-1,-1,-1,-1,-1,-1,-1,0,0,0,0,0,0,-1,0,-1,-1,-1,-1,-1,-1,-1,-1,-1,-1,-1,-1,-1,-1,-1,-1,-1,-1,-1,-1,-1,-1,-1
52652,938315,-1,-1,98,-1,-1,-1,-1,-1,-1,1469,-1,44,-1,-1,-1,-1,-1,-1,-1,-1,-1,0,0,-1,-1,-1,-1,-1,-1,0,0,-1,0,0,0,0,0,0,-1,0,-1,-1,-1,-1,-1,-1,-1,-1,-1,-1,-1,-1,-1,-1,-1,-1,-1,-1,-1,-1,-1,-1,-1
52656,938315,-1,-1,86,-1,-1,-1,-1,-1,-1,1308,-1,31,-1,-1,-1,-1,-1,-1,-1,-1,-1,0,0,-1,-1,-1,-1,-1,-1,0,0,-1,0,0,0,0,0,0,-1,0,-1,-1,-1,-1,-1,-1,-1,-1,-1,-1,-1,-1,-1,-1,-1,-1,-1,-1,-1,-1,-1,-1,-1
52658,938315,-1,-1,83,-1,-1,-1,-1,-1,-1,1277,-1,29,-1,-1,-1,-1,-1,-1,-1,-1,-1,0,0,-1,-1,-1,-1,-1,-1,0,0,-1,0,0,0,0,0,0,-1,0,-1,-1,-1,-1,-1,-1,-1,-1,-1,-1,-1,-1,-1,-1,-1,-1,-1,-1,-1,-1,-1,-1,-1
52659,938315,-1,-1,78,-1,-1,-1,-1,-1,-1,1225,-1,26,-1,-1,-1,-1,-1,-1,-1,-1,-1,0,0,-1,-1,-1,-1,-1,-1,0,0,-1,0,0,0,0,0,0,-1,0,-1,-1,-1,-1,-1,-1,-1,-1,-1,-1,-1,-1,-1,-1,-1,-1,-1,-1,-1,-1,-1,-1,-1
52660,938315,-1,-1,74,-1,-1,-1,-1,-1,-1,1165,-1,24,-1,-1,-1,-1,-1,-1,-1,-1,-1,0,0,-1,-1,-1,-1,-1,-1,0,0,-1,0,0,0,0,0,0,-1,0,-1,-1,-1,-1,-1,-1,-1,-1,-1,-1,-1,-1,-1,-1,-1,-1,-1,-1,-1,-1,-1,-1,-1
52661,938315,-1,-1,74,-1,-1,-1,-1,-1,-1,1144,-1,23,-1,-1,-1,-1,-1,-1,-1,-1,-1,0,0,-1,-1,-1,-1,-1,-1,0,0,-1,0,0,0,0,0,0,-1,0,-1,-1,-1,-1,-1,-1,-1,-1,-1,-1,-1,-1,-1,-1,-1,-1,-1,-1,-1,-1,-1,-1,-1
52662,938315,-1,-1,69,-1,-1,-1,-1,-1,-1,1094,-1,22,-1,-1,-1,-1,-1,-1,-1,-1,-1,0,0,-1,-1,-1,-1,-1,-1,0,0,-1,0,0,0,0,0,0,-1,0,-1,-1,-1,-1,-1,-1,-1,-1,-1,-1,-1,-1,-1,-1,-1,-1,-1,-1,-1,-1,-1,-1,-1
52664,938315,-1,-1,64,-1,-1,-1,-1,-1,-1,1010,-1,20,-1,-1,-1,-1,-1,-1,-1,-1,-1,0,0,-1,-1,-1,-1,-1,-1,0,0,-1,0,0,0,0,0,0,-1,0,-1,-1,-1,-1,-1,-1,-1,-1,-1,-1,-1,-1,-1,-1,-1,-1,-1,-1,-1,-1,-1,-1,-1
52665,938315,-1,-1,62,-1,-1,-1,-1,-1,-1,995,-1,19,-1,-1,-1,-1,-1,-1,-1,-1,-1,0,0,-1,-1,-1,-1,-1,-1,0,0,-1,0,0,0,0,0,0,-1,0,-1,-1,-1,-1,-1,-1,-1,-1,-1,-1,-1,-1,-1,-1,-1,-1,-1,-1,-1,-1,-1,-1,-1
52677,938315,-1,-1,145,-1,-1,-1,-1,-1,-1,1880,-1,97,-1,-1,-1,-1,-1,-1,-1,-1,-1,0,0,-1,-1,-1,-1,-1,-1,-1,-1,-1,0,0,0,0,0,0,-1,0,-1,-1,-1,-1,-1,-1,-1,-1,-1,-1,-1,-1,-1,-1,-1,-1,-1,-1,-1,-1,-1,-1,-1
52678,938315,-1,-1,111,-1,-1,-1,-1,-1,-1,1578,-1,52,-1,-1,-1,-1,-1,-1,-1,-1,-1,0,0,-1,-1,-1,-1,-1,-1,-1,-1,-1,0,0,0,0,0,0,-1,0,-1,-1,-1,-1,-1,-1,-1,-1,-1,-1,-1,-1,-1,-1,-1,-1,-1,-1,-1,-1,-1,-1,-1
52679,938315,-1,-1,103,-1,-1,-1,-1,-1,-1,1496,-1,52,-1,-1,-1,-1,-1,-1,-1,-1,-1,0,0,-1,-1,-1,-1,-1,-1,0,0,-1,0,0,0,0,0,0,-1,0,-1,-1,-1,-1,-1,-1,-1,-1,-1,-1,-1,-1,-1,-1,-1,-1,-1,-1,-1,-1,-1,-1,-1
52680,938315,-1,-1,85,-1,-1,-1,-1,-1,-1,1303,-1,33,-1,-1,-1,-1,-1,-1,-1,-1,-1,0,0,-1,-1,-1,-1,-1,-1,0,0,-1,0,0,0,0,0,0,-1,0,-1,-1,-1,-1,-1,-1,-1,-1,-1,-1,-1,-1,-1,-1,-1,-1,-1,-1,-1,-1,-1,-1,-1
52682,938315,-1,-1,71,-1,-1,-1,-1,-1,-1,1112,-1,24,-1,-1,-1,-1,-1,-1,-1,-1,-1,0,0,-1,-1,-1,-1,-1,-1,0,0,-1,0,0,0,0,0,0,-1,0,-1,-1,-1,-1,-1,-1,-1,-1,-1,-1,-1,-1,-1,-1,-1,-1,-1,-1,-1,-1,-1,-1,-1
52684,938315,-1,-1,68,-1,-1,-1,-1,-1,-1,1082,-1,24,-1,-1,-1,-1,-1,-1,-1,-1,-1,0,0,-1,-1,-1,-1,-1,-1,0,0,-1,0,0,0,0,0,0,-1,0,-1,-1,-1,-1,-1,-1,-1,-1,-1,-1,-1,-1,-1,-1,-1,-1,-1,-1,-1,-1,-1,-1,-1
52685,938315,-1,-1,64,-1,-1,-1,-1,-1,-1,1019,-1,21,-1,-1,-1,-1,-1,-1,-1,-1,-1,0,0,-1,-1,-1,-1,-1,-1,0,0,-1,0,0,0,0,0,0,-1,0,-1,-1,-1,-1,-1,-1,-1,-1,-1,-1,-1,-1,-1,-1,-1,-1,-1,-1,-1,-1,-1,-1,-1
52690,938315,-1,-1,59,-1,-1,-1,-1,-1,-1,957,-1,20,-1,-1,-1,-1,-1,-1,-1,-1,-1,0,0,-1,-1,-1,-1,-1,-1,0,0,-1,0,0,0,0,0,0,-1,0,-1,-1,-1,-1,-1,-1,-1,-1,-1,-1,-1,-1,-1,-1,-1,-1,-1,-1,-1,-1,-1,-1,-1
52691,938315,-1,-1,57,-1,-1,-1,-1,-1,-1,926,-1,19,-1,-1,-1,-1,-1,-1,-1,-1,-1,0,0,-1,-1,-1,-1,-1,-1,0,0,-1,0,0,0,0,0,0,-1,0,-1,-1,-1,-1,-1,-1,-1,-1,-1,-1,-1,-1,-1,-1,-1,-1,-1,-1,-1,-1,-1,-1,-1
52692,938315,-1,-1,56,-1,-1,-1,-1,-1,-1,908,-1,18,-1,-1,-1,-1,-1,-1,-1,-1,-1,0,0,-1,-1,-1,-1,-1,-1,0,0,-1,0,0,0,0,0,0,-1,0,-1,-1,-1,-1,-1,-1,-1,-1,-1,-1,-1,-1,-1,-1,-1,-1,-1,-1,-1,-1,-1,-1,-1
52702,938315,-1,-1,186,-1,-1,-1,-1,-1,-1,2265,-1,222,-1,-1,-1,-1,-1,-1,-1,-1,-1,0,0,-1,-1,-1,-1,-1,-1,-1,-1,-1,0,0,0,0,0,0,-1,0,-1,-1,-1,-1,-1,-1,-1,-1,-1,-1,-1,-1,-1,-1,-1,-1,-1,-1,-1,-1,-1,-1,-1
52703,938315,-1,-1,125,-1,-1,-1,-1,-1,-1,1750,-1,82,-1,-1,-1,-1,-1,-1,-1,-1,-1,0,0,-1,-1,-1,-1,-1,-1,0,-1,-1,0,0,0,0,0,0,-1,0,-1,-1,-1,-1,-1,-1,-1,-1,-1,-1,-1,-1,-1,-1,-1,-1,-1,-1,-1,-1,-1,-1,-1
52704,938315,-1,-1,106,-1,-1,-1,-1,-1,-1,1549,-1,51,-1,-1,-1,-1,-1,-1,-1,-1,-1,0,0,-1,-1,-1,-1,-1,-1,0,0,-1,0,0,0,0,0,0,-1,0,-1,-1,-1,-1,-1,-1,-1,-1,-1,-1,-1,-1,-1,-1,-1,-1,-1,-1,-1,-1,-1,-1,-1
52705,938315,-1,-1,99,-1,-1,-1,-1,-1,-1,1473,-1,44,-1,-1,-1,-1,-1,-1,-1,-1,-1,0,0,-1,-1,-1,-1,-1,-1,0,0,-1,0,0,0,0,0,0,-1,0,-1,-1,-1,-1,-1,-1,-1,-1,-1,-1,-1,-1,-1,-1,-1,-1,-1,-1,-1,-1,-1,-1,-1
52706,938315,-1,-1,95,-1,-1,-1,-1,-1,-1,1428,-1,40,-1,-1,-1,-1,-1,-1,-1,-1,-1,0,0,-1,-1,-1,-1,-1,-1,0,0,-1,0,0,0,0,0,0,-1,0,-1,-1,-1,-1,-1,-1,-1,-1,-1,-1,-1,-1,-1,-1,-1,-1,-1,-1,-1,-1,-1,-1,-1
52707,938315,-1,-1,87,-1,-1,-1,-1,-1,-1,1333,-1,33,-1,-1,-1,-1,-1,-1,-1,-1,-1,0,0,-1,-1,-1,-1,-1,-1,0,0,-1,0,0,0,0,0,0,-1,0,-1,-1,-1,-1,-1,-1,-1,-1,-1,-1,-1,-1,-1,-1,-1,-1,-1,-1,-1,-1,-1,-1,-1
52717,938315,-1,-1,207,-1,-1,-1,-1,-1,-1,2408,-1,219,-1,-1,-1,-1,-1,-1,-1,-1,-1,0,0,-1,-1,-1,-1,-1,-1,-1,-1,-1,0,0,0,0,0,0,-1,0,-1,-1,-1,-1,-1,-1,-1,-1,-1,-1,-1,-1,-1,-1,-1,-1,-1,-1,-1,-1,-1,-1,-1
52718,938315,-1,-1,131,-1,-1,-1,-1,-1,-1,1836,-1,75,-1,-1,-1,-1,-1,-1,-1,-1,-1,0,0,-1,-1,-1,-1,-1,-1,-1,-1,-1,0,0,0,0,0,0,-1,0,-1,-1,-1,-1,-1,-1,-1,-1,-1,-1,-1,-1,-1,-1,-1,-1,-1,-1,-1,-1,-1,-1,-1
52719,938315,-1,-1,126,-1,-1,-1,-1,-1,-1,1779,-1,81,-1,-1,-1,-1,-1,-1,-1,-1,-1,0,0,-1,-1,-1,-1,-1,-1,0,0,-1,0,0,0,0,0,0,-1,0,-1,-1,-1,-1,-1,-1,-1,-1,-1,-1,-1,-1,-1,-1,-1,-1,-1,-1,-1,-1,-1,-1,-1
52721,938315,-1,-1,104,-1,-1,-1,-1,-1,-1,1532,-1,48,-1,-1,-1,-1,-1,-1,-1,-1,-1,0,0,-1,-1,-1,-1,-1,-1,0,0,-1,0,0,0,0,0,0,-1,0,-1,-1,-1,-1,-1,-1,-1,-1,-1,-1,-1,-1,-1,-1,-1,-1,-1,-1,-1,-1,-1,-1,-1
52724,938315,-1,-1,89,-1,-1,-1,-1,-1,-1,1350,-1,33,-1,-1,-1,-1,-1,-1,-1,-1,-1,0,0,-1,-1,-1,-1,-1,-1,0,0,-1,0,0,0,0,0,0,-1,0,-1,-1,-1,-1,-1,-1,-1,-1,-1,-1,-1,-1,-1,-1,-1,-1,-1,-1,-1,-1,-1,-1,-1
52725,938315,-1,-1,82,-1,-1,-1,-1,-1,-1,1268,-1,27,-1,-1,-1,-1,-1,-1,-1,-1,-1,0,0,-1,-1,-1,-1,-1,-1,0,0,-1,0,0,0,0,0,0,-1,0,-1,-1,-1,-1,-1,-1,-1,-1,-1,-1,-1,-1,-1,-1,-1,-1,-1,-1,-1,-1,-1,-1,-1
52726,938315,-1,-1,80,-1,-1,-1,-1,-1,-1,1243,-1,26,-1,-1,-1,-1,-1,-1,-1,-1,-1,0,0,-1,-1,-1,-1,-1,-1,0,0,-1,0,0,0,0,0,0,-1,0,-1,-1,-1,-1,-1,-1,-1,-1,-1,-1,-1,-1,-1,-1,-1,-1,-1,-1,-1,-1,-1,-1,-1
52728,938315,-1,-1,79,-1,-1,-1,-1,-1,-1,1219,-1,25,-1,-1,-1,-1,-1,-1,-1,-1,-1,0,0,-1,-1,-1,-1,-1,-1,0,0,-1,0,0,0,0,0,0,-1,0,-1,-1,-1,-1,-1,-1,-1,-1,-1,-1,-1,-1,-1,-1,-1,-1,-1,-1,-1,-1,-1,-1,-1
52747,938315,-1,-1,138,-1,-1,-1,-1,-1,-1,1882,-1,91,-1,-1,-1,-1,-1,-1,-1,-1,-1,0,0,-1,-1,-1,-1,-1,-1,0,-1,-1,0,0,0,0,0,0,-1,0,-1,-1,-1,-1,-1,-1,-1,-1,-1,-1,-1,-1,-1,-1,-1,-1,-1,-1,-1,-1,-1,-1,-1
52749,938315,-1,-1,116,-1,-1,-1,-1,-1,-1,1678,-1,67,-1,-1,-1,-1,-1,-1,-1,-1,-1,0,0,-1,-1,-1,-1,-1,-1,0,0,-1,0,0,0,0,0,0,-1,0,-1,-1,-1,-1,-1,-1,-1,-1,-1,-1,-1,-1,-1,-1,-1,-1,-1,-1,-1,-1,-1,-1,-1
52751,938315,-1,-1,96,-1,-1,-1,-1,-1,-1,1443,-1,43,-1,-1,-1,-1,-1,-1,-1,-1,-1,0,0,-1,-1,-1,-1,-1,-1,0,0,-1,0,0,0,0,0,0,-1,0,-1,-1,-1,-1,-1,-1,-1,-1,-1,-1,-1,-1,-1,-1,-1,-1,-1,-1,-1,-1,-1,-1,-1
52752,938315,-1,-1,88,-1,-1,-1,-1,-1,-1,1342,-1,34,-1,-1,-1,-1,-1,-1,-1,-1,-1,0,0,-1,-1,-1,-1,-1,-1,0,0,-1,0,0,0,0,0,0,-1,0,-1,-1,-1,-1,-1,-1,-1,-1,-1,-1,-1,-1,-1,-1,-1,-1,-1,-1,-1,-1,-1,-1,-1
52753,938315,-1,-1,84,-1,-1,-1,-1,-1,-1,1292,-1,30,-1,-1,-1,-1,-1,-1,-1,-1,-1,0,0,-1,-1,-1,-1,-1,-1,0,0,-1,0,0,0,0,0,0,-1,0,-1,-1,-1,-1,-1,-1,-1,-1,-1,-1,-1,-1,-1,-1,-1,-1,-1,-1,-1,-1,-1,-1,-1
52754,938315,-1,-1,83,-1,-1,-1,-1,-1,-1,1275,-1,29,-1,-1,-1,-1,-1,-1,-1,-1,-1,0,0,-1,-1,-1,-1,-1,-1,0,0,-1,0,0,0,0,0,0,-1,0,-1,-1,-1,-1,-1,-1,-1,-1,-1,-1,-1,-1,-1,-1,-1,-1,-1,-1,-1,-1,-1,-1,-1
52755,938315,-1,-1,77,-1,-1,-1,-1,-1,-1,1187,-1,24,-1,-1,-1,-1,-1,-1,-1,-1,-1,0,0,-1,-1,-1,-1,-1,-1,0,0,-1,0,0,0,0,0,0,-1,0,-1,-1,-1,-1,-1,-1,-1,-1,-1,-1,-1,-1,-1,-1,-1,-1,-1,-1,-1,-1,-1,-1,-1
52756,938315,-1,-1,73,-1,-1,-1,-1,-1,-1,1132,-1,21,-1,-1,-1,-1,-1,-1,-1,-1,-1,0,0,-1,-1,-1,-1,-1,-1,0,0,-1,0,0,0,0,0,0,-1,0,-1,-1,-1,-1,-1,-1,-1,-1,-1,-1,-1,-1,-1,-1,-1,-1,-1,-1,-1,-1,-1,-1,-1
52760,938315,-1,-1,174,-1,-1,-1,-1,-1,-1,2148,-1,158,-1,-1,-1,-1,-1,-1,-1,-1,-1,0,0,-1,-1,-1,-1,-1,-1,-1,-1,-1,0,0,0,0,0,0,-1,0,-1,-1,-1,-1,-1,-1,-1,-1,-1,-1,-1,-1,-1,-1,-1,-1,-1,-1,-1,-1,-1,-1,-1
52761,938315,-1,-1,121,-1,-1,-1,-1,-1,-1,1708,-1,59,-1,-1,-1,-1,-1,-1,-1,-1,-1,0,0,-1,-1,-1,-1,-1,-1,-1,-1,-1,0,0,0,0,0,0,-1,0,-1,-1,-1,-1,-1,-1,-1,-1,-1,-1,-1,-1,-1,-1,-1,-1,-1,-1,-1,-1,-1,-1,-1
52777,938315,-1,-1,217,-1,-1,-1,-1,-1,-1,2499,-1,253,-1,-1,-1,-1,-1,-1,-1,-1,-1,2,0,-1,-1,-1,-1,-1,-1,-1,-1,-1,0,0,0,1,0,0,-1,0,-1,-1,-1,-1,-1,-1,-1,-1,-1,-1,-1,-1,-1,-1,-1,-1,-1,-1,-1,-1,-1,-1,-1
52778,938315,-1,-1,162,-1,-1,-1,-1,-1,-1,2142,-1,216,-1,-1,-1,-1,-1,-1,-1,-1,-1,0,0,-1,-1,-1,-1,-1,-1,0,-1,-1,0,0,0,0,0,0,-1,0,-1,-1,-1,-1,-1,-1,-1,-1,-1,-1,-1,-1,-1,-1,-1,-1,-1,-1,-1,-1,-1,-1,-1
52779,938315,-1,-1,129,-1,-1,-1,-1,-1,-1,1817,-1,86,-1,-1,-1,-1,-1,-1,-1,-1,-1,0,0,-1,-1,-1,-1,-1,-1,0,0,-1,0,0,0,0,0,0,-1,0,-1,-1,-1,-1,-1,-1,-1,-1,-1,-1,-1,-1,-1,-1,-1,-1,-1,-1,-1,-1,-1,-1,-1
52780,938315,-1,-1,111,-1,-1,-1,-1,-1,-1,1615,-1,58,-1,-1,-1,-1,-1,-1,-1,-1,-1,0,0,-1,-1,-1,-1,-1,-1,0,0,-1,0,0,0,0,0,0,-1,0,-1,-1,-1,-1,-1,-1,-1,-1,-1,-1,-1,-1,-1,-1,-1,-1,-1,-1,-1,-1,-1,-1,-1
52781,938315,-1,-1,102,-1,-1,-1,-1,-1,-1,1513,-1,44,-1,-1,-1,-1,-1,-1,-1,-1,-1,0,0,-1,-1,-1,-1,-1,-1,1,1,-1,0,0,0,0,0,0,-1,0,-1,-1,-1,-1,-1,-1,-1,-1,-1,-1,-1,-1,-1,-1,-1,-1,-1,-1,-1,-1,-1,-1,-1
52782,938315,-1,-1,95,-1,-1,-1,-1,-1,-1,1420,-1,38,-1,-1,-1,-1,-1,-1,-1,-1,-1,0,0,-1,-1,-1,-1,-1,-1,0,0,-1,0,0,0,0,0,0,-1,0,-1,-1,-1,-1,-1,-1,-1,-1,-1,-1,-1,-1,-1,-1,-1,-1,-1,-1,-1,-1,-1,-1,-1
52783,938315,-1,-1,89,-1,-1,-1,-1,-1,-1,1346,-1,33,-1,-1,-1,-1,-1,-1,-1,-1,-1,0,0,-1,-1,-1,-1,-1,-1,0,0,-1,0,0,0,0,0,0,-1,0,-1,-1,-1,-1,-1,-1,-1,-1,-1,-1,-1,-1,-1,-1,-1,-1,-1,-1,-1,-1,-1,-1,-1
52784,938315,-1,-1,87,-1,-1,-1,-1,-1,-1,1323,-1,31,-1,-1,-1,-1,-1,-1,-1,-1,-1,0,0,-1,-1,-1,-1,-1,-1,0,0,-1,0,0,0,0,0,0,-1,0,-1,-1,-1,-1,-1,-1,-1,-1,-1,-1,-1,-1,-1,-1,-1,-1,-1,-1,-1,-1,-1,-1,-1
52785,938315,-1,-1,85,-1,-1,-1,-1,-1,-1,1294,-1,29,-1,-1,-1,-1,-1,-1,-1,-1,-1,0,0,-1,-1,-1,-1,-1,-1,0,0,-1,0,0,0,0,0,0,-1,0,-1,-1,-1,-1,-1,-1,-1,-1,-1,-1,-1,-1,-1,-1,-1,-1,-1,-1,-1,-1,-1,-1,-1
52786,938315,-1,-1,81,-1,-1,-1,-1,-1,-1,1234,-1,26,-1,-1,-1,-1,-1,-1,-1,-1,-1,0,0,-1,-1,-1,-1,-1,-1,0,0,-1,0,0,0,0,0,0,-1,0,-1,-1,-1,-1,-1,-1,-1,-1,-1,-1,-1,-1,-1,-1,-1,-1,-1,-1,-1,-1,-1,-1,-1
52805,93810,-1,-1,-1,-1,-1,-1,-1,-1,-1,1000,-1,46,-1,-1,-1,-1,-1,-1,-1,-1,-1,-1,-1,-1,-1,-1,-1,-1,-1,-1,-1,-1,-1,-1,-1,-1,-1,-1,-1,-1,-1,-1,-1,-1,-1,-1,-1,-1,-1,-1,-1,-1,-1,-1,-1,-1,-1,-1,-1,-1,-1,-1,-1
52811,93810,-1,-1,52,-1,-1,-1,-1,-1,-1,3700,-1,140,-1,-1,-1,-1,-1,-1,-1,-1,-1,3,0,-1,-1,-1,-1,-1,-1,0,0,-1,-1,0,0,0,0,0,-1,-1,-1,-1,-1,-1,-1,-1,-1,-1,-1,-1,-1,-1,-1,-1,-1,-1,-1,-1,-1,-1,-1,-1,-1
52813,93831,-1,-1,50,-1,-1,-1,-1,-1,-1,2000,-1,100,-1,-1,-1,-1,-1,-1,-1,-1,-1,-1,0,-1,-1,-1,-1,-1,-1,0,0,-1,-1,0,0,0,0,0,-1,-1,-1,-1,-1,-1,-1,-1,-1,-1,-1,-1,-1,-1,-1,-1,-1,-1,-1,-1,-1,-1,-1,-1,-1
52814,938315,-1,-1,92,-1,-1,-1,-1,-1,-1,1378,-1,37,-1,-1,-1,-1,-1,-1,-1,-1,-1,0,0,-1,-1,-1,-1,-1,-1,0,0,-1,0,0,0,0,0,0,-1,0,-1,-1,-1,-1,-1,-1,-1,-1,-1,-1,-1,-1,-1,-1,-1,-1,-1,-1,-1,-1,-1,-1,-1
52815,938315,-1,-1,86,-1,-1,-1,-1,-1,-1,1308,-1,33,-1,-1,-1,-1,-1,-1,-1,-1,-1,0,0,-1,-1,-1,-1,-1,-1,0,0,-1,0,0,0,0,0,0,-1,0,-1,-1,-1,-1,-1,-1,-1,-1,-1,-1,-1,-1,-1,-1,-1,-1,-1,-1,-1,-1,-1,-1,-1
52816,938315,-1,-1,79,-1,-1,-1,-1,-1,-1,1210,-1,26,-1,-1,-1,-1,-1,-1,-1,-1,-1,0,0,-1,-1,-1,-1,-1,-1,0,0,-1,0,0,0,0,0,0,-1,0,-1,-1,-1,-1,-1,-1,-1,-1,-1,-1,-1,-1,-1,-1,-1,-1,-1,-1,-1,-1,-1,-1,-1
52819,938315,-1,-1,71,-1,-1,-1,-1,-1,-1,1123,-1,21,-1,-1,-1,-1,-1,-1,-1,-1,-1,0,0,-1,-1,-1,-1,-1,-1,0,0,-1,0,0,0,0,0,0,-1,0,-1,-1,-1,-1,-1,-1,-1,-1,-1,-1,-1,-1,-1,-1,-1,-1,-1,-1,-1,-1,-1,-1,-1
52844,938315,-1,-1,168,-1,-1,-1,-1,-1,-1,2181,-1,119,-1,-1,-1,-1,-1,-1,-1,-1,-1,0,0,-1,-1,-1,-1,-1,-1,-1,-1,-1,0,0,0,0,0,0,-1,0,-1,-1,-1,-1,-1,-1,-1,-1,-1,-1,-1,-1,-1,-1,-1,-1,-1,-1,-1,-1,-1,-1,-1
52845,938315,-1,-1,140,-1,-1,-1,-1,-1,-1,1923,-1,99,-1,-1,-1,-1,-1,-1,-1,-1,-1,0,0,-1,-1,-1,-1,-1,-1,0,0,-1,0,0,0,0,0,0,-1,0,-1,-1,-1,-1,-1,-1,-1,-1,-1,-1,-1,-1,-1,-1,-1,-1,-1,-1,-1,-1,-1,-1,-1
52846,938315,-1,-1,126,-1,-1,-1,-1,-1,-1,1787,-1,69,-1,-1,-1,-1,-1,-1,-1,-1,-1,0,0,-1,-1,-1,-1,-1,-1,0,0,-1,0,0,0,0,0,0,-1,0,-1,-1,-1,-1,-1,-1,-1,-1,-1,-1,-1,-1,-1,-1,-1,-1,-1,-1,-1,-1,-1,-1,-1
52847,938315,-1,-1,123,-1,-1,-1,-1,-1,-1,1749,-1,67,-1,-1,-1,-1,-1,-1,-1,-1,-1,0,0,-1,-1,-1,-1,-1,-1,0,0,-1,0,0,0,0,0,0,-1,0,-1,-1,-1,-1,-1,-1,-1,-1,-1,-1,-1,-1,-1,-1,-1,-1,-1,-1,-1,-1,-1,-1,-1
52848,938315,-1,-1,113,-1,-1,-1,-1,-1,-1,1643,-1,52,-1,-1,-1,-1,-1,-1,-1,-1,-1,0,0,-1,-1,-1,-1,-1,-1,0,0,-1,0,0,0,0,0,0,-1,0,-1,-1,-1,-1,-1,-1,-1,-1,-1,-1,-1,-1,-1,-1,-1,-1,-1,-1,-1,-1,-1,-1,-1
52849,938315,-1,-1,105,-1,-1,-1,-1,-1,-1,1542,-1,43,-1,-1,-1,-1,-1,-1,-1,-1,-1,0,0,-1,-1,-1,-1,-1,-1,0,0,-1,0,0,0,0,0,0,-1,0,-1,-1,-1,-1,-1,-1,-1,-1,-1,-1,-1,-1,-1,-1,-1,-1,-1,-1,-1,-1,-1,-1,-1
52850,938315,-1,-1,100,-1,-1,-1,-1,-1,-1,1490,-1,39,-1,-1,-1,-1,-1,-1,-1,-1,-1,0,0,-1,-1,-1,-1,-1,-1,0,0,-1,0,0,0,0,0,0,-1,0,-1,-1,-1,-1,-1,-1,-1,-1,-1,-1,-1,-1,-1,-1,-1,-1,-1,-1,-1,-1,-1,-1,-1
52851,938315,-1,-1,96,-1,-1,-1,-1,-1,-1,1441,-1,35,-1,-1,-1,-1,-1,-1,-1,-1,-1,0,0,-1,-1,-1,-1,-1,-1,0,0,-1,0,0,0,0,0,0,-1,0,-1,-1,-1,-1,-1,-1,-1,-1,-1,-1,-1,-1,-1,-1,-1,-1,-1,-1,-1,-1,-1,-1,-1
52857,938315,-1,-1,192,-1,-1,-1,-1,-1,-1,2286,-1,213,-1,-1,-1,-1,-1,-1,-1,-1,-1,0,0,-1,-1,-1,-1,-1,-1,-1,-1,-1,0,0,0,0,0,0,-1,0,-1,-1,-1,-1,-1,-1,-1,-1,-1,-1,-1,-1,-1,-1,-1,-1,-1,-1,-1,-1,-1,-1,-1
52858,938315,-1,-1,121,-1,-1,-1,-1,-1,-1,1716,-1,77,-1,-1,-1,-1,-1,-1,-1,-1,-1,0,0,-1,-1,-1,-1,-1,-1,0,-1,-1,0,0,0,0,0,0,-1,0,-1,-1,-1,-1,-1,-1,-1,-1,-1,-1,-1,-1,-1,-1,-1,-1,-1,-1,-1,-1,-1,-1,-1
52859,938315,-1,-1,103,-1,-1,-1,-1,-1,-1,1515,-1,49,-1,-1,-1,-1,-1,-1,-1,-1,-1,0,0,-1,-1,-1,-1,-1,-1,0,0,-1,0,0,0,0,0,0,-1,0,-1,-1,-1,-1,-1,-1,-1,-1,-1,-1,-1,-1,-1,-1,-1,-1,-1,-1,-1,-1,-1,-1,-1
52873,938315,-1,-1,145,-1,-1,-1,-1,-1,-1,1940,-1,98,-1,-1,-1,-1,-1,-1,-1,-1,-1,0,0,-1,-1,-1,-1,-1,-1,-1,-1,-1,0,0,0,0,0,0,-1,0,-1,-1,-1,-1,-1,-1,-1,-1,-1,-1,-1,-1,-1,-1,-1,-1,-1,-1,-1,-1,-1,-1,-1
52874,938315,-1,-1,112,-1,-1,-1,-1,-1,-1,1598,-1,58,-1,-1,-1,-1,-1,-1,-1,-1,-1,0,0,-1,-1,-1,-1,-1,-1,0,0,-1,0,0,0,0,0,0,-1,0,-1,-1,-1,-1,-1,-1,-1,-1,-1,-1,-1,-1,-1,-1,-1,-1,-1,-1,-1,-1,-1,-1,-1
52875,938315,-1,-1,99,-1,-1,-1,-1,-1,-1,1468,-1,42,-1,-1,-1,-1,-1,-1,-1,-1,-1,0,0,-1,-1,-1,-1,-1,-1,1,1,-1,0,0,0,0,0,0,-1,0,-1,-1,-1,-1,-1,-1,-1,-1,-1,-1,-1,-1,-1,-1,-1,-1,-1,-1,-1,-1,-1,-1,-1
52876,938315,-1,-1,92,-1,-1,-1,-1,-1,-1,1383,-1,36,-1,-1,-1,-1,-1,-1,-1,-1,-1,0,0,-1,-1,-1,-1,-1,-1,0,0,-1,0,0,0,0,0,0,-1,0,-1,-1,-1,-1,-1,-1,-1,-1,-1,-1,-1,-1,-1,-1,-1,-1,-1,-1,-1,-1,-1,-1,-1
52877,938315,-1,-1,82,-1,-1,-1,-1,-1,-1,1265,-1,28,-1,-1,-1,-1,-1,-1,-1,-1,-1,0,0,-1,-1,-1,-1,-1,-1,0,0,-1,0,0,0,0,0,0,-1,0,-1,-1,-1,-1,-1,-1,-1,-1,-1,-1,-1,-1,-1,-1,-1,-1,-1,-1,-1,-1,-1,-1,-1
52878,938315,-1,-1,77,-1,-1,-1,-1,-1,-1,1191,-1,24,-1,-1,-1,-1,-1,-1,-1,-1,-1,0,0,-1,-1,-1,-1,-1,-1,0,0,-1,0,0,0,0,0,0,-1,0,-1,-1,-1,-1,-1,-1,-1,-1,-1,-1,-1,-1,-1,-1,-1,-1,-1,-1,-1,-1,-1,-1,-1
52879,938315,-1,-1,74,-1,-1,-1,-1,-1,-1,1138,-1,22,-1,-1,-1,-1,-1,-1,-1,-1,-1,0,0,-1,-1,-1,-1,-1,-1,0,0,-1,0,0,0,0,0,0,-1,0,-1,-1,-1,-1,-1,-1,-1,-1,-1,-1,-1,-1,-1,-1,-1,-1,-1,-1,-1,-1,-1,-1,-1
52880,938315,-1,-1,73,-1,-1,-1,-1,-1,-1,1125,-1,21,-1,-1,-1,-1,-1,-1,-1,-1,-1,0,0,-1,-1,-1,-1,-1,-1,0,0,-1,0,0,0,0,0,0,-1,0,-1,-1,-1,-1,-1,-1,-1,-1,-1,-1,-1,-1,-1,-1,-1,-1,-1,-1,-1,-1,-1,-1,-1
52881,938315,-1,-1,69,-1,-1,-1,-1,-1,-1,1082,-1,19,-1,-1,-1,-1,-1,-1,-1,-1,-1,0,0,-1,-1,-1,-1,-1,-1,0,0,-1,0,0,0,0,0,0,-1,0,-1,-1,-1,-1,-1,-1,-1,-1,-1,-1,-1,-1,-1,-1,-1,-1,-1,-1,-1,-1,-1,-1,-1
52887,938315,-1,-1,169,-1,-1,-1,-1,-1,-1,2107,-1,151,-1,-1,-1,-1,-1,-1,-1,-1,-1,0,0,-1,-1,-1,-1,-1,-1,-1,-1,-1,0,0,0,0,0,0,-1,0,-1,-1,-1,-1,-1,-1,-1,-1,-1,-1,-1,-1,-1,-1,-1,-1,-1,-1,-1,-1,-1,-1,-1
52888,938315,-1,-1,125,-1,-1,-1,-1,-1,-1,1745,-1,65,-1,-1,-1,-1,-1,-1,-1,-1,-1,0,0,-1,-1,-1,-1,-1,-1,-1,-1,-1,0,0,0,0,0,0,-1,0,-1,-1,-1,-1,-1,-1,-1,-1,-1,-1,-1,-1,-1,-1,-1,-1,-1,-1,-1,-1,-1,-1,-1
52889,938315,-1,-1,106,-1,-1,-1,-1,-1,-1,1554,-1,52,-1,-1,-1,-1,-1,-1,-1,-1,-1,0,0,-1,-1,-1,-1,-1,-1,0,0,-1,0,0,0,0,0,0,-1,0,-1,-1,-1,-1,-1,-1,-1,-1,-1,-1,-1,-1,-1,-1,-1,-1,-1,-1,-1,-1,-1,-1,-1
52890,938315,-1,-1,97,-1,-1,-1,-1,-1,-1,1451,-1,41,-1,-1,-1,-1,-1,-1,-1,-1,-1,0,0,-1,-1,-1,-1,-1,-1,0,0,-1,0,0,0,0,0,0,-1,0,-1,-1,-1,-1,-1,-1,-1,-1,-1,-1,-1,-1,-1,-1,-1,-1,-1,-1,-1,-1,-1,-1,-1
52895,938315,-1,-1,182,-1,-1,-1,-1,-1,-1,2188,-1,154,-1,-1,-1,-1,-1,-1,-1,-1,-1,0,0,-1,-1,-1,-1,-1,-1,-1,-1,-1,0,0,0,0,0,0,-1,0,-1,-1,-1,-1,-1,-1,-1,-1,-1,-1,-1,-1,-1,-1,-1,-1,-1,-1,-1,-1,-1,-1,-1
52896,938315,-1,-1,182,-1,-1,-1,-1,-1,-1,2188,-1,10000,-1,-1,-1,-1,-1,-1,-1,-1,-1,0,0,-1,-1,-1,-1,-1,-1,-1,-1,-1,0,0,0,0,0,0,-1,0,-1,-1,-1,-1,-1,-1,-1,-1,-1,-1,-1,-1,-1,-1,-1,-1,-1,-1,-1,-1,-1,-1,-1
52897,938315,-1,-1,182,-1,-1,-1,-1,-1,-1,2188,-1,10000,-1,-1,-1,-1,-1,-1,-1,-1,-1,0,0,-1,-1,-1,-1,-1,-1,-1,-1,-1,0,0,0,0,0,0,-1,0,-1,-1,-1,-1,-1,-1,-1,-1,-1,-1,-1,-1,-1,-1,-1,-1,-1,-1,-1,-1,-1,-1,-1
52898,938315,-1,-1,182,-1,-1,-1,-1,-1,-1,2188,-1,10000,-1,-1,-1,-1,-1,-1,-1,-1,-1,0,0,-1,-1,-1,-1,-1,-1,-1,-1,-1,0,0,0,0,0,0,-1,0,-1,-1,-1,-1,-1,-1,-1,-1,-1,-1,-1,-1,-1,-1,-1,-1,-1,-1,-1,-1,-1,-1,-1
52900,938315,-1,-1,97,-1,-1,-1,-1,-1,-1,1441,-1,24,-1,-1,-1,-1,-1,-1,-1,-1,-1,0,0,-1,-1,-1,-1,-1,-1,0,0,-1,0,0,0,0,0,0,-1,0,-1,-1,-1,-1,-1,-1,-1,-1,-1,-1,-1,-1,-1,-1,-1,-1,-1,-1,-1,-1,-1,-1,-1
52901,938315,-1,-1,97,-1,-1,-1,-1,-1,-1,1441,-1,22,-1,-1,-1,-1,-1,-1,-1,-1,-1,0,0,-1,-1,-1,-1,-1,-1,0,0,-1,0,0,0,0,0,0,-1,0,-1,-1,-1,-1,-1,-1,-1,-1,-1,-1,-1,-1,-1,-1,-1,-1,-1,-1,-1,-1,-1,-1,-1
52902,938315,-1,-1,91,-1,-1,-1,-1,-1,-1,1362,-1,20,-1,-1,-1,-1,-1,-1,-1,-1,-1,0,0,-1,-1,-1,-1,-1,-1,0,0,-1,0,0,0,0,0,0,-1,0,-1,-1,-1,-1,-1,-1,-1,-1,-1,-1,-1,-1,-1,-1,-1,-1,-1,-1,-1,-1,-1,-1,-1
52905,938315,-1,-1,213,-1,-1,-1,-1,-1,-1,2457,-1,131,-1,-1,-1,-1,-1,-1,-1,-1,-1,0,0,-1,-1,-1,-1,-1,-1,-1,-1,-1,0,0,0,0,0,0,-1,0,-1,-1,-1,-1,-1,-1,-1,-1,-1,-1,-1,-1,-1,-1,-1,-1,-1,-1,-1,-1,-1,-1,-1
52910,938315,-1,-1,213,-1,-1,-1,-1,-1,-1,2457,-1,105,-1,-1,-1,-1,-1,-1,-1,-1,-1,0,0,-1,-1,-1,-1,-1,-1,-1,-1,-1,0,0,0,0,0,0,-1,0,-1,-1,-1,-1,-1,-1,-1,-1,-1,-1,-1,-1,-1,-1,-1,-1,-1,-1,-1,-1,-1,-1,-1
52911,938315,-1,-1,130,-1,-1,-1,-1,-1,-1,1809,-1,44,-1,-1,-1,-1,-1,-1,-1,-1,-1,0,0,-1,-1,-1,-1,-1,-1,0,0,-1,0,0,0,0,0,0,-1,0,-1,-1,-1,-1,-1,-1,-1,-1,-1,-1,-1,-1,-1,-1,-1,-1,-1,-1,-1,-1,-1,-1,-1
52912,938315,-1,-1,115,-1,-1,-1,-1,-1,-1,1640,-1,33,-1,-1,-1,-1,-1,-1,-1,-1,-1,0,0,-1,-1,-1,-1,-1,-1,0,0,-1,0,0,0,0,0,0,-1,0,-1,-1,-1,-1,-1,-1,-1,-1,-1,-1,-1,-1,-1,-1,-1,-1,-1,-1,-1,-1,-1,-1,-1
52917,938315,-1,-1,115,-1,-1,-1,-1,-1,-1,1640,-1,28,-1,-1,-1,-1,-1,-1,-1,-1,-1,0,0,-1,-1,-1,-1,-1,-1,0,0,-1,0,0,0,0,0,0,-1,0,-1,-1,-1,-1,-1,-1,-1,-1,-1,-1,-1,-1,-1,-1,-1,-1,-1,-1,-1,-1,-1,-1,-1
53046,938315,-1,-1,182,-1,-1,-1,-1,-1,-1,2286,-1,88,-1,-1,-1,-1,-1,-1,-1,-1,-1,0,0,-1,-1,-1,-1,-1,-1,-1,-1,-1,0,0,0,0,0,0,-1,0,-1,-1,-1,-1,-1,-1,-1,-1,-1,-1,-1,-1,-1,-1,-1,-1,-1,-1,-1,-1,-1,-1,-1
53047,938315,-1,-1,157,-1,-1,-1,-1,-1,-1,2080,-1,81,-1,-1,-1,-1,-1,-1,-1,-1,-1,0,0,-1,-1,-1,-1,-1,-1,0,0,-1,0,0,0,0,0,0,-1,0,-1,-1,-1,-1,-1,-1,-1,-1,-1,-1,-1,-1,-1,-1,-1,-1,-1,-1,-1,-1,-1,-1,-1
53048,938315,-1,-1,128,-1,-1,-1,-1,-1,-1,1788,-1,44,-1,-1,-1,-1,-1,-1,-1,-1,-1,0,0,-1,-1,-1,-1,-1,-1,0,0,-1,0,0,0,0,0,0,-1,0,-1,-1,-1,-1,-1,-1,-1,-1,-1,-1,-1,-1,-1,-1,-1,-1,-1,-1,-1,-1,-1,-1,-1
53049,938315,-1,-1,114,-1,-1,-1,-1,-1,-1,1630,-1,34,-1,-1,-1,-1,-1,-1,-1,-1,-1,0,0,-1,-1,-1,-1,-1,-1,0,0,-1,0,0,0,0,0,0,-1,0,-1,-1,-1,-1,-1,-1,-1,-1,-1,-1,-1,-1,-1,-1,-1,-1,-1,-1,-1,-1,-1,-1,-1
53050,938315,-1,-1,108,-1,-1,-1,-1,-1,-1,1571,-1,30,-1,-1,-1,-1,-1,-1,-1,-1,-1,0,0,-1,-1,-1,-1,-1,-1,0,0,-1,0,0,0,0,0,0,-1,0,-1,-1,-1,-1,-1,-1,-1,-1,-1,-1,-1,-1,-1,-1,-1,-1,-1,-1,-1,-1,-1,-1,-1
53053,938315,-1,-1,95,-1,-1,-1,-1,-1,-1,1423,-1,23,-1,-1,-1,-1,-1,-1,-1,-1,-1,0,0,-1,-1,-1,-1,-1,-1,0,0,-1,0,0,0,0,0,0,-1,0,-1,-1,-1,-1,-1,-1,-1,-1,-1,-1,-1,-1,-1,-1,-1,-1,-1,-1,-1,-1,-1,-1,-1
53054,938315,-1,-1,93,-1,-1,-1,-1,-1,-1,1390,-1,22,-1,-1,-1,-1,-1,-1,-1,-1,-1,0,0,-1,-1,-1,-1,-1,-1,0,0,-1,0,0,0,0,0,0,-1,0,-1,-1,-1,-1,-1,-1,-1,-1,-1,-1,-1,-1,-1,-1,-1,-1,-1,-1,-1,-1,-1,-1,-1
53055,938315,-1,-1,86,-1,-1,-1,-1,-1,-1,1309,-1,18,-1,-1,-1,-1,-1,-1,-1,-1,-1,0,0,-1,-1,-1,-1,-1,-1,0,0,-1,0,0,0,0,0,0,-1,0,-1,-1,-1,-1,-1,-1,-1,-1,-1,-1,-1,-1,-1,-1,-1,-1,-1,-1,-1,-1,-1,-1,-1
53056,938315,-1,-1,86,-1,-1,-1,-1,-1,-1,1309,-1,17,-1,-1,-1,-1,-1,-1,-1,-1,-1,0,0,-1,-1,-1,-1,-1,-1,0,0,-1,0,0,0,0,0,0,-1,0,-1,-1,-1,-1,-1,-1,-1,-1,-1,-1,-1,-1,-1,-1,-1,-1,-1,-1,-1,-1,-1,-1,-1
53057,938315,-1,-1,86,-1,-1,-1,-1,-1,-1,1309,-1,17,-1,-1,-1,-1,-1,-1,-1,-1,-1,0,0,-1,-1,-1,-1,-1,-1,0,0,-1,0,0,0,0,0,0,-1,0,-1,-1,-1,-1,-1,-1,-1,-1,-1,-1,-1,-1,-1,-1,-1,-1,-1,-1,-1,-1,-1,-1,-1
53058,938315,-1,-1,86,-1,-1,-1,-1,-1,-1,1309,-1,16,-1,-1,-1,-1,-1,-1,-1,-1,-1,0,0,-1,-1,-1,-1,-1,-1,0,0,-1,0,0,0,0,0,0,-1,0,-1,-1,-1,-1,-1,-1,-1,-1,-1,-1,-1,-1,-1,-1,-1,-1,-1,-1,-1,-1,-1,-1,-1
53059,938315,-1,-1,86,-1,-1,-1,-1,-1,-1,1309,-1,15,-1,-1,-1,-1,-1,-1,-1,-1,-1,0,0,-1,-1,-1,-1,-1,-1,0,0,-1,0,0,0,0,0,0,-1,0,-1,-1,-1,-1,-1,-1,-1,-1,-1,-1,-1,-1,-1,-1,-1,-1,-1,-1,-1,-1,-1,-1,-1
53062,938315,-1,-1,231,-1,-1,-1,-1,-1,-1,2128,-1,174,-1,-1,-1,-1,-1,-1,-1,-1,-1,0,0,-1,-1,-1,-1,-1,-1,-1,-1,-1,0,0,0,0,0,0,-1,0,-1,-1,-1,-1,-1,-1,-1,-1,-1,-1,-1,-1,-1,-1,-1,-1,-1,-1,-1,-1,-1,-1,-1
53064,938315,-1,-1,231,-1,-1,-1,-1,-1,-1,2128,-1,58,-1,-1,-1,-1,-1,-1,-1,-1,-1,0,0,-1,-1,-1,-1,-1,-1,-1,-1,-1,0,0,0,0,0,0,-1,0,-1,-1,-1,-1,-1,-1,-1,-1,-1,-1,-1,-1,-1,-1,-1,-1,-1,-1,-1,-1,-1,-1,-1
53065,938315,-1,-1,231,-1,-1,-1,-1,-1,-1,2128,-1,44,-1,-1,-1,-1,-1,-1,-1,-1,-1,0,0,-1,-1,-1,-1,-1,-1,-1,-1,-1,0,0,0,0,0,0,-1,0,-1,-1,-1,-1,-1,-1,-1,-1,-1,-1,-1,-1,-1,-1,-1,-1,-1,-1,-1,-1,-1,-1,-1
53066,938315,-1,-1,231,-1,-1,-1,-1,-1,-1,2128,-1,27,-1,-1,-1,-1,-1,-1,-1,-1,-1,0,0,-1,-1,-1,-1,-1,-1,-1,-1,-1,0,0,0,0,0,0,-1,0,-1,-1,-1,-1,-1,-1,-1,-1,-1,-1,-1,-1,-1,-1,-1,-1,-1,-1,-1,-1,-1,-1,-1
53067,938315,-1,-1,231,-1,-1,-1,-1,-1,-1,2128,-1,21,-1,-1,-1,-1,-1,-1,-1,-1,-1,0,0,-1,-1,-1,-1,-1,-1,-1,-1,-1,0,0,0,0,0,0,-1,0,-1,-1,-1,-1,-1,-1,-1,-1,-1,-1,-1,-1,-1,-1,-1,-1,-1,-1,-1,-1,-1,-1,-1
53068,938315,-1,-1,231,-1,-1,-1,-1,-1,-1,2128,-1,19,-1,-1,-1,-1,-1,-1,-1,-1,-1,0,0,-1,-1,-1,-1,-1,-1,-1,-1,-1,0,0,0,0,0,0,-1,0,-1,-1,-1,-1,-1,-1,-1,-1,-1,-1,-1,-1,-1,-1,-1,-1,-1,-1,-1,-1,-1,-1,-1
53069,938315,-1,-1,80,-1,-1,-1,-1,-1,-1,1232,-1,17,-1,-1,-1,-1,-1,-1,-1,-1,-1,0,0,-1,-1,-1,-1,-1,-1,0,0,-1,0,0,0,0,0,0,-1,0,-1,-1,-1,-1,-1,-1,-1,-1,-1,-1,-1,-1,-1,-1,-1,-1,-1,-1,-1,-1,-1,-1,-1
53070,938315,-1,-1,79,-1,-1,-1,-1,-1,-1,1205,-1,16,-1,-1,-1,-1,-1,-1,-1,-1,-1,0,0,-1,-1,-1,-1,-1,-1,0,0,-1,0,0,0,0,0,0,-1,0,-1,-1,-1,-1,-1,-1,-1,-1,-1,-1,-1,-1,-1,-1,-1,-1,-1,-1,-1,-1,-1,-1,-1
53071,938315,-1,-1,74,-1,-1,-1,-1,-1,-1,1147,-1,14,-1,-1,-1,-1,-1,-1,-1,-1,-1,0,0,-1,-1,-1,-1,-1,-1,0,0,-1,0,0,0,0,0,0,-1,0,-1,-1,-1,-1,-1,-1,-1,-1,-1,-1,-1,-1,-1,-1,-1,-1,-1,-1,-1,-1,-1,-1,-1
53073,938315,-1,-1,70,-1,-1,-1,-1,-1,-1,1099,-1,12,-1,-1,-1,-1,-1,-1,-1,-1,-1,0,0,-1,-1,-1,-1,-1,-1,0,0,-1,0,0,0,0,0,0,-1,0,-1,-1,-1,-1,-1,-1,-1,-1,-1,-1,-1,-1,-1,-1,-1,-1,-1,-1,-1,-1,-1,-1,-1
53074,938315,-1,-1,70,-1,-1,-1,-1,-1,-1,1099,-1,11,-1,-1,-1,-1,-1,-1,-1,-1,-1,0,0,-1,-1,-1,-1,-1,-1,0,0,-1,0,0,0,0,0,0,-1,0,-1,-1,-1,-1,-1,-1,-1,-1,-1,-1,-1,-1,-1,-1,-1,-1,-1,-1,-1,-1,-1,-1,-1
53076,938315,-1,-1,66,-1,-1,-1,-1,-1,-1,1043,-1,13,-1,-1,-1,-1,-1,-1,-1,-1,-1,0,0,-1,-1,-1,-1,-1,-1,0,0,-1,0,0,0,0,0,0,-1,0,-1,-1,-1,-1,-1,-1,-1,-1,-1,-1,-1,-1,-1,-1,-1,-1,-1,-1,-1,-1,-1,-1,-1
53079,938315,-1,-1,188,-1,-1,-1,-1,-1,-1,2208,-1,96,-1,-1,-1,-1,-1,-1,-1,-1,-1,0,0,-1,-1,-1,-1,-1,-1,-1,-1,-1,0,0,0,0,0,0,-1,0,-1,-1,-1,-1,-1,-1,-1,-1,-1,-1,-1,-1,-1,-1,-1,-1,-1,-1,-1,-1,-1,-1,-1
53081,938315,-1,-1,113,-1,-1,-1,-1,-1,-1,1608,-1,33,-1,-1,-1,-1,-1,-1,-1,-1,-1,0,0,-1,-1,-1,-1,-1,-1,0,0,-1,0,0,0,0,0,0,-1,0,-1,-1,-1,-1,-1,-1,-1,-1,-1,-1,-1,-1,-1,-1,-1,-1,-1,-1,-1,-1,-1,-1,-1
53082,938315,-1,-1,90,-1,-1,-1,-1,-1,-1,1370,-1,22,-1,-1,-1,-1,-1,-1,-1,-1,-1,0,0,-1,-1,-1,-1,-1,-1,0,0,-1,0,0,0,0,0,0,-1,0,-1,-1,-1,-1,-1,-1,-1,-1,-1,-1,-1,-1,-1,-1,-1,-1,-1,-1,-1,-1,-1,-1,-1
53165,938315,-1,-1,183,-1,-1,-1,-1,-1,-1,2264,-1,94,-1,-1,-1,-1,-1,-1,-1,-1,-1,0,0,-1,-1,-1,-1,-1,-1,-1,-1,-1,0,0,0,0,0,0,-1,0,-1,-1,-1,-1,-1,-1,-1,-1,-1,-1,-1,-1,-1,-1,-1,-1,-1,-1,-1,-1,-1,-1,-1
53166,938315,-1,-1,127,-1,-1,-1,-1,-1,-1,1796,-1,45,-1,-1,-1,-1,-1,-1,-1,-1,-1,0,0,-1,-1,-1,-1,-1,-1,0,0,-1,0,0,0,0,0,0,-1,0,-1,-1,-1,-1,-1,-1,-1,-1,-1,-1,-1,-1,-1,-1,-1,-1,-1,-1,-1,-1,-1,-1,-1
53167,938315,-1,-1,116,-1,-1,-1,-1,-1,-1,1677,-1,36,-1,-1,-1,-1,-1,-1,-1,-1,-1,0,0,-1,-1,-1,-1,-1,-1,0,0,-1,0,0,0,0,0,0,-1,0,-1,-1,-1,-1,-1,-1,-1,-1,-1,-1,-1,-1,-1,-1,-1,-1,-1,-1,-1,-1,-1,-1,-1
53168,938315,-1,-1,108,-1,-1,-1,-1,-1,-1,1576,-1,30,-1,-1,-1,-1,-1,-1,-1,-1,-1,0,0,-1,-1,-1,-1,-1,-1,0,0,-1,0,0,0,0,0,0,-1,0,-1,-1,-1,-1,-1,-1,-1,-1,-1,-1,-1,-1,-1,-1,-1,-1,-1,-1,-1,-1,-1,-1,-1
53169,938315,-1,-1,108,-1,-1,-1,-1,-1,-1,1576,-1,27,-1,-1,-1,-1,-1,-1,-1,-1,-1,0,0,-1,-1,-1,-1,-1,-1,0,0,-1,0,0,0,0,0,0,-1,0,-1,-1,-1,-1,-1,-1,-1,-1,-1,-1,-1,-1,-1,-1,-1,-1,-1,-1,-1,-1,-1,-1,-1
53170,938315,-1,-1,94,-1,-1,-1,-1,-1,-1,1417,-1,23,-1,-1,-1,-1,-1,-1,-1,-1,-1,0,0,-1,-1,-1,-1,-1,-1,0,0,-1,0,0,0,0,0,0,-1,0,-1,-1,-1,-1,-1,-1,-1,-1,-1,-1,-1,-1,-1,-1,-1,-1,-1,-1,-1,-1,-1,-1,-1
53171,938315,-1,-1,88,-1,-1,-1,-1,-1,-1,1334,-1,19,-1,-1,-1,-1,-1,-1,-1,-1,-1,0,0,-1,-1,-1,-1,-1,-1,0,0,-1,0,0,0,0,0,0,-1,0,-1,-1,-1,-1,-1,-1,-1,-1,-1,-1,-1,-1,-1,-1,-1,-1,-1,-1,-1,-1,-1,-1,-1
53172,938315,-1,-1,83,-1,-1,-1,-1,-1,-1,1269,-1,17,-1,-1,-1,-1,-1,-1,-1,-1,-1,0,0,-1,-1,-1,-1,-1,-1,0,0,-1,0,0,0,0,0,0,-1,0,-1,-1,-1,-1,-1,-1,-1,-1,-1,-1,-1,-1,-1,-1,-1,-1,-1,-1,-1,-1,-1,-1,-1
53174,938315,-1,-1,79,-1,-1,-1,-1,-1,-1,1227,-1,16,-1,-1,-1,-1,-1,-1,-1,-1,-1,0,0,-1,-1,-1,-1,-1,-1,0,0,-1,0,0,0,0,0,0,-1,0,-1,-1,-1,-1,-1,-1,-1,-1,-1,-1,-1,-1,-1,-1,-1,-1,-1,-1,-1,-1,-1,-1,-1
53194,938315,-1,-1,112,-1,-1,-1,-1,-1,-1,1605,-1,34,-1,-1,-1,-1,-1,-1,-1,-1,-1,0,0,-1,-1,-1,-1,-1,-1,0,0,-1,0,0,0,0,0,0,-1,0,-1,-1,-1,-1,-1,-1,-1,-1,-1,-1,-1,-1,-1,-1,-1,-1,-1,-1,-1,-1,-1,-1,-1
53195,938315,-1,-1,112,-1,-1,-1,-1,-1,-1,1605,-1,25,-1,-1,-1,-1,-1,-1,-1,-1,-1,0,0,-1,-1,-1,-1,-1,-1,0,0,-1,0,0,0,0,0,0,-1,0,-1,-1,-1,-1,-1,-1,-1,-1,-1,-1,-1,-1,-1,-1,-1,-1,-1,-1,-1,-1,-1,-1,-1
53197,938315,-1,-1,112,-1,-1,-1,-1,-1,-1,1605,-1,22,-1,-1,-1,-1,-1,-1,-1,-1,-1,0,0,-1,-1,-1,-1,-1,-1,0,0,-1,0,0,0,0,0,0,-1,0,-1,-1,-1,-1,-1,-1,-1,-1,-1,-1,-1,-1,-1,-1,-1,-1,-1,-1,-1,-1,-1,-1,-1
53198,938315,-1,-1,112,-1,-1,-1,-1,-1,-1,1605,-1,19,-1,-1,-1,-1,-1,-1,-1,-1,-1,0,0,-1,-1,-1,-1,-1,-1,0,0,-1,0,0,0,0,0,0,-1,0,-1,-1,-1,-1,-1,-1,-1,-1,-1,-1,-1,-1,-1,-1,-1,-1,-1,-1,-1,-1,-1,-1,-1
53199,938315,-1,-1,112,-1,-1,-1,-1,-1,-1,1605,-1,18,-1,-1,-1,-1,-1,-1,-1,-1,-1,0,0,-1,-1,-1,-1,-1,-1,0,0,-1,0,0,0,0,0,0,-1,0,-1,-1,-1,-1,-1,-1,-1,-1,-1,-1,-1,-1,-1,-1,-1,-1,-1,-1,-1,-1,-1,-1,-1
53200,938315,-1,-1,78,-1,-1,-1,-1,-1,-1,1210,-1,16,-1,-1,-1,-1,-1,-1,-1,-1,-1,0,0,-1,-1,-1,-1,-1,-1,0,0,-1,0,0,0,0,0,0,-1,0,-1,-1,-1,-1,-1,-1,-1,-1,-1,-1,-1,-1,-1,-1,-1,-1,-1,-1,-1,-1,-1,-1,-1
53201,938315,-1,-1,71,-1,-1,-1,-1,-1,-1,1123,-1,14,-1,-1,-1,-1,-1,-1,-1,-1,-1,0,0,-1,-1,-1,-1,-1,-1,0,0,-1,0,0,0,0,0,0,-1,0,-1,-1,-1,-1,-1,-1,-1,-1,-1,-1,-1,-1,-1,-1,-1,-1,-1,-1,-1,-1,-1,-1,-1
53202,938315,-1,-1,71,-1,-1,-1,-1,-1,-1,1123,-1,12,-1,-1,-1,-1,-1,-1,-1,-1,-1,0,0,-1,-1,-1,-1,-1,-1,0,0,-1,0,0,0,0,0,0,-1,0,-1,-1,-1,-1,-1,-1,-1,-1,-1,-1,-1,-1,-1,-1,-1,-1,-1,-1,-1,-1,-1,-1,-1
53203,938315,-1,-1,71,-1,-1,-1,-1,-1,-1,1123,-1,11,-1,-1,-1,-1,-1,-1,-1,-1,-1,0,0,-1,-1,-1,-1,-1,-1,0,0,-1,0,0,0,0,0,0,-1,0,-1,-1,-1,-1,-1,-1,-1,-1,-1,-1,-1,-1,-1,-1,-1,-1,-1,-1,-1,-1,-1,-1,-1
53204,938315,-1,-1,68,-1,-1,-1,-1,-1,-1,1070,-1,13,-1,-1,-1,-1,-1,-1,-1,-1,-1,0,0,-1,-1,-1,-1,-1,-1,0,0,-1,0,0,0,0,0,0,-1,0,-1,-1,-1,-1,-1,-1,-1,-1,-1,-1,-1,-1,-1,-1,-1,-1,-1,-1,-1,-1,-1,-1,-1
53205,938315,-1,-1,66,-1,-1,-1,-1,-1,-1,1058,-1,13,-1,-1,-1,-1,-1,-1,-1,-1,-1,0,0,-1,-1,-1,-1,-1,-1,0,0,-1,0,0,0,0,0,0,-1,0,-1,-1,-1,-1,-1,-1,-1,-1,-1,-1,-1,-1,-1,-1,-1,-1,-1,-1,-1,-1,-1,-1,-1
53210,938315,-1,-1,185,-1,-1,-1,-1,-1,-1,2258,-1,83,-1,-1,-1,-1,-1,-1,-1,-1,-1,0,0,-1,-1,-1,-1,-1,-1,-1,-1,-1,0,0,0,0,0,0,-1,0,-1,-1,-1,-1,-1,-1,-1,-1,-1,-1,-1,-1,-1,-1,-1,-1,-1,-1,-1,-1,-1,-1,-1
53211,938315,-1,-1,130,-1,-1,-1,-1,-1,-1,1823,-1,48,-1,-1,-1,-1,-1,-1,-1,-1,-1,0,0,-1,-1,-1,-1,-1,-1,0,0,-1,0,0,0,0,0,0,-1,0,-1,-1,-1,-1,-1,-1,-1,-1,-1,-1,-1,-1,-1,-1,-1,-1,-1,-1,-1,-1,-1,-1,-1
53212,938315,-1,-1,110,-1,-1,-1,-1,-1,-1,1607,-1,32,-1,-1,-1,-1,-1,-1,-1,-1,-1,0,0,-1,-1,-1,-1,-1,-1,0,0,-1,0,0,0,0,0,0,-1,0,-1,-1,-1,-1,-1,-1,-1,-1,-1,-1,-1,-1,-1,-1,-1,-1,-1,-1,-1,-1,-1,-1,-1
53213,938315,-1,-1,104,-1,-1,-1,-1,-1,-1,1529,-1,28,-1,-1,-1,-1,-1,-1,-1,-1,-1,0,0,-1,-1,-1,-1,-1,-1,0,0,-1,0,0,0,0,0,0,-1,0,-1,-1,-1,-1,-1,-1,-1,-1,-1,-1,-1,-1,-1,-1,-1,-1,-1,-1,-1,-1,-1,-1,-1
53216,938315,-1,-1,97,-1,-1,-1,-1,-1,-1,1446,-1,24,-1,-1,-1,-1,-1,-1,-1,-1,-1,0,0,-1,-1,-1,-1,-1,-1,0,0,-1,0,0,0,0,0,0,-1,0,-1,-1,-1,-1,-1,-1,-1,-1,-1,-1,-1,-1,-1,-1,-1,-1,-1,-1,-1,-1,-1,-1,-1
53217,938315,-1,-1,94,-1,-1,-1,-1,-1,-1,1412,-1,22,-1,-1,-1,-1,-1,-1,-1,-1,-1,0,0,-1,-1,-1,-1,-1,-1,0,0,-1,0,0,0,0,0,0,-1,0,-1,-1,-1,-1,-1,-1,-1,-1,-1,-1,-1,-1,-1,-1,-1,-1,-1,-1,-1,-1,-1,-1,-1
53218,938315,-1,-1,94,-1,-1,-1,-1,-1,-1,1412,-1,21,-1,-1,-1,-1,-1,-1,-1,-1,-1,0,0,-1,-1,-1,-1,-1,-1,0,0,-1,0,0,0,0,0,0,-1,0,-1,-1,-1,-1,-1,-1,-1,-1,-1,-1,-1,-1,-1,-1,-1,-1,-1,-1,-1,-1,-1,-1,-1
53219,938315,-1,-1,88,-1,-1,-1,-1,-1,-1,1341,-1,19,-1,-1,-1,-1,-1,-1,-1,-1,-1,0,0,-1,-1,-1,-1,-1,-1,0,0,-1,0,0,0,0,0,0,-1,0,-1,-1,-1,-1,-1,-1,-1,-1,-1,-1,-1,-1,-1,-1,-1,-1,-1,-1,-1,-1,-1,-1,-1
53220,938315,-1,-1,82,-1,-1,-1,-1,-1,-1,1262,-1,17,-1,-1,-1,-1,-1,-1,-1,-1,-1,0,0,-1,-1,-1,-1,-1,-1,0,0,-1,0,0,0,0,0,0,-1,0,-1,-1,-1,-1,-1,-1,-1,-1,-1,-1,-1,-1,-1,-1,-1,-1,-1,-1,-1,-1,-1,-1,-1
53221,938315,-1,-1,78,-1,-1,-1,-1,-1,-1,1204,-1,15,-1,-1,-1,-1,-1,-1,-1,-1,-1,0,0,-1,-1,-1,-1,-1,-1,0,0,-1,0,0,0,0,0,0,-1,0,-1,-1,-1,-1,-1,-1,-1,-1,-1,-1,-1,-1,-1,-1,-1,-1,-1,-1,-1,-1,-1,-1,-1
53223,938315,-1,-1,76,-1,-1,-1,-1,-1,-1,1190,-1,14,-1,-1,-1,-1,-1,-1,-1,-1,-1,0,0,-1,-1,-1,-1,-1,-1,0,0,-1,0,0,0,0,0,0,-1,0,-1,-1,-1,-1,-1,-1,-1,-1,-1,-1,-1,-1,-1,-1,-1,-1,-1,-1,-1,-1,-1,-1,-1
53224,938315,-1,-1,76,-1,-1,-1,-1,-1,-1,1190,-1,14,-1,-1,-1,-1,-1,-1,-1,-1,-1,0,0,-1,-1,-1,-1,-1,-1,0,0,-1,0,0,0,0,0,0,-1,0,-1,-1,-1,-1,-1,-1,-1,-1,-1,-1,-1,-1,-1,-1,-1,-1,-1,-1,-1,-1,-1,-1,-1
53225,938315,-1,-1,72,-1,-1,-1,-1,-1,-1,1133,-1,14,-1,-1,-1,-1,-1,-1,-1,-1,-1,0,0,-1,-1,-1,-1,-1,-1,0,0,-1,0,0,0,0,0,0,-1,0,-1,-1,-1,-1,-1,-1,-1,-1,-1,-1,-1,-1,-1,-1,-1,-1,-1,-1,-1,-1,-1,-1,-1
53226,938315,-1,-1,71,-1,-1,-1,-1,-1,-1,1116,-1,13,-1,-1,-1,-1,-1,-1,-1,-1,-1,0,0,-1,-1,-1,-1,-1,-1,0,0,-1,0,0,0,0,0,0,-1,0,-1,-1,-1,-1,-1,-1,-1,-1,-1,-1,-1,-1,-1,-1,-1,-1,-1,-1,-1,-1,-1,-1,-1
53227,938315,-1,-1,69,-1,-1,-1,-1,-1,-1,1084,-1,13,-1,-1,-1,-1,-1,-1,-1,-1,-1,0,0,-1,-1,-1,-1,-1,-1,0,0,-1,0,0,0,0,0,0,-1,0,-1,-1,-1,-1,-1,-1,-1,-1,-1,-1,-1,-1,-1,-1,-1,-1,-1,-1,-1,-1,-1,-1,-1
53236,938315,-1,-1,184,-1,-1,-1,-1,-1,-1,2208,-1,89,-1,-1,-1,-1,-1,-1,-1,-1,-1,0,0,-1,-1,-1,-1,-1,-1,-1,-1,-1,0,0,0,0,0,0,-1,0,-1,-1,-1,-1,-1,-1,-1,-1,-1,-1,-1,-1,-1,-1,-1,-1,-1,-1,-1,-1,-1,-1,-1
53237,938315,-1,-1,132,-1,-1,-1,-1,-1,-1,1818,-1,51,-1,-1,-1,-1,-1,-1,-1,-1,-1,0,0,-1,-1,-1,-1,-1,-1,0,0,-1,0,0,0,0,0,0,-1,0,-1,-1,-1,-1,-1,-1,-1,-1,-1,-1,-1,-1,-1,-1,-1,-1,-1,-1,-1,-1,-1,-1,-1
53239,938315,-1,-1,132,-1,-1,-1,-1,-1,-1,1818,-1,41,-1,-1,-1,-1,-1,-1,-1,-1,-1,0,0,-1,-1,-1,-1,-1,-1,0,0,-1,0,0,0,0,0,0,-1,0,-1,-1,-1,-1,-1,-1,-1,-1,-1,-1,-1,-1,-1,-1,-1,-1,-1,-1,-1,-1,-1,-1,-1
53240,938315,-1,-1,132,-1,-1,-1,-1,-1,-1,1818,-1,31,-1,-1,-1,-1,-1,-1,-1,-1,-1,0,0,-1,-1,-1,-1,-1,-1,0,0,-1,0,0,0,0,0,0,-1,0,-1,-1,-1,-1,-1,-1,-1,-1,-1,-1,-1,-1,-1,-1,-1,-1,-1,-1,-1,-1,-1,-1,-1
53241,938315,-1,-1,95,-1,-1,-1,-1,-1,-1,1431,-1,23,-1,-1,-1,-1,-1,-1,-1,-1,-1,0,0,-1,-1,-1,-1,-1,-1,0,0,-1,0,0,0,0,0,0,-1,0,-1,-1,-1,-1,-1,-1,-1,-1,-1,-1,-1,-1,-1,-1,-1,-1,-1,-1,-1,-1,-1,-1,-1
53242,938315,-1,-1,89,-1,-1,-1,-1,-1,-1,1367,-1,21,-1,-1,-1,-1,-1,-1,-1,-1,-1,0,0,-1,-1,-1,-1,-1,-1,0,0,-1,0,0,0,0,0,0,-1,0,-1,-1,-1,-1,-1,-1,-1,-1,-1,-1,-1,-1,-1,-1,-1,-1,-1,-1,-1,-1,-1,-1,-1
53243,938315,-1,-1,81,-1,-1,-1,-1,-1,-1,1248,-1,16,-1,-1,-1,-1,-1,-1,-1,-1,-1,0,0,-1,-1,-1,-1,-1,-1,0,0,-1,0,0,0,0,0,0,-1,0,-1,-1,-1,-1,-1,-1,-1,-1,-1,-1,-1,-1,-1,-1,-1,-1,-1,-1,-1,-1,-1,-1,-1
53244,938315,-1,-1,81,-1,-1,-1,-1,-1,-1,1248,-1,16,-1,-1,-1,-1,-1,-1,-1,-1,-1,0,0,-1,-1,-1,-1,-1,-1,0,0,-1,0,0,0,0,0,0,-1,0,-1,-1,-1,-1,-1,-1,-1,-1,-1,-1,-1,-1,-1,-1,-1,-1,-1,-1,-1,-1,-1,-1,-1
53246,938315,-1,-1,77,-1,-1,-1,-1,-1,-1,1192,-1,15,-1,-1,-1,-1,-1,-1,-1,-1,-1,0,0,-1,-1,-1,-1,-1,-1,0,0,-1,0,0,0,0,0,0,-1,0,-1,-1,-1,-1,-1,-1,-1,-1,-1,-1,-1,-1,-1,-1,-1,-1,-1,-1,-1,-1,-1,-1,-1
53247,938315,-1,-1,73,-1,-1,-1,-1,-1,-1,1148,-1,14,-1,-1,-1,-1,-1,-1,-1,-1,-1,0,0,-1,-1,-1,-1,-1,-1,0,0,-1,0,0,0,0,0,0,-1,0,-1,-1,-1,-1,-1,-1,-1,-1,-1,-1,-1,-1,-1,-1,-1,-1,-1,-1,-1,-1,-1,-1,-1
53248,938315,-1,-1,70,-1,-1,-1,-1,-1,-1,1102,-1,13,-1,-1,-1,-1,-1,-1,-1,-1,-1,0,0,-1,-1,-1,-1,-1,-1,0,0,-1,0,0,0,0,0,0,-1,0,-1,-1,-1,-1,-1,-1,-1,-1,-1,-1,-1,-1,-1,-1,-1,-1,-1,-1,-1,-1,-1,-1,-1
53249,938315,-1,-1,70,-1,-1,-1,-1,-1,-1,1102,-1,13,-1,-1,-1,-1,-1,-1,-1,-1,-1,0,0,-1,-1,-1,-1,-1,-1,0,0,-1,0,0,0,0,0,0,-1,0,-1,-1,-1,-1,-1,-1,-1,-1,-1,-1,-1,-1,-1,-1,-1,-1,-1,-1,-1,-1,-1,-1,-1
53282,938315,-1,-1,160,-1,-1,-1,-1,-1,-1,2032,-1,79,-1,-1,-1,-1,-1,-1,-1,-1,-1,0,0,-1,-1,-1,-1,-1,-1,2,1,-1,0,0,0,0,0,0,-1,0,-1,-1,-1,-1,-1,-1,-1,-1,-1,-1,-1,-1,-1,-1,-1,-1,-1,-1,-1,-1,-1,-1,-1
53287,938315,-1,-1,122,-1,-1,-1,-1,-1,-1,1719,-1,42,-1,-1,-1,-1,-1,-1,-1,-1,-1,0,0,-1,-1,-1,-1,-1,-1,0,0,-1,0,0,0,0,0,0,-1,0,-1,-1,-1,-1,-1,-1,-1,-1,-1,-1,-1,-1,-1,-1,-1,-1,-1,-1,-1,-1,-1,-1,-1
53289,938315,-1,-1,122,-1,-1,-1,-1,-1,-1,1719,-1,38,-1,-1,-1,-1,-1,-1,-1,-1,-1,0,0,-1,-1,-1,-1,-1,-1,0,0,-1,0,0,0,0,0,0,-1,0,-1,-1,-1,-1,-1,-1,-1,-1,-1,-1,-1,-1,-1,-1,-1,-1,-1,-1,-1,-1,-1,-1,-1
53290,938315,-1,-1,103,-1,-1,-1,-1,-1,-1,1513,-1,28,-1,-1,-1,-1,-1,-1,-1,-1,-1,0,0,-1,-1,-1,-1,-1,-1,0,0,-1,0,0,0,0,0,0,-1,0,-1,-1,-1,-1,-1,-1,-1,-1,-1,-1,-1,-1,-1,-1,-1,-1,-1,-1,-1,-1,-1,-1,-1
53291,938315,-1,-1,88,-1,-1,-1,-1,-1,-1,1340,-1,20,-1,-1,-1,-1,-1,-1,-1,-1,-1,0,0,-1,-1,-1,-1,-1,-1,0,0,-1,0,0,0,0,0,0,-1,0,-1,-1,-1,-1,-1,-1,-1,-1,-1,-1,-1,-1,-1,-1,-1,-1,-1,-1,-1,-1,-1,-1,-1
53292,938315,-1,-1,88,-1,-1,-1,-1,-1,-1,1340,-1,18,-1,-1,-1,-1,-1,-1,-1,-1,-1,0,0,-1,-1,-1,-1,-1,-1,0,0,-1,0,0,0,0,0,0,-1,0,-1,-1,-1,-1,-1,-1,-1,-1,-1,-1,-1,-1,-1,-1,-1,-1,-1,-1,-1,-1,-1,-1,-1
53293,938315,-1,-1,84,-1,-1,-1,-1,-1,-1,1281,-1,18,-1,-1,-1,-1,-1,-1,-1,-1,-1,0,0,-1,-1,-1,-1,-1,-1,0,0,-1,0,0,0,0,0,0,-1,0,-1,-1,-1,-1,-1,-1,-1,-1,-1,-1,-1,-1,-1,-1,-1,-1,-1,-1,-1,-1,-1,-1,-1
53296,938315,-1,-1,76,-1,-1,-1,-1,-1,-1,1178,-1,15,-1,-1,-1,-1,-1,-1,-1,-1,-1,0,0,-1,-1,-1,-1,-1,-1,0,0,-1,0,0,0,0,0,0,-1,0,-1,-1,-1,-1,-1,-1,-1,-1,-1,-1,-1,-1,-1,-1,-1,-1,-1,-1,-1,-1,-1,-1,-1
53297,938315,-1,-1,76,-1,-1,-1,-1,-1,-1,1178,-1,15,-1,-1,-1,-1,-1,-1,-1,-1,-1,0,0,-1,-1,-1,-1,-1,-1,0,0,-1,0,0,0,0,0,0,-1,0,-1,-1,-1,-1,-1,-1,-1,-1,-1,-1,-1,-1,-1,-1,-1,-1,-1,-1,-1,-1,-1,-1,-1
53299,938315,-1,-1,69,-1,-1,-1,-1,-1,-1,1087,-1,14,-1,-1,-1,-1,-1,-1,-1,-1,-1,0,0,-1,-1,-1,-1,-1,-1,0,0,-1,0,0,0,0,0,0,-1,0,-1,-1,-1,-1,-1,-1,-1,-1,-1,-1,-1,-1,-1,-1,-1,-1,-1,-1,-1,-1,-1,-1,-1
53300,938315,-1,-1,65,-1,-1,-1,-1,-1,-1,1031,-1,13,-1,-1,-1,-1,-1,-1,-1,-1,-1,0,0,-1,-1,-1,-1,-1,-1,0,0,-1,0,0,0,0,0,0,-1,0,-1,-1,-1,-1,-1,-1,-1,-1,-1,-1,-1,-1,-1,-1,-1,-1,-1,-1,-1,-1,-1,-1,-1
53301,938315,-1,-1,63,-1,-1,-1,-1,-1,-1,1004,-1,12,-1,-1,-1,-1,-1,-1,-1,-1,-1,0,0,-1,-1,-1,-1,-1,-1,0,0,-1,0,0,0,0,0,0,-1,0,-1,-1,-1,-1,-1,-1,-1,-1,-1,-1,-1,-1,-1,-1,-1,-1,-1,-1,-1,-1,-1,-1,-1
53304,938315,-1,-1,202,-1,-1,-1,-1,-1,-1,2296,-1,112,-1,-1,-1,-1,-1,-1,-1,-1,-1,0,0,-1,-1,-1,-1,-1,-1,-1,-1,-1,0,0,0,0,0,0,-1,0,-1,-1,-1,-1,-1,-1,-1,-1,-1,-1,-1,-1,-1,-1,-1,-1,-1,-1,-1,-1,-1,-1,-1
53305,938315,-1,-1,110,-1,-1,-1,-1,-1,-1,1578,-1,33,-1,-1,-1,-1,-1,-1,-1,-1,-1,0,0,-1,-1,-1,-1,-1,-1,0,0,-1,0,0,0,0,0,0,-1,0,-1,-1,-1,-1,-1,-1,-1,-1,-1,-1,-1,-1,-1,-1,-1,-1,-1,-1,-1,-1,-1,-1,-1
53306,938315,-1,-1,87,-1,-1,-1,-1,-1,-1,1324,-1,20,-1,-1,-1,-1,-1,-1,-1,-1,-1,0,0,-1,-1,-1,-1,-1,-1,0,0,-1,0,0,0,0,0,0,-1,0,-1,-1,-1,-1,-1,-1,-1,-1,-1,-1,-1,-1,-1,-1,-1,-1,-1,-1,-1,-1,-1,-1,-1
53307,938315,-1,-1,77,-1,-1,-1,-1,-1,-1,1190,-1,16,-1,-1,-1,-1,-1,-1,-1,-1,-1,0,0,-1,-1,-1,-1,-1,-1,0,0,-1,0,0,0,0,0,0,-1,0,-1,-1,-1,-1,-1,-1,-1,-1,-1,-1,-1,-1,-1,-1,-1,-1,-1,-1,-1,-1,-1,-1,-1
53308,938315,-1,-1,69,-1,-1,-1,-1,-1,-1,1095,-1,14,-1,-1,-1,-1,-1,-1,-1,-1,-1,0,0,-1,-1,-1,-1,-1,-1,0,0,-1,0,0,0,0,0,0,-1,0,-1,-1,-1,-1,-1,-1,-1,-1,-1,-1,-1,-1,-1,-1,-1,-1,-1,-1,-1,-1,-1,-1,-1
53309,938315,-1,-1,67,-1,-1,-1,-1,-1,-1,1058,-1,13,-1,-1,-1,-1,-1,-1,-1,-1,-1,0,0,-1,-1,-1,-1,-1,-1,0,0,-1,0,0,0,0,0,0,-1,0,-1,-1,-1,-1,-1,-1,-1,-1,-1,-1,-1,-1,-1,-1,-1,-1,-1,-1,-1,-1,-1,-1,-1
53310,938315,-1,-1,62,-1,-1,-1,-1,-1,-1,992,-1,12,-1,-1,-1,-1,-1,-1,-1,-1,-1,0,0,-1,-1,-1,-1,-1,-1,0,0,-1,0,0,0,0,0,0,-1,0,-1,-1,-1,-1,-1,-1,-1,-1,-1,-1,-1,-1,-1,-1,-1,-1,-1,-1,-1,-1,-1,-1,-1
53311,938315,-1,-1,59,-1,-1,-1,-1,-1,-1,956,-1,12,-1,-1,-1,-1,-1,-1,-1,-1,-1,0,0,-1,-1,-1,-1,-1,-1,0,0,-1,0,0,0,0,0,0,-1,0,-1,-1,-1,-1,-1,-1,-1,-1,-1,-1,-1,-1,-1,-1,-1,-1,-1,-1,-1,-1,-1,-1,-1
53312,938315,-1,-1,58,-1,-1,-1,-1,-1,-1,946,-1,12,-1,-1,-1,-1,-1,-1,-1,-1,-1,0,0,-1,-1,-1,-1,-1,-1,0,0,-1,0,0,0,0,0,0,-1,0,-1,-1,-1,-1,-1,-1,-1,-1,-1,-1,-1,-1,-1,-1,-1,-1,-1,-1,-1,-1,-1,-1,-1
53313,938315,-1,-1,56,-1,-1,-1,-1,-1,-1,915,-1,11,-1,-1,-1,-1,-1,-1,-1,-1,-1,0,0,-1,-1,-1,-1,-1,-1,0,0,-1,0,0,0,0,0,0,-1,0,-1,-1,-1,-1,-1,-1,-1,-1,-1,-1,-1,-1,-1,-1,-1,-1,-1,-1,-1,-1,-1,-1,-1
53314,938315,-1,-1,54,-1,-1,-1,-1,-1,-1,888,-1,11,-1,-1,-1,-1,-1,-1,-1,-1,-1,0,0,-1,-1,-1,-1,-1,-1,0,0,-1,0,0,0,0,0,0,-1,0,-1,-1,-1,-1,-1,-1,-1,-1,-1,-1,-1,-1,-1,-1,-1,-1,-1,-1,-1,-1,-1,-1,-1
53315,938315,-1,-1,53,-1,-1,-1,-1,-1,-1,863,-1,10,-1,-1,-1,-1,-1,-1,-1,-1,-1,0,0,-1,-1,-1,-1,-1,-1,0,0,-1,0,0,0,0,0,0,-1,0,-1,-1,-1,-1,-1,-1,-1,-1,-1,-1,-1,-1,-1,-1,-1,-1,-1,-1,-1,-1,-1,-1,-1
53329,938315,-1,-1,207,-1,-1,-1,-1,-1,-1,2333,-1,120,-1,-1,-1,-1,-1,-1,-1,-1,-1,1,0,-1,-1,-1,-1,-1,-1,-1,-1,-1,0,0,0,0,0,0,-1,0,-1,-1,-1,-1,-1,-1,-1,-1,-1,-1,-1,-1,-1,-1,-1,-1,-1,-1,-1,-1,-1,-1,-1
53330,938315,-1,-1,207,-1,-1,-1,-1,-1,-1,2333,-1,120,-1,-1,-1,-1,-1,-1,-1,-1,-1,1,0,-1,-1,-1,-1,-1,-1,-1,-1,-1,0,0,0,0,0,0,-1,0,-1,-1,-1,-1,-1,-1,-1,-1,-1,-1,-1,-1,-1,-1,-1,-1,-1,-1,-1,-1,-1,-1,-1
53331,938315,-1,-1,207,-1,-1,-1,-1,-1,-1,2333,-1,59,-1,-1,-1,-1,-1,-1,-1,-1,-1,1,0,-1,-1,-1,-1,-1,-1,-1,-1,-1,0,0,0,0,0,0,-1,0,-1,-1,-1,-1,-1,-1,-1,-1,-1,-1,-1,-1,-1,-1,-1,-1,-1,-1,-1,-1,-1,-1,-1
53332,938315,-1,-1,207,-1,-1,-1,-1,-1,-1,2333,-1,45,-1,-1,-1,-1,-1,-1,-1,-1,-1,1,0,-1,-1,-1,-1,-1,-1,-1,-1,-1,0,0,0,0,0,0,-1,0,-1,-1,-1,-1,-1,-1,-1,-1,-1,-1,-1,-1,-1,-1,-1,-1,-1,-1,-1,-1,-1,-1,-1
53333,938315,-1,-1,101,-1,-1,-1,-1,-1,-1,1497,-1,29,-1,-1,-1,-1,-1,-1,-1,-1,-1,0,0,-1,-1,-1,-1,-1,-1,0,0,-1,0,0,0,0,0,0,-1,0,-1,-1,-1,-1,-1,-1,-1,-1,-1,-1,-1,-1,-1,-1,-1,-1,-1,-1,-1,-1,-1,-1,-1
53334,938315,-1,-1,89,-1,-1,-1,-1,-1,-1,1358,-1,21,-1,-1,-1,-1,-1,-1,-1,-1,-1,0,0,-1,-1,-1,-1,-1,-1,0,0,-1,0,0,0,0,0,0,-1,0,-1,-1,-1,-1,-1,-1,-1,-1,-1,-1,-1,-1,-1,-1,-1,-1,-1,-1,-1,-1,-1,-1,-1
53335,938315,-1,-1,89,-1,-1,-1,-1,-1,-1,1358,-1,21,-1,-1,-1,-1,-1,-1,-1,-1,-1,0,0,-1,-1,-1,-1,-1,-1,0,0,-1,0,0,0,0,0,0,-1,0,-1,-1,-1,-1,-1,-1,-1,-1,-1,-1,-1,-1,-1,-1,-1,-1,-1,-1,-1,-1,-1,-1,-1
53336,938315,-1,-1,85,-1,-1,-1,-1,-1,-1,1304,-1,19,-1,-1,-1,-1,-1,-1,-1,-1,-1,0,0,-1,-1,-1,-1,-1,-1,0,0,-1,0,0,0,0,0,0,-1,0,-1,-1,-1,-1,-1,-1,-1,-1,-1,-1,-1,-1,-1,-1,-1,-1,-1,-1,-1,-1,-1,-1,-1
53337,938315,-1,-1,79,-1,-1,-1,-1,-1,-1,1222,-1,16,-1,-1,-1,-1,-1,-1,-1,-1,-1,0,0,-1,-1,-1,-1,-1,-1,0,0,-1,0,0,0,0,0,0,-1,0,-1,-1,-1,-1,-1,-1,-1,-1,-1,-1,-1,-1,-1,-1,-1,-1,-1,-1,-1,-1,-1,-1,-1
53338,938315,-1,-1,79,-1,-1,-1,-1,-1,-1,1222,-1,15,-1,-1,-1,-1,-1,-1,-1,-1,-1,0,0,-1,-1,-1,-1,-1,-1,0,0,-1,0,0,0,0,0,0,-1,0,-1,-1,-1,-1,-1,-1,-1,-1,-1,-1,-1,-1,-1,-1,-1,-1,-1,-1,-1,-1,-1,-1,-1
53339,938315,-1,-1,79,-1,-1,-1,-1,-1,-1,1222,-1,15,-1,-1,-1,-1,-1,-1,-1,-1,-1,0,0,-1,-1,-1,-1,-1,-1,0,0,-1,0,0,0,0,0,0,-1,0,-1,-1,-1,-1,-1,-1,-1,-1,-1,-1,-1,-1,-1,-1,-1,-1,-1,-1,-1,-1,-1,-1,-1
53340,938315,-1,-1,71,-1,-1,-1,-1,-1,-1,1119,-1,14,-1,-1,-1,-1,-1,-1,-1,-1,-1,0,0,-1,-1,-1,-1,-1,-1,0,0,-1,0,0,0,0,0,0,-1,0,-1,-1,-1,-1,-1,-1,-1,-1,-1,-1,-1,-1,-1,-1,-1,-1,-1,-1,-1,-1,-1,-1,-1
53341,938315,-1,-1,69,-1,-1,-1,-1,-1,-1,1096,-1,14,-1,-1,-1,-1,-1,-1,-1,-1,-1,0,0,-1,-1,-1,-1,-1,-1,0,0,-1,0,0,0,0,0,0,-1,0,-1,-1,-1,-1,-1,-1,-1,-1,-1,-1,-1,-1,-1,-1,-1,-1,-1,-1,-1,-1,-1,-1,-1
53342,938315,-1,-1,66,-1,-1,-1,-1,-1,-1,1046,-1,13,-1,-1,-1,-1,-1,-1,-1,-1,-1,0,0,-1,-1,-1,-1,-1,-1,0,0,-1,0,0,0,0,0,0,-1,0,-1,-1,-1,-1,-1,-1,-1,-1,-1,-1,-1,-1,-1,-1,-1,-1,-1,-1,-1,-1,-1,-1,-1
53343,938315,-1,-1,64,-1,-1,-1,-1,-1,-1,1024,-1,13,-1,-1,-1,-1,-1,-1,-1,-1,-1,0,0,-1,-1,-1,-1,-1,-1,0,0,-1,0,0,0,0,0,0,-1,0,-1,-1,-1,-1,-1,-1,-1,-1,-1,-1,-1,-1,-1,-1,-1,-1,-1,-1,-1,-1,-1,-1,-1
53346,938315,-1,-1,208,-1,-1,-1,-1,-1,-1,2292,-1,111,-1,-1,-1,-1,-1,-1,-1,-1,-1,1,0,-1,-1,-1,-1,-1,-1,-1,-1,-1,0,0,0,0,0,0,-1,0,-1,-1,-1,-1,-1,-1,-1,-1,-1,-1,-1,-1,-1,-1,-1,-1,-1,-1,-1,-1,-1,-1,-1
53347,938315,-1,-1,111,-1,-1,-1,-1,-1,-1,1603,-1,33,-1,-1,-1,-1,-1,-1,-1,-1,-1,0,0,-1,-1,-1,-1,-1,-1,0,0,-1,0,0,0,0,0,0,-1,0,-1,-1,-1,-1,-1,-1,-1,-1,-1,-1,-1,-1,-1,-1,-1,-1,-1,-1,-1,-1,-1,-1,-1
53348,938315,-1,-1,95,-1,-1,-1,-1,-1,-1,1415,-1,23,-1,-1,-1,-1,-1,-1,-1,-1,-1,0,0,-1,-1,-1,-1,-1,-1,0,0,-1,0,0,0,0,0,0,-1,0,-1,-1,-1,-1,-1,-1,-1,-1,-1,-1,-1,-1,-1,-1,-1,-1,-1,-1,-1,-1,-1,-1,-1
53349,938315,-1,-1,89,-1,-1,-1,-1,-1,-1,1353,-1,20,-1,-1,-1,-1,-1,-1,-1,-1,-1,0,0,-1,-1,-1,-1,-1,-1,0,0,-1,0,0,0,0,0,0,-1,0,-1,-1,-1,-1,-1,-1,-1,-1,-1,-1,-1,-1,-1,-1,-1,-1,-1,-1,-1,-1,-1,-1,-1
53350,938315,-1,-1,82,-1,-1,-1,-1,-1,-1,1255,-1,17,-1,-1,-1,-1,-1,-1,-1,-1,-1,0,0,-1,-1,-1,-1,-1,-1,0,0,-1,0,0,0,0,0,0,-1,0,-1,-1,-1,-1,-1,-1,-1,-1,-1,-1,-1,-1,-1,-1,-1,-1,-1,-1,-1,-1,-1,-1,-1
53364,938315,-1,-1,175,-1,-1,-1,-1,-1,-1,2174,-1,82,-1,-1,-1,-1,-1,-1,-1,-1,-1,0,0,-1,-1,-1,-1,-1,-1,-1,-1,-1,0,0,0,0,0,0,-1,0,-1,-1,-1,-1,-1,-1,-1,-1,-1,-1,-1,-1,-1,-1,-1,-1,-1,-1,-1,-1,-1,-1,-1
53365,938315,-1,-1,142,-1,-1,-1,-1,-1,-1,1923,-1,64,-1,-1,-1,-1,-1,-1,-1,-1,-1,0,0,-1,-1,-1,-1,-1,-1,0,0,-1,0,0,0,0,0,0,-1,0,-1,-1,-1,-1,-1,-1,-1,-1,-1,-1,-1,-1,-1,-1,-1,-1,-1,-1,-1,-1,-1,-1,-1
53366,938315,-1,-1,106,-1,-1,-1,-1,-1,-1,1564,-1,32,-1,-1,-1,-1,-1,-1,-1,-1,-1,0,0,-1,-1,-1,-1,-1,-1,0,0,-1,0,0,0,0,0,0,-1,0,-1,-1,-1,-1,-1,-1,-1,-1,-1,-1,-1,-1,-1,-1,-1,-1,-1,-1,-1,-1,-1,-1,-1
53367,938315,-1,-1,96,-1,-1,-1,-1,-1,-1,1450,-1,25,-1,-1,-1,-1,-1,-1,-1,-1,-1,0,0,-1,-1,-1,-1,-1,-1,0,0,-1,0,0,0,0,0,0,-1,0,-1,-1,-1,-1,-1,-1,-1,-1,-1,-1,-1,-1,-1,-1,-1,-1,-1,-1,-1,-1,-1,-1,-1
53368,938315,-1,-1,85,-1,-1,-1,-1,-1,-1,1317,-1,20,-1,-1,-1,-1,-1,-1,-1,-1,-1,0,0,-1,-1,-1,-1,-1,-1,0,0,-1,0,0,0,0,0,0,-1,0,-1,-1,-1,-1,-1,-1,-1,-1,-1,-1,-1,-1,-1,-1,-1,-1,-1,-1,-1,-1,-1,-1,-1
53369,938315,-1,-1,79,-1,-1,-1,-1,-1,-1,1222,-1,16,-1,-1,-1,-1,-1,-1,-1,-1,-1,0,0,-1,-1,-1,-1,-1,-1,0,0,-1,0,0,0,0,0,0,-1,0,-1,-1,-1,-1,-1,-1,-1,-1,-1,-1,-1,-1,-1,-1,-1,-1,-1,-1,-1,-1,-1,-1,-1
53370,938315,-1,-1,77,-1,-1,-1,-1,-1,-1,1208,-1,16,-1,-1,-1,-1,-1,-1,-1,-1,-1,0,0,-1,-1,-1,-1,-1,-1,0,0,-1,0,0,0,0,0,0,-1,0,-1,-1,-1,-1,-1,-1,-1,-1,-1,-1,-1,-1,-1,-1,-1,-1,-1,-1,-1,-1,-1,-1,-1
53373,938315,-1,-1,70,-1,-1,-1,-1,-1,-1,1116,-1,14,-1,-1,-1,-1,-1,-1,-1,-1,-1,0,0,-1,-1,-1,-1,-1,-1,0,0,-1,0,0,0,0,0,0,-1,0,-1,-1,-1,-1,-1,-1,-1,-1,-1,-1,-1,-1,-1,-1,-1,-1,-1,-1,-1,-1,-1,-1,-1
53374,938315,-1,-1,68,-1,-1,-1,-1,-1,-1,1090,-1,14,-1,-1,-1,-1,-1,-1,-1,-1,-1,0,0,-1,-1,-1,-1,-1,-1,0,0,-1,0,0,0,0,0,0,-1,0,-1,-1,-1,-1,-1,-1,-1,-1,-1,-1,-1,-1,-1,-1,-1,-1,-1,-1,-1,-1,-1,-1,-1
53375,938315,-1,-1,68,-1,-1,-1,-1,-1,-1,1082,-1,14,-1,-1,-1,-1,-1,-1,-1,-1,-1,0,0,-1,-1,-1,-1,-1,-1,0,0,-1,0,0,0,0,0,0,-1,0,-1,-1,-1,-1,-1,-1,-1,-1,-1,-1,-1,-1,-1,-1,-1,-1,-1,-1,-1,-1,-1,-1,-1
53376,938315,-1,-1,67,-1,-1,-1,-1,-1,-1,1068,-1,13,-1,-1,-1,-1,-1,-1,-1,-1,-1,0,0,-1,-1,-1,-1,-1,-1,0,0,-1,0,0,0,0,0,0,-1,0,-1,-1,-1,-1,-1,-1,-1,-1,-1,-1,-1,-1,-1,-1,-1,-1,-1,-1,-1,-1,-1,-1,-1
53377,938315,-1,-1,65,-1,-1,-1,-1,-1,-1,1036,-1,13,-1,-1,-1,-1,-1,-1,-1,-1,-1,0,0,-1,-1,-1,-1,-1,-1,0,0,-1,0,0,0,0,0,0,-1,0,-1,-1,-1,-1,-1,-1,-1,-1,-1,-1,-1,-1,-1,-1,-1,-1,-1,-1,-1,-1,-1,-1,-1
53378,938315,-1,-1,64,-1,-1,-1,-1,-1,-1,1030,-1,13,-1,-1,-1,-1,-1,-1,-1,-1,-1,0,0,-1,-1,-1,-1,-1,-1,0,0,-1,0,0,0,0,0,0,-1,0,-1,-1,-1,-1,-1,-1,-1,-1,-1,-1,-1,-1,-1,-1,-1,-1,-1,-1,-1,-1,-1,-1,-1
53379,938315,-1,-1,64,-1,-1,-1,-1,-1,-1,1018,-1,13,-1,-1,-1,-1,-1,-1,-1,-1,-1,0,0,-1,-1,-1,-1,-1,-1,0,0,-1,0,0,0,0,0,0,-1,0,-1,-1,-1,-1,-1,-1,-1,-1,-1,-1,-1,-1,-1,-1,-1,-1,-1,-1,-1,-1,-1,-1,-1
53383,938315,-1,-1,179,-1,-1,-1,-1,-1,-1,2182,-1,81,-1,-1,-1,-1,-1,-1,-1,-1,-1,0,0,-1,-1,-1,-1,-1,-1,-1,-1,-1,0,0,0,0,0,0,-1,0,-1,-1,-1,-1,-1,-1,-1,-1,-1,-1,-1,-1,-1,-1,-1,-1,-1,-1,-1,-1,-1,-1,-1
53385,938315,-1,-1,120,-1,-1,-1,-1,-1,-1,1709,-1,39,-1,-1,-1,-1,-1,-1,-1,-1,-1,0,0,-1,-1,-1,-1,-1,-1,0,0,-1,0,0,0,0,0,0,-1,0,-1,-1,-1,-1,-1,-1,-1,-1,-1,-1,-1,-1,-1,-1,-1,-1,-1,-1,-1,-1,-1,-1,-1
53386,938315,-1,-1,101,-1,-1,-1,-1,-1,-1,1485,-1,26,-1,-1,-1,-1,-1,-1,-1,-1,-1,0,0,-1,-1,-1,-1,-1,-1,0,0,-1,0,0,0,0,0,0,-1,0,-1,-1,-1,-1,-1,-1,-1,-1,-1,-1,-1,-1,-1,-1,-1,-1,-1,-1,-1,-1,-1,-1,-1
53387,938315,-1,-1,89,-1,-1,-1,-1,-1,-1,1352,-1,20,-1,-1,-1,-1,-1,-1,-1,-1,-1,0,0,-1,-1,-1,-1,-1,-1,0,0,-1,0,0,0,0,0,0,-1,0,-1,-1,-1,-1,-1,-1,-1,-1,-1,-1,-1,-1,-1,-1,-1,-1,-1,-1,-1,-1,-1,-1,-1
53388,938315,-1,-1,82,-1,-1,-1,-1,-1,-1,1255,-1,17,-1,-1,-1,-1,-1,-1,-1,-1,-1,0,0,-1,-1,-1,-1,-1,-1,0,0,-1,0,0,0,0,0,0,-1,0,-1,-1,-1,-1,-1,-1,-1,-1,-1,-1,-1,-1,-1,-1,-1,-1,-1,-1,-1,-1,-1,-1,-1
53389,938315,-1,-1,75,-1,-1,-1,-1,-1,-1,1176,-1,15,-1,-1,-1,-1,-1,-1,-1,-1,-1,0,0,-1,-1,-1,-1,-1,-1,0,0,-1,0,0,0,0,0,0,-1,0,-1,-1,-1,-1,-1,-1,-1,-1,-1,-1,-1,-1,-1,-1,-1,-1,-1,-1,-1,-1,-1,-1,-1
53390,938315,-1,-1,72,-1,-1,-1,-1,-1,-1,1140,-1,14,-1,-1,-1,-1,-1,-1,-1,-1,-1,0,0,-1,-1,-1,-1,-1,-1,0,0,-1,0,0,0,0,0,0,-1,0,-1,-1,-1,-1,-1,-1,-1,-1,-1,-1,-1,-1,-1,-1,-1,-1,-1,-1,-1,-1,-1,-1,-1
53391,938315,-1,-1,71,-1,-1,-1,-1,-1,-1,1120,-1,14,-1,-1,-1,-1,-1,-1,-1,-1,-1,0,0,-1,-1,-1,-1,-1,-1,0,0,-1,0,0,0,0,0,0,-1,0,-1,-1,-1,-1,-1,-1,-1,-1,-1,-1,-1,-1,-1,-1,-1,-1,-1,-1,-1,-1,-1,-1,-1
53392,938315,-1,-1,66,-1,-1,-1,-1,-1,-1,1065,-1,13,-1,-1,-1,-1,-1,-1,-1,-1,-1,0,0,-1,-1,-1,-1,-1,-1,0,0,-1,0,0,0,0,0,0,-1,0,-1,-1,-1,-1,-1,-1,-1,-1,-1,-1,-1,-1,-1,-1,-1,-1,-1,-1,-1,-1,-1,-1,-1
53393,938315,-1,-1,65,-1,-1,-1,-1,-1,-1,1044,-1,12,-1,-1,-1,-1,-1,-1,-1,-1,-1,0,0,-1,-1,-1,-1,-1,-1,0,0,-1,0,0,0,0,0,0,-1,0,-1,-1,-1,-1,-1,-1,-1,-1,-1,-1,-1,-1,-1,-1,-1,-1,-1,-1,-1,-1,-1,-1,-1
53394,938315,-1,-1,62,-1,-1,-1,-1,-1,-1,1002,-1,12,-1,-1,-1,-1,-1,-1,-1,-1,-1,0,0,-1,-1,-1,-1,-1,-1,0,0,-1,0,0,0,0,0,0,-1,0,-1,-1,-1,-1,-1,-1,-1,-1,-1,-1,-1,-1,-1,-1,-1,-1,-1,-1,-1,-1,-1,-1,-1
53397,938315,-1,-1,60,-1,-1,-1,-1,-1,-1,977,-1,11,-1,-1,-1,-1,-1,-1,-1,-1,-1,0,0,-1,-1,-1,-1,-1,-1,0,0,-1,0,0,0,0,0,0,-1,0,-1,-1,-1,-1,-1,-1,-1,-1,-1,-1,-1,-1,-1,-1,-1,-1,-1,-1,-1,-1,-1,-1,-1
53398,938315,-1,-1,57,-1,-1,-1,-1,-1,-1,935,-1,11,-1,-1,-1,-1,-1,-1,-1,-1,-1,0,0,-1,-1,-1,-1,-1,-1,0,0,-1,0,0,0,0,0,0,-1,0,-1,-1,-1,-1,-1,-1,-1,-1,-1,-1,-1,-1,-1,-1,-1,-1,-1,-1,-1,-1,-1,-1,-1
53403,938315,-1,-1,158,-1,-1,-1,-1,-1,-1,2046,-1,82,-1,-1,-1,-1,-1,-1,-1,-1,-1,0,0,-1,-1,-1,-1,-1,-1,0,0,-1,0,0,0,0,0,0,-1,0,-1,-1,-1,-1,-1,-1,-1,-1,-1,-1,-1,-1,-1,-1,-1,-1,-1,-1,-1,-1,-1,-1,-1
53404,938315,-1,-1,111,-1,-1,-1,-1,-1,-1,1618,-1,32,-1,-1,-1,-1,-1,-1,-1,-1,-1,0,0,-1,-1,-1,-1,-1,-1,0,0,-1,0,0,0,0,0,0,-1,0,-1,-1,-1,-1,-1,-1,-1,-1,-1,-1,-1,-1,-1,-1,-1,-1,-1,-1,-1,-1,-1,-1,-1
53405,938315,-1,-1,96,-1,-1,-1,-1,-1,-1,1439,-1,23,-1,-1,-1,-1,-1,-1,-1,-1,-1,0,0,-1,-1,-1,-1,-1,-1,0,0,-1,0,0,0,0,0,0,-1,0,-1,-1,-1,-1,-1,-1,-1,-1,-1,-1,-1,-1,-1,-1,-1,-1,-1,-1,-1,-1,-1,-1,-1
53406,938315,-1,-1,83,-1,-1,-1,-1,-1,-1,1292,-1,18,-1,-1,-1,-1,-1,-1,-1,-1,-1,0,0,-1,-1,-1,-1,-1,-1,0,0,-1,0,0,0,0,0,0,-1,0,-1,-1,-1,-1,-1,-1,-1,-1,-1,-1,-1,-1,-1,-1,-1,-1,-1,-1,-1,-1,-1,-1,-1
53407,938315,-1,-1,82,-1,-1,-1,-1,-1,-1,1277,-1,17,-1,-1,-1,-1,-1,-1,-1,-1,-1,0,0,-1,-1,-1,-1,-1,-1,0,0,-1,0,0,0,0,0,0,-1,0,-1,-1,-1,-1,-1,-1,-1,-1,-1,-1,-1,-1,-1,-1,-1,-1,-1,-1,-1,-1,-1,-1,-1
53408,938315,-1,-1,77,-1,-1,-1,-1,-1,-1,1199,-1,15,-1,-1,-1,-1,-1,-1,-1,-1,-1,0,0,-1,-1,-1,-1,-1,-1,0,0,-1,0,0,0,0,0,0,-1,0,-1,-1,-1,-1,-1,-1,-1,-1,-1,-1,-1,-1,-1,-1,-1,-1,-1,-1,-1,-1,-1,-1,-1
53409,938315,-1,-1,72,-1,-1,-1,-1,-1,-1,1143,-1,14,-1,-1,-1,-1,-1,-1,-1,-1,-1,0,0,-1,-1,-1,-1,-1,-1,0,0,-1,0,0,0,0,0,0,-1,0,-1,-1,-1,-1,-1,-1,-1,-1,-1,-1,-1,-1,-1,-1,-1,-1,-1,-1,-1,-1,-1,-1,-1
53410,938315,-1,-1,70,-1,-1,-1,-1,-1,-1,1113,-1,13,-1,-1,-1,-1,-1,-1,-1,-1,-1,0,0,-1,-1,-1,-1,-1,-1,0,0,-1,0,0,0,0,0,0,-1,0,-1,-1,-1,-1,-1,-1,-1,-1,-1,-1,-1,-1,-1,-1,-1,-1,-1,-1,-1,-1,-1,-1,-1
53411,938315,-1,-1,67,-1,-1,-1,-1,-1,-1,1063,-1,13,-1,-1,-1,-1,-1,-1,-1,-1,-1,0,0,-1,-1,-1,-1,-1,-1,0,0,-1,0,0,0,0,0,0,-1,0,-1,-1,-1,-1,-1,-1,-1,-1,-1,-1,-1,-1,-1,-1,-1,-1,-1,-1,-1,-1,-1,-1,-1
53423,938315,-1,-1,167,-1,-1,-1,-1,-1,-1,2039,-1,110,-1,-1,-1,-1,-1,-1,-1,-1,-1,0,0,-1,-1,-1,-1,-1,-1,1,0,-1,0,0,0,0,0,0,-1,0,-1,-1,-1,-1,-1,-1,-1,-1,-1,-1,-1,-1,-1,-1,-1,-1,-1,-1,-1,-1,-1,-1,-1
53424,938315,-1,-1,108,-1,-1,-1,-1,-1,-1,1551,-1,32,-1,-1,-1,-1,-1,-1,-1,-1,-1,0,0,-1,-1,-1,-1,-1,-1,0,0,-1,0,0,0,0,0,0,-1,0,-1,-1,-1,-1,-1,-1,-1,-1,-1,-1,-1,-1,-1,-1,-1,-1,-1,-1,-1,-1,-1,-1,-1
53425,938315,-1,-1,105,-1,-1,-1,-1,-1,-1,1519,-1,29,-1,-1,-1,-1,-1,-1,-1,-1,-1,0,0,-1,-1,-1,-1,-1,-1,0,0,-1,0,0,0,0,0,0,-1,0,-1,-1,-1,-1,-1,-1,-1,-1,-1,-1,-1,-1,-1,-1,-1,-1,-1,-1,-1,-1,-1,-1,-1
53426,938315,-1,-1,103,-1,-1,-1,-1,-1,-1,1485,-1,26,-1,-1,-1,-1,-1,-1,-1,-1,-1,0,0,-1,-1,-1,-1,-1,-1,0,0,-1,0,0,0,0,0,0,-1,0,-1,-1,-1,-1,-1,-1,-1,-1,-1,-1,-1,-1,-1,-1,-1,-1,-1,-1,-1,-1,-1,-1,-1
53427,938315,-1,-1,87,-1,-1,-1,-1,-1,-1,1319,-1,19,-1,-1,-1,-1,-1,-1,-1,-1,-1,0,0,-1,-1,-1,-1,-1,-1,0,0,-1,0,0,0,0,0,0,-1,0,-1,-1,-1,-1,-1,-1,-1,-1,-1,-1,-1,-1,-1,-1,-1,-1,-1,-1,-1,-1,-1,-1,-1
53428,938315,-1,-1,85,-1,-1,-1,-1,-1,-1,1287,-1,18,-1,-1,-1,-1,-1,-1,-1,-1,-1,0,0,-1,-1,-1,-1,-1,-1,0,0,-1,0,0,0,0,0,0,-1,0,-1,-1,-1,-1,-1,-1,-1,-1,-1,-1,-1,-1,-1,-1,-1,-1,-1,-1,-1,-1,-1,-1,-1
53429,938315,-1,-1,77,-1,-1,-1,-1,-1,-1,1191,-1,15,-1,-1,-1,-1,-1,-1,-1,-1,-1,0,0,-1,-1,-1,-1,-1,-1,0,0,-1,0,0,0,0,0,0,-1,0,-1,-1,-1,-1,-1,-1,-1,-1,-1,-1,-1,-1,-1,-1,-1,-1,-1,-1,-1,-1,-1,-1,-1
53435,938315,-1,-1,71,-1,-1,-1,-1,-1,-1,1121,-1,14,-1,-1,-1,-1,-1,-1,-1,-1,-1,0,0,-1,-1,-1,-1,-1,-1,0,0,-1,0,0,0,0,0,0,-1,0,-1,-1,-1,-1,-1,-1,-1,-1,-1,-1,-1,-1,-1,-1,-1,-1,-1,-1,-1,-1,-1,-1,-1
53436,938315,-1,-1,67,-1,-1,-1,-1,-1,-1,1073,-1,13,-1,-1,-1,-1,-1,-1,-1,-1,-1,0,0,-1,-1,-1,-1,-1,-1,0,0,-1,0,0,0,0,0,0,-1,0,-1,-1,-1,-1,-1,-1,-1,-1,-1,-1,-1,-1,-1,-1,-1,-1,-1,-1,-1,-1,-1,-1,-1
53450,938315,-1,-1,108,-1,-1,-1,-1,-1,-1,1571,-1,30,-1,-1,-1,-1,-1,-1,-1,-1,-1,0,0,-1,-1,-1,-1,-1,-1,0,0,-1,0,0,0,0,0,0,-1,0,-1,-1,-1,-1,-1,-1,-1,-1,-1,-1,-1,-1,-1,-1,-1,-1,-1,-1,-1,-1,-1,-1,-1
53451,938315,-1,-1,92,-1,-1,-1,-1,-1,-1,1384,-1,21,-1,-1,-1,-1,-1,-1,-1,-1,-1,0,0,-1,-1,-1,-1,-1,-1,0,0,-1,0,0,0,0,0,0,-1,0,-1,-1,-1,-1,-1,-1,-1,-1,-1,-1,-1,-1,-1,-1,-1,-1,-1,-1,-1,-1,-1,-1,-1
53452,938315,-1,-1,89,-1,-1,-1,-1,-1,-1,1338,-1,19,-1,-1,-1,-1,-1,-1,-1,-1,-1,0,0,-1,-1,-1,-1,-1,-1,0,0,-1,0,0,0,0,0,0,-1,0,-1,-1,-1,-1,-1,-1,-1,-1,-1,-1,-1,-1,-1,-1,-1,-1,-1,-1,-1,-1,-1,-1,-1
53453,938315,-1,-1,84,-1,-1,-1,-1,-1,-1,1275,-1,17,-1,-1,-1,-1,-1,-1,-1,-1,-1,0,0,-1,-1,-1,-1,-1,-1,0,0,-1,0,0,0,0,0,0,-1,0,-1,-1,-1,-1,-1,-1,-1,-1,-1,-1,-1,-1,-1,-1,-1,-1,-1,-1,-1,-1,-1,-1,-1
53454,938315,-1,-1,79,-1,-1,-1,-1,-1,-1,1220,-1,15,-1,-1,-1,-1,-1,-1,-1,-1,-1,0,0,-1,-1,-1,-1,-1,-1,0,0,-1,0,0,0,0,0,0,-1,0,-1,-1,-1,-1,-1,-1,-1,-1,-1,-1,-1,-1,-1,-1,-1,-1,-1,-1,-1,-1,-1,-1,-1
53455,938315,-1,-1,79,-1,-1,-1,-1,-1,-1,1201,-1,14,-1,-1,-1,-1,-1,-1,-1,-1,-1,0,0,-1,-1,-1,-1,-1,-1,0,0,-1,0,0,0,0,0,0,-1,0,-1,-1,-1,-1,-1,-1,-1,-1,-1,-1,-1,-1,-1,-1,-1,-1,-1,-1,-1,-1,-1,-1,-1
53456,938315,-1,-1,75,-1,-1,-1,-1,-1,-1,1168,-1,14,-1,-1,-1,-1,-1,-1,-1,-1,-1,0,0,-1,-1,-1,-1,-1,-1,0,0,-1,0,0,0,0,0,0,-1,0,-1,-1,-1,-1,-1,-1,-1,-1,-1,-1,-1,-1,-1,-1,-1,-1,-1,-1,-1,-1,-1,-1,-1
53457,938315,-1,-1,72,-1,-1,-1,-1,-1,-1,1116,-1,13,-1,-1,-1,-1,-1,-1,-1,-1,-1,0,0,-1,-1,-1,-1,-1,-1,0,0,-1,0,0,0,0,0,0,-1,0,-1,-1,-1,-1,-1,-1,-1,-1,-1,-1,-1,-1,-1,-1,-1,-1,-1,-1,-1,-1,-1,-1,-1
53464,938315,-1,-1,146,-1,-1,-1,-1,-1,-1,1906,-1,72,-1,-1,-1,-1,-1,-1,-1,-1,-1,0,0,-1,-1,-1,-1,-1,-1,0,0,-1,0,0,0,0,0,0,-1,0,-1,-1,-1,-1,-1,-1,-1,-1,-1,-1,-1,-1,-1,-1,-1,-1,-1,-1,-1,-1,-1,-1,-1
53465,938315,-1,-1,110,-1,-1,-1,-1,-1,-1,1573,-1,32,-1,-1,-1,-1,-1,-1,-1,-1,-1,0,0,-1,-1,-1,-1,-1,-1,0,0,-1,0,0,0,0,0,0,-1,0,-1,-1,-1,-1,-1,-1,-1,-1,-1,-1,-1,-1,-1,-1,-1,-1,-1,-1,-1,-1,-1,-1,-1
53466,938315,-1,-1,102,-1,-1,-1,-1,-1,-1,1499,-1,28,-1,-1,-1,-1,-1,-1,-1,-1,-1,0,0,-1,-1,-1,-1,-1,-1,0,0,-1,0,0,0,0,0,0,-1,0,-1,-1,-1,-1,-1,-1,-1,-1,-1,-1,-1,-1,-1,-1,-1,-1,-1,-1,-1,-1,-1,-1,-1
53467,938315,-1,-1,91,-1,-1,-1,-1,-1,-1,1365,-1,22,-1,-1,-1,-1,-1,-1,-1,-1,-1,0,0,-1,-1,-1,-1,-1,-1,0,0,-1,0,0,0,0,0,0,-1,0,-1,-1,-1,-1,-1,-1,-1,-1,-1,-1,-1,-1,-1,-1,-1,-1,-1,-1,-1,-1,-1,-1,-1
53468,938315,-1,-1,89,-1,-1,-1,-1,-1,-1,1351,-1,21,-1,-1,-1,-1,-1,-1,-1,-1,-1,0,0,-1,-1,-1,-1,-1,-1,0,0,-1,0,0,0,0,0,0,-1,0,-1,-1,-1,-1,-1,-1,-1,-1,-1,-1,-1,-1,-1,-1,-1,-1,-1,-1,-1,-1,-1,-1,-1
53469,938315,-1,-1,81,-1,-1,-1,-1,-1,-1,1234,-1,16,-1,-1,-1,-1,-1,-1,-1,-1,-1,0,0,-1,-1,-1,-1,-1,-1,0,0,-1,0,0,0,0,0,0,-1,0,-1,-1,-1,-1,-1,-1,-1,-1,-1,-1,-1,-1,-1,-1,-1,-1,-1,-1,-1,-1,-1,-1,-1
53470,938315,-1,-1,77,-1,-1,-1,-1,-1,-1,1184,-1,15,-1,-1,-1,-1,-1,-1,-1,-1,-1,0,0,-1,-1,-1,-1,-1,-1,0,0,-1,0,0,0,0,0,0,-1,0,-1,-1,-1,-1,-1,-1,-1,-1,-1,-1,-1,-1,-1,-1,-1,-1,-1,-1,-1,-1,-1,-1,-1
53471,938315,-1,-1,72,-1,-1,-1,-1,-1,-1,1128,-1,14,-1,-1,-1,-1,-1,-1,-1,-1,-1,0,0,-1,-1,-1,-1,-1,-1,0,0,-1,0,0,0,0,0,0,-1,0,-1,-1,-1,-1,-1,-1,-1,-1,-1,-1,-1,-1,-1,-1,-1,-1,-1,-1,-1,-1,-1,-1,-1
53472,938315,-1,-1,71,-1,-1,-1,-1,-1,-1,1103,-1,13,-1,-1,-1,-1,-1,-1,-1,-1,-1,0,0,-1,-1,-1,-1,-1,-1,0,0,-1,0,0,0,0,0,0,-1,0,-1,-1,-1,-1,-1,-1,-1,-1,-1,-1,-1,-1,-1,-1,-1,-1,-1,-1,-1,-1,-1,-1,-1
53473,938315,-1,-1,66,-1,-1,-1,-1,-1,-1,1048,-1,13,-1,-1,-1,-1,-1,-1,-1,-1,-1,0,0,-1,-1,-1,-1,-1,-1,0,0,-1,0,0,0,0,0,0,-1,0,-1,-1,-1,-1,-1,-1,-1,-1,-1,-1,-1,-1,-1,-1,-1,-1,-1,-1,-1,-1,-1,-1,-1
53474,938315,-1,-1,65,-1,-1,-1,-1,-1,-1,1026,-1,12,-1,-1,-1,-1,-1,-1,-1,-1,-1,0,0,-1,-1,-1,-1,-1,-1,0,0,-1,0,0,0,0,0,0,-1,0,-1,-1,-1,-1,-1,-1,-1,-1,-1,-1,-1,-1,-1,-1,-1,-1,-1,-1,-1,-1,-1,-1,-1
53475,938315,-1,-1,65,-1,-1,-1,-1,-1,-1,1026,-1,12,-1,-1,-1,-1,-1,-1,-1,-1,-1,0,0,-1,-1,-1,-1,-1,-1,0,0,-1,0,0,0,0,0,0,-1,0,-1,-1,-1,-1,-1,-1,-1,-1,-1,-1,-1,-1,-1,-1,-1,-1,-1,-1,-1,-1,-1,-1,-1
53482,938315,-1,-1,140,-1,-1,-1,-1,-1,-1,1841,-1,63,-1,-1,-1,-1,-1,-1,-1,-1,-1,0,0,-1,-1,-1,-1,-1,-1,0,0,-1,0,0,0,0,0,0,-1,0,-1,-1,-1,-1,-1,-1,-1,-1,-1,-1,-1,-1,-1,-1,-1,-1,-1,-1,-1,-1,-1,-1,-1
53483,938315,-1,-1,110,-1,-1,-1,-1,-1,-1,1570,-1,32,-1,-1,-1,-1,-1,-1,-1,-1,-1,0,0,-1,-1,-1,-1,-1,-1,0,0,-1,0,0,0,0,0,0,-1,0,-1,-1,-1,-1,-1,-1,-1,-1,-1,-1,-1,-1,-1,-1,-1,-1,-1,-1,-1,-1,-1,-1,-1
53488,938315,-1,-1,93,-1,-1,-1,-1,-1,-1,1386,-1,22,-1,-1,-1,-1,-1,-1,-1,-1,-1,0,0,-1,-1,-1,-1,-1,-1,0,0,-1,0,0,0,0,0,0,-1,0,-1,-1,-1,-1,-1,-1,-1,-1,-1,-1,-1,-1,-1,-1,-1,-1,-1,-1,-1,-1,-1,-1,-1
53489,938315,-1,-1,93,-1,-1,-1,-1,-1,-1,1386,-1,20,-1,-1,-1,-1,-1,-1,-1,-1,-1,0,0,-1,-1,-1,-1,-1,-1,0,0,-1,0,0,0,0,0,0,-1,0,-1,-1,-1,-1,-1,-1,-1,-1,-1,-1,-1,-1,-1,-1,-1,-1,-1,-1,-1,-1,-1,-1,-1
53490,938315,-1,-1,86,-1,-1,-1,-1,-1,-1,1301,-1,18,-1,-1,-1,-1,-1,-1,-1,-1,-1,0,0,-1,-1,-1,-1,-1,-1,0,0,-1,0,0,0,0,0,0,-1,0,-1,-1,-1,-1,-1,-1,-1,-1,-1,-1,-1,-1,-1,-1,-1,-1,-1,-1,-1,-1,-1,-1,-1
53491,938315,-1,-1,79,-1,-1,-1,-1,-1,-1,1211,-1,15,-1,-1,-1,-1,-1,-1,-1,-1,-1,0,0,-1,-1,-1,-1,-1,-1,0,0,-1,0,0,0,0,0,0,-1,0,-1,-1,-1,-1,-1,-1,-1,-1,-1,-1,-1,-1,-1,-1,-1,-1,-1,-1,-1,-1,-1,-1,-1
53492,938315,-1,-1,74,-1,-1,-1,-1,-1,-1,1148,-1,14,-1,-1,-1,-1,-1,-1,-1,-1,-1,0,0,-1,-1,-1,-1,-1,-1,0,0,-1,0,0,0,0,0,0,-1,0,-1,-1,-1,-1,-1,-1,-1,-1,-1,-1,-1,-1,-1,-1,-1,-1,-1,-1,-1,-1,-1,-1,-1
53493,938315,-1,-1,69,-1,-1,-1,-1,-1,-1,1082,-1,13,-1,-1,-1,-1,-1,-1,-1,-1,-1,0,0,-1,-1,-1,-1,-1,-1,0,0,-1,0,0,0,0,0,0,-1,0,-1,-1,-1,-1,-1,-1,-1,-1,-1,-1,-1,-1,-1,-1,-1,-1,-1,-1,-1,-1,-1,-1,-1
53494,938315,-1,-1,67,-1,-1,-1,-1,-1,-1,1047,-1,12,-1,-1,-1,-1,-1,-1,-1,-1,-1,0,0,-1,-1,-1,-1,-1,-1,0,0,-1,0,0,0,0,0,0,-1,0,-1,-1,-1,-1,-1,-1,-1,-1,-1,-1,-1,-1,-1,-1,-1,-1,-1,-1,-1,-1,-1,-1,-1
53505,938315,-1,-1,170,-1,-1,-1,-1,-1,-1,2128,-1,117,-1,-1,-1,-1,-1,-1,-1,-1,-1,0,0,-1,-1,-1,-1,-1,-1,0,0,-1,0,0,0,0,0,0,-1,0,-1,-1,-1,-1,-1,-1,-1,-1,-1,-1,-1,-1,-1,-1,-1,-1,-1,-1,-1,-1,-1,-1,-1
53510,938315,-1,-1,127,-1,-1,-1,-1,-1,-1,1766,-1,46,-1,-1,-1,-1,-1,-1,-1,-1,-1,0,0,-1,-1,-1,-1,-1,-1,0,0,-1,0,0,0,0,0,0,-1,0,-1,-1,-1,-1,-1,-1,-1,-1,-1,-1,-1,-1,-1,-1,-1,-1,-1,-1,-1,-1,-1,-1,-1
53511,938315,-1,-1,99,-1,-1,-1,-1,-1,-1,1470,-1,26,-1,-1,-1,-1,-1,-1,-1,-1,-1,0,0,-1,-1,-1,-1,-1,-1,0,0,-1,0,0,0,0,0,0,-1,0,-1,-1,-1,-1,-1,-1,-1,-1,-1,-1,-1,-1,-1,-1,-1,-1,-1,-1,-1,-1,-1,-1,-1
53512,938315,-1,-1,92,-1,-1,-1,-1,-1,-1,1390,-1,22,-1,-1,-1,-1,-1,-1,-1,-1,-1,0,0,-1,-1,-1,-1,-1,-1,0,0,-1,0,0,0,0,0,0,-1,0,-1,-1,-1,-1,-1,-1,-1,-1,-1,-1,-1,-1,-1,-1,-1,-1,-1,-1,-1,-1,-1,-1,-1
53513,938315,-1,-1,85,-1,-1,-1,-1,-1,-1,1303,-1,19,-1,-1,-1,-1,-1,-1,-1,-1,-1,0,0,-1,-1,-1,-1,-1,-1,0,0,-1,0,0,0,0,0,0,-1,0,-1,-1,-1,-1,-1,-1,-1,-1,-1,-1,-1,-1,-1,-1,-1,-1,-1,-1,-1,-1,-1,-1,-1
53514,938315,-1,-1,79,-1,-1,-1,-1,-1,-1,1236,-1,16,-1,-1,-1,-1,-1,-1,-1,-1,-1,0,0,-1,-1,-1,-1,-1,-1,0,0,-1,0,0,0,0,0,0,-1,0,-1,-1,-1,-1,-1,-1,-1,-1,-1,-1,-1,-1,-1,-1,-1,-1,-1,-1,-1,-1,-1,-1,-1
53515,938315,-1,-1,76,-1,-1,-1,-1,-1,-1,1189,-1,15,-1,-1,-1,-1,-1,-1,-1,-1,-1,0,0,-1,-1,-1,-1,-1,-1,0,0,-1,0,0,0,0,0,0,-1,0,-1,-1,-1,-1,-1,-1,-1,-1,-1,-1,-1,-1,-1,-1,-1,-1,-1,-1,-1,-1,-1,-1,-1
53516,938315,-1,-1,70,-1,-1,-1,-1,-1,-1,1117,-1,14,-1,-1,-1,-1,-1,-1,-1,-1,-1,0,0,-1,-1,-1,-1,-1,-1,0,0,-1,0,0,0,0,0,0,-1,0,-1,-1,-1,-1,-1,-1,-1,-1,-1,-1,-1,-1,-1,-1,-1,-1,-1,-1,-1,-1,-1,-1,-1
53517,938315,-1,-1,67,-1,-1,-1,-1,-1,-1,1072,-1,13,-1,-1,-1,-1,-1,-1,-1,-1,-1,0,0,-1,-1,-1,-1,-1,-1,0,0,-1,0,0,0,0,0,0,-1,0,-1,-1,-1,-1,-1,-1,-1,-1,-1,-1,-1,-1,-1,-1,-1,-1,-1,-1,-1,-1,-1,-1,-1
53518,938315,-1,-1,67,-1,-1,-1,-1,-1,-1,1060,-1,13,-1,-1,-1,-1,-1,-1,-1,-1,-1,0,0,-1,-1,-1,-1,-1,-1,0,0,-1,0,0,0,0,0,0,-1,0,-1,-1,-1,-1,-1,-1,-1,-1,-1,-1,-1,-1,-1,-1,-1,-1,-1,-1,-1,-1,-1,-1,-1
53519,938315,-1,-1,63,-1,-1,-1,-1,-1,-1,1009,-1,12,-1,-1,-1,-1,-1,-1,-1,-1,-1,0,0,-1,-1,-1,-1,-1,-1,0,0,-1,0,0,0,0,0,0,-1,0,-1,-1,-1,-1,-1,-1,-1,-1,-1,-1,-1,-1,-1,-1,-1,-1,-1,-1,-1,-1,-1,-1,-1
53520,938315,-1,-1,61,-1,-1,-1,-1,-1,-1,987,-1,12,-1,-1,-1,-1,-1,-1,-1,-1,-1,0,0,-1,-1,-1,-1,-1,-1,0,0,-1,0,0,0,0,0,0,-1,0,-1,-1,-1,-1,-1,-1,-1,-1,-1,-1,-1,-1,-1,-1,-1,-1,-1,-1,-1,-1,-1,-1,-1
53530,938315,-1,-1,133,-1,-1,-1,-1,-1,-1,1769,-1,56,-1,-1,-1,-1,-1,-1,-1,-1,-1,0,0,-1,-1,-1,-1,-1,-1,0,0,-1,0,0,0,0,0,0,-1,0,-1,-1,-1,-1,-1,-1,-1,-1,-1,-1,-1,-1,-1,-1,-1,-1,-1,-1,-1,-1,-1,-1,-1
53531,938315,-1,-1,86,-1,-1,-1,-1,-1,-1,1308,-1,20,-1,-1,-1,-1,-1,-1,-1,-1,-1,0,0,-1,-1,-1,-1,-1,-1,0,0,-1,0,0,0,0,0,0,-1,0,-1,-1,-1,-1,-1,-1,-1,-1,-1,-1,-1,-1,-1,-1,-1,-1,-1,-1,-1,-1,-1,-1,-1
53532,938315,-1,-1,77,-1,-1,-1,-1,-1,-1,1195,-1,16,-1,-1,-1,-1,-1,-1,-1,-1,-1,0,0,-1,-1,-1,-1,-1,-1,0,0,-1,0,0,0,0,0,0,-1,0,-1,-1,-1,-1,-1,-1,-1,-1,-1,-1,-1,-1,-1,-1,-1,-1,-1,-1,-1,-1,-1,-1,-1
53533,938315,-1,-1,73,-1,-1,-1,-1,-1,-1,1150,-1,15,-1,-1,-1,-1,-1,-1,-1,-1,-1,0,0,-1,-1,-1,-1,-1,-1,0,0,-1,0,0,0,0,0,0,-1,0,-1,-1,-1,-1,-1,-1,-1,-1,-1,-1,-1,-1,-1,-1,-1,-1,-1,-1,-1,-1,-1,-1,-1
53534,938315,-1,-1,67,-1,-1,-1,-1,-1,-1,1066,-1,14,-1,-1,-1,-1,-1,-1,-1,-1,-1,0,0,-1,-1,-1,-1,-1,-1,0,0,-1,0,0,0,0,0,0,-1,0,-1,-1,-1,-1,-1,-1,-1,-1,-1,-1,-1,-1,-1,-1,-1,-1,-1,-1,-1,-1,-1,-1,-1
53536,938315,-1,-1,59,-1,-1,-1,-1,-1,-1,964,-1,12,-1,-1,-1,-1,-1,-1,-1,-1,-1,0,0,-1,-1,-1,-1,-1,-1,0,0,-1,0,0,0,0,0,0,-1,0,-1,-1,-1,-1,-1,-1,-1,-1,-1,-1,-1,-1,-1,-1,-1,-1,-1,-1,-1,-1,-1,-1,-1
53537,938315,-1,-1,54,-1,-1,-1,-1,-1,-1,897,-1,11,-1,-1,-1,-1,-1,-1,-1,-1,-1,0,0,-1,-1,-1,-1,-1,-1,0,0,-1,0,0,0,0,0,0,-1,0,-1,-1,-1,-1,-1,-1,-1,-1,-1,-1,-1,-1,-1,-1,-1,-1,-1,-1,-1,-1,-1,-1,-1
53538,938315,-1,-1,55,-1,-1,-1,-1,-1,-1,909,-1,11,-1,-1,-1,-1,-1,-1,-1,-1,-1,0,0,-1,-1,-1,-1,-1,-1,0,0,-1,0,0,0,0,0,0,-1,0,-1,-1,-1,-1,-1,-1,-1,-1,-1,-1,-1,-1,-1,-1,-1,-1,-1,-1,-1,-1,-1,-1,-1
53539,938315,-1,-1,55,-1,-1,-1,-1,-1,-1,896,-1,11,-1,-1,-1,-1,-1,-1,-1,-1,-1,0,0,-1,-1,-1,-1,-1,-1,0,0,-1,0,0,0,0,0,0,-1,0,-1,-1,-1,-1,-1,-1,-1,-1,-1,-1,-1,-1,-1,-1,-1,-1,-1,-1,-1,-1,-1,-1,-1
53540,938315,-1,-1,53,-1,-1,-1,-1,-1,-1,875,-1,11,-1,-1,-1,-1,-1,-1,-1,-1,-1,0,0,-1,-1,-1,-1,-1,-1,0,0,-1,0,0,0,0,0,0,-1,0,-1,-1,-1,-1,-1,-1,-1,-1,-1,-1,-1,-1,-1,-1,-1,-1,-1,-1,-1,-1,-1,-1,-1
53547,938315,-1,-1,134,-1,-1,-1,-1,-1,-1,1777,-1,54,-1,-1,-1,-1,-1,-1,-1,-1,-1,0,0,-1,-1,-1,-1,-1,-1,0,0,-1,0,0,0,0,0,0,-1,0,-1,-1,-1,-1,-1,-1,-1,-1,-1,-1,-1,-1,-1,-1,-1,-1,-1,-1,-1,-1,-1,-1,-1
53550,938315,-1,-1,99,-1,-1,-1,-1,-1,-1,1474,-1,26,-1,-1,-1,-1,-1,-1,-1,-1,-1,0,0,-1,-1,-1,-1,-1,-1,0,0,-1,0,0,0,0,0,0,-1,0,-1,-1,-1,-1,-1,-1,-1,-1,-1,-1,-1,-1,-1,-1,-1,-1,-1,-1,-1,-1,-1,-1,-1
53551,938315,-1,-1,88,-1,-1,-1,-1,-1,-1,1329,-1,19,-1,-1,-1,-1,-1,-1,-1,-1,-1,0,0,-1,-1,-1,-1,-1,-1,0,0,-1,0,0,0,0,0,0,-1,0,-1,-1,-1,-1,-1,-1,-1,-1,-1,-1,-1,-1,-1,-1,-1,-1,-1,-1,-1,-1,-1,-1,-1
53552,938315,-1,-1,87,-1,-1,-1,-1,-1,-1,1334,-1,19,-1,-1,-1,-1,-1,-1,-1,-1,-1,0,0,-1,-1,-1,-1,-1,-1,0,0,-1,0,0,0,0,0,0,-1,0,-1,-1,-1,-1,-1,-1,-1,-1,-1,-1,-1,-1,-1,-1,-1,-1,-1,-1,-1,-1,-1,-1,-1
53553,938315,-1,-1,87,-1,-1,-1,-1,-1,-1,1312,-1,18,-1,-1,-1,-1,-1,-1,-1,-1,-1,0,0,-1,-1,-1,-1,-1,-1,0,0,-1,0,0,0,0,0,0,-1,0,-1,-1,-1,-1,-1,-1,-1,-1,-1,-1,-1,-1,-1,-1,-1,-1,-1,-1,-1,-1,-1,-1,-1
53554,938315,-1,-1,85,-1,-1,-1,-1,-1,-1,1290,-1,17,-1,-1,-1,-1,-1,-1,-1,-1,-1,0,0,-1,-1,-1,-1,-1,-1,0,0,-1,0,0,0,0,0,0,-1,0,-1,-1,-1,-1,-1,-1,-1,-1,-1,-1,-1,-1,-1,-1,-1,-1,-1,-1,-1,-1,-1,-1,-1
53555,938315,-1,-1,81,-1,-1,-1,-1,-1,-1,1247,-1,16,-1,-1,-1,-1,-1,-1,-1,-1,-1,0,0,-1,-1,-1,-1,-1,-1,0,0,-1,0,0,0,0,0,0,-1,0,-1,-1,-1,-1,-1,-1,-1,-1,-1,-1,-1,-1,-1,-1,-1,-1,-1,-1,-1,-1,-1,-1,-1
53556,938315,-1,-1,80,-1,-1,-1,-1,-1,-1,1233,-1,15,-1,-1,-1,-1,-1,-1,-1,-1,-1,0,0,-1,-1,-1,-1,-1,-1,0,0,-1,0,0,0,0,0,0,-1,0,-1,-1,-1,-1,-1,-1,-1,-1,-1,-1,-1,-1,-1,-1,-1,-1,-1,-1,-1,-1,-1,-1,-1
53557,938315,-1,-1,75,-1,-1,-1,-1,-1,-1,1177,-1,14,-1,-1,-1,-1,-1,-1,-1,-1,-1,0,0,-1,-1,-1,-1,-1,-1,0,0,-1,0,0,0,0,0,0,-1,0,-1,-1,-1,-1,-1,-1,-1,-1,-1,-1,-1,-1,-1,-1,-1,-1,-1,-1,-1,-1,-1,-1,-1
53558,938315,-1,-1,74,-1,-1,-1,-1,-1,-1,1151,-1,14,-1,-1,-1,-1,-1,-1,-1,-1,-1,0,0,-1,-1,-1,-1,-1,-1,0,0,-1,0,0,0,0,0,0,-1,0,-1,-1,-1,-1,-1,-1,-1,-1,-1,-1,-1,-1,-1,-1,-1,-1,-1,-1,-1,-1,-1,-1,-1
53559,938315,-1,-1,74,-1,-1,-1,-1,-1,-1,1151,-1,13,-1,-1,-1,-1,-1,-1,-1,-1,-1,0,0,-1,-1,-1,-1,-1,-1,0,0,-1,0,0,0,0,0,0,-1,0,-1,-1,-1,-1,-1,-1,-1,-1,-1,-1,-1,-1,-1,-1,-1,-1,-1,-1,-1,-1,-1,-1,-1
53571,938315,-1,-1,159,-1,-1,-1,-1,-1,-1,1972,-1,77,-1,-1,-1,-1,-1,-1,-1,-1,-1,0,0,-1,-1,-1,-1,-1,-1,2,1,-1,0,0,0,0,0,0,-1,0,-1,-1,-1,-1,-1,-1,-1,-1,-1,-1,-1,-1,-1,-1,-1,-1,-1,-1,-1,-1,-1,-1,-1
53578,938315,-1,-1,184,-1,-1,-1,-1,-1,-1,2158,-1,85,-1,-1,-1,-1,-1,-1,-1,-1,-1,0,0,-1,-1,-1,-1,-1,-1,-1,-1,-1,0,0,0,0,0,0,-1,0,-1,-1,-1,-1,-1,-1,-1,-1,-1,-1,-1,-1,-1,-1,-1,-1,-1,-1,-1,-1,-1,-1,-1
53579,938315,-1,-1,112,-1,-1,-1,-1,-1,-1,1614,-1,33,-1,-1,-1,-1,-1,-1,-1,-1,-1,0,0,-1,-1,-1,-1,-1,-1,0,0,-1,0,0,0,0,0,0,-1,0,-1,-1,-1,-1,-1,-1,-1,-1,-1,-1,-1,-1,-1,-1,-1,-1,-1,-1,-1,-1,-1,-1,-1
53580,938315,-1,-1,93,-1,-1,-1,-1,-1,-1,1407,-1,22,-1,-1,-1,-1,-1,-1,-1,-1,-1,0,0,-1,-1,-1,-1,-1,-1,0,0,-1,0,0,0,0,0,0,-1,0,-1,-1,-1,-1,-1,-1,-1,-1,-1,-1,-1,-1,-1,-1,-1,-1,-1,-1,-1,-1,-1,-1,-1
53581,938315,-1,-1,84,-1,-1,-1,-1,-1,-1,1293,-1,18,-1,-1,-1,-1,-1,-1,-1,-1,-1,0,0,-1,-1,-1,-1,-1,-1,0,0,-1,0,0,0,0,0,0,-1,0,-1,-1,-1,-1,-1,-1,-1,-1,-1,-1,-1,-1,-1,-1,-1,-1,-1,-1,-1,-1,-1,-1,-1
53582,938315,-1,-1,77,-1,-1,-1,-1,-1,-1,1204,-1,15,-1,-1,-1,-1,-1,-1,-1,-1,-1,0,0,-1,-1,-1,-1,-1,-1,0,0,-1,0,0,0,0,0,0,-1,0,-1,-1,-1,-1,-1,-1,-1,-1,-1,-1,-1,-1,-1,-1,-1,-1,-1,-1,-1,-1,-1,-1,-1
53583,938315,-1,-1,71,-1,-1,-1,-1,-1,-1,1127,-1,14,-1,-1,-1,-1,-1,-1,-1,-1,-1,0,0,-1,-1,-1,-1,-1,-1,0,0,-1,0,0,0,0,0,0,-1,0,-1,-1,-1,-1,-1,-1,-1,-1,-1,-1,-1,-1,-1,-1,-1,-1,-1,-1,-1,-1,-1,-1,-1
53585,938315,-1,-1,65,-1,-1,-1,-1,-1,-1,1047,-1,12,-1,-1,-1,-1,-1,-1,-1,-1,-1,0,0,-1,-1,-1,-1,-1,-1,0,0,-1,0,0,0,0,0,0,-1,0,-1,-1,-1,-1,-1,-1,-1,-1,-1,-1,-1,-1,-1,-1,-1,-1,-1,-1,-1,-1,-1,-1,-1
53586,938315,-1,-1,65,-1,-1,-1,-1,-1,-1,1047,-1,12,-1,-1,-1,-1,-1,-1,-1,-1,-1,0,0,-1,-1,-1,-1,-1,-1,0,0,-1,0,0,0,0,0,0,-1,0,-1,-1,-1,-1,-1,-1,-1,-1,-1,-1,-1,-1,-1,-1,-1,-1,-1,-1,-1,-1,-1,-1,-1
53587,938315,-1,-1,62,-1,-1,-1,-1,-1,-1,1002,-1,12,-1,-1,-1,-1,-1,-1,-1,-1,-1,0,0,-1,-1,-1,-1,-1,-1,0,0,-1,0,0,0,0,0,0,-1,0,-1,-1,-1,-1,-1,-1,-1,-1,-1,-1,-1,-1,-1,-1,-1,-1,-1,-1,-1,-1,-1,-1,-1
53590,938315,-1,-1,162,-1,-1,-1,-1,-1,-1,1973,-1,95,-1,-1,-1,-1,-1,-1,-1,-1,-1,0,0,-1,-1,-1,-1,-1,-1,1,0,-1,0,0,0,0,0,0,-1,0,-1,-1,-1,-1,-1,-1,-1,-1,-1,-1,-1,-1,-1,-1,-1,-1,-1,-1,-1,-1,-1,-1,-1
53592,938315,-1,-1,162,-1,-1,-1,-1,-1,-1,1973,-1,38,-1,-1,-1,-1,-1,-1,-1,-1,-1,0,0,-1,-1,-1,-1,-1,-1,1,0,-1,0,0,0,0,0,0,-1,0,-1,-1,-1,-1,-1,-1,-1,-1,-1,-1,-1,-1,-1,-1,-1,-1,-1,-1,-1,-1,-1,-1,-1
53593,938315,-1,-1,94,-1,-1,-1,-1,-1,-1,1397,-1,23,-1,-1,-1,-1,-1,-1,-1,-1,-1,0,0,-1,-1,-1,-1,-1,-1,0,0,-1,0,0,0,0,0,0,-1,0,-1,-1,-1,-1,-1,-1,-1,-1,-1,-1,-1,-1,-1,-1,-1,-1,-1,-1,-1,-1,-1,-1,-1
53594,938315,-1,-1,94,-1,-1,-1,-1,-1,-1,1397,-1,17,-1,-1,-1,-1,-1,-1,-1,-1,-1,0,0,-1,-1,-1,-1,-1,-1,0,0,-1,0,0,0,0,0,0,-1,0,-1,-1,-1,-1,-1,-1,-1,-1,-1,-1,-1,-1,-1,-1,-1,-1,-1,-1,-1,-1,-1,-1,-1
53595,938315,-1,-1,78,-1,-1,-1,-1,-1,-1,1215,-1,16,-1,-1,-1,-1,-1,-1,-1,-1,-1,0,0,-1,-1,-1,-1,-1,-1,0,0,-1,0,0,0,0,0,0,-1,0,-1,-1,-1,-1,-1,-1,-1,-1,-1,-1,-1,-1,-1,-1,-1,-1,-1,-1,-1,-1,-1,-1,-1
53596,938315,-1,-1,72,-1,-1,-1,-1,-1,-1,1137,-1,14,-1,-1,-1,-1,-1,-1,-1,-1,-1,0,0,-1,-1,-1,-1,-1,-1,0,0,-1,0,0,0,0,0,0,-1,0,-1,-1,-1,-1,-1,-1,-1,-1,-1,-1,-1,-1,-1,-1,-1,-1,-1,-1,-1,-1,-1,-1,-1
53600,938315,-1,-1,68,-1,-1,-1,-1,-1,-1,1069,-1,13,-1,-1,-1,-1,-1,-1,-1,-1,-1,0,0,-1,-1,-1,-1,-1,-1,0,0,-1,0,0,0,0,0,0,-1,0,-1,-1,-1,-1,-1,-1,-1,-1,-1,-1,-1,-1,-1,-1,-1,-1,-1,-1,-1,-1,-1,-1,-1
53601,938315,-1,-1,63,-1,-1,-1,-1,-1,-1,1021,-1,12,-1,-1,-1,-1,-1,-1,-1,-1,-1,0,0,-1,-1,-1,-1,-1,-1,0,0,-1,0,0,0,0,0,0,-1,0,-1,-1,-1,-1,-1,-1,-1,-1,-1,-1,-1,-1,-1,-1,-1,-1,-1,-1,-1,-1,-1,-1,-1
53603,938315,-1,-1,61,-1,-1,-1,-1,-1,-1,976,-1,12,-1,-1,-1,-1,-1,-1,-1,-1,-1,0,0,-1,-1,-1,-1,-1,-1,0,0,-1,0,0,0,0,0,0,-1,0,-1,-1,-1,-1,-1,-1,-1,-1,-1,-1,-1,-1,-1,-1,-1,-1,-1,-1,-1,-1,-1,-1,-1
53616,938315,-1,-1,100,-1,-1,-1,-1,-1,-1,1485,-1,26,-1,-1,-1,-1,-1,-1,-1,-1,-1,0,0,-1,-1,-1,-1,-1,-1,0,0,-1,0,0,0,0,0,0,-1,0,-1,-1,-1,-1,-1,-1,-1,-1,-1,-1,-1,-1,-1,-1,-1,-1,-1,-1,-1,-1,-1,-1,-1
53617,938315,-1,-1,82,-1,-1,-1,-1,-1,-1,1260,-1,17,-1,-1,-1,-1,-1,-1,-1,-1,-1,0,0,-1,-1,-1,-1,-1,-1,0,0,-1,0,0,0,0,0,0,-1,0,-1,-1,-1,-1,-1,-1,-1,-1,-1,-1,-1,-1,-1,-1,-1,-1,-1,-1,-1,-1,-1,-1,-1
53618,938315,-1,-1,82,-1,-1,-1,-1,-1,-1,1260,-1,17,-1,-1,-1,-1,-1,-1,-1,-1,-1,0,0,-1,-1,-1,-1,-1,-1,0,0,-1,0,0,0,0,0,0,-1,0,-1,-1,-1,-1,-1,-1,-1,-1,-1,-1,-1,-1,-1,-1,-1,-1,-1,-1,-1,-1,-1,-1,-1
53619,938315,-1,-1,77,-1,-1,-1,-1,-1,-1,1197,-1,15,-1,-1,-1,-1,-1,-1,-1,-1,-1,0,0,-1,-1,-1,-1,-1,-1,0,0,-1,0,0,0,0,0,0,-1,0,-1,-1,-1,-1,-1,-1,-1,-1,-1,-1,-1,-1,-1,-1,-1,-1,-1,-1,-1,-1,-1,-1,-1
53620,938315,-1,-1,77,-1,-1,-1,-1,-1,-1,1197,-1,14,-1,-1,-1,-1,-1,-1,-1,-1,-1,0,0,-1,-1,-1,-1,-1,-1,0,0,-1,0,0,0,0,0,0,-1,0,-1,-1,-1,-1,-1,-1,-1,-1,-1,-1,-1,-1,-1,-1,-1,-1,-1,-1,-1,-1,-1,-1,-1
53622,938315,-1,-1,68,-1,-1,-1,-1,-1,-1,1082,-1,16,-1,-1,-1,-1,-1,-1,-1,-1,-1,0,0,-1,-1,-1,-1,-1,-1,0,0,-1,0,0,0,0,0,0,-1,0,-1,-1,-1,-1,-1,-1,-1,-1,-1,-1,-1,-1,-1,-1,-1,-1,-1,-1,-1,-1,-1,-1,-1
53623,938315,-1,-1,68,-1,-1,-1,-1,-1,-1,1082,-1,13,-1,-1,-1,-1,-1,-1,-1,-1,-1,0,0,-1,-1,-1,-1,-1,-1,0,0,-1,0,0,0,0,0,0,-1,0,-1,-1,-1,-1,-1,-1,-1,-1,-1,-1,-1,-1,-1,-1,-1,-1,-1,-1,-1,-1,-1,-1,-1
53624,938315,-1,-1,64,-1,-1,-1,-1,-1,-1,1030,-1,13,-1,-1,-1,-1,-1,-1,-1,-1,-1,0,0,-1,-1,-1,-1,-1,-1,0,0,-1,0,0,0,0,0,0,-1,0,-1,-1,-1,-1,-1,-1,-1,-1,-1,-1,-1,-1,-1,-1,-1,-1,-1,-1,-1,-1,-1,-1,-1
53625,938315,-1,-1,60,-1,-1,-1,-1,-1,-1,978,-1,12,-1,-1,-1,-1,-1,-1,-1,-1,-1,0,0,-1,-1,-1,-1,-1,-1,0,0,-1,0,0,0,0,0,0,-1,0,-1,-1,-1,-1,-1,-1,-1,-1,-1,-1,-1,-1,-1,-1,-1,-1,-1,-1,-1,-1,-1,-1,-1
53630,938315,-1,-1,179,-1,-1,-1,-1,-1,-1,2222,-1,79,-1,-1,-1,-1,-1,-1,-1,-1,-1,0,0,-1,-1,-1,-1,-1,-1,-1,-1,-1,0,0,0,0,0,0,-1,0,-1,-1,-1,-1,-1,-1,-1,-1,-1,-1,-1,-1,-1,-1,-1,-1,-1,-1,-1,-1,-1,-1,-1
53631,938315,-1,-1,132,-1,-1,-1,-1,-1,-1,1845,-1,46,-1,-1,-1,-1,-1,-1,-1,-1,-1,0,0,-1,-1,-1,-1,-1,-1,0,0,-1,0,0,0,0,0,0,-1,0,-1,-1,-1,-1,-1,-1,-1,-1,-1,-1,-1,-1,-1,-1,-1,-1,-1,-1,-1,-1,-1,-1,-1
53632,938315,-1,-1,121,-1,-1,-1,-1,-1,-1,1727,-1,37,-1,-1,-1,-1,-1,-1,-1,-1,-1,0,0,-1,-1,-1,-1,-1,-1,0,0,-1,0,0,0,0,0,0,-1,0,-1,-1,-1,-1,-1,-1,-1,-1,-1,-1,-1,-1,-1,-1,-1,-1,-1,-1,-1,-1,-1,-1,-1
53634,938315,-1,-1,114,-1,-1,-1,-1,-1,-1,1647,-1,31,-1,-1,-1,-1,-1,-1,-1,-1,-1,0,0,-1,-1,-1,-1,-1,-1,0,0,-1,0,0,0,0,0,0,-1,0,-1,-1,-1,-1,-1,-1,-1,-1,-1,-1,-1,-1,-1,-1,-1,-1,-1,-1,-1,-1,-1,-1,-1
53636,938315,-1,-1,109,-1,-1,-1,-1,-1,-1,1584,-1,29,-1,-1,-1,-1,-1,-1,-1,-1,-1,0,0,-1,-1,-1,-1,-1,-1,0,0,-1,0,0,0,0,0,0,-1,0,-1,-1,-1,-1,-1,-1,-1,-1,-1,-1,-1,-1,-1,-1,-1,-1,-1,-1,-1,-1,-1,-1,-1
53637,938315,-1,-1,103,-1,-1,-1,-1,-1,-1,1528,-1,26,-1,-1,-1,-1,-1,-1,-1,-1,-1,0,0,-1,-1,-1,-1,-1,-1,0,0,-1,0,0,0,0,0,0,-1,0,-1,-1,-1,-1,-1,-1,-1,-1,-1,-1,-1,-1,-1,-1,-1,-1,-1,-1,-1,-1,-1,-1,-1
53638,938315,-1,-1,100,-1,-1,-1,-1,-1,-1,1487,-1,24,-1,-1,-1,-1,-1,-1,-1,-1,-1,0,0,-1,-1,-1,-1,-1,-1,0,0,-1,0,0,0,0,0,0,-1,0,-1,-1,-1,-1,-1,-1,-1,-1,-1,-1,-1,-1,-1,-1,-1,-1,-1,-1,-1,-1,-1,-1,-1
53639,938315,-1,-1,93,-1,-1,-1,-1,-1,-1,1405,-1,21,-1,-1,-1,-1,-1,-1,-1,-1,-1,0,0,-1,-1,-1,-1,-1,-1,0,0,-1,0,0,0,0,0,0,-1,0,-1,-1,-1,-1,-1,-1,-1,-1,-1,-1,-1,-1,-1,-1,-1,-1,-1,-1,-1,-1,-1,-1,-1
53640,938315,-1,-1,89,-1,-1,-1,-1,-1,-1,1357,-1,19,-1,-1,-1,-1,-1,-1,-1,-1,-1,0,0,-1,-1,-1,-1,-1,-1,0,0,-1,0,0,0,0,0,0,-1,0,-1,-1,-1,-1,-1,-1,-1,-1,-1,-1,-1,-1,-1,-1,-1,-1,-1,-1,-1,-1,-1,-1,-1
53646,938315,-1,-1,185,-1,-1,-1,-1,-1,-1,2228,-1,84,-1,-1,-1,-1,-1,-1,-1,-1,-1,0,0,-1,-1,-1,-1,-1,-1,-1,-1,-1,0,0,0,0,0,0,-1,0,-1,-1,-1,-1,-1,-1,-1,-1,-1,-1,-1,-1,-1,-1,-1,-1,-1,-1,-1,-1,-1,-1,-1
53647,938315,-1,-1,155,-1,-1,-1,-1,-1,-1,2031,-1,64,-1,-1,-1,-1,-1,-1,-1,-1,-1,0,0,-1,-1,-1,-1,-1,-1,2,1,-1,0,0,0,0,0,0,-1,0,-1,-1,-1,-1,-1,-1,-1,-1,-1,-1,-1,-1,-1,-1,-1,-1,-1,-1,-1,-1,-1,-1,-1
53648,938315,-1,-1,137,-1,-1,-1,-1,-1,-1,1873,-1,52,-1,-1,-1,-1,-1,-1,-1,-1,-1,0,0,-1,-1,-1,-1,-1,-1,0,0,-1,0,0,0,0,0,0,-1,0,-1,-1,-1,-1,-1,-1,-1,-1,-1,-1,-1,-1,-1,-1,-1,-1,-1,-1,-1,-1,-1,-1,-1
53649,938315,-1,-1,116,-1,-1,-1,-1,-1,-1,1680,-1,35,-1,-1,-1,-1,-1,-1,-1,-1,-1,0,0,-1,-1,-1,-1,-1,-1,0,0,-1,0,0,0,0,0,0,-1,0,-1,-1,-1,-1,-1,-1,-1,-1,-1,-1,-1,-1,-1,-1,-1,-1,-1,-1,-1,-1,-1,-1,-1
53650,938315,-1,-1,112,-1,-1,-1,-1,-1,-1,1632,-1,32,-1,-1,-1,-1,-1,-1,-1,-1,-1,0,0,-1,-1,-1,-1,-1,-1,0,0,-1,0,0,0,0,0,0,-1,0,-1,-1,-1,-1,-1,-1,-1,-1,-1,-1,-1,-1,-1,-1,-1,-1,-1,-1,-1,-1,-1,-1,-1
53651,938315,-1,-1,112,-1,-1,-1,-1,-1,-1,1632,-1,30,-1,-1,-1,-1,-1,-1,-1,-1,-1,0,0,-1,-1,-1,-1,-1,-1,0,0,-1,0,0,0,0,0,0,-1,0,-1,-1,-1,-1,-1,-1,-1,-1,-1,-1,-1,-1,-1,-1,-1,-1,-1,-1,-1,-1,-1,-1,-1
53652,938315,-1,-1,106,-1,-1,-1,-1,-1,-1,1560,-1,28,-1,-1,-1,-1,-1,-1,-1,-1,-1,0,0,-1,-1,-1,-1,-1,-1,0,0,-1,0,0,0,0,0,0,-1,0,-1,-1,-1,-1,-1,-1,-1,-1,-1,-1,-1,-1,-1,-1,-1,-1,-1,-1,-1,-1,-1,-1,-1
53667,938315,-1,-1,94,-1,-1,-1,-1,-1,-1,1419,-1,22,-1,-1,-1,-1,-1,-1,-1,-1,-1,0,0,-1,-1,-1,-1,-1,-1,0,0,-1,0,0,0,0,0,0,-1,0,-1,-1,-1,-1,-1,-1,-1,-1,-1,-1,-1,-1,-1,-1,-1,-1,-1,-1,-1,-1,-1,-1,-1
53668,938315,-1,-1,94,-1,-1,-1,-1,-1,-1,1419,-1,20,-1,-1,-1,-1,-1,-1,-1,-1,-1,0,0,-1,-1,-1,-1,-1,-1,0,0,-1,0,0,0,0,0,0,-1,0,-1,-1,-1,-1,-1,-1,-1,-1,-1,-1,-1,-1,-1,-1,-1,-1,-1,-1,-1,-1,-1,-1,-1
53669,938315,-1,-1,86,-1,-1,-1,-1,-1,-1,1313,-1,18,-1,-1,-1,-1,-1,-1,-1,-1,-1,0,0,-1,-1,-1,-1,-1,-1,0,0,-1,0,0,0,0,0,0,-1,0,-1,-1,-1,-1,-1,-1,-1,-1,-1,-1,-1,-1,-1,-1,-1,-1,-1,-1,-1,-1,-1,-1,-1
53670,938315,-1,-1,82,-1,-1,-1,-1,-1,-1,1267,-1,16,-1,-1,-1,-1,-1,-1,-1,-1,-1,0,0,-1,-1,-1,-1,-1,-1,0,0,-1,0,0,0,0,0,0,-1,0,-1,-1,-1,-1,-1,-1,-1,-1,-1,-1,-1,-1,-1,-1,-1,-1,-1,-1,-1,-1,-1,-1,-1
53671,938315,-1,-1,78,-1,-1,-1,-1,-1,-1,1217,-1,15,-1,-1,-1,-1,-1,-1,-1,-1,-1,0,0,-1,-1,-1,-1,-1,-1,0,0,-1,0,0,0,0,0,0,-1,0,-1,-1,-1,-1,-1,-1,-1,-1,-1,-1,-1,-1,-1,-1,-1,-1,-1,-1,-1,-1,-1,-1,-1
53672,938315,-1,-1,76,-1,-1,-1,-1,-1,-1,1191,-1,14,-1,-1,-1,-1,-1,-1,-1,-1,-1,0,0,-1,-1,-1,-1,-1,-1,0,0,-1,0,0,0,0,0,0,-1,0,-1,-1,-1,-1,-1,-1,-1,-1,-1,-1,-1,-1,-1,-1,-1,-1,-1,-1,-1,-1,-1,-1,-1
53673,938315,-1,-1,74,-1,-1,-1,-1,-1,-1,1163,-1,14,-1,-1,-1,-1,-1,-1,-1,-1,-1,0,0,-1,-1,-1,-1,-1,-1,0,0,-1,0,0,0,0,0,0,-1,0,-1,-1,-1,-1,-1,-1,-1,-1,-1,-1,-1,-1,-1,-1,-1,-1,-1,-1,-1,-1,-1,-1,-1
53680,938315,-1,-1,182,-1,-1,-1,-1,-1,-1,2180,-1,84,-1,-1,-1,-1,-1,-1,-1,-1,-1,0,0,-1,-1,-1,-1,-1,-1,-1,-1,-1,0,0,0,0,0,0,-1,0,-1,-1,-1,-1,-1,-1,-1,-1,-1,-1,-1,-1,-1,-1,-1,-1,-1,-1,-1,-1,-1,-1,-1
53681,938315,-1,-1,123,-1,-1,-1,-1,-1,-1,1732,-1,41,-1,-1,-1,-1,-1,-1,-1,-1,-1,0,0,-1,-1,-1,-1,-1,-1,0,0,-1,0,0,0,0,0,0,-1,0,-1,-1,-1,-1,-1,-1,-1,-1,-1,-1,-1,-1,-1,-1,-1,-1,-1,-1,-1,-1,-1,-1,-1
53685,938315,-1,-1,100,-1,-1,-1,-1,-1,-1,1490,-1,26,-1,-1,-1,-1,-1,-1,-1,-1,-1,0,0,-1,-1,-1,-1,-1,-1,0,0,-1,0,0,0,0,0,0,-1,0,-1,-1,-1,-1,-1,-1,-1,-1,-1,-1,-1,-1,-1,-1,-1,-1,-1,-1,-1,-1,-1,-1,-1
53686,938315,-1,-1,95,-1,-1,-1,-1,-1,-1,1436,-1,23,-1,-1,-1,-1,-1,-1,-1,-1,-1,0,0,-1,-1,-1,-1,-1,-1,0,0,-1,0,0,0,0,0,0,-1,0,-1,-1,-1,-1,-1,-1,-1,-1,-1,-1,-1,-1,-1,-1,-1,-1,-1,-1,-1,-1,-1,-1,-1
53705,938315,-1,-1,254,-1,-1,-1,-1,-1,-1,2513,-1,375,-1,-1,-1,-1,-1,-1,-1,-1,-1,0,0,-1,-1,-1,-1,-1,-1,-1,-1,-1,0,0,0,0,0,0,-1,0,-1,-1,-1,-1,-1,-1,-1,-1,-1,-1,-1,-1,-1,-1,-1,-1,-1,-1,-1,-1,-1,-1,-1
53706,938315,-1,-1,254,-1,-1,-1,-1,-1,-1,2513,-1,37,-1,-1,-1,-1,-1,-1,-1,-1,-1,0,0,-1,-1,-1,-1,-1,-1,-1,-1,-1,0,0,0,0,0,0,-1,0,-1,-1,-1,-1,-1,-1,-1,-1,-1,-1,-1,-1,-1,-1,-1,-1,-1,-1,-1,-1,-1,-1,-1
53707,938315,-1,-1,121,-1,-1,-1,-1,-1,-1,1710,-1,39,-1,-1,-1,-1,-1,-1,-1,-1,-1,0,0,-1,-1,-1,-1,-1,-1,0,0,-1,0,0,0,0,0,0,-1,0,-1,-1,-1,-1,-1,-1,-1,-1,-1,-1,-1,-1,-1,-1,-1,-1,-1,-1,-1,-1,-1,-1,-1
53708,938315,-1,-1,98,-1,-1,-1,-1,-1,-1,1467,-1,25,-1,-1,-1,-1,-1,-1,-1,-1,-1,0,0,-1,-1,-1,-1,-1,-1,0,0,-1,0,0,0,0,0,0,-1,0,-1,-1,-1,-1,-1,-1,-1,-1,-1,-1,-1,-1,-1,-1,-1,-1,-1,-1,-1,-1,-1,-1,-1
53709,938315,-1,-1,98,-1,-1,-1,-1,-1,-1,1467,-1,23,-1,-1,-1,-1,-1,-1,-1,-1,-1,0,0,-1,-1,-1,-1,-1,-1,0,0,-1,0,0,0,0,0,0,-1,0,-1,-1,-1,-1,-1,-1,-1,-1,-1,-1,-1,-1,-1,-1,-1,-1,-1,-1,-1,-1,-1,-1,-1
53710,938315,-1,-1,87,-1,-1,-1,-1,-1,-1,1345,-1,19,-1,-1,-1,-1,-1,-1,-1,-1,-1,0,0,-1,-1,-1,-1,-1,-1,0,0,-1,0,0,0,0,0,0,-1,0,-1,-1,-1,-1,-1,-1,-1,-1,-1,-1,-1,-1,-1,-1,-1,-1,-1,-1,-1,-1,-1,-1,-1
53711,938315,-1,-1,80,-1,-1,-1,-1,-1,-1,1232,-1,16,-1,-1,-1,-1,-1,-1,-1,-1,-1,0,0,-1,-1,-1,-1,-1,-1,0,0,-1,0,0,0,0,0,0,-1,0,-1,-1,-1,-1,-1,-1,-1,-1,-1,-1,-1,-1,-1,-1,-1,-1,-1,-1,-1,-1,-1,-1,-1
53712,938315,-1,-1,80,-1,-1,-1,-1,-1,-1,1232,-1,15,-1,-1,-1,-1,-1,-1,-1,-1,-1,0,0,-1,-1,-1,-1,-1,-1,0,0,-1,0,0,0,0,0,0,-1,0,-1,-1,-1,-1,-1,-1,-1,-1,-1,-1,-1,-1,-1,-1,-1,-1,-1,-1,-1,-1,-1,-1,-1
53713,938315,-1,-1,73,-1,-1,-1,-1,-1,-1,1145,-1,14,-1,-1,-1,-1,-1,-1,-1,-1,-1,0,0,-1,-1,-1,-1,-1,-1,0,0,-1,0,0,0,0,0,0,-1,0,-1,-1,-1,-1,-1,-1,-1,-1,-1,-1,-1,-1,-1,-1,-1,-1,-1,-1,-1,-1,-1,-1,-1
53714,938315,-1,-1,69,-1,-1,-1,-1,-1,-1,1104,-1,13,-1,-1,-1,-1,-1,-1,-1,-1,-1,0,0,-1,-1,-1,-1,-1,-1,0,0,-1,0,0,0,0,0,0,-1,0,-1,-1,-1,-1,-1,-1,-1,-1,-1,-1,-1,-1,-1,-1,-1,-1,-1,-1,-1,-1,-1,-1,-1
53716,938315,-1,-1,68,-1,-1,-1,-1,-1,-1,1086,-1,13,-1,-1,-1,-1,-1,-1,-1,-1,-1,0,0,-1,-1,-1,-1,-1,-1,0,0,-1,0,0,0,0,0,0,-1,0,-1,-1,-1,-1,-1,-1,-1,-1,-1,-1,-1,-1,-1,-1,-1,-1,-1,-1,-1,-1,-1,-1,-1
53717,938315,-1,-1,68,-1,-1,-1,-1,-1,-1,1086,-1,12,-1,-1,-1,-1,-1,-1,-1,-1,-1,0,0,-1,-1,-1,-1,-1,-1,0,0,-1,0,0,0,0,0,0,-1,0,-1,-1,-1,-1,-1,-1,-1,-1,-1,-1,-1,-1,-1,-1,-1,-1,-1,-1,-1,-1,-1,-1,-1
53719,938315,-1,-1,68,-1,-1,-1,-1,-1,-1,1086,-1,12,-1,-1,-1,-1,-1,-1,-1,-1,-1,0,0,-1,-1,-1,-1,-1,-1,0,0,-1,0,0,0,0,0,0,-1,0,-1,-1,-1,-1,-1,-1,-1,-1,-1,-1,-1,-1,-1,-1,-1,-1,-1,-1,-1,-1,-1,-1,-1
53720,938315,-1,-1,62,-1,-1,-1,-1,-1,-1,1009,-1,12,-1,-1,-1,-1,-1,-1,-1,-1,-1,0,0,-1,-1,-1,-1,-1,-1,0,0,-1,0,0,0,0,0,0,-1,0,-1,-1,-1,-1,-1,-1,-1,-1,-1,-1,-1,-1,-1,-1,-1,-1,-1,-1,-1,-1,-1,-1,-1
53722,938315,-1,-1,62,-1,-1,-1,-1,-1,-1,999,-1,12,-1,-1,-1,-1,-1,-1,-1,-1,-1,0,0,-1,-1,-1,-1,-1,-1,0,0,-1,0,0,0,0,0,0,-1,0,-1,-1,-1,-1,-1,-1,-1,-1,-1,-1,-1,-1,-1,-1,-1,-1,-1,-1,-1,-1,-1,-1,-1
53723,938315,-1,-1,60,-1,-1,-1,-1,-1,-1,978,-1,11,-1,-1,-1,-1,-1,-1,-1,-1,-1,0,0,-1,-1,-1,-1,-1,-1,0,0,-1,0,0,0,0,0,0,-1,0,-1,-1,-1,-1,-1,-1,-1,-1,-1,-1,-1,-1,-1,-1,-1,-1,-1,-1,-1,-1,-1,-1,-1
53724,938315,-1,-1,60,-1,-1,-1,-1,-1,-1,978,-1,11,-1,-1,-1,-1,-1,-1,-1,-1,-1,0,0,-1,-1,-1,-1,-1,-1,0,0,-1,0,0,0,0,0,0,-1,0,-1,-1,-1,-1,-1,-1,-1,-1,-1,-1,-1,-1,-1,-1,-1,-1,-1,-1,-1,-1,-1,-1,-1
53735,938315,-1,-1,180,-1,-1,-1,-1,-1,-1,2229,-1,74,-1,-1,-1,-1,-1,-1,-1,-1,-1,0,0,-1,-1,-1,-1,-1,-1,-1,-1,-1,0,0,0,0,0,0,-1,0,-1,-1,-1,-1,-1,-1,-1,-1,-1,-1,-1,-1,-1,-1,-1,-1,-1,-1,-1,-1,-1,-1,-1
53736,938315,-1,-1,125,-1,-1,-1,-1,-1,-1,1786,-1,42,-1,-1,-1,-1,-1,-1,-1,-1,-1,0,0,-1,-1,-1,-1,-1,-1,0,0,-1,0,0,0,0,0,0,-1,0,-1,-1,-1,-1,-1,-1,-1,-1,-1,-1,-1,-1,-1,-1,-1,-1,-1,-1,-1,-1,-1,-1,-1
53737,938315,-1,-1,111,-1,-1,-1,-1,-1,-1,1621,-1,31,-1,-1,-1,-1,-1,-1,-1,-1,-1,0,0,-1,-1,-1,-1,-1,-1,0,0,-1,0,0,0,0,0,0,-1,0,-1,-1,-1,-1,-1,-1,-1,-1,-1,-1,-1,-1,-1,-1,-1,-1,-1,-1,-1,-1,-1,-1,-1
53738,938315,-1,-1,104,-1,-1,-1,-1,-1,-1,1539,-1,27,-1,-1,-1,-1,-1,-1,-1,-1,-1,0,0,-1,-1,-1,-1,-1,-1,0,0,-1,0,0,0,0,0,0,-1,0,-1,-1,-1,-1,-1,-1,-1,-1,-1,-1,-1,-1,-1,-1,-1,-1,-1,-1,-1,-1,-1,-1,-1
53739,938315,-1,-1,95,-1,-1,-1,-1,-1,-1,1434,-1,22,-1,-1,-1,-1,-1,-1,-1,-1,-1,0,0,-1,-1,-1,-1,-1,-1,0,0,-1,0,0,0,0,0,0,-1,0,-1,-1,-1,-1,-1,-1,-1,-1,-1,-1,-1,-1,-1,-1,-1,-1,-1,-1,-1,-1,-1,-1,-1
53740,938315,-1,-1,88,-1,-1,-1,-1,-1,-1,1354,-1,19,-1,-1,-1,-1,-1,-1,-1,-1,-1,0,0,-1,-1,-1,-1,-1,-1,0,0,-1,0,0,0,0,0,0,-1,0,-1,-1,-1,-1,-1,-1,-1,-1,-1,-1,-1,-1,-1,-1,-1,-1,-1,-1,-1,-1,-1,-1,-1
53741,938315,-1,-1,85,-1,-1,-1,-1,-1,-1,1301,-1,17,-1,-1,-1,-1,-1,-1,-1,-1,-1,0,0,-1,-1,-1,-1,-1,-1,0,0,-1,0,0,0,0,0,0,-1,0,-1,-1,-1,-1,-1,-1,-1,-1,-1,-1,-1,-1,-1,-1,-1,-1,-1,-1,-1,-1,-1,-1,-1
53742,938315,-1,-1,85,-1,-1,-1,-1,-1,-1,1301,-1,16,-1,-1,-1,-1,-1,-1,-1,-1,-1,0,0,-1,-1,-1,-1,-1,-1,0,0,-1,0,0,0,0,0,0,-1,0,-1,-1,-1,-1,-1,-1,-1,-1,-1,-1,-1,-1,-1,-1,-1,-1,-1,-1,-1,-1,-1,-1,-1
53743,938315,-1,-1,82,-1,-1,-1,-1,-1,-1,1286,-1,16,-1,-1,-1,-1,-1,-1,-1,-1,-1,0,0,-1,-1,-1,-1,-1,-1,0,0,-1,0,0,0,0,0,0,-1,0,-1,-1,-1,-1,-1,-1,-1,-1,-1,-1,-1,-1,-1,-1,-1,-1,-1,-1,-1,-1,-1,-1,-1
53744,938315,-1,-1,80,-1,-1,-1,-1,-1,-1,1247,-1,15,-1,-1,-1,-1,-1,-1,-1,-1,-1,0,0,-1,-1,-1,-1,-1,-1,0,0,-1,0,0,0,0,0,0,-1,0,-1,-1,-1,-1,-1,-1,-1,-1,-1,-1,-1,-1,-1,-1,-1,-1,-1,-1,-1,-1,-1,-1,-1
53752,938315,-1,-1,209,-1,-1,-1,-1,-1,-1,2402,-1,115,-1,-1,-1,-1,-1,-1,-1,-1,-1,0,0,-1,-1,-1,-1,-1,-1,-1,-1,-1,0,0,0,0,0,0,-1,0,-1,-1,-1,-1,-1,-1,-1,-1,-1,-1,-1,-1,-1,-1,-1,-1,-1,-1,-1,-1,-1,-1,-1
53753,938315,-1,-1,132,-1,-1,-1,-1,-1,-1,1841,-1,46,-1,-1,-1,-1,-1,-1,-1,-1,-1,0,0,-1,-1,-1,-1,-1,-1,0,0,-1,0,0,0,0,0,0,-1,0,-1,-1,-1,-1,-1,-1,-1,-1,-1,-1,-1,-1,-1,-1,-1,-1,-1,-1,-1,-1,-1,-1,-1
53754,938315,-1,-1,132,-1,-1,-1,-1,-1,-1,1841,-1,38,-1,-1,-1,-1,-1,-1,-1,-1,-1,0,0,-1,-1,-1,-1,-1,-1,0,0,-1,0,0,0,0,0,0,-1,0,-1,-1,-1,-1,-1,-1,-1,-1,-1,-1,-1,-1,-1,-1,-1,-1,-1,-1,-1,-1,-1,-1,-1
53755,938315,-1,-1,111,-1,-1,-1,-1,-1,-1,1622,-1,31,-1,-1,-1,-1,-1,-1,-1,-1,-1,0,0,-1,-1,-1,-1,-1,-1,0,0,-1,0,0,0,0,0,0,-1,0,-1,-1,-1,-1,-1,-1,-1,-1,-1,-1,-1,-1,-1,-1,-1,-1,-1,-1,-1,-1,-1,-1,-1
53756,938315,-1,-1,103,-1,-1,-1,-1,-1,-1,1530,-1,26,-1,-1,-1,-1,-1,-1,-1,-1,-1,0,0,-1,-1,-1,-1,-1,-1,0,0,-1,0,0,0,0,0,0,-1,0,-1,-1,-1,-1,-1,-1,-1,-1,-1,-1,-1,-1,-1,-1,-1,-1,-1,-1,-1,-1,-1,-1,-1
53757,938315,-1,-1,98,-1,-1,-1,-1,-1,-1,1475,-1,24,-1,-1,-1,-1,-1,-1,-1,-1,-1,0,0,-1,-1,-1,-1,-1,-1,0,0,-1,0,0,0,0,0,0,-1,0,-1,-1,-1,-1,-1,-1,-1,-1,-1,-1,-1,-1,-1,-1,-1,-1,-1,-1,-1,-1,-1,-1,-1
53758,938315,-1,-1,98,-1,-1,-1,-1,-1,-1,1475,-1,22,-1,-1,-1,-1,-1,-1,-1,-1,-1,0,0,-1,-1,-1,-1,-1,-1,0,0,-1,0,0,0,0,0,0,-1,0,-1,-1,-1,-1,-1,-1,-1,-1,-1,-1,-1,-1,-1,-1,-1,-1,-1,-1,-1,-1,-1,-1,-1
53759,938315,-1,-1,89,-1,-1,-1,-1,-1,-1,1369,-1,19,-1,-1,-1,-1,-1,-1,-1,-1,-1,0,0,-1,-1,-1,-1,-1,-1,0,0,-1,0,0,0,0,0,0,-1,0,-1,-1,-1,-1,-1,-1,-1,-1,-1,-1,-1,-1,-1,-1,-1,-1,-1,-1,-1,-1,-1,-1,-1
53761,938315,-1,-1,80,-1,-1,-1,-1,-1,-1,1249,-1,15,-1,-1,-1,-1,-1,-1,-1,-1,-1,0,0,-1,-1,-1,-1,-1,-1,0,0,-1,0,0,0,0,0,0,-1,0,-1,-1,-1,-1,-1,-1,-1,-1,-1,-1,-1,-1,-1,-1,-1,-1,-1,-1,-1,-1,-1,-1,-1
53768,938315,-1,-1,188,-1,-1,-1,-1,-1,-1,2289,-1,85,-1,-1,-1,-1,-1,-1,-1,-1,-1,0,0,-1,-1,-1,-1,-1,-1,-1,-1,-1,0,0,0,0,0,0,-1,0,-1,-1,-1,-1,-1,-1,-1,-1,-1,-1,-1,-1,-1,-1,-1,-1,-1,-1,-1,-1,-1,-1,-1
53769,938315,-1,-1,153,-1,-1,-1,-1,-1,-1,2046,-1,66,-1,-1,-1,-1,-1,-1,-1,-1,-1,0,0,-1,-1,-1,-1,-1,-1,0,0,-1,0,0,0,0,0,0,-1,0,-1,-1,-1,-1,-1,-1,-1,-1,-1,-1,-1,-1,-1,-1,-1,-1,-1,-1,-1,-1,-1,-1,-1
53770,938315,-1,-1,127,-1,-1,-1,-1,-1,-1,1792,-1,41,-1,-1,-1,-1,-1,-1,-1,-1,-1,0,0,-1,-1,-1,-1,-1,-1,0,0,-1,0,0,0,0,0,0,-1,0,-1,-1,-1,-1,-1,-1,-1,-1,-1,-1,-1,-1,-1,-1,-1,-1,-1,-1,-1,-1,-1,-1,-1
53771,938315,-1,-1,118,-1,-1,-1,-1,-1,-1,1694,-1,35,-1,-1,-1,-1,-1,-1,-1,-1,-1,0,0,-1,-1,-1,-1,-1,-1,0,0,-1,0,0,0,0,0,0,-1,0,-1,-1,-1,-1,-1,-1,-1,-1,-1,-1,-1,-1,-1,-1,-1,-1,-1,-1,-1,-1,-1,-1,-1
53772,938315,-1,-1,104,-1,-1,-1,-1,-1,-1,1546,-1,27,-1,-1,-1,-1,-1,-1,-1,-1,-1,0,0,-1,-1,-1,-1,-1,-1,0,0,-1,0,0,0,0,0,0,-1,0,-1,-1,-1,-1,-1,-1,-1,-1,-1,-1,-1,-1,-1,-1,-1,-1,-1,-1,-1,-1,-1,-1,-1
53773,938315,-1,-1,96,-1,-1,-1,-1,-1,-1,1452,-1,22,-1,-1,-1,-1,-1,-1,-1,-1,-1,0,0,-1,-1,-1,-1,-1,-1,0,0,-1,0,0,0,0,0,0,-1,0,-1,-1,-1,-1,-1,-1,-1,-1,-1,-1,-1,-1,-1,-1,-1,-1,-1,-1,-1,-1,-1,-1,-1
53774,938315,-1,-1,92,-1,-1,-1,-1,-1,-1,1396,-1,20,-1,-1,-1,-1,-1,-1,-1,-1,-1,0,0,-1,-1,-1,-1,-1,-1,0,0,-1,0,0,0,0,0,0,-1,0,-1,-1,-1,-1,-1,-1,-1,-1,-1,-1,-1,-1,-1,-1,-1,-1,-1,-1,-1,-1,-1,-1,-1
53775,938315,-1,-1,86,-1,-1,-1,-1,-1,-1,1316,-1,17,-1,-1,-1,-1,-1,-1,-1,-1,-1,0,0,-1,-1,-1,-1,-1,-1,0,0,-1,0,0,0,0,0,0,-1,0,-1,-1,-1,-1,-1,-1,-1,-1,-1,-1,-1,-1,-1,-1,-1,-1,-1,-1,-1,-1,-1,-1,-1
53776,938315,-1,-1,83,-1,-1,-1,-1,-1,-1,1283,-1,16,-1,-1,-1,-1,-1,-1,-1,-1,-1,0,0,-1,-1,-1,-1,-1,-1,0,0,-1,0,0,0,0,0,0,-1,0,-1,-1,-1,-1,-1,-1,-1,-1,-1,-1,-1,-1,-1,-1,-1,-1,-1,-1,-1,-1,-1,-1,-1
53780,938315,-1,-1,213,-1,-1,-1,-1,-1,-1,2471,-1,134,-1,-1,-1,-1,-1,-1,-1,-1,-1,0,0,-1,-1,-1,-1,-1,-1,-1,-1,-1,0,0,0,0,0,0,-1,0,-1,-1,-1,-1,-1,-1,-1,-1,-1,-1,-1,-1,-1,-1,-1,-1,-1,-1,-1,-1,-1,-1,-1
53781,938315,-1,-1,148,-1,-1,-1,-1,-1,-1,2009,-1,57,-1,-1,-1,-1,-1,-1,-1,-1,-1,0,0,-1,-1,-1,-1,-1,-1,1,1,-1,0,0,0,0,0,0,-1,0,-1,-1,-1,-1,-1,-1,-1,-1,-1,-1,-1,-1,-1,-1,-1,-1,-1,-1,-1,-1,-1,-1,-1
53782,938315,-1,-1,124,-1,-1,-1,-1,-1,-1,1777,-1,41,-1,-1,-1,-1,-1,-1,-1,-1,-1,0,0,-1,-1,-1,-1,-1,-1,0,0,-1,0,0,0,0,0,0,-1,0,-1,-1,-1,-1,-1,-1,-1,-1,-1,-1,-1,-1,-1,-1,-1,-1,-1,-1,-1,-1,-1,-1,-1
53783,938315,-1,-1,112,-1,-1,-1,-1,-1,-1,1633,-1,31,-1,-1,-1,-1,-1,-1,-1,-1,-1,0,0,-1,-1,-1,-1,-1,-1,0,0,-1,0,0,0,0,0,0,-1,0,-1,-1,-1,-1,-1,-1,-1,-1,-1,-1,-1,-1,-1,-1,-1,-1,-1,-1,-1,-1,-1,-1,-1
53784,938315,-1,-1,112,-1,-1,-1,-1,-1,-1,1633,-1,28,-1,-1,-1,-1,-1,-1,-1,-1,-1,0,0,-1,-1,-1,-1,-1,-1,0,0,-1,0,0,0,0,0,0,-1,0,-1,-1,-1,-1,-1,-1,-1,-1,-1,-1,-1,-1,-1,-1,-1,-1,-1,-1,-1,-1,-1,-1,-1
53785,938315,-1,-1,99,-1,-1,-1,-1,-1,-1,1491,-1,24,-1,-1,-1,-1,-1,-1,-1,-1,-1,0,0,-1,-1,-1,-1,-1,-1,0,0,-1,0,0,0,0,0,0,-1,0,-1,-1,-1,-1,-1,-1,-1,-1,-1,-1,-1,-1,-1,-1,-1,-1,-1,-1,-1,-1,-1,-1,-1
53786,938315,-1,-1,99,-1,-1,-1,-1,-1,-1,1491,-1,24,-1,-1,-1,-1,-1,-1,-1,-1,-1,0,0,-1,-1,-1,-1,-1,-1,0,0,-1,0,0,0,0,0,0,-1,0,-1,-1,-1,-1,-1,-1,-1,-1,-1,-1,-1,-1,-1,-1,-1,-1,-1,-1,-1,-1,-1,-1,-1
53787,938315,-1,-1,93,-1,-1,-1,-1,-1,-1,1412,-1,20,-1,-1,-1,-1,-1,-1,-1,-1,-1,0,0,-1,-1,-1,-1,-1,-1,0,0,-1,0,0,0,0,0,0,-1,0,-1,-1,-1,-1,-1,-1,-1,-1,-1,-1,-1,-1,-1,-1,-1,-1,-1,-1,-1,-1,-1,-1,-1
53788,938315,-1,-1,93,-1,-1,-1,-1,-1,-1,1412,-1,20,-1,-1,-1,-1,-1,-1,-1,-1,-1,0,0,-1,-1,-1,-1,-1,-1,0,0,-1,0,0,0,0,0,0,-1,0,-1,-1,-1,-1,-1,-1,-1,-1,-1,-1,-1,-1,-1,-1,-1,-1,-1,-1,-1,-1,-1,-1,-1
53789,938315,-1,-1,93,-1,-1,-1,-1,-1,-1,1412,-1,18,-1,-1,-1,-1,-1,-1,-1,-1,-1,0,0,-1,-1,-1,-1,-1,-1,0,0,-1,0,0,0,0,0,0,-1,0,-1,-1,-1,-1,-1,-1,-1,-1,-1,-1,-1,-1,-1,-1,-1,-1,-1,-1,-1,-1,-1,-1,-1
53790,938315,-1,-1,93,-1,-1,-1,-1,-1,-1,1412,-1,18,-1,-1,-1,-1,-1,-1,-1,-1,-1,0,0,-1,-1,-1,-1,-1,-1,0,0,-1,0,0,0,0,0,0,-1,0,-1,-1,-1,-1,-1,-1,-1,-1,-1,-1,-1,-1,-1,-1,-1,-1,-1,-1,-1,-1,-1,-1,-1
53791,938315,-1,-1,87,-1,-1,-1,-1,-1,-1,1337,-1,18,-1,-1,-1,-1,-1,-1,-1,-1,-1,0,0,-1,-1,-1,-1,-1,-1,0,0,-1,0,0,0,0,0,0,-1,0,-1,-1,-1,-1,-1,-1,-1,-1,-1,-1,-1,-1,-1,-1,-1,-1,-1,-1,-1,-1,-1,-1,-1
53793,938315,-1,-1,87,-1,-1,-1,-1,-1,-1,1337,-1,15,-1,-1,-1,-1,-1,-1,-1,-1,-1,0,0,-1,-1,-1,-1,-1,-1,0,0,-1,0,0,0,0,0,0,-1,0,-1,-1,-1,-1,-1,-1,-1,-1,-1,-1,-1,-1,-1,-1,-1,-1,-1,-1,-1,-1,-1,-1,-1
53794,938315,-1,-1,87,-1,-1,-1,-1,-1,-1,1337,-1,15,-1,-1,-1,-1,-1,-1,-1,-1,-1,0,0,-1,-1,-1,-1,-1,-1,0,0,-1,0,0,0,0,0,0,-1,0,-1,-1,-1,-1,-1,-1,-1,-1,-1,-1,-1,-1,-1,-1,-1,-1,-1,-1,-1,-1,-1,-1,-1
53795,938315,-1,-1,79,-1,-1,-1,-1,-1,-1,1227,-1,14,-1,-1,-1,-1,-1,-1,-1,-1,-1,0,0,-1,-1,-1,-1,-1,-1,0,0,-1,0,0,0,0,0,0,-1,0,-1,-1,-1,-1,-1,-1,-1,-1,-1,-1,-1,-1,-1,-1,-1,-1,-1,-1,-1,-1,-1,-1,-1
53827,938315,-1,-1,216,-1,-1,-1,-1,-1,-1,2524,-1,134,-1,-1,-1,-1,-1,-1,-1,-1,-1,0,0,-1,-1,-1,-1,-1,-1,-1,-1,-1,0,0,0,0,0,0,-1,0,-1,-1,-1,-1,-1,-1,-1,-1,-1,-1,-1,-1,-1,-1,-1,-1,-1,-1,-1,-1,-1,-1,-1
53828,938315,-1,-1,152,-1,-1,-1,-1,-1,-1,2052,-1,64,-1,-1,-1,-1,-1,-1,-1,-1,-1,0,0,-1,-1,-1,-1,-1,-1,0,0,-1,0,0,0,0,0,0,-1,0,-1,-1,-1,-1,-1,-1,-1,-1,-1,-1,-1,-1,-1,-1,-1,-1,-1,-1,-1,-1,-1,-1,-1
53829,938315,-1,-1,131,-1,-1,-1,-1,-1,-1,1848,-1,44,-1,-1,-1,-1,-1,-1,-1,-1,-1,0,0,-1,-1,-1,-1,-1,-1,0,0,-1,0,0,0,0,0,0,-1,0,-1,-1,-1,-1,-1,-1,-1,-1,-1,-1,-1,-1,-1,-1,-1,-1,-1,-1,-1,-1,-1,-1,-1
53830,938315,-1,-1,116,-1,-1,-1,-1,-1,-1,1684,-1,33,-1,-1,-1,-1,-1,-1,-1,-1,-1,0,0,-1,-1,-1,-1,-1,-1,0,0,-1,0,0,0,0,0,0,-1,0,-1,-1,-1,-1,-1,-1,-1,-1,-1,-1,-1,-1,-1,-1,-1,-1,-1,-1,-1,-1,-1,-1,-1
53831,938315,-1,-1,108,-1,-1,-1,-1,-1,-1,1599,-1,28,-1,-1,-1,-1,-1,-1,-1,-1,-1,0,0,-1,-1,-1,-1,-1,-1,0,0,-1,0,0,0,0,0,0,-1,0,-1,-1,-1,-1,-1,-1,-1,-1,-1,-1,-1,-1,-1,-1,-1,-1,-1,-1,-1,-1,-1,-1,-1
53832,938315,-1,-1,108,-1,-1,-1,-1,-1,-1,1599,-1,26,-1,-1,-1,-1,-1,-1,-1,-1,-1,0,0,-1,-1,-1,-1,-1,-1,0,0,-1,0,0,0,0,0,0,-1,0,-1,-1,-1,-1,-1,-1,-1,-1,-1,-1,-1,-1,-1,-1,-1,-1,-1,-1,-1,-1,-1,-1,-1
53833,938315,-1,-1,100,-1,-1,-1,-1,-1,-1,1492,-1,24,-1,-1,-1,-1,-1,-1,-1,-1,-1,0,0,-1,-1,-1,-1,-1,-1,0,0,-1,0,0,0,0,0,0,-1,0,-1,-1,-1,-1,-1,-1,-1,-1,-1,-1,-1,-1,-1,-1,-1,-1,-1,-1,-1,-1,-1,-1,-1
53834,938315,-1,-1,100,-1,-1,-1,-1,-1,-1,1492,-1,23,-1,-1,-1,-1,-1,-1,-1,-1,-1,0,0,-1,-1,-1,-1,-1,-1,0,0,-1,0,0,0,0,0,0,-1,0,-1,-1,-1,-1,-1,-1,-1,-1,-1,-1,-1,-1,-1,-1,-1,-1,-1,-1,-1,-1,-1,-1,-1
53835,938315,-1,-1,100,-1,-1,-1,-1,-1,-1,1492,-1,19,-1,-1,-1,-1,-1,-1,-1,-1,-1,0,0,-1,-1,-1,-1,-1,-1,0,0,-1,0,0,0,0,0,0,-1,0,-1,-1,-1,-1,-1,-1,-1,-1,-1,-1,-1,-1,-1,-1,-1,-1,-1,-1,-1,-1,-1,-1,-1
53836,938315,-1,-1,100,-1,-1,-1,-1,-1,-1,1492,-1,19,-1,-1,-1,-1,-1,-1,-1,-1,-1,0,0,-1,-1,-1,-1,-1,-1,0,0,-1,0,0,0,0,0,0,-1,0,-1,-1,-1,-1,-1,-1,-1,-1,-1,-1,-1,-1,-1,-1,-1,-1,-1,-1,-1,-1,-1,-1,-1
53852,938315,-1,-1,197,-1,-1,-1,-1,-1,-1,2368,-1,87,-1,-1,-1,-1,-1,-1,-1,-1,-1,0,0,-1,-1,-1,-1,-1,-1,-1,-1,-1,0,0,0,0,0,0,-1,0,-1,-1,-1,-1,-1,-1,-1,-1,-1,-1,-1,-1,-1,-1,-1,-1,-1,-1,-1,-1,-1,-1,-1
53853,938315,-1,-1,150,-1,-1,-1,-1,-1,-1,2025,-1,58,-1,-1,-1,-1,-1,-1,-1,-1,-1,0,0,-1,-1,-1,-1,-1,-1,0,0,-1,0,0,0,0,0,0,-1,0,-1,-1,-1,-1,-1,-1,-1,-1,-1,-1,-1,-1,-1,-1,-1,-1,-1,-1,-1,-1,-1,-1,-1
53854,938315,-1,-1,138,-1,-1,-1,-1,-1,-1,1917,-1,49,-1,-1,-1,-1,-1,-1,-1,-1,-1,0,0,-1,-1,-1,-1,-1,-1,0,0,-1,0,0,0,0,0,0,-1,0,-1,-1,-1,-1,-1,-1,-1,-1,-1,-1,-1,-1,-1,-1,-1,-1,-1,-1,-1,-1,-1,-1,-1
53855,938315,-1,-1,121,-1,-1,-1,-1,-1,-1,1736,-1,35,-1,-1,-1,-1,-1,-1,-1,-1,-1,0,0,-1,-1,-1,-1,-1,-1,0,0,-1,0,0,0,0,0,0,-1,0,-1,-1,-1,-1,-1,-1,-1,-1,-1,-1,-1,-1,-1,-1,-1,-1,-1,-1,-1,-1,-1,-1,-1
53856,938315,-1,-1,111,-1,-1,-1,-1,-1,-1,1626,-1,29,-1,-1,-1,-1,-1,-1,-1,-1,-1,0,0,-1,-1,-1,-1,-1,-1,0,0,-1,0,0,0,0,0,0,-1,0,-1,-1,-1,-1,-1,-1,-1,-1,-1,-1,-1,-1,-1,-1,-1,-1,-1,-1,-1,-1,-1,-1,-1
53857,938315,-1,-1,111,-1,-1,-1,-1,-1,-1,1626,-1,27,-1,-1,-1,-1,-1,-1,-1,-1,-1,0,0,-1,-1,-1,-1,-1,-1,0,0,-1,0,0,0,0,0,0,-1,0,-1,-1,-1,-1,-1,-1,-1,-1,-1,-1,-1,-1,-1,-1,-1,-1,-1,-1,-1,-1,-1,-1,-1
53860,938315,-1,-1,103,-1,-1,-1,-1,-1,-1,1539,-1,25,-1,-1,-1,-1,-1,-1,-1,-1,-1,0,0,-1,-1,-1,-1,-1,-1,0,0,-1,0,0,0,0,0,0,-1,0,-1,-1,-1,-1,-1,-1,-1,-1,-1,-1,-1,-1,-1,-1,-1,-1,-1,-1,-1,-1,-1,-1,-1
53861,938315,-1,-1,95,-1,-1,-1,-1,-1,-1,1435,-1,20,-1,-1,-1,-1,-1,-1,-1,-1,-1,0,0,-1,-1,-1,-1,-1,-1,0,0,-1,0,0,0,0,0,0,-1,0,-1,-1,-1,-1,-1,-1,-1,-1,-1,-1,-1,-1,-1,-1,-1,-1,-1,-1,-1,-1,-1,-1,-1
53862,938315,-1,-1,90,-1,-1,-1,-1,-1,-1,1385,-1,19,-1,-1,-1,-1,-1,-1,-1,-1,-1,0,0,-1,-1,-1,-1,-1,-1,0,0,-1,0,0,0,0,0,0,-1,0,-1,-1,-1,-1,-1,-1,-1,-1,-1,-1,-1,-1,-1,-1,-1,-1,-1,-1,-1,-1,-1,-1,-1
53864,938315,-1,-1,86,-1,-1,-1,-1,-1,-1,1331,-1,17,-1,-1,-1,-1,-1,-1,-1,-1,-1,0,0,-1,-1,-1,-1,-1,-1,0,0,-1,0,0,0,0,0,0,-1,0,-1,-1,-1,-1,-1,-1,-1,-1,-1,-1,-1,-1,-1,-1,-1,-1,-1,-1,-1,-1,-1,-1,-1
